id,word,phonetic,meaning,context_sentence,source_lang,category,word_type,level
55e3dbb5-5577-4aae-9062-2baa16e8be07,democracy,/dɪˈmɑːkrəsi/,"nền dân chủ, chế độ dân chủ; nước  dân chủ","In Politics & Diplomacy, 'democracy' is an essential term. [Trong Chính trị & Ngoại giao, ""democracy"" là một thuật ngữ quan trọng.]",en,politics_diplomacy,single_word,B1
ea4121f6-778d-4fea-aa44-789ea717d02f,leadership,/ˈliːdərʃɪp/,sự lânh đạo; khả năng lânh đạo; đức tính của người lânh đạo,"In Politics & Diplomacy, 'leadership' is an essential term. [Trong Chính trị & Ngoại giao, ""leadership"" là một thuật ngữ quan trọng.]",en,politics_diplomacy,single_word,B1
1cccd53b-9aa4-4390-97b4-834932f41e48,political,/pəˈlɪtɪkl/,"chính trị; việc quản lý nhà nước,  chính quyền","In Politics & Diplomacy, 'political' is an essential term. [Trong Chính trị & Ngoại giao, ""political"" là một thuật ngữ quan trọng.]",en,politics_diplomacy,single_word,B1
373b43fd-861e-4ee1-ad08-a8562d60e59a,politician,/ˌpɑːləˈtɪʃn/,nhà chính trị; chính khách; con buôn chính trị,"In Politics & Diplomacy, 'politician' is an essential term. [Trong Chính trị & Ngoại giao, ""politician"" là một thuật ngữ quan trọng.]",en,politics_diplomacy,single_word,B1
3e57d62b-9d0c-4471-880c-7dd89620ec8e,assassination,/əˌsæsɪˈneɪʃn/,sự ám sát; vụ ám sát,"In Politics & Diplomacy, 'assassination' is an essential term. [Trong Chính trị & Ngoại giao, ""assassination"" là một thuật ngữ quan trọng.]",en,politics_diplomacy,single_word,B1
a866889d-e338-455c-980f-5bde93a090c5,cabinet,/ˈkæbɪnət/,"tủ hồ sơ; phòng, buồng; hộp","In Politics & Diplomacy, 'cabinet' is an essential term. [Trong Chính trị & Ngoại giao, ""cabinet"" là một thuật ngữ quan trọng.]",en,politics_diplomacy,single_word,B1
00e03924-5b58-4509-aef8-498a9c99f2a2,election,/ɪˈlekʃn/,sự chọn; sự bầu cử; cuộc tuyển cử,"In Politics & Diplomacy, 'election' is an essential term. [Trong Chính trị & Ngoại giao, ""election"" là một thuật ngữ quan trọng.]",en,politics_diplomacy,single_word,B1
f1a839d0-249a-4e74-bee6-7316a04c5060,empower,/ɪmˈpaʊər/,"cho quyền, trao quyền, cho phép; làm cho có thể, làm cho có khả năng","In Politics & Diplomacy, 'empower' is an essential term. [Trong Chính trị & Ngoại giao, ""empower"" là một thuật ngữ quan trọng.]",en,politics_diplomacy,single_word,B1
925166bd-36ea-4410-a12c-ef317e44b6f4,explanation,/ˌekspləˈneɪʃn/,sự giải thích,"In Politics & Diplomacy, 'explanation' is an essential term. [Trong Chính trị & Ngoại giao, ""explanation"" là một thuật ngữ quan trọng.]",en,politics_diplomacy,single_word,B1
aea82b2f-6069-49c8-bc6f-65ee5ff8fa51,government,/ˈɡʌvərnmənt/,"sự cai trị, sự thống trị; chính phủ, nội các","In Politics & Diplomacy, 'government' is an essential term. [Trong Chính trị & Ngoại giao, ""government"" là một thuật ngữ quan trọng.]",en,politics_diplomacy,single_word,B1
a99dd8d5-ecf3-4fb0-a0b0-c39434d60e01,minister,/ˈmɪnɪstər/,"bộ trưởng; bộ trưởng bộ ngoại giao, ngoại trưởng","In Politics & Diplomacy, 'minister' is an essential term. [Trong Chính trị & Ngoại giao, ""minister"" là một thuật ngữ quan trọng.]",en,politics_diplomacy,single_word,B1
6ad09064-e189-4c38-9f41-da24e9910238,nation,/ˈneɪʃn/,"dân tộc; nước, quốc gia","In Politics & Diplomacy, 'nation' is an essential term. [Trong Chính trị & Ngoại giao, ""nation"" là một thuật ngữ quan trọng.]",en,politics_diplomacy,single_word,B1
242fcc61-8bca-432f-9117-991588bda1ed,national,/ˈnæʃnəl/,dân tộc; quốc gia,"In Politics & Diplomacy, 'national' is an essential term. [Trong Chính trị & Ngoại giao, ""national"" là một thuật ngữ quan trọng.]",en,politics_diplomacy,single_word,B1
0b344b7b-11ef-43f9-be6f-8d2e1a9828fc,nomination,/ˌnɑːmɪˈneɪʃn/,"sự chỉ định, sự bổ nhiệm ; quyền chỉ định, quyền bổ nhiệm; sự giới thiệu, sự đề cử ; quyền giới thiệu, quyền đề cử","In Politics & Diplomacy, 'nomination' is an essential term. [Trong Chính trị & Ngoại giao, ""nomination"" là một thuật ngữ quan trọng.]",en,politics_diplomacy,single_word,B1
7ea921da-3981-4f67-8a1a-c0a79f90f0a3,parliamentary,/ˌpɑːrləˈmentri/,nghị trường; của nghị viện; nghị viện Anh; do nghị viện Anh ban bố,"In Politics & Diplomacy, 'parliamentary' is an essential term. [Trong Chính trị & Ngoại giao, ""parliamentary"" là một thuật ngữ quan trọng.]",en,politics_diplomacy,single_word,B1
f7aa9590-255c-4d1d-8970-0ae16d6e9670,politics,/ˈpɑːlətɪks/,chính trị; hoạt động chính trị,"In Politics & Diplomacy, 'politics' is an essential term. [Trong Chính trị & Ngoại giao, ""politics"" là một thuật ngữ quan trọng.]",en,politics_diplomacy,single_word,B1
146644c0-130e-45ae-924f-dd403479580c,regime,/reɪˈʒiːm/,"chế độ, chính thể","In Politics & Diplomacy, 'regime' is an essential term. [Trong Chính trị & Ngoại giao, ""regime"" là một thuật ngữ quan trọng.]",en,politics_diplomacy,single_word,B1
06ed04a3-0191-419d-8edb-594c2aa942ef,sovereignty,/ˈsɑːvrənti/,quyền tối cao; chủ quyền,"In Politics & Diplomacy, 'sovereignty' is an essential term. [Trong Chính trị & Ngoại giao, ""sovereignty"" là một thuật ngữ quan trọng.]",en,politics_diplomacy,single_word,B1
c94df998-e663-4bce-a468-b5baca989d87,state,/steɪt/,"trạng thái, chế độ; absorbing s.  trạng thái hút thu","In Politics & Diplomacy, 'state' is an essential term. [Trong Chính trị & Ngoại giao, ""state"" là một thuật ngữ quan trọng.]",en,politics_diplomacy,single_word,B1
ab4243ae-bd54-4576-93e6-c8984413fdf7,vote,/vəʊt/,sự bỏ phiếu; lá phiếu,"In Politics & Diplomacy, 'vote' is an essential term. [Trong Chính trị & Ngoại giao, ""vote"" là một thuật ngữ quan trọng.]",en,politics_diplomacy,single_word,B1
25a7a4ef-9439-42c4-b19b-a342e3de1bd5,administer,/ədˈmɪnɪstər/,"quản lý, quản trị","In Politics & Diplomacy, 'administer' is an essential term. [Trong Chính trị & Ngoại giao, ""administer"" là một thuật ngữ quan trọng.]",en,politics_diplomacy,single_word,B1
4daf40c1-9891-4466-adac-11bd5df49afc,border,/ˈbɔːrdər/,"biên, bờ","In Politics & Diplomacy, 'border' is an essential term. [Trong Chính trị & Ngoại giao, ""border"" là một thuật ngữ quan trọng.]",en,politics_diplomacy,single_word,B1
449bc98b-6229-4939-bdcd-d974eec3fa6b,citizen,/ˈsɪtɪzn/,"người dân thành thị; công dân, dân","In Politics & Diplomacy, 'citizen' is an essential term. [Trong Chính trị & Ngoại giao, ""citizen"" là một thuật ngữ quan trọng.]",en,politics_diplomacy,single_word,B1
462184da-da1d-4a63-9a96-7089d86f9fa7,citizenship,/ˈsɪtɪzənʃɪp/,tư cách công dân; quyền công dân,"In Politics & Diplomacy, 'citizenship' is an essential term. [Trong Chính trị & Ngoại giao, ""citizenship"" là một thuật ngữ quan trọng.]",en,politics_diplomacy,single_word,B1
761ecfe3-a683-4ad4-b983-bffba33a9f88,combination,/ˌkɑːmbɪˈneɪʃn/,"sự tổ hợp, sự phối hợp; c. of observation  tổ hợp đo ngắn","In Politics & Diplomacy, 'combination' is an essential term. [Trong Chính trị & Ngoại giao, ""combination"" là một thuật ngữ quan trọng.]",en,politics_diplomacy,single_word,B1
723e1c74-3a5d-4021-b1d1-0be6e83dc938,coordination,/kəʊˌɔːrdɪˈneɪʃn/,phối hợp,"In Politics & Diplomacy, 'coordination' is an essential term. [Trong Chính trị & Ngoại giao, ""coordination"" là một thuật ngữ quan trọng.]",en,politics_diplomacy,single_word,B1
ece4bab7-027a-49e7-bbde-f88c054f80e5,declaration,/ˌdekləˈreɪʃn/,"lời tuyên bố, khai báo","In Politics & Diplomacy, 'declaration' is an essential term. [Trong Chính trị & Ngoại giao, ""declaration"" là một thuật ngữ quan trọng.]",en,politics_diplomacy,single_word,B1
5ab323ff-ae4e-4e4f-98f0-5543e679ba0a,destination,/ˌdestɪˈneɪʃn/,chỗ ghi,"In Politics & Diplomacy, 'destination' is an essential term. [Trong Chính trị & Ngoại giao, ""destination"" là một thuật ngữ quan trọng.]",en,politics_diplomacy,single_word,B1
89929dd0-616c-49d2-b010-ed89f43272c9,determination,/dɪˌtɜːrmɪˈneɪʃn/,"sự xác định, định trị","In Politics & Diplomacy, 'determination' is an essential term. [Trong Chính trị & Ngoại giao, ""determination"" là một thuật ngữ quan trọng.]",en,politics_diplomacy,single_word,B1
d05f8c66-c7a2-4f4f-97db-d9105c3087b6,devastate,/ˈdevəsteɪt/,"tàn phá, phá huỷ, phá phách","In Politics & Diplomacy, 'devastate' is an essential term. [Trong Chính trị & Ngoại giao, ""devastate"" là một thuật ngữ quan trọng.]",en,politics_diplomacy,single_word,B1
c7cc0a95-73b6-419f-9771-a87e2aa906b7,devote,/dɪˈvəʊt/,"hiến dâng, dành hết cho","In Politics & Diplomacy, 'devote' is an essential term. [Trong Chính trị & Ngoại giao, ""devote"" là một thuật ngữ quan trọng.]",en,politics_diplomacy,single_word,B1
96f7c92b-0549-4e76-bed0-d46cfd98ad3e,dictator,/ˈdɪkteɪtər/,"kẻ độc tài; người có quyền hành tuyệt đối; người đọc cho  viết, người đọc chính tả","In Politics & Diplomacy, 'dictator' is an essential term. [Trong Chính trị & Ngoại giao, ""dictator"" là một thuật ngữ quan trọng.]",en,politics_diplomacy,single_word,B1
fba61ca6-4225-49af-a2da-6ca01e8aaa06,diplomat,/ˈdɪpləmæt/,nhà ngoại giao; người khéo giao thiệp; người có tài ngoại giao,"In Politics & Diplomacy, 'diplomat' is an essential term. [Trong Chính trị & Ngoại giao, ""diplomat"" là một thuật ngữ quan trọng.]",en,politics_diplomacy,single_word,B1
5eed4709-c655-4f9e-b018-c2dc081b9d7b,diplomatic,/ˌdɪpləˈmætɪk/,ngoại giao; có tài ngoại giao; có tính chất ngoại giao,"In Politics & Diplomacy, 'diplomatic' is an essential term. [Trong Chính trị & Ngoại giao, ""diplomatic"" là một thuật ngữ quan trọng.]",en,politics_diplomacy,single_word,B1
dfd35fee-407f-42c6-9138-ed8e95f46a5c,discrimination,/dɪˌskrɪmɪˈneɪʃn/,"sự phân biệt, sự tách ra","In Politics & Diplomacy, 'discrimination' is an essential term. [Trong Chính trị & Ngoại giao, ""discrimination"" là một thuật ngữ quan trọng.]",en,politics_diplomacy,single_word,B1
fd317e65-e333-4e86-8009-c01d2f59fd80,donation,/dəʊˈneɪʃn/,"sự tặng, sự cho, sự biếu; sự quyên cúng; đồ tặng, đồ cho, đồ biếu; đồ quyên cúng","In Politics & Diplomacy, 'donation' is an essential term. [Trong Chính trị & Ngoại giao, ""donation"" là một thuật ngữ quan trọng.]",en,politics_diplomacy,single_word,B1
c2c73e13-4042-4e8d-bf70-aacc5c7b45b3,empire,/ˈempaɪər/,đế quốc; chế chế; Empire  kiểu đế chế Na-po-lê-ông I,"In Politics & Diplomacy, 'empire' is an essential term. [Trong Chính trị & Ngoại giao, ""empire"" là một thuật ngữ quan trọng.]",en,politics_diplomacy,single_word,B1
3d281e22-4db5-434d-8f26-2dee22d362ef,estate,/ɪˈsteɪt/,tài sản; personal e. động sản,"In Politics & Diplomacy, 'estate' is an essential term. [Trong Chính trị & Ngoại giao, ""estate"" là một thuật ngữ quan trọng.]",en,politics_diplomacy,single_word,B1
c53bf92b-641d-42f9-ae75-88ec9852b456,examination,/ɪɡˌzæmɪˈneɪʃn/,"sự khám xét kỹ, sự xem xét kỹ, sự thẩm tra, sự khảo sát, sự nghiên cứu; sự thi cử; kỳ thi","In Politics & Diplomacy, 'examination' is an essential term. [Trong Chính trị & Ngoại giao, ""examination"" là một thuật ngữ quan trọng.]",en,politics_diplomacy,single_word,B1
4f10726b-99d9-4960-8eb5-16da21918d4a,federal,/ˈfedərəl/,liên bang,"In Politics & Diplomacy, 'federal' is an essential term. [Trong Chính trị & Ngoại giao, ""federal"" là một thuật ngữ quan trọng.]",en,politics_diplomacy,single_word,B1
53c892dd-5864-4184-aaea-fc94337526fb,imagination,/ɪˌmædʒɪˈneɪʃn/,"sức tưởng tượng, trí tưởng tượng; sự tưởng tượng; điều tưởng tượng","In Politics & Diplomacy, 'imagination' is an essential term. [Trong Chính trị & Ngoại giao, ""imagination"" là một thuật ngữ quan trọng.]",en,politics_diplomacy,single_word,B1
a3bae13e-99e5-4429-9533-9e2600139f06,international,/ˌɪntərˈnæʃnəl/,quốc tế; tổ chức quốc tế cộng sản,"In Politics & Diplomacy, 'international' is an essential term. [Trong Chính trị & Ngoại giao, ""international"" là một thuật ngữ quan trọng.]",en,politics_diplomacy,single_word,B1
5bf2ead3-4794-4088-bbc8-682d2c0e7876,kingdom,/ˈkɪŋdəm/,vương quốc; giới,"In Politics & Diplomacy, 'kingdom' is an essential term. [Trong Chính trị & Ngoại giao, ""kingdom"" là một thuật ngữ quan trọng.]",en,politics_diplomacy,single_word,B1
0793d943-5234-4c27-973b-6b6c0f92b101,leader,/ˈliːdər/,"lânh tụ, người lânh đạo, người chỉ huy, người hướng dẫn, người chỉ đạo; luật sư chính","In Politics & Diplomacy, 'leader' is an essential term. [Trong Chính trị & Ngoại giao, ""leader"" là một thuật ngữ quan trọng.]",en,politics_diplomacy,single_word,B1
4734c5d5-c531-48b0-8407-b123803612f3,mandate,/ˈmændeɪt/,"lệnh, trát; sự uỷ nhiệm, sự uỷ thác","In Politics & Diplomacy, 'mandate' is an essential term. [Trong Chính trị & Ngoại giao, ""mandate"" là một thuật ngữ quan trọng.]",en,politics_diplomacy,single_word,B1
b135d79d-dc2b-4708-b9a7-2ec56ba30b10,nationwide,/ˌneɪʃnˈwaɪd/,khắp cả nước; toàn quốc,"In Politics & Diplomacy, 'nationwide' is an essential term. [Trong Chính trị & Ngoại giao, ""nationwide"" là một thuật ngữ quan trọng.]",en,politics_diplomacy,single_word,B1
b1047a74-299b-43a0-aa02-ab4925e21124,official,/əˈfɪʃl/,chính quyền;  văn phòng; chính thức,"In Politics & Diplomacy, 'official' is an essential term. [Trong Chính trị & Ngoại giao, ""official"" là một thuật ngữ quan trọng.]",en,politics_diplomacy,single_word,B1
d61166e4-195b-4298-8289-df58c6f81d16,parliament,/ˈpɑːrləmənt/,nghị viện; nghị trường; nghị viện Anh,"In Politics & Diplomacy, 'parliament' is an essential term. [Trong Chính trị & Ngoại giao, ""parliament"" là một thuật ngữ quan trọng.]",en,politics_diplomacy,single_word,B1
22e28d2f-fc28-4daa-b2c8-639cfc9fc812,power,/ˈpaʊər/,"độ, bậc, luỹ thừa; lực lượng; công suất; p. of a point  phương tích của một điểm","In Politics & Diplomacy, 'power' is an essential term. [Trong Chính trị & Ngoại giao, ""power"" là một thuật ngữ quan trọng.]",en,politics_diplomacy,single_word,B1
d7deba18-f491-49b1-ac23-3ece811efaa5,powerful,/ˈpaʊərfl/,"có sức, có lực mạnh","In Politics & Diplomacy, 'powerful' is an essential term. [Trong Chính trị & Ngoại giao, ""powerful"" là một thuật ngữ quan trọng.]",en,politics_diplomacy,single_word,B1
705ca3e9-5785-432d-bb17-ebdccc2dfdbe,bilateral relations,/bilateral relations/,song phương quan hệ,Effective Politics & Diplomacy relies on bilateral relations. [Lĩnh vực Chính trị & Ngoại giao hiệu quả dựa trên song phương quan hệ.],en,politics_diplomacy,phrase,B2
8d5cb70b-0d01-44a8-ad9d-a9af34d7a426,bilateral partnership,/bilateral partnership/,song phương đối tác,Effective Politics & Diplomacy relies on bilateral partnership. [Lĩnh vực Chính trị & Ngoại giao hiệu quả dựa trên song phương đối tác.],en,politics_diplomacy,phrase,B2
48d69f14-1a16-4835-89e7-84cfd7a6db58,bilateral treaty,/bilateral treaty/,song phương hiệp ước,Effective Politics & Diplomacy relies on bilateral treaty. [Lĩnh vực Chính trị & Ngoại giao hiệu quả dựa trên song phương hiệp ước.],en,politics_diplomacy,phrase,B2
96e6c131-2145-43c1-b5a8-e4f559030758,bilateral delegation,/bilateral delegation/,song phương phái đoàn,Effective Politics & Diplomacy relies on bilateral delegation. [Lĩnh vực Chính trị & Ngoại giao hiệu quả dựa trên song phương phái đoàn.],en,politics_diplomacy,phrase,B2
e9f287f3-98e3-4424-9461-328e2fd60945,bilateral summit,/bilateral summit/,song phương thượng đỉnh,Effective Politics & Diplomacy relies on bilateral summit. [Lĩnh vực Chính trị & Ngoại giao hiệu quả dựa trên song phương thượng đỉnh.],en,politics_diplomacy,phrase,B2
72e2383a-f4a3-4b4e-b626-5186ca6eeaec,bilateral consensus,/bilateral consensus/,song phương đồng thuận,Effective Politics & Diplomacy relies on bilateral consensus. [Lĩnh vực Chính trị & Ngoại giao hiệu quả dựa trên song phương đồng thuận.],en,politics_diplomacy,phrase,B2
06573ec9-aa1d-450d-b4e5-52f595a0f0c2,bilateral coalition,/bilateral coalition/,song phương liên minh,Effective Politics & Diplomacy relies on bilateral coalition. [Lĩnh vực Chính trị & Ngoại giao hiệu quả dựa trên song phương liên minh.],en,politics_diplomacy,phrase,B2
cb3ecc86-cd91-44be-a161-67a288073088,bilateral dialogue,/bilateral dialogue/,song phương đối thoại,Effective Politics & Diplomacy relies on bilateral dialogue. [Lĩnh vực Chính trị & Ngoại giao hiệu quả dựa trên song phương đối thoại.],en,politics_diplomacy,phrase,B2
82447f3a-ab25-4b3a-a099-76e963d8a166,strategic relations,/strategic relations/,chiến lược quan hệ,Effective Politics & Diplomacy relies on strategic relations. [Lĩnh vực Chính trị & Ngoại giao hiệu quả dựa trên chiến lược quan hệ.],en,politics_diplomacy,phrase,B2
21e6f674-30da-45a0-beed-fa1937c8a8ab,strategic partnership,/strategic partnership/,chiến lược đối tác,Effective Politics & Diplomacy relies on strategic partnership. [Lĩnh vực Chính trị & Ngoại giao hiệu quả dựa trên chiến lược đối tác.],en,politics_diplomacy,phrase,B2
e569c80a-5cef-44c2-8830-6c42f745f81b,strategic treaty,/strategic treaty/,chiến lược hiệp ước,Effective Politics & Diplomacy relies on strategic treaty. [Lĩnh vực Chính trị & Ngoại giao hiệu quả dựa trên chiến lược hiệp ước.],en,politics_diplomacy,phrase,B2
72041eb5-6a0b-4c12-937d-31dc47e5d9af,strategic delegation,/strategic delegation/,chiến lược phái đoàn,Effective Politics & Diplomacy relies on strategic delegation. [Lĩnh vực Chính trị & Ngoại giao hiệu quả dựa trên chiến lược phái đoàn.],en,politics_diplomacy,phrase,B2
f6d53d51-8aef-447a-9306-6c3405965610,strategic summit,/strategic summit/,chiến lược thượng đỉnh,Effective Politics & Diplomacy relies on strategic summit. [Lĩnh vực Chính trị & Ngoại giao hiệu quả dựa trên chiến lược thượng đỉnh.],en,politics_diplomacy,phrase,B2
f3fdd677-3e5a-4096-8fad-5848c2dbed11,strategic consensus,/strategic consensus/,chiến lược đồng thuận,Effective Politics & Diplomacy relies on strategic consensus. [Lĩnh vực Chính trị & Ngoại giao hiệu quả dựa trên chiến lược đồng thuận.],en,politics_diplomacy,phrase,B2
e0110e17-0e9d-4154-b403-544da5420b5f,strategic coalition,/strategic coalition/,chiến lược liên minh,Effective Politics & Diplomacy relies on strategic coalition. [Lĩnh vực Chính trị & Ngoại giao hiệu quả dựa trên chiến lược liên minh.],en,politics_diplomacy,phrase,B2
c1451e27-b024-409b-b4e5-89efa8042ad3,strategic dialogue,/strategic dialogue/,chiến lược đối thoại,Effective Politics & Diplomacy relies on strategic dialogue. [Lĩnh vực Chính trị & Ngoại giao hiệu quả dựa trên chiến lược đối thoại.],en,politics_diplomacy,phrase,B2
2321d996-560d-4639-b5dd-6114c090968f,diplomatic relations,/diplomatic relations/,ngoại giao quan hệ,Effective Politics & Diplomacy relies on diplomatic relations. [Lĩnh vực Chính trị & Ngoại giao hiệu quả dựa trên ngoại giao quan hệ.],en,politics_diplomacy,phrase,B2
7f028ec0-ad65-45db-80ce-97991cbab9a5,diplomatic partnership,/diplomatic partnership/,ngoại giao đối tác,Effective Politics & Diplomacy relies on diplomatic partnership. [Lĩnh vực Chính trị & Ngoại giao hiệu quả dựa trên ngoại giao đối tác.],en,politics_diplomacy,phrase,B2
a0edc019-b772-421b-aa91-74399888fc5d,diplomatic treaty,/diplomatic treaty/,ngoại giao hiệp ước,Effective Politics & Diplomacy relies on diplomatic treaty. [Lĩnh vực Chính trị & Ngoại giao hiệu quả dựa trên ngoại giao hiệp ước.],en,politics_diplomacy,phrase,B2
c793b2cb-4bf5-4206-802b-c3c59b117dad,diplomatic delegation,/diplomatic delegation/,ngoại giao phái đoàn,Effective Politics & Diplomacy relies on diplomatic delegation. [Lĩnh vực Chính trị & Ngoại giao hiệu quả dựa trên ngoại giao phái đoàn.],en,politics_diplomacy,phrase,B2
54844e70-2fe0-4d71-bcee-21dab7b38224,diplomatic summit,/diplomatic summit/,ngoại giao thượng đỉnh,Effective Politics & Diplomacy relies on diplomatic summit. [Lĩnh vực Chính trị & Ngoại giao hiệu quả dựa trên ngoại giao thượng đỉnh.],en,politics_diplomacy,phrase,B2
626072f7-870c-4430-b99d-b25508830f8f,diplomatic consensus,/diplomatic consensus/,ngoại giao đồng thuận,Effective Politics & Diplomacy relies on diplomatic consensus. [Lĩnh vực Chính trị & Ngoại giao hiệu quả dựa trên ngoại giao đồng thuận.],en,politics_diplomacy,phrase,B2
85790e29-7ecb-4aff-bd0d-35ae457d326f,diplomatic coalition,/diplomatic coalition/,ngoại giao liên minh,Effective Politics & Diplomacy relies on diplomatic coalition. [Lĩnh vực Chính trị & Ngoại giao hiệu quả dựa trên ngoại giao liên minh.],en,politics_diplomacy,phrase,B2
99d62b09-9bb2-426e-8776-4003fc14cac7,diplomatic dialogue,/diplomatic dialogue/,ngoại giao đối thoại,Effective Politics & Diplomacy relies on diplomatic dialogue. [Lĩnh vực Chính trị & Ngoại giao hiệu quả dựa trên ngoại giao đối thoại.],en,politics_diplomacy,phrase,B2
475d6206-679f-414c-9e34-ca6978c8a0cd,multilateral relations,/multilateral relations/,đa phương quan hệ,Effective Politics & Diplomacy relies on multilateral relations. [Lĩnh vực Chính trị & Ngoại giao hiệu quả dựa trên đa phương quan hệ.],en,politics_diplomacy,phrase,B2
f6d74712-c6b4-47e7-865f-9cd982074075,multilateral partnership,/multilateral partnership/,đa phương đối tác,Effective Politics & Diplomacy relies on multilateral partnership. [Lĩnh vực Chính trị & Ngoại giao hiệu quả dựa trên đa phương đối tác.],en,politics_diplomacy,phrase,B2
0b292c34-e12b-4d9d-bd8a-911ec8fed14c,multilateral treaty,/multilateral treaty/,đa phương hiệp ước,Effective Politics & Diplomacy relies on multilateral treaty. [Lĩnh vực Chính trị & Ngoại giao hiệu quả dựa trên đa phương hiệp ước.],en,politics_diplomacy,phrase,B2
53ae3b15-653a-4b20-ae38-ba1f84b1c5f2,multilateral delegation,/multilateral delegation/,đa phương phái đoàn,Effective Politics & Diplomacy relies on multilateral delegation. [Lĩnh vực Chính trị & Ngoại giao hiệu quả dựa trên đa phương phái đoàn.],en,politics_diplomacy,phrase,B2
911bce3a-9242-42a5-8722-6d80ec168897,multilateral summit,/multilateral summit/,đa phương thượng đỉnh,Effective Politics & Diplomacy relies on multilateral summit. [Lĩnh vực Chính trị & Ngoại giao hiệu quả dựa trên đa phương thượng đỉnh.],en,politics_diplomacy,phrase,B2
5576f833-9b74-4ec4-9bc0-954f03fadb7c,multilateral consensus,/multilateral consensus/,đa phương đồng thuận,Effective Politics & Diplomacy relies on multilateral consensus. [Lĩnh vực Chính trị & Ngoại giao hiệu quả dựa trên đa phương đồng thuận.],en,politics_diplomacy,phrase,B2
89b1f4bd-3420-4625-a540-c849b2dfaed1,multilateral coalition,/multilateral coalition/,đa phương liên minh,Effective Politics & Diplomacy relies on multilateral coalition. [Lĩnh vực Chính trị & Ngoại giao hiệu quả dựa trên đa phương liên minh.],en,politics_diplomacy,phrase,B2
b0e9aeed-acf3-4072-bada-7aa8fe67e830,multilateral dialogue,/multilateral dialogue/,đa phương đối thoại,Effective Politics & Diplomacy relies on multilateral dialogue. [Lĩnh vực Chính trị & Ngoại giao hiệu quả dựa trên đa phương đối thoại.],en,politics_diplomacy,phrase,B2
6cb9fff8-8b9d-4574-bafe-0d5b231b1e30,sovereign relations,/sovereign relations/,chủ quyền quan hệ,Effective Politics & Diplomacy relies on sovereign relations. [Lĩnh vực Chính trị & Ngoại giao hiệu quả dựa trên chủ quyền quan hệ.],en,politics_diplomacy,phrase,B2
1debb22a-5707-48c7-96a2-8d7044986c15,sovereign partnership,/sovereign partnership/,chủ quyền đối tác,Effective Politics & Diplomacy relies on sovereign partnership. [Lĩnh vực Chính trị & Ngoại giao hiệu quả dựa trên chủ quyền đối tác.],en,politics_diplomacy,phrase,B2
f6a089e5-2cc3-4dbf-b740-32160932c6e7,sovereign treaty,/sovereign treaty/,chủ quyền hiệp ước,Effective Politics & Diplomacy relies on sovereign treaty. [Lĩnh vực Chính trị & Ngoại giao hiệu quả dựa trên chủ quyền hiệp ước.],en,politics_diplomacy,phrase,B2
4f02b6ab-4e85-4053-9270-a0274209811b,sovereign delegation,/sovereign delegation/,chủ quyền phái đoàn,Effective Politics & Diplomacy relies on sovereign delegation. [Lĩnh vực Chính trị & Ngoại giao hiệu quả dựa trên chủ quyền phái đoàn.],en,politics_diplomacy,phrase,B2
d700d3d7-8fe9-47b8-9f08-b0267389cfc2,sovereign summit,/sovereign summit/,chủ quyền thượng đỉnh,Effective Politics & Diplomacy relies on sovereign summit. [Lĩnh vực Chính trị & Ngoại giao hiệu quả dựa trên chủ quyền thượng đỉnh.],en,politics_diplomacy,phrase,B2
0cc36755-53e9-4357-afea-a05fcfeffb89,sovereign consensus,/sovereign consensus/,chủ quyền đồng thuận,Effective Politics & Diplomacy relies on sovereign consensus. [Lĩnh vực Chính trị & Ngoại giao hiệu quả dựa trên chủ quyền đồng thuận.],en,politics_diplomacy,phrase,B2
1211c9fc-85c2-4166-9936-0e04e4cc7926,sovereign coalition,/sovereign coalition/,chủ quyền liên minh,Effective Politics & Diplomacy relies on sovereign coalition. [Lĩnh vực Chính trị & Ngoại giao hiệu quả dựa trên chủ quyền liên minh.],en,politics_diplomacy,phrase,B2
54c36de8-8107-4ad9-b862-97e6873706b0,sovereign dialogue,/sovereign dialogue/,chủ quyền đối thoại,Effective Politics & Diplomacy relies on sovereign dialogue. [Lĩnh vực Chính trị & Ngoại giao hiệu quả dựa trên chủ quyền đối thoại.],en,politics_diplomacy,phrase,B2
c2c25618-d86b-4aa4-bac6-9c4656f98e5f,political relations,/political relations/,chính trị quan hệ,Effective Politics & Diplomacy relies on political relations. [Lĩnh vực Chính trị & Ngoại giao hiệu quả dựa trên chính trị quan hệ.],en,politics_diplomacy,phrase,B2
f924dd65-f862-4548-b2d6-f4297b0bd15f,political partnership,/political partnership/,chính trị đối tác,Effective Politics & Diplomacy relies on political partnership. [Lĩnh vực Chính trị & Ngoại giao hiệu quả dựa trên chính trị đối tác.],en,politics_diplomacy,phrase,B2
1bb7d0e0-c029-4527-a8a9-37ec8993c91a,political treaty,/political treaty/,chính trị hiệp ước,Effective Politics & Diplomacy relies on political treaty. [Lĩnh vực Chính trị & Ngoại giao hiệu quả dựa trên chính trị hiệp ước.],en,politics_diplomacy,phrase,B2
8e9aa096-89bc-4989-b040-c5bf4c980b03,political delegation,/political delegation/,chính trị phái đoàn,Effective Politics & Diplomacy relies on political delegation. [Lĩnh vực Chính trị & Ngoại giao hiệu quả dựa trên chính trị phái đoàn.],en,politics_diplomacy,phrase,B2
17d6ac2a-6890-45c0-b566-5a0b2b5875c4,political summit,/political summit/,chính trị thượng đỉnh,Effective Politics & Diplomacy relies on political summit. [Lĩnh vực Chính trị & Ngoại giao hiệu quả dựa trên chính trị thượng đỉnh.],en,politics_diplomacy,phrase,B2
71d97609-fb8e-4482-a459-9e141f2560b0,political consensus,/political consensus/,chính trị đồng thuận,Effective Politics & Diplomacy relies on political consensus. [Lĩnh vực Chính trị & Ngoại giao hiệu quả dựa trên chính trị đồng thuận.],en,politics_diplomacy,phrase,B2
85219966-45d6-4eb9-a21c-97fa87fde758,political coalition,/political coalition/,chính trị liên minh,Effective Politics & Diplomacy relies on political coalition. [Lĩnh vực Chính trị & Ngoại giao hiệu quả dựa trên chính trị liên minh.],en,politics_diplomacy,phrase,B2
fe94e130-b4c7-4423-ae77-e5fd0d21315e,political dialogue,/political dialogue/,chính trị đối thoại,Effective Politics & Diplomacy relies on political dialogue. [Lĩnh vực Chính trị & Ngoại giao hiệu quả dựa trên chính trị đối thoại.],en,politics_diplomacy,phrase,B2
1aa9c361-e831-47fa-93ff-4ded094b30fa,international relations,/international relations/,quốc tế quan hệ,Effective Politics & Diplomacy relies on international relations. [Lĩnh vực Chính trị & Ngoại giao hiệu quả dựa trên quốc tế quan hệ.],en,politics_diplomacy,phrase,B2
f67a26f1-3778-42de-b329-c3153caafb32,international partnership,/international partnership/,quốc tế đối tác,Effective Politics & Diplomacy relies on international partnership. [Lĩnh vực Chính trị & Ngoại giao hiệu quả dựa trên quốc tế đối tác.],en,politics_diplomacy,phrase,B2
61482a5d-e37e-4c16-9510-30b5811671cd,economy,/ɪˈkɑːnəmi/,nền kinh tế; expanding e. nền kinh tế phát triển,"In Economy & Trade, 'economy' is an essential term. [Trong Kinh tế & Thương mại, ""economy"" là một thuật ngữ quan trọng.]",en,economy_trade,single_word,B1
86c373d1-be1c-4953-ae04-4a4ed5c06681,economic,/ˌiːkəˈnɑːmɪk/,kinh tế,"In Economy & Trade, 'economic' is an essential term. [Trong Kinh tế & Thương mại, ""economic"" là một thuật ngữ quan trọng.]",en,economy_trade,single_word,B1
18ba9978-0fd5-46cf-93c0-04d497c7ae45,economics,/ˌiːkəˈnɑːmɪks/,"kinh tế học, kinh tế quốc dân","In Economy & Trade, 'economics' is an essential term. [Trong Kinh tế & Thương mại, ""economics"" là một thuật ngữ quan trọng.]",en,economy_trade,single_word,B1
44d030a1-cf91-4456-83a6-7bd1992e9ab6,commerce,/ˈkɑːmɜːrs/,thương mại,"In Economy & Trade, 'commerce' is an essential term. [Trong Kinh tế & Thương mại, ""commerce"" là một thuật ngữ quan trọng.]",en,economy_trade,single_word,B1
b2107cb9-0d10-40fa-9618-7eb637892695,costly,/ˈkɔːstli/,"đắt tiền, quý giá; tốn tiền, hao tiền tốn của; tai hại","In Economy & Trade, 'costly' is an essential term. [Trong Kinh tế & Thương mại, ""costly"" là một thuật ngữ quan trọng.]",en,economy_trade,single_word,B1
51f6e620-b679-436e-b132-379cf1d22886,economist,/ɪˈkɑːnəmɪst/,nhà kinh tế học; người tiết kiệm,"In Economy & Trade, 'economist' is an essential term. [Trong Kinh tế & Thương mại, ""economist"" là một thuật ngữ quan trọng.]",en,economy_trade,single_word,B1
37aa7449-ba2c-42bd-854c-65f94cfbd165,import,/ˈɪmpɔːrt/,mang vào; hiểu ngầm; nhập cảng,"In Economy & Trade, 'import' is an essential term. [Trong Kinh tế & Thương mại, ""import"" là một thuật ngữ quan trọng.]",en,economy_trade,single_word,B1
d25de8f3-a84c-4ff3-b899-f39a11a5e93a,importance,/ɪmˈpɔːrtns/,sự quan trọng; ý nghĩa; giá trị of no i. không có giá trị gì i. of a sampling ý nghĩa của mẫu,"In Economy & Trade, 'importance' is an essential term. [Trong Kinh tế & Thương mại, ""importance"" là một thuật ngữ quan trọng.]",en,economy_trade,single_word,B1
d469a2a1-abdf-4058-ba5d-f5523706cfc1,industry,/ˈɪndəstri/,"công nghiệp, lĩnh vực công nghiệp","In Economy & Trade, 'industry' is an essential term. [Trong Kinh tế & Thương mại, ""industry"" là một thuật ngữ quan trọng.]",en,economy_trade,single_word,B1
75814275-7ecf-422a-ae2d-b9d75ebf748e,marketing,/ˈmɑːrkɪtɪŋ/,sự tiếp thị,"In Economy & Trade, 'marketing' is an essential term. [Trong Kinh tế & Thương mại, ""marketing"" là một thuật ngữ quan trọng.]",en,economy_trade,single_word,B1
eceedcba-ac97-4c3d-a3fd-6359bc896922,profit,/ˈprɑːfɪt/,ích lợi; lợi nhuận; thu nhập; aggregate p.  thu nhập chung,"In Economy & Trade, 'profit' is an essential term. [Trong Kinh tế & Thương mại, ""profit"" là một thuật ngữ quan trọng.]",en,economy_trade,single_word,B1
cef08f41-7892-4657-bba4-6d4b3741e3bd,trademark,/ˈtreɪdmɑːrk/,<vt>  TM nhãn hiệu đăng ký; đặc điểm phân biệt,"In Economy & Trade, 'trademark' is an essential term. [Trong Kinh tế & Thương mại, ""trademark"" là một thuật ngữ quan trọng.]",en,economy_trade,single_word,B1
b9eb61d7-8703-4d0a-a7b1-4f104c18cc45,capitalism,/ˈkæpɪtəlɪzəm/,Chủ nghĩa tư bản,"In Economy & Trade, 'capitalism' is an essential term. [Trong Kinh tế & Thương mại, ""capitalism"" là một thuật ngữ quan trọng.]",en,economy_trade,single_word,B1
5824ee95-343d-4750-9552-841ea19c83dd,cost,/kɔːst/,"chi phí, phí tổn; c. of handling stock giá bảo quản hàng tồn kho","In Economy & Trade, 'cost' is an essential term. [Trong Kinh tế & Thương mại, ""cost"" là một thuật ngữ quan trọng.]",en,economy_trade,single_word,B1
1d6625a2-7404-47a7-b9aa-34aecb2f8d3c,costume,/ˈkɑːstuːm/,"quần áo, y phục; cách ăn mặc, trang phục, phục sức","In Economy & Trade, 'costume' is an essential term. [Trong Kinh tế & Thương mại, ""costume"" là một thuật ngữ quan trọng.]",en,economy_trade,single_word,B1
29471d68-8192-4551-8b54-6a9c9bc02056,demand,/dɪˈmænd/,"yêu cầu, nhu cầu","In Economy & Trade, 'demand' is an essential term. [Trong Kinh tế & Thương mại, ""demand"" là một thuật ngữ quan trọng.]",en,economy_trade,single_word,B1
2a8688e9-1617-4653-b6a7-6b8dbe3123bf,export,/ˈekspɔːrt/,xuất cảng,"In Economy & Trade, 'export' is an essential term. [Trong Kinh tế & Thương mại, ""export"" là một thuật ngữ quan trọng.]",en,economy_trade,single_word,B1
09d8347a-ea81-4852-bfa5-bc1cb7c4c319,growth,/ɡrəʊθ/,"sự tăng, sự phát triển, cấp tăng; g. of an entire function cấp tăng của một hàm nguyên","In Economy & Trade, 'growth' is an essential term. [Trong Kinh tế & Thương mại, ""growth"" là một thuật ngữ quan trọng.]",en,economy_trade,single_word,B1
975627bd-807c-424a-8952-f24590b44dcf,important,/ɪmˈpɔːrtnt/,"quan trọng, trọng đại, trọng yếu, hệ trọng; có quyền thế, có thế lực","In Economy & Trade, 'important' is an essential term. [Trong Kinh tế & Thương mại, ""important"" là một thuật ngữ quan trọng.]",en,economy_trade,single_word,B1
87801967-cb61-43af-9252-acd151cd5fb8,loss,/lɔːs/,"sự tổn thất, sự mất mát, sự hao; l. of information mất mát, sự hao","In Economy & Trade, 'loss' is an essential term. [Trong Kinh tế & Thương mại, ""loss"" là một thuật ngữ quan trọng.]",en,economy_trade,single_word,B1
1b74ba78-6a2e-4cb9-8f9e-5615578d07a9,market,/ˈmɑːrkɪt/,Thị trường.,"In Economy & Trade, 'market' is an essential term. [Trong Kinh tế & Thương mại, ""market"" là một thuật ngữ quan trọng.]",en,economy_trade,single_word,B1
76778897-56b9-44f2-81ff-e1b665a7f7bf,marketplace,/ˈmɑːrkɪtpleɪs/,thị trường,"In Economy & Trade, 'marketplace' is an essential term. [Trong Kinh tế & Thương mại, ""marketplace"" là một thuật ngữ quan trọng.]",en,economy_trade,single_word,B1
d20ff585-8509-41a3-a808-eedd99cc4dd7,price,/praɪs/,"giá cả, giá; accounting p. giá kiểm tra","In Economy & Trade, 'price' is an essential term. [Trong Kinh tế & Thương mại, ""price"" là một thuật ngữ quan trọng.]",en,economy_trade,single_word,B1
1e12f271-4071-4941-8a05-8a20fd1a628a,product,/ˈprɑːdʌkt/,tích số; tích; sản phẩm; p. of inertia tích quán tính,"In Economy & Trade, 'product' is an essential term. [Trong Kinh tế & Thương mại, ""product"" là một thuật ngữ quan trọng.]",en,economy_trade,single_word,B1
c86afc64-5c55-4916-b6bb-ed5afe3431ff,production,/prəˈdʌkʃn/,"sự sản xuất, sản phẩm; current p. sự sản xuất hiện hành","In Economy & Trade, 'production' is an essential term. [Trong Kinh tế & Thương mại, ""production"" là một thuật ngữ quan trọng.]",en,economy_trade,single_word,B1
d40dbcb1-53eb-4040-99e2-3cfa4d1bf3a8,productive,/prəˈdʌktɪv/,sản xuất,"In Economy & Trade, 'productive' is an essential term. [Trong Kinh tế & Thương mại, ""productive"" là một thuật ngữ quan trọng.]",en,economy_trade,single_word,B1
96127502-93c4-4ebe-af68-fa4c191aef0f,productivity,/ˌprəʊdʌkˈtɪvəti/,năng suất,"In Economy & Trade, 'productivity' is an essential term. [Trong Kinh tế & Thương mại, ""productivity"" là một thuật ngữ quan trọng.]",en,economy_trade,single_word,B1
c880ebdb-836a-4d31-8d68-1bf0c97e692c,profitable,/ˈprɑːfɪtəbl/,"có lãi, có thu nhập, có lợi","In Economy & Trade, 'profitable' is an essential term. [Trong Kinh tế & Thương mại, ""profitable"" là một thuật ngữ quan trọng.]",en,economy_trade,single_word,B1
f9acf518-d49d-4a44-a017-e7f80bef99fd,reproduction,/ˌriːprəˈdʌkʃn/,"tái sản xuất; [bản, sự] sao chụp lại; data r.  sản lại các dữ kiện","In Economy & Trade, 'reproduction' is an essential term. [Trong Kinh tế & Thương mại, ""reproduction"" là một thuật ngữ quan trọng.]",en,economy_trade,single_word,B1
c6cbf129-d144-4995-a756-487d04cb08da,retail,/ˈriːteɪl/,Bán lẻ.,"In Economy & Trade, 'retail' is an essential term. [Trong Kinh tế & Thương mại, ""retail"" là một thuật ngữ quan trọng.]",en,economy_trade,single_word,B1
2cb8a304-a208-4d8d-8733-6341fe3fb84f,revenue,/ˈrevənuː/,thu nhập hàng năm ; điều khoản thu nhập; sự; thu thuế,"In Economy & Trade, 'revenue' is an essential term. [Trong Kinh tế & Thương mại, ""revenue"" là một thuật ngữ quan trọng.]",en,economy_trade,single_word,B1
a113ec53-3c28-47ae-857e-5e29d6e389dc,supermarket,/ˈsuːpərmɑːrkɪt/,cửa hàng tự động lớn,"In Economy & Trade, 'supermarket' is an essential term. [Trong Kinh tế & Thương mại, ""supermarket"" là một thuật ngữ quan trọng.]",en,economy_trade,single_word,B1
2753203d-22f1-4463-851f-2a50f42f399b,supply,/səˈplaɪ/,cung cấp,"In Economy & Trade, 'supply' is an essential term. [Trong Kinh tế & Thương mại, ""supply"" là một thuật ngữ quan trọng.]",en,economy_trade,single_word,B1
1056bf36-188c-401b-9d15-52acbf05ec35,trade,/treɪd/,Thương mại .,"In Economy & Trade, 'trade' is an essential term. [Trong Kinh tế & Thương mại, ""trade"" là một thuật ngữ quan trọng.]",en,economy_trade,single_word,B1
92508e3f-164f-4067-bffd-3c78ec5ec0ed,boom,/buːm/,sự buôn bán phát đạt,"In Economy & Trade, 'boom' is an essential term. [Trong Kinh tế & Thương mại, ""boom"" là một thuật ngữ quan trọng.]",en,economy_trade,single_word,B1
c8052829-2d3e-4c9f-9673-e6f10dad2936,merchant,/ˈmɜːrtʃənt/,nhà buôn,"In Economy & Trade, 'merchant' is an essential term. [Trong Kinh tế & Thương mại, ""merchant"" là một thuật ngữ quan trọng.]",en,economy_trade,single_word,B1
9210d5a7-6182-4d8d-9e91-ef4636862407,monopoly,/məˈnɑːpəli/,Độc quyền.,"In Economy & Trade, 'monopoly' is an essential term. [Trong Kinh tế & Thương mại, ""monopoly"" là một thuật ngữ quan trọng.]",en,economy_trade,single_word,B1
4ff00494-5dc2-486e-9992-8426eae0e47b,promote,/prəˈməʊt/,"thăng chức, thăng cấp, đề bạt; cho lên lớp; làm tăng tiến, đẩy mạnh, xúc tiến, khuyến khích","In Economy & Trade, 'promote' is an essential term. [Trong Kinh tế & Thương mại, ""promote"" là một thuật ngữ quan trọng.]",en,economy_trade,single_word,B1
7ab7d80c-bdeb-429c-8150-853f8c308412,recession,/rɪˈseʃn/,Suy thoái.,"In Economy & Trade, 'recession' is an essential term. [Trong Kinh tế & Thương mại, ""recession"" là một thuật ngữ quan trọng.]",en,economy_trade,single_word,B1
ede5c1cc-60ac-46e9-870b-469f9cce4b1d,subsidy,/ˈsʌbsədi/,Trợ cấp.,"In Economy & Trade, 'subsidy' is an essential term. [Trong Kinh tế & Thương mại, ""subsidy"" là một thuật ngữ quan trọng.]",en,economy_trade,single_word,B1
718a51b3-5736-46ae-9f1c-f0886e8156fd,ad,/æd/,của advertisement,"In Economy & Trade, 'ad' is an essential term. [Trong Kinh tế & Thương mại, ""ad"" là một thuật ngữ quan trọng.]",en,economy_trade,single_word,B1
52a6ed1e-2b0e-4ac5-b119-d37a365eaf97,advertise,/ˈædvərtaɪz/,"báo cho biết, báo cho ai biết trước; quảng cáo","In Economy & Trade, 'advertise' is an essential term. [Trong Kinh tế & Thương mại, ""advertise"" là một thuật ngữ quan trọng.]",en,economy_trade,single_word,B1
94959cd4-314f-4f49-b53c-b171ac4ffb22,advertisement,/ˌædvərˈtaɪzmənt/,sự quảng cáo; bài quảng cáo; tờ quảng cáo; tờ yết thị; tờ thông báo,"In Economy & Trade, 'advertisement' is an essential term. [Trong Kinh tế & Thương mại, ""advertisement"" là một thuật ngữ quan trọng.]",en,economy_trade,single_word,B1
83a0e168-38cf-4028-b5c4-b5946ffa2798,advertising,/ˈædvərtaɪzɪŋ/,"sự quảng cáo, nghề quảng cáo","In Economy & Trade, 'advertising' is an essential term. [Trong Kinh tế & Thương mại, ""advertising"" là một thuật ngữ quan trọng.]",en,economy_trade,single_word,B1
5c9e0fb8-277e-4e32-905f-cf20ba3bf234,affair,/əˈfer/,"việc; công việc, việc làm, sự vụ","In Economy & Trade, 'affair' is an essential term. [Trong Kinh tế & Thương mại, ""affair"" là một thuật ngữ quan trọng.]",en,economy_trade,single_word,B1
eaccfc20-fc48-4cdd-aff4-7c6b97c21f3a,aftermath,/ˈæftərmæθ/,"after-grass; hậu quả, kết quả","In Economy & Trade, 'aftermath' is an essential term. [Trong Kinh tế & Thương mại, ""aftermath"" là một thuật ngữ quan trọng.]",en,economy_trade,single_word,B1
a05116d2-875e-48b3-8fd8-f8cb11a38b47,anniversary,/ˌænɪˈvɜːrsəri/,ngày kỷ niệm; lễ kỷ niệm,"In Economy & Trade, 'anniversary' is an essential term. [Trong Kinh tế & Thương mại, ""anniversary"" là một thuật ngữ quan trọng.]",en,economy_trade,single_word,B1
ae63152e-c3f8-4f94-b0cc-8a60f5830a66,awareness,/əˈwernəs/,xem aware,"In Economy & Trade, 'awareness' is an essential term. [Trong Kinh tế & Thương mại, ""awareness"" là một thuật ngữ quan trọng.]",en,economy_trade,single_word,B1
31aabc4c-6e9b-4ec7-95d6-0016f8caaebf,bargain,/ˈbɑːrɡən/,"sự mặc cả, sự thoả thuận mua bán; giao kèo mua bán; món mua được, món hời, món bở, cơ hội tốt","In Economy & Trade, 'bargain' is an essential term. [Trong Kinh tế & Thương mại, ""bargain"" là một thuật ngữ quan trọng.]",en,economy_trade,single_word,B1
cf9bf0b6-b1b5-4d4f-bc6f-2d1ad1b9d1b0,basically,/ˈbeɪsɪkli/,"cơ bản, về cơ bản","In Economy & Trade, 'basically' is an essential term. [Trong Kinh tế & Thương mại, ""basically"" là một thuật ngữ quan trọng.]",en,economy_trade,single_word,B1
6234f057-ca7d-49f3-93dc-24963cc1dd6e,monetary market,/monetary market/,tiền tệ thị trường,Effective Economy & Trade relies on monetary market. [Lĩnh vực Kinh tế & Thương mại hiệu quả dựa trên tiền tệ thị trường.],en,economy_trade,phrase,B2
4f2b59a3-2337-4fc6-a5fd-a94f485ca66f,monetary growth,/monetary growth/,tiền tệ tăng trưởng,Effective Economy & Trade relies on monetary growth. [Lĩnh vực Kinh tế & Thương mại hiệu quả dựa trên tiền tệ tăng trưởng.],en,economy_trade,phrase,B2
8b657ee2-8cef-4cd9-8017-fdf06dc3c36a,monetary surplus,/monetary surplus/,tiền tệ thặng dư,Effective Economy & Trade relies on monetary surplus. [Lĩnh vực Kinh tế & Thương mại hiệu quả dựa trên tiền tệ thặng dư.],en,economy_trade,phrase,B2
a29aaed1-ab3d-4573-bef9-beb4263f6baf,monetary deficit,/monetary deficit/,tiền tệ thâm hụt,Effective Economy & Trade relies on monetary deficit. [Lĩnh vực Kinh tế & Thương mại hiệu quả dựa trên tiền tệ thâm hụt.],en,economy_trade,phrase,B2
f81d8357-10ac-483c-a5df-4aeafb4bc38a,monetary policy,/monetary policy/,tiền tệ chính sách,Effective Economy & Trade relies on monetary policy. [Lĩnh vực Kinh tế & Thương mại hiệu quả dựa trên tiền tệ chính sách.],en,economy_trade,phrase,B2
08b4fc7c-6ad0-4623-8f45-9c2043c02971,monetary stimulus,/monetary stimulus/,tiền tệ kích thích,Effective Economy & Trade relies on monetary stimulus. [Lĩnh vực Kinh tế & Thương mại hiệu quả dựa trên tiền tệ kích thích.],en,economy_trade,phrase,B2
96d339f3-846c-4d89-b92d-7598cf657b76,monetary trade,/monetary trade/,tiền tệ thương mại,Effective Economy & Trade relies on monetary trade. [Lĩnh vực Kinh tế & Thương mại hiệu quả dựa trên tiền tệ thương mại.],en,economy_trade,phrase,B2
91ab9dbc-075b-4d9e-9fe3-9bb4dd4d3a15,monetary investment,/monetary investment/,tiền tệ đầu tư,Effective Economy & Trade relies on monetary investment. [Lĩnh vực Kinh tế & Thương mại hiệu quả dựa trên tiền tệ đầu tư.],en,economy_trade,phrase,B2
6f9518c4-61fc-4e61-b7ae-bd31cc8490c9,fiscal market,/fiscal market/,tài khóa thị trường,Effective Economy & Trade relies on fiscal market. [Lĩnh vực Kinh tế & Thương mại hiệu quả dựa trên tài khóa thị trường.],en,economy_trade,phrase,B2
8de8c0a1-eef1-4524-93df-a1952d8f0333,fiscal growth,/fiscal growth/,tài khóa tăng trưởng,Effective Economy & Trade relies on fiscal growth. [Lĩnh vực Kinh tế & Thương mại hiệu quả dựa trên tài khóa tăng trưởng.],en,economy_trade,phrase,B2
9d5332a2-0b2f-4223-9cea-23bd541a6d73,fiscal surplus,/fiscal surplus/,tài khóa thặng dư,Effective Economy & Trade relies on fiscal surplus. [Lĩnh vực Kinh tế & Thương mại hiệu quả dựa trên tài khóa thặng dư.],en,economy_trade,phrase,B2
6b358856-22e1-4071-a427-99abd33742c9,fiscal deficit,/fiscal deficit/,tài khóa thâm hụt,Effective Economy & Trade relies on fiscal deficit. [Lĩnh vực Kinh tế & Thương mại hiệu quả dựa trên tài khóa thâm hụt.],en,economy_trade,phrase,B2
dad2dbcf-092b-4e28-ab2f-a20f055701b0,fiscal policy,/fiscal policy/,tài khóa chính sách,Effective Economy & Trade relies on fiscal policy. [Lĩnh vực Kinh tế & Thương mại hiệu quả dựa trên tài khóa chính sách.],en,economy_trade,phrase,B2
86c0ba51-cff7-42bb-9566-64ec1545832d,fiscal stimulus,/fiscal stimulus/,tài khóa kích thích,Effective Economy & Trade relies on fiscal stimulus. [Lĩnh vực Kinh tế & Thương mại hiệu quả dựa trên tài khóa kích thích.],en,economy_trade,phrase,B2
fa47aa05-90b0-4673-8f4d-c04573b281d9,fiscal trade,/fiscal trade/,tài khóa thương mại,Effective Economy & Trade relies on fiscal trade. [Lĩnh vực Kinh tế & Thương mại hiệu quả dựa trên tài khóa thương mại.],en,economy_trade,phrase,B2
bda08e2f-9c9f-4d94-9d67-86aba9ca35fe,fiscal investment,/fiscal investment/,tài khóa đầu tư,Effective Economy & Trade relies on fiscal investment. [Lĩnh vực Kinh tế & Thương mại hiệu quả dựa trên tài khóa đầu tư.],en,economy_trade,phrase,B2
b3d7a18a-7ba5-4ace-aff7-49577589fafd,economic market,/economic market/,kinh tế thị trường,Effective Economy & Trade relies on economic market. [Lĩnh vực Kinh tế & Thương mại hiệu quả dựa trên kinh tế thị trường.],en,economy_trade,phrase,B2
efff6bf6-06ba-4d72-9d74-29b73c381b9b,economic growth,/economic growth/,kinh tế tăng trưởng,Effective Economy & Trade relies on economic growth. [Lĩnh vực Kinh tế & Thương mại hiệu quả dựa trên kinh tế tăng trưởng.],en,economy_trade,phrase,B2
81841fc4-a2bf-4b3b-abaf-e96dacc61115,economic surplus,/economic surplus/,kinh tế thặng dư,Effective Economy & Trade relies on economic surplus. [Lĩnh vực Kinh tế & Thương mại hiệu quả dựa trên kinh tế thặng dư.],en,economy_trade,phrase,B2
6769c36b-b9cc-4f95-8fa1-d3aadabfe033,economic deficit,/economic deficit/,kinh tế thâm hụt,Effective Economy & Trade relies on economic deficit. [Lĩnh vực Kinh tế & Thương mại hiệu quả dựa trên kinh tế thâm hụt.],en,economy_trade,phrase,B2
6a7fb75c-f3d4-4475-bf4b-0f27c7541a7c,economic policy,/economic policy/,kinh tế chính sách,Effective Economy & Trade relies on economic policy. [Lĩnh vực Kinh tế & Thương mại hiệu quả dựa trên kinh tế chính sách.],en,economy_trade,phrase,B2
69f8dfbe-e7b2-4195-93bf-89f900e780b7,economic stimulus,/economic stimulus/,kinh tế kích thích,Effective Economy & Trade relies on economic stimulus. [Lĩnh vực Kinh tế & Thương mại hiệu quả dựa trên kinh tế kích thích.],en,economy_trade,phrase,B2
ed914057-0efe-44c6-921b-23e80ac83ff4,economic trade,/economic trade/,kinh tế thương mại,Effective Economy & Trade relies on economic trade. [Lĩnh vực Kinh tế & Thương mại hiệu quả dựa trên kinh tế thương mại.],en,economy_trade,phrase,B2
ed93ad54-1c0d-4589-a8e9-2aa52f8b0975,economic investment,/economic investment/,kinh tế đầu tư,Effective Economy & Trade relies on economic investment. [Lĩnh vực Kinh tế & Thương mại hiệu quả dựa trên kinh tế đầu tư.],en,economy_trade,phrase,B2
f90dfe52-43ad-4b16-9ac1-e4cbbe7dd5d8,commercial market,/commercial market/,thương mại thị trường,Effective Economy & Trade relies on commercial market. [Lĩnh vực Kinh tế & Thương mại hiệu quả dựa trên thương mại thị trường.],en,economy_trade,phrase,B2
1de57907-0f54-4dcf-a352-519184411e78,commercial growth,/commercial growth/,thương mại tăng trưởng,Effective Economy & Trade relies on commercial growth. [Lĩnh vực Kinh tế & Thương mại hiệu quả dựa trên thương mại tăng trưởng.],en,economy_trade,phrase,B2
1c2369c5-5c36-492f-9c2e-1dc691be763c,commercial surplus,/commercial surplus/,thương mại thặng dư,Effective Economy & Trade relies on commercial surplus. [Lĩnh vực Kinh tế & Thương mại hiệu quả dựa trên thương mại thặng dư.],en,economy_trade,phrase,B2
edbd8803-a695-4ad9-a440-9fafba761bdc,commercial deficit,/commercial deficit/,thương mại thâm hụt,Effective Economy & Trade relies on commercial deficit. [Lĩnh vực Kinh tế & Thương mại hiệu quả dựa trên thương mại thâm hụt.],en,economy_trade,phrase,B2
fc8391fd-6d46-4793-a6a9-2340a8073668,commercial policy,/commercial policy/,thương mại chính sách,Effective Economy & Trade relies on commercial policy. [Lĩnh vực Kinh tế & Thương mại hiệu quả dựa trên thương mại chính sách.],en,economy_trade,phrase,B2
8816bb2c-6167-4457-aa25-1be1bd8e2934,commercial stimulus,/commercial stimulus/,thương mại kích thích,Effective Economy & Trade relies on commercial stimulus. [Lĩnh vực Kinh tế & Thương mại hiệu quả dựa trên thương mại kích thích.],en,economy_trade,phrase,B2
5dfa9013-7646-49cc-8dbe-1279dc144570,commercial trade,/commercial trade/,thương mại thương mại,Effective Economy & Trade relies on commercial trade. [Lĩnh vực Kinh tế & Thương mại hiệu quả dựa trên thương mại thương mại.],en,economy_trade,phrase,B2
46ceee83-6fe3-42b2-ac18-ae263ae11d93,commercial investment,/commercial investment/,thương mại đầu tư,Effective Economy & Trade relies on commercial investment. [Lĩnh vực Kinh tế & Thương mại hiệu quả dựa trên thương mại đầu tư.],en,economy_trade,phrase,B2
d22c5b66-feef-4262-8431-f116d98a270b,global market,/global market/,toàn cầu thị trường,Effective Economy & Trade relies on global market. [Lĩnh vực Kinh tế & Thương mại hiệu quả dựa trên toàn cầu thị trường.],en,economy_trade,phrase,B2
6cc4c1c6-0024-4700-89a5-19ea9bbfd3dd,global growth,/global growth/,toàn cầu tăng trưởng,Effective Economy & Trade relies on global growth. [Lĩnh vực Kinh tế & Thương mại hiệu quả dựa trên toàn cầu tăng trưởng.],en,economy_trade,phrase,B2
c836b975-25c9-4c37-8042-cb5e8de675c6,global surplus,/global surplus/,toàn cầu thặng dư,Effective Economy & Trade relies on global surplus. [Lĩnh vực Kinh tế & Thương mại hiệu quả dựa trên toàn cầu thặng dư.],en,economy_trade,phrase,B2
8616e3a1-2145-440a-87cd-7bd502cc68d1,global deficit,/global deficit/,toàn cầu thâm hụt,Effective Economy & Trade relies on global deficit. [Lĩnh vực Kinh tế & Thương mại hiệu quả dựa trên toàn cầu thâm hụt.],en,economy_trade,phrase,B2
74853da8-97c0-472d-b48a-5f50c425102a,global policy,/global policy/,toàn cầu chính sách,Effective Economy & Trade relies on global policy. [Lĩnh vực Kinh tế & Thương mại hiệu quả dựa trên toàn cầu chính sách.],en,economy_trade,phrase,B2
43e2f85f-6b40-4c6d-b9fd-724de1445a42,global stimulus,/global stimulus/,toàn cầu kích thích,Effective Economy & Trade relies on global stimulus. [Lĩnh vực Kinh tế & Thương mại hiệu quả dựa trên toàn cầu kích thích.],en,economy_trade,phrase,B2
8d77358e-b4fd-447f-a822-8bdefeb6a88a,global trade,/global trade/,toàn cầu thương mại,Effective Economy & Trade relies on global trade. [Lĩnh vực Kinh tế & Thương mại hiệu quả dựa trên toàn cầu thương mại.],en,economy_trade,phrase,B2
855f5a5f-e9de-455e-a618-1a8ac9fd71ef,global investment,/global investment/,toàn cầu đầu tư,Effective Economy & Trade relies on global investment. [Lĩnh vực Kinh tế & Thương mại hiệu quả dựa trên toàn cầu đầu tư.],en,economy_trade,phrase,B2
d2df0a13-8944-4484-9712-ce1a9c6521c5,financial market,/financial market/,tài chính thị trường,Effective Economy & Trade relies on financial market. [Lĩnh vực Kinh tế & Thương mại hiệu quả dựa trên tài chính thị trường.],en,economy_trade,phrase,B2
7ae456c5-da10-4e45-85df-7b7d9d8483fe,financial growth,/financial growth/,tài chính tăng trưởng,Effective Economy & Trade relies on financial growth. [Lĩnh vực Kinh tế & Thương mại hiệu quả dựa trên tài chính tăng trưởng.],en,economy_trade,phrase,B2
ca0c57b0-017f-467a-a6d1-18008c12cd67,financial surplus,/financial surplus/,tài chính thặng dư,Effective Economy & Trade relies on financial surplus. [Lĩnh vực Kinh tế & Thương mại hiệu quả dựa trên tài chính thặng dư.],en,economy_trade,phrase,B2
d9eeaae0-fb54-4c31-b8d8-9d80edd20f88,financial deficit,/financial deficit/,tài chính thâm hụt,Effective Economy & Trade relies on financial deficit. [Lĩnh vực Kinh tế & Thương mại hiệu quả dựa trên tài chính thâm hụt.],en,economy_trade,phrase,B2
57266e30-5004-4bbf-a6ea-c1214c7fdd90,financial policy,/financial policy/,tài chính chính sách,Effective Economy & Trade relies on financial policy. [Lĩnh vực Kinh tế & Thương mại hiệu quả dựa trên tài chính chính sách.],en,economy_trade,phrase,B2
b32ce6e3-81ec-4f14-a467-561c5f40f38b,financial stimulus,/financial stimulus/,tài chính kích thích,Effective Economy & Trade relies on financial stimulus. [Lĩnh vực Kinh tế & Thương mại hiệu quả dựa trên tài chính kích thích.],en,economy_trade,phrase,B2
bbdf00e6-298c-427a-bb2e-8ac59005af9c,financial trade,/financial trade/,tài chính thương mại,Effective Economy & Trade relies on financial trade. [Lĩnh vực Kinh tế & Thương mại hiệu quả dựa trên tài chính thương mại.],en,economy_trade,phrase,B2
f3187ce4-e263-45d5-b844-4ec8573f02b4,financial investment,/financial investment/,tài chính đầu tư,Effective Economy & Trade relies on financial investment. [Lĩnh vực Kinh tế & Thương mại hiệu quả dựa trên tài chính đầu tư.],en,economy_trade,phrase,B2
48fc13a8-0a2b-4d03-a847-6714a852b784,domestic market,/domestic market/,nội địa thị trường,Effective Economy & Trade relies on domestic market. [Lĩnh vực Kinh tế & Thương mại hiệu quả dựa trên nội địa thị trường.],en,economy_trade,phrase,B2
7ceac999-9658-46aa-817f-f44efd19cbdb,domestic growth,/domestic growth/,nội địa tăng trưởng,Effective Economy & Trade relies on domestic growth. [Lĩnh vực Kinh tế & Thương mại hiệu quả dựa trên nội địa tăng trưởng.],en,economy_trade,phrase,B2
0664ed1a-d678-4e9f-ae75-fc038e2e2bfe,salary,/ˈsæləri/,tiền lương,"In Business & Workplace, 'salary' is an essential term. [Trong Kinh doanh & Công sở, ""salary"" là một thuật ngữ quan trọng.]",en,business_workplace,single_word,B1
02212ed3-2bf0-4c22-8945-91f2bfa31a26,administrator,/ədˈmɪnɪstreɪtər/,"quản trị viên, người quản lý","In Business & Workplace, 'administrator' is an essential term. [Trong Kinh doanh & Công sở, ""administrator"" là một thuật ngữ quan trọng.]",en,business_workplace,single_word,B1
478f2d28-e07d-407a-92cf-a2c503a99f61,worker,/ˈwɜːrkər/,"người lao động, người làm việc; thợ, công nhân","In Business & Workplace, 'worker' is an essential term. [Trong Kinh doanh & Công sở, ""worker"" là một thuật ngữ quan trọng.]",en,business_workplace,single_word,B1
0c4b72d2-6549-48b9-aaef-ba78b2d9171e,colleague,/ˈkɑːliːɡ/,"bạn đồng nghiệp, bạn đồng sự","In Business & Workplace, 'colleague' is an essential term. [Trong Kinh doanh & Công sở, ""colleague"" là một thuật ngữ quan trọng.]",en,business_workplace,single_word,B1
4702a9f6-2f0f-45fc-8d51-5f293deb970d,staff,/stæf/,"gậy, ba toong; gậy quyền","In Business & Workplace, 'staff' is an essential term. [Trong Kinh doanh & Công sở, ""staff"" là một thuật ngữ quan trọng.]",en,business_workplace,single_word,B1
12264918-cd1b-4f51-ac60-d35686da650d,businessman,/ˈbɪznəsmæn/,"nhà kinh doanh, thương gia; người quen giao dịch","In Business & Workplace, 'businessman' is an essential term. [Trong Kinh doanh & Công sở, ""businessman"" là một thuật ngữ quan trọng.]",en,business_workplace,single_word,B1
f2dfcdc0-3d90-4ed8-a8c3-72dd3748680e,career,/kəˈrɪr/,"nghề, nghề nghiệp; sự nghiệp ; đời hoạt động; quá trình phát triển","In Business & Workplace, 'career' is an essential term. [Trong Kinh doanh & Công sở, ""career"" là một thuật ngữ quan trọng.]",en,business_workplace,single_word,B1
ec7b040b-1ee5-44df-a00d-22d8a12ceb9c,corporate,/ˈkɔːrpərət/,đoàn thể; hợp thành đoàn thể; thành phố có quyền tự trị,"In Business & Workplace, 'corporate' is an essential term. [Trong Kinh doanh & Công sở, ""corporate"" là một thuật ngữ quan trọng.]",en,business_workplace,single_word,B1
0f8d71a1-6040-47e1-9227-ae87fa9309f7,corporation,/ˌkɔːrpəˈreɪʃn/,"nghiệp đoàn, hiệp hội; công ty; stock c. công ty cổ phẩn","In Business & Workplace, 'corporation' is an essential term. [Trong Kinh doanh & Công sở, ""corporation"" là một thuật ngữ quan trọng.]",en,business_workplace,single_word,B1
c6172bd8-4006-4370-84f2-962fd351e598,employer,/ɪmˈplɔɪər/,chủ,"In Business & Workplace, 'employer' is an essential term. [Trong Kinh doanh & Công sở, ""employer"" là một thuật ngữ quan trọng.]",en,business_workplace,single_word,B1
727160f2-a0b5-429c-aa81-448dc176c945,employment,/ɪmˈplɔɪmənt/,"sự dùng, sự thuê làm; sự làm công, việc làm","In Business & Workplace, 'employment' is an essential term. [Trong Kinh doanh & Công sở, ""employment"" là một thuật ngữ quan trọng.]",en,business_workplace,single_word,B1
836de6fd-46f0-4403-9a85-de996df47ffd,unemployed,/ˌʌnɪmˈplɔɪd/,"không dùng, không được sử dụng; không có việc làm, thất nghiệp","In Business & Workplace, 'unemployed' is an essential term. [Trong Kinh doanh & Công sở, ""unemployed"" là một thuật ngữ quan trọng.]",en,business_workplace,single_word,B1
df9690b9-09d1-457f-bbcc-6c749fd62a7f,workforce,/ˈwɜːrkfɔːrs/,lực lượng lao động,"In Business & Workplace, 'workforce' is an essential term. [Trong Kinh doanh & Công sở, ""workforce"" là một thuật ngữ quan trọng.]",en,business_workplace,single_word,B1
7a7e3705-a4b9-4c21-aab3-23afbec088a6,workplace,/ˈwɜːrkpleɪs/,nơi làm việc,"In Business & Workplace, 'workplace' is an essential term. [Trong Kinh doanh & Công sở, ""workplace"" là một thuật ngữ quan trọng.]",en,business_workplace,single_word,B1
dbf33946-bc7c-40bd-8974-b3ce6a734e95,boss,/bɔːs/,"ông chủ, thủ trưởng; ông trùm","In Business & Workplace, 'boss' is an essential term. [Trong Kinh doanh & Công sở, ""boss"" là một thuật ngữ quan trọng.]",en,business_workplace,single_word,B1
3c447dda-93fd-490f-a132-b169d2a77324,collaborate,/kəˈlæbəreɪt/,cộng tác; cộng tác với địch,"In Business & Workplace, 'collaborate' is an essential term. [Trong Kinh doanh & Công sở, ""collaborate"" là một thuật ngữ quan trọng.]",en,business_workplace,single_word,B1
7688d332-cf7f-4f8b-9433-6836696d2b76,collaboration,/kəˌlæbəˈreɪʃn/,sự cộng tác; sự cộng tác với địch,"In Business & Workplace, 'collaboration' is an essential term. [Trong Kinh doanh & Công sở, ""collaboration"" là một thuật ngữ quan trọng.]",en,business_workplace,single_word,B1
11feeb46-defb-4fca-ae17-4f6027842d37,company,/ˈkʌmpəni/,"hãng, công ty; insurance c. công ty bảo hiểm","In Business & Workplace, 'company' is an essential term. [Trong Kinh doanh & Công sở, ""company"" là một thuật ngữ quan trọng.]",en,business_workplace,single_word,B1
c4388a89-c948-4b69-ba5f-d44466824417,elaborate,/ɪˈlæbərət/,"phức tạp; tỉ mỉ, kỹ lưỡng, công phu; trau chuốt, tinh vi","In Business & Workplace, 'elaborate' is an essential term. [Trong Kinh doanh & Công sở, ""elaborate"" là một thuật ngữ quan trọng.]",en,business_workplace,single_word,B1
c7d40789-f1e8-451a-9d37-6617dfbbab2d,employ,/ɪmˈplɔɪ/,sự dùng; việc làm,"In Business & Workplace, 'employ' is an essential term. [Trong Kinh doanh & Công sở, ""employ"" là một thuật ngữ quan trọng.]",en,business_workplace,single_word,B1
f3b04c85-455b-4fda-8b39-298edcdd79b1,employee,/ɪmˈplɔɪiː/,"người làm, người làm công","In Business & Workplace, 'employee' is an essential term. [Trong Kinh doanh & Công sở, ""employee"" là một thuật ngữ quan trọng.]",en,business_workplace,single_word,B1
bf37f1a8-3286-457c-a685-9a451d322841,executive,/ɪɡˈzekjətɪv/,chấp hành,"In Business & Workplace, 'executive' is an essential term. [Trong Kinh doanh & Công sở, ""executive"" là một thuật ngữ quan trọng.]",en,business_workplace,single_word,B1
000e0c63-6979-4256-8dc4-fe1994455c79,homework,/ˈhəʊmwɜːrk/,bài làm ở nhà; công việc làm ở nhà,"In Business & Workplace, 'homework' is an essential term. [Trong Kinh doanh & Công sở, ""homework"" là một thuật ngữ quan trọng.]",en,business_workplace,single_word,B1
c7795764-3d8e-4d2f-964f-e0b86966e1bf,interview,/ˈɪntərvjuː/,"sự gặp gỡ, sự gặp mặt; cuộc nói chuyện riêng; cuộc phỏng vấn; bài phỏng vấn","In Business & Workplace, 'interview' is an essential term. [Trong Kinh doanh & Công sở, ""interview"" là một thuật ngữ quan trọng.]",en,business_workplace,single_word,B1
9c350a9c-50a9-40ed-8a55-05f12271b6ae,job,/dʒɑːb/,"việc, việc làm, công việc; việc làm thuê, việc làm khoán; công ăn việc làm","In Business & Workplace, 'job' is an essential term. [Trong Kinh doanh & Công sở, ""job"" là một thuật ngữ quan trọng.]",en,business_workplace,single_word,B1
fc215095-05da-4896-8d24-4894f0e670bf,manage,/ˈmænɪdʒ/,"quản lý, lãnh đạo","In Business & Workplace, 'manage' is an essential term. [Trong Kinh doanh & Công sở, ""manage"" là một thuật ngữ quan trọng.]",en,business_workplace,single_word,B1
e5e04b91-f005-4188-9523-c3cce340fcd2,management,/ˈmænɪdʒmənt/,"sự quản lý, sự lãnh đạo","In Business & Workplace, 'management' is an essential term. [Trong Kinh doanh & Công sở, ""management"" là một thuật ngữ quan trọng.]",en,business_workplace,single_word,B1
29abe10a-d184-494b-a84f-58efb8d87730,manager,/ˈmænɪdʒər/,"người quản lý, quản đốc, giám đốc; người trông nom; người nội trợ","In Business & Workplace, 'manager' is an essential term. [Trong Kinh doanh & Công sở, ""manager"" là một thuật ngữ quan trọng.]",en,business_workplace,single_word,B1
153228b9-7337-4c69-b975-a40c36d1d594,office,/ˈɑːfɪs/,sự giúp đỡ; nhiệm vụ,"In Business & Workplace, 'office' is an essential term. [Trong Kinh doanh & Công sở, ""office"" là một thuật ngữ quan trọng.]",en,business_workplace,single_word,B1
7aacfa75-806b-4e9d-93fa-b0abc6c10666,organized,/ˈɔːrɡənaɪzd/,"có trật tự, ngăn nắp, hữu hiệu; được sắp xếp, chuẩn bị","In Business & Workplace, 'organized' is an essential term. [Trong Kinh doanh & Công sở, ""organized"" là một thuật ngữ quan trọng.]",en,business_workplace,single_word,B1
2b8ddeb6-b7bd-4d1f-8fe4-4989ab6af0fc,profession,/prəˈfeʃn/,"nghề, nghề nghiệp; những người cùng nghề, những người trong nghề; ,  ) đào kép","In Business & Workplace, 'profession' is an essential term. [Trong Kinh doanh & Công sở, ""profession"" là một thuật ngữ quan trọng.]",en,business_workplace,single_word,B1
c95e5366-59fe-4983-8107-e3a9a8982779,professional,/prəˈfeʃənl/,"nghề,  nghề nghiệp; chuyên nghiệp","In Business & Workplace, 'professional' is an essential term. [Trong Kinh doanh & Công sở, ""professional"" là một thuật ngữ quan trọng.]",en,business_workplace,single_word,B1
a9f94fa7-2734-4292-9efd-7082b5172b0d,strike,/straɪk/,"đánh, đập; đánh, điểm","In Business & Workplace, 'strike' is an essential term. [Trong Kinh doanh & Công sở, ""strike"" là một thuật ngữ quan trọng.]",en,business_workplace,single_word,B1
39350d6e-f346-4296-8702-1c2b9291defb,unemployment,/ˌʌnɪmˈplɔɪmənt/,Thất nghiệp.,"In Business & Workplace, 'unemployment' is an essential term. [Trong Kinh doanh & Công sở, ""unemployment"" là một thuật ngữ quan trọng.]",en,business_workplace,single_word,B1
736c8ce7-de4f-4490-8ce6-5cd2a5563c1d,work,/wɜːrk/,"công; công trình; elementary w. công sơ cấp, công nguyên tố","In Business & Workplace, 'work' is an essential term. [Trong Kinh doanh & Công sở, ""work"" là một thuật ngữ quan trọng.]",en,business_workplace,single_word,B1
2747f64b-0faa-463c-882a-ab794fda6df8,working,/ˈwɜːrkɪŋ/,"sự làm việc, sự làm; sự lên men, sự để lên men","In Business & Workplace, 'working' is an essential term. [Trong Kinh doanh & Công sở, ""working"" là một thuật ngữ quan trọng.]",en,business_workplace,single_word,B1
5b586187-5573-4132-8d3b-fbc4f5ee7e1e,workshop,/ˈwɜːrkʃɑːp/,xưởng,"In Business & Workplace, 'workshop' is an essential term. [Trong Kinh doanh & Công sở, ""workshop"" là một thuật ngữ quan trọng.]",en,business_workplace,single_word,B1
18a4c04e-8924-4ff1-bb29-838c81360ad8,accompany,/əˈkʌmpəni/,"đi theo, đi cùng, đi kèm, hộ tống; phụ thêm, kèm theo","In Business & Workplace, 'accompany' is an essential term. [Trong Kinh doanh & Công sở, ""accompany"" là một thuật ngữ quan trọng.]",en,business_workplace,single_word,B1
2b6d4317-2b4e-4fc7-bd90-0642deca622a,agent,/ˈeɪdʒənt/,"người đại lý; số nhiều) tay sai, chỉ điểm tay chân, bộ hạ","In Business & Workplace, 'agent' is an essential term. [Trong Kinh doanh & Công sở, ""agent"" là một thuật ngữ quan trọng.]",en,business_workplace,single_word,B1
98a45eb5-290f-4414-8347-b477d3250c63,artwork,/ˈɑːrtwɜːrk/,nguyên cảo; nguyên đồ; đồ trang sức; đồ nghệ thuật,"In Business & Workplace, 'artwork' is an essential term. [Trong Kinh doanh & Công sở, ""artwork"" là một thuật ngữ quan trọng.]",en,business_workplace,single_word,B1
d2b1dbbe-f57b-47d2-a1a9-5a9ba96376fb,business,/ˈbɪznəs/,công việc; kinh doanh thương mại,"In Business & Workplace, 'business' is an essential term. [Trong Kinh doanh & Công sở, ""business"" là một thuật ngữ quan trọng.]",en,business_workplace,single_word,B1
57aa36ab-f513-45b2-a81a-b226426e5d1b,deputy,/ˈdepjuti/,"người được uỷ quyền, người thay quyền; người thay mặt, đại biểu, đại diện; phó","In Business & Workplace, 'deputy' is an essential term. [Trong Kinh doanh & Công sở, ""deputy"" là một thuật ngữ quan trọng.]",en,business_workplace,single_word,B1
d94a8484-f0ef-4714-8f84-1d7be95df0ea,firework,/ˈfaɪərwɜːrk/,pháo hoa,"In Business & Workplace, 'firework' is an essential term. [Trong Kinh doanh & Công sở, ""firework"" là một thuật ngữ quan trọng.]",en,business_workplace,single_word,B1
40932827-92c0-4dcc-a5df-ddf2bbc9b5e8,framework,/ˈfreɪmwɜːrk/,hệ dàn,"In Business & Workplace, 'framework' is an essential term. [Trong Kinh doanh & Công sở, ""framework"" là một thuật ngữ quan trọng.]",en,business_workplace,single_word,B1
ea307999-ef98-45b7-ac64-f48b033d011b,hire,/ˈhaɪər/,sự thuê; sự cho thuê; sự mướn,"In Business & Workplace, 'hire' is an essential term. [Trong Kinh doanh & Công sở, ""hire"" là một thuật ngữ quan trọng.]",en,business_workplace,single_word,B1
9fc980a1-b8bc-4847-8a28-2ea9312fb92d,incorporate,/ɪnˈkɔːrpəreɪt/,"kết hợp chặt chẽ; hợp thành tổ chức, hợp thành đoàn thể","In Business & Workplace, 'incorporate' is an essential term. [Trong Kinh doanh & Công sở, ""incorporate"" là một thuật ngữ quan trọng.]",en,business_workplace,single_word,B1
4f985df1-42f4-4e3c-ad84-1cd0deaef5da,laboratory,/ˈlæbrətɔːri/,"phóng thí nghiệm, phòng thực nghiệm; computing l.  phòng thực nghiệm tính toán","In Business & Workplace, 'laboratory' is an essential term. [Trong Kinh doanh & Công sở, ""laboratory"" là một thuật ngữ quan trọng.]",en,business_workplace,single_word,B1
f8d18c9c-8704-44f4-9e34-c8f0b4cca768,network,/ˈnetwɜːrk/,lưới;  sơ đồ. mạch mạng; n. of samples  nhóm các mẫu thâm nhập nhau,"In Business & Workplace, 'network' is an essential term. [Trong Kinh doanh & Công sở, ""network"" là một thuật ngữ quan trọng.]",en,business_workplace,single_word,B1
80f10c9d-8b8e-44c2-939c-4b54ed938799,officer,/ˈɑːfɪsər/,"sĩ quan; nhân viên chính quyền, nhân viên, viên chức","In Business & Workplace, 'officer' is an essential term. [Trong Kinh doanh & Công sở, ""officer"" là một thuật ngữ quan trọng.]",en,business_workplace,single_word,B1
e2de53b6-2342-4fb6-a5bc-4c00e8611eb0,organize,/ˈɔːrɡənaɪz/,"tổ chức, cấu tạo, thiết lập; lập thành nghiệp đoàn, đưa vào nghiệp đoàn","In Business & Workplace, 'organize' is an essential term. [Trong Kinh doanh & Công sở, ""organize"" là một thuật ngữ quan trọng.]",en,business_workplace,single_word,B1
cc046071-ee85-4d70-8380-efea84cb34bd,corporate leadership,/corporate leadership/,doanh nghiệp lãnh đạo,Effective Business & Workplace relies on corporate leadership. [Lĩnh vực Kinh doanh & Công sở hiệu quả dựa trên doanh nghiệp lãnh đạo.],en,business_workplace,phrase,B2
84597424-b2a7-488b-bc9d-32d3ca8a1179,corporate governance,/corporate governance/,doanh nghiệp quản trị,Effective Business & Workplace relies on corporate governance. [Lĩnh vực Kinh doanh & Công sở hiệu quả dựa trên doanh nghiệp quản trị.],en,business_workplace,phrase,B2
a0d81138-9027-4682-9ad5-6e63e2a5b6cf,corporate productivity,/corporate productivity/,doanh nghiệp năng suất,Effective Business & Workplace relies on corporate productivity. [Lĩnh vực Kinh doanh & Công sở hiệu quả dựa trên doanh nghiệp năng suất.],en,business_workplace,phrase,B2
d1d4c080-00de-42fd-a338-5476f1aed445,corporate management,/corporate management/,doanh nghiệp quản lý,Effective Business & Workplace relies on corporate management. [Lĩnh vực Kinh doanh & Công sở hiệu quả dựa trên doanh nghiệp quản lý.],en,business_workplace,phrase,B2
538594b7-a65d-406e-a6d8-a7cabfef8e21,corporate culture,/corporate culture/,doanh nghiệp văn hóa,Effective Business & Workplace relies on corporate culture. [Lĩnh vực Kinh doanh & Công sở hiệu quả dựa trên doanh nghiệp văn hóa.],en,business_workplace,phrase,B2
f24c79e0-962a-476b-9d0c-0365245b6157,corporate strategy,/corporate strategy/,doanh nghiệp chiến lược,Effective Business & Workplace relies on corporate strategy. [Lĩnh vực Kinh doanh & Công sở hiệu quả dựa trên doanh nghiệp chiến lược.],en,business_workplace,phrase,B2
8824656c-4ce5-4bfe-b4fe-2518b8165e2c,corporate performance,/corporate performance/,doanh nghiệp hiệu suất,Effective Business & Workplace relies on corporate performance. [Lĩnh vực Kinh doanh & Công sở hiệu quả dựa trên doanh nghiệp hiệu suất.],en,business_workplace,phrase,B2
106562fd-05c4-4607-bcf3-1b8fb2615166,corporate development,/corporate development/,doanh nghiệp phát triển,Effective Business & Workplace relies on corporate development. [Lĩnh vực Kinh doanh & Công sở hiệu quả dựa trên doanh nghiệp phát triển.],en,business_workplace,phrase,B2
685c14cb-3567-42ef-9ca6-00b2a0ad8255,strategic leadership,/strategic leadership/,chiến lược lãnh đạo,Effective Business & Workplace relies on strategic leadership. [Lĩnh vực Kinh doanh & Công sở hiệu quả dựa trên chiến lược lãnh đạo.],en,business_workplace,phrase,B2
8de5789c-331b-4579-ba3f-8358a8db611f,strategic governance,/strategic governance/,chiến lược quản trị,Effective Business & Workplace relies on strategic governance. [Lĩnh vực Kinh doanh & Công sở hiệu quả dựa trên chiến lược quản trị.],en,business_workplace,phrase,B2
0dfaca58-6b5a-4a20-9941-9b5d800b1f95,strategic productivity,/strategic productivity/,chiến lược năng suất,Effective Business & Workplace relies on strategic productivity. [Lĩnh vực Kinh doanh & Công sở hiệu quả dựa trên chiến lược năng suất.],en,business_workplace,phrase,B2
46a1b5d3-b47f-4b67-b782-14231c7f1fea,strategic management,/strategic management/,chiến lược quản lý,Effective Business & Workplace relies on strategic management. [Lĩnh vực Kinh doanh & Công sở hiệu quả dựa trên chiến lược quản lý.],en,business_workplace,phrase,B2
9098035b-cd41-4151-a9dd-22bc12c8e948,strategic culture,/strategic culture/,chiến lược văn hóa,Effective Business & Workplace relies on strategic culture. [Lĩnh vực Kinh doanh & Công sở hiệu quả dựa trên chiến lược văn hóa.],en,business_workplace,phrase,B2
19321476-52fb-4dcb-bda9-9d86304a47ef,strategic strategy,/strategic strategy/,chiến lược chiến lược,Effective Business & Workplace relies on strategic strategy. [Lĩnh vực Kinh doanh & Công sở hiệu quả dựa trên chiến lược chiến lược.],en,business_workplace,phrase,B2
44ea62fd-e4a6-4491-b6df-9db1899ee481,strategic performance,/strategic performance/,chiến lược hiệu suất,Effective Business & Workplace relies on strategic performance. [Lĩnh vực Kinh doanh & Công sở hiệu quả dựa trên chiến lược hiệu suất.],en,business_workplace,phrase,B2
c1f8105a-f05a-4e2a-8868-c437c1d494c5,strategic development,/strategic development/,chiến lược phát triển,Effective Business & Workplace relies on strategic development. [Lĩnh vực Kinh doanh & Công sở hiệu quả dựa trên chiến lược phát triển.],en,business_workplace,phrase,B2
37706039-bfd9-4e84-8529-84bd01e41e7c,executive leadership,/executive leadership/,điều hành lãnh đạo,Effective Business & Workplace relies on executive leadership. [Lĩnh vực Kinh doanh & Công sở hiệu quả dựa trên điều hành lãnh đạo.],en,business_workplace,phrase,B2
1404a0d4-5138-4d95-97ca-6347f8b54132,executive governance,/executive governance/,điều hành quản trị,Effective Business & Workplace relies on executive governance. [Lĩnh vực Kinh doanh & Công sở hiệu quả dựa trên điều hành quản trị.],en,business_workplace,phrase,B2
62e861f1-8e79-4da2-9cf8-4d7634aac86a,executive productivity,/executive productivity/,điều hành năng suất,Effective Business & Workplace relies on executive productivity. [Lĩnh vực Kinh doanh & Công sở hiệu quả dựa trên điều hành năng suất.],en,business_workplace,phrase,B2
8ed0e382-459a-47fb-8faa-53e533c024bc,executive management,/executive management/,điều hành quản lý,Effective Business & Workplace relies on executive management. [Lĩnh vực Kinh doanh & Công sở hiệu quả dựa trên điều hành quản lý.],en,business_workplace,phrase,B2
222b4193-efb7-4805-bd96-7589fc36c926,executive culture,/executive culture/,điều hành văn hóa,Effective Business & Workplace relies on executive culture. [Lĩnh vực Kinh doanh & Công sở hiệu quả dựa trên điều hành văn hóa.],en,business_workplace,phrase,B2
f8abffc5-f720-4b32-b2c0-c8be72354fd5,executive strategy,/executive strategy/,điều hành chiến lược,Effective Business & Workplace relies on executive strategy. [Lĩnh vực Kinh doanh & Công sở hiệu quả dựa trên điều hành chiến lược.],en,business_workplace,phrase,B2
fb86fed5-066c-497a-90de-71eb8e79bdb2,executive performance,/executive performance/,điều hành hiệu suất,Effective Business & Workplace relies on executive performance. [Lĩnh vực Kinh doanh & Công sở hiệu quả dựa trên điều hành hiệu suất.],en,business_workplace,phrase,B2
e5c3c496-bd32-49b8-bd47-16f2938d4c9d,executive development,/executive development/,điều hành phát triển,Effective Business & Workplace relies on executive development. [Lĩnh vực Kinh doanh & Công sở hiệu quả dựa trên điều hành phát triển.],en,business_workplace,phrase,B2
cc41a57c-b6af-4eef-8835-b8108fc33e1b,operational leadership,/operational leadership/,vận hành lãnh đạo,Effective Business & Workplace relies on operational leadership. [Lĩnh vực Kinh doanh & Công sở hiệu quả dựa trên vận hành lãnh đạo.],en,business_workplace,phrase,B2
397bcab2-6b7c-432b-88ae-b899047b35f5,operational governance,/operational governance/,vận hành quản trị,Effective Business & Workplace relies on operational governance. [Lĩnh vực Kinh doanh & Công sở hiệu quả dựa trên vận hành quản trị.],en,business_workplace,phrase,B2
9e3bbde0-a88a-4c10-8b9a-6bf48afe6db8,operational productivity,/operational productivity/,vận hành năng suất,Effective Business & Workplace relies on operational productivity. [Lĩnh vực Kinh doanh & Công sở hiệu quả dựa trên vận hành năng suất.],en,business_workplace,phrase,B2
b923d306-48ee-4988-92cd-eb717c341694,operational management,/operational management/,vận hành quản lý,Effective Business & Workplace relies on operational management. [Lĩnh vực Kinh doanh & Công sở hiệu quả dựa trên vận hành quản lý.],en,business_workplace,phrase,B2
a76caf41-edb4-431b-b9ba-2bcd61527e39,operational culture,/operational culture/,vận hành văn hóa,Effective Business & Workplace relies on operational culture. [Lĩnh vực Kinh doanh & Công sở hiệu quả dựa trên vận hành văn hóa.],en,business_workplace,phrase,B2
b7a7b1b6-f8eb-4f90-8f29-058bd3b5c35e,operational strategy,/operational strategy/,vận hành chiến lược,Effective Business & Workplace relies on operational strategy. [Lĩnh vực Kinh doanh & Công sở hiệu quả dựa trên vận hành chiến lược.],en,business_workplace,phrase,B2
53c840c7-71ca-40ca-8042-0677feb0d473,operational performance,/operational performance/,vận hành hiệu suất,Effective Business & Workplace relies on operational performance. [Lĩnh vực Kinh doanh & Công sở hiệu quả dựa trên vận hành hiệu suất.],en,business_workplace,phrase,B2
62a19208-2fa7-47ba-b0c7-9169758d7775,operational development,/operational development/,vận hành phát triển,Effective Business & Workplace relies on operational development. [Lĩnh vực Kinh doanh & Công sở hiệu quả dựa trên vận hành phát triển.],en,business_workplace,phrase,B2
3d968044-3885-42ea-84c4-2e3ac0940978,professional leadership,/professional leadership/,chuyên nghiệp lãnh đạo,Effective Business & Workplace relies on professional leadership. [Lĩnh vực Kinh doanh & Công sở hiệu quả dựa trên chuyên nghiệp lãnh đạo.],en,business_workplace,phrase,B2
48e5dd21-7506-42de-bb7e-43f70a491d22,professional governance,/professional governance/,chuyên nghiệp quản trị,Effective Business & Workplace relies on professional governance. [Lĩnh vực Kinh doanh & Công sở hiệu quả dựa trên chuyên nghiệp quản trị.],en,business_workplace,phrase,B2
b7f1d741-3844-4206-b4ef-657d28b3734a,professional productivity,/professional productivity/,chuyên nghiệp năng suất,Effective Business & Workplace relies on professional productivity. [Lĩnh vực Kinh doanh & Công sở hiệu quả dựa trên chuyên nghiệp năng suất.],en,business_workplace,phrase,B2
a173ce69-8b06-45c9-bcc7-7a0ec161e77d,professional management,/professional management/,chuyên nghiệp quản lý,Effective Business & Workplace relies on professional management. [Lĩnh vực Kinh doanh & Công sở hiệu quả dựa trên chuyên nghiệp quản lý.],en,business_workplace,phrase,B2
d6008626-1eff-4086-bb55-ea0c07080cb1,professional culture,/professional culture/,chuyên nghiệp văn hóa,Effective Business & Workplace relies on professional culture. [Lĩnh vực Kinh doanh & Công sở hiệu quả dựa trên chuyên nghiệp văn hóa.],en,business_workplace,phrase,B2
269dc4ca-300e-4681-a772-1c7112ea7523,professional strategy,/professional strategy/,chuyên nghiệp chiến lược,Effective Business & Workplace relies on professional strategy. [Lĩnh vực Kinh doanh & Công sở hiệu quả dựa trên chuyên nghiệp chiến lược.],en,business_workplace,phrase,B2
7580768d-dc34-4a07-b16a-d09110e3fb63,professional performance,/professional performance/,chuyên nghiệp hiệu suất,Effective Business & Workplace relies on professional performance. [Lĩnh vực Kinh doanh & Công sở hiệu quả dựa trên chuyên nghiệp hiệu suất.],en,business_workplace,phrase,B2
5617d008-647c-45d1-b351-d2c8e69bef36,professional development,/professional development/,chuyên nghiệp phát triển,Effective Business & Workplace relies on professional development. [Lĩnh vực Kinh doanh & Công sở hiệu quả dựa trên chuyên nghiệp phát triển.],en,business_workplace,phrase,B2
1633cf9a-a51b-41cf-bde5-182cab3945d5,managerial leadership,/managerial leadership/,quản lý lãnh đạo,Effective Business & Workplace relies on managerial leadership. [Lĩnh vực Kinh doanh & Công sở hiệu quả dựa trên quản lý lãnh đạo.],en,business_workplace,phrase,B2
25ca2107-ac99-4238-9571-329592cf781f,managerial governance,/managerial governance/,quản lý quản trị,Effective Business & Workplace relies on managerial governance. [Lĩnh vực Kinh doanh & Công sở hiệu quả dựa trên quản lý quản trị.],en,business_workplace,phrase,B2
3ceaa37f-1793-4985-851e-7d9937ef89ca,managerial productivity,/managerial productivity/,quản lý năng suất,Effective Business & Workplace relies on managerial productivity. [Lĩnh vực Kinh doanh & Công sở hiệu quả dựa trên quản lý năng suất.],en,business_workplace,phrase,B2
df6a908e-bd35-4967-bdf2-5457a94aa9a2,managerial management,/managerial management/,quản lý quản lý,Effective Business & Workplace relies on managerial management. [Lĩnh vực Kinh doanh & Công sở hiệu quả dựa trên quản lý quản lý.],en,business_workplace,phrase,B2
2048c97c-b02b-4147-acf2-aa2d29609ee7,managerial culture,/managerial culture/,quản lý văn hóa,Effective Business & Workplace relies on managerial culture. [Lĩnh vực Kinh doanh & Công sở hiệu quả dựa trên quản lý văn hóa.],en,business_workplace,phrase,B2
1715cad8-e99c-4f84-833f-7de9a326842b,managerial strategy,/managerial strategy/,quản lý chiến lược,Effective Business & Workplace relies on managerial strategy. [Lĩnh vực Kinh doanh & Công sở hiệu quả dựa trên quản lý chiến lược.],en,business_workplace,phrase,B2
4a3d7c09-78bd-4450-9336-a62fe4ab6750,managerial performance,/managerial performance/,quản lý hiệu suất,Effective Business & Workplace relies on managerial performance. [Lĩnh vực Kinh doanh & Công sở hiệu quả dựa trên quản lý hiệu suất.],en,business_workplace,phrase,B2
c96a9c41-2dec-4434-9b78-92e5e2199425,managerial development,/managerial development/,quản lý phát triển,Effective Business & Workplace relies on managerial development. [Lĩnh vực Kinh doanh & Công sở hiệu quả dựa trên quản lý phát triển.],en,business_workplace,phrase,B2
0e37a907-0288-494b-99bc-778f98cab9e2,competitive leadership,/competitive leadership/,cạnh tranh lãnh đạo,Effective Business & Workplace relies on competitive leadership. [Lĩnh vực Kinh doanh & Công sở hiệu quả dựa trên cạnh tranh lãnh đạo.],en,business_workplace,phrase,B2
1d47beb8-774d-412b-92d8-1f7083fa0c61,competitive governance,/competitive governance/,cạnh tranh quản trị,Effective Business & Workplace relies on competitive governance. [Lĩnh vực Kinh doanh & Công sở hiệu quả dựa trên cạnh tranh quản trị.],en,business_workplace,phrase,B2
5f41a706-b93e-48bb-a7a1-bbd2e68de215,computer,/kəmˈpjuːtər/,"máy tính, người tính; airborne c. máy tính trên máy bay","In Science & Technology, 'computer' is an essential term. [Trong Khoa học & Kỹ thuật, ""computer"" là một thuật ngữ quan trọng.]",en,science_technology,single_word,B1
25881547-9bd9-40aa-8d7e-ab7e610dd157,electronics,/ɪˌlekˈtrɑːnɪks/,"điện tử học, kỹ thuật điện tử; transistor e. điện tử học, các thiết bị bán dẫn","In Science & Technology, 'electronics' is an essential term. [Trong Khoa học & Kỹ thuật, ""electronics"" là một thuật ngữ quan trọng.]",en,science_technology,single_word,B1
c63add9f-50f5-414c-8627-ea0f213fc66b,database,/ˈdeɪtəbeɪs/,"kho dữ liệu, cơ sở dữ liệu [TN]","In Science & Technology, 'database' is an essential term. [Trong Khoa học & Kỹ thuật, ""database"" là một thuật ngữ quan trọng.]",en,science_technology,single_word,B1
84fa2a35-758a-400f-9326-a1bdfcdc62c3,technical,/ˈteknɪkl/,kỹ thuật,"In Science & Technology, 'technical' is an essential term. [Trong Khoa học & Kỹ thuật, ""technical"" là một thuật ngữ quan trọng.]",en,science_technology,single_word,B1
a056f894-6ed9-4587-84d0-d36511b2f9e8,engineer,/ˌendʒɪˈnɪr/,kỹ sư,"In Science & Technology, 'engineer' is an essential term. [Trong Khoa học & Kỹ thuật, ""engineer"" là một thuật ngữ quan trọng.]",en,science_technology,single_word,B1
e7f0ce3c-9f7e-4b53-8506-0198c3aa0e2b,engineering,/ˌendʒɪˈnɪrɪŋ/,kỹ thuật; civil e. ngành xây dựng,"In Science & Technology, 'engineering' is an essential term. [Trong Khoa học & Kỹ thuật, ""engineering"" là một thuật ngữ quan trọng.]",en,science_technology,single_word,B1
1e311638-2470-4cdf-b833-195f5ccecd96,invention,/ɪnˈvenʃn/,sự phát minh,"In Science & Technology, 'invention' is an essential term. [Trong Khoa học & Kỹ thuật, ""invention"" là một thuật ngữ quan trọng.]",en,science_technology,single_word,B1
f8a7ab12-e1af-4b3f-ade9-182fdce2f650,machine,/məˈʃiːn/,máy; cơ cấu; thiết bị; máy công cụ // sử dụng máy; accounting m. máy kế toán,"In Science & Technology, 'machine' is an essential term. [Trong Khoa học & Kỹ thuật, ""machine"" là một thuật ngữ quan trọng.]",en,science_technology,single_word,B1
1aeaf17c-6737-441e-8046-ddd1795c131a,machinery,/məˈʃiːnəri/,máy ; cơ cáu; dụng cụ,"In Science & Technology, 'machinery' is an essential term. [Trong Khoa học & Kỹ thuật, ""machinery"" là một thuật ngữ quan trọng.]",en,science_technology,single_word,B1
a79cf31e-0a0f-42b4-af79-d6ed592bff9b,research,/ˈriːsɜːrtʃ/,sự nghiên cứu; nghiên cứu,"In Science & Technology, 'research' is an essential term. [Trong Khoa học & Kỹ thuật, ""research"" là một thuật ngữ quan trọng.]",en,science_technology,single_word,B1
2f565eee-12ae-462e-b29a-8cb08ac979a5,researcher,/ˈriːsɜːrtʃər/,nhà nghiên cứu,"In Science & Technology, 'researcher' is an essential term. [Trong Khoa học & Kỹ thuật, ""researcher"" là một thuật ngữ quan trọng.]",en,science_technology,single_word,B1
03872220-ca77-4d0e-bac1-8c938300efa6,science,/ˈsaɪəns/,khoa học,"In Science & Technology, 'science' is an essential term. [Trong Khoa học & Kỹ thuật, ""science"" là một thuật ngữ quan trọng.]",en,science_technology,single_word,B1
14d812cc-04a7-4a0d-a08f-e470f0ffeb22,software,/ˈsɔːftwer/,phần mềm,"In Science & Technology, 'software' is an essential term. [Trong Khoa học & Kỹ thuật, ""software"" là một thuật ngữ quan trọng.]",en,science_technology,single_word,B1
585cccd9-6f84-4b2d-b143-2d3554601a45,technological,/ˌteknəˈlɑːdʒɪkl/,"kỹ thuật, có tính chất kỹ thuật; công nghệ học","In Science & Technology, 'technological' is an essential term. [Trong Khoa học & Kỹ thuật, ""technological"" là một thuật ngữ quan trọng.]",en,science_technology,single_word,B1
fd688332-ceb9-44a6-8734-1f85361a5e2a,technology,/tekˈnɑːlədʒi/,Công nghệ.,"In Science & Technology, 'technology' is an essential term. [Trong Khoa học & Kỹ thuật, ""technology"" là một thuật ngữ quan trọng.]",en,science_technology,single_word,B1
9e530bab-184d-4a05-b128-238cb574ab52,biology,/baɪˈɑːlədʒi/,sinh vật học,"In Science & Technology, 'biology' is an essential term. [Trong Khoa học & Kỹ thuật, ""biology"" là một thuật ngữ quan trọng.]",en,science_technology,single_word,B1
083a66e6-4a1b-4d5a-ba3f-312bef2319ff,chemical,/ˈkemɪkl/,hoá học,"In Science & Technology, 'chemical' is an essential term. [Trong Khoa học & Kỹ thuật, ""chemical"" là một thuật ngữ quan trọng.]",en,science_technology,single_word,B1
1dac38e4-6648-4c45-95a8-daaeda6f6b63,compute,/kəmˈpjuːt/,tính toán,"In Science & Technology, 'compute' is an essential term. [Trong Khoa học & Kỹ thuật, ""compute"" là một thuật ngữ quan trọng.]",en,science_technology,single_word,B1
ce825b13-e34e-4d95-82fb-39445c03a52a,conscience,/ˈkɑːnʃəns/,lương tâm; lương tâm trong sạch thì chẳng sợ ai nói ra nói vào; cây ngay chẳng sợ chết đứng,"In Science & Technology, 'conscience' is an essential term. [Trong Khoa học & Kỹ thuật, ""conscience"" là một thuật ngữ quan trọng.]",en,science_technology,single_word,B1
cf21e97e-89d8-4738-87d1-d6fe5b0af715,data,/ˈdeɪtə/,"số liệu, dữ kiện, dữ liệu; all or none d. dữ kiện lưỡng phân","In Science & Technology, 'data' is an essential term. [Trong Khoa học & Kỹ thuật, ""data"" là một thuật ngữ quan trọng.]",en,science_technology,single_word,B1
92690e7c-ae90-498f-bca0-91773e87351d,device,/dɪˈvaɪs/,"thiết bị, dụng cụ, bộ phận; accounting d. thiết bị đếm","In Science & Technology, 'device' is an essential term. [Trong Khoa học & Kỹ thuật, ""device"" là một thuật ngữ quan trọng.]",en,science_technology,single_word,B1
ac925bd4-89c5-463e-99cc-706e5f8c78ea,discover,/dɪˈskʌvər/,khám phá ra,"In Science & Technology, 'discover' is an essential term. [Trong Khoa học & Kỹ thuật, ""discover"" là một thuật ngữ quan trọng.]",en,science_technology,single_word,B1
2bd47a95-72f1-4e55-8a68-4ace36c1b125,discovery,/dɪˈskʌvəri/,"sự khám phá, sự phát minh","In Science & Technology, 'discovery' is an essential term. [Trong Khoa học & Kỹ thuật, ""discovery"" là một thuật ngữ quan trọng.]",en,science_technology,single_word,B1
056d3db1-d65a-41af-b841-2447bf1cb81b,electronic,/ɪˌlekˈtrɑːnɪk/,điện tử,"In Science & Technology, 'electronic' is an essential term. [Trong Khoa học & Kỹ thuật, ""electronic"" là một thuật ngữ quan trọng.]",en,science_technology,single_word,B1
50d3e51b-2ee8-4ce3-8755-337696c90be1,email,/ˈiːmeɪl/,thư điện tử,"In Science & Technology, 'email' is an essential term. [Trong Khoa học & Kỹ thuật, ""email"" là một thuật ngữ quan trọng.]",en,science_technology,single_word,B1
949789ca-f015-4533-995d-83cd06c93f98,experiment,/ɪkˈsperɪmənt/,"thí nghiệm, thực nghiệm // làm thực nghiệm; combined e.  thí nghiệm hỗn hợp","In Science & Technology, 'experiment' is an essential term. [Trong Khoa học & Kỹ thuật, ""experiment"" là một thuật ngữ quan trọng.]",en,science_technology,single_word,B1
89b93c75-30f9-46d5-b35d-456fbb99c3e5,experimental,/ɪkˌsperɪˈmentl/,thực nghiệm dựa vào kinh nghiệm,"In Science & Technology, 'experimental' is an essential term. [Trong Khoa học & Kỹ thuật, ""experimental"" là một thuật ngữ quan trọng.]",en,science_technology,single_word,B1
5a24005b-195f-4d3c-8663-d75ce7b85288,hardware,/ˈhɑːrdwer/,"đồ ngũ kim; ,   vũ khí","In Science & Technology, 'hardware' is an essential term. [Trong Khoa học & Kỹ thuật, ""hardware"" là một thuật ngữ quan trọng.]",en,science_technology,single_word,B1
5efd23c2-7642-4f31-a668-4e214b24340d,invent,/ɪnˈvent/,phát minh,"In Science & Technology, 'invent' is an essential term. [Trong Khoa học & Kỹ thuật, ""invent"" là một thuật ngữ quan trọng.]",en,science_technology,single_word,B1
d035e6b1-adb6-4f7b-952e-ecb17486a303,physics,/ˈfɪzɪks/,vật lý học,"In Science & Technology, 'physics' is an essential term. [Trong Khoa học & Kỹ thuật, ""physics"" là một thuật ngữ quan trọng.]",en,science_technology,single_word,B1
58cbc3d1-9053-489b-a982-e16b046a32df,scientist,/ˈsaɪəntɪst/,nhà khoa học; người giỏi về khoa học tự nhiên; người theo thuyết khoa học vạn năng,"In Science & Technology, 'scientist' is an essential term. [Trong Khoa học & Kỹ thuật, ""scientist"" là một thuật ngữ quan trọng.]",en,science_technology,single_word,B1
1c709ef7-a72f-494c-b672-aad58204ecc9,screen,/skriːn/,"bình phong, màn che; màn, tấm chắn","In Science & Technology, 'screen' is an essential term. [Trong Khoa học & Kỹ thuật, ""screen"" là một thuật ngữ quan trọng.]",en,science_technology,single_word,B1
d722754e-0642-420b-b49d-011c50c2d72e,theory,/ˈθiːəri/,"lý thuyết, lý luận học thuyết; t. of algebras lý thuyết các đại số","In Science & Technology, 'theory' is an essential term. [Trong Khoa học & Kỹ thuật, ""theory"" là một thuật ngữ quan trọng.]",en,science_technology,single_word,B1
33f042d4-1b80-4670-9bca-a9d73b789bc0,activate,/ˈæktɪveɪt/,hoạt hóa; khởi động,"In Science & Technology, 'activate' is an essential term. [Trong Khoa học & Kỹ thuật, ""activate"" là một thuật ngữ quan trọng.]",en,science_technology,single_word,B1
e5f436e4-e5ec-4827-9e35-c88505e3d871,activation,/ˌæktɪˈveɪʃn/,"hoạt hóa; khởi động, phát động","In Science & Technology, 'activation' is an essential term. [Trong Khoa học & Kỹ thuật, ""activation"" là một thuật ngữ quan trọng.]",en,science_technology,single_word,B1
66f03132-efa1-4ac4-866d-580a29dff49b,app,/æp/,ứng dụng,"In Science & Technology, 'app' is an essential term. [Trong Khoa học & Kỹ thuật, ""app"" là một thuật ngữ quan trọng.]",en,science_technology,single_word,B1
99b5f1ff-a567-404b-8a0c-61cc7a1d74cb,biological,/ˌbaɪəˈlɑːdʒɪkl/,sinh vật học,"In Science & Technology, 'biological' is an essential term. [Trong Khoa học & Kỹ thuật, ""biological"" là một thuật ngữ quan trọng.]",en,science_technology,single_word,B1
f7466968-ca1d-4398-8865-b14315eec6a5,cd,/ˌsiː ˈdiː/,đựa compact,"In Science & Technology, 'cd' is an essential term. [Trong Khoa học & Kỹ thuật, ""cd"" là một thuật ngữ quan trọng.]",en,science_technology,single_word,B1
86657b53-b203-45e3-ac5b-392937bd7e3d,design,/dɪˈzaɪn/,thiết kế; dự án || sự lập kế hoạch; d. of experiments lập kế hoạch thực nghiệm;  [bố trí; thiết kế] thí,"In Science & Technology, 'design' is an essential term. [Trong Khoa học & Kỹ thuật, ""design"" là một thuật ngữ quan trọng.]",en,science_technology,single_word,B1
1befc13e-12bd-4899-9696-7c69c87e8530,download,/ˈdaʊnləʊd/,nạp xuống; viễn nạp,"In Science & Technology, 'download' is an essential term. [Trong Khoa học & Kỹ thuật, ""download"" là một thuật ngữ quan trọng.]",en,science_technology,single_word,B1
4ed06597-0d0e-4e89-bb5f-d8418b44aff2,filter,/ˈfɪltər/,";  cái lọc, bộ lọc, máy lọc; all-pass f. máy lọc pha","In Science & Technology, 'filter' is an essential term. [Trong Khoa học & Kỹ thuật, ""filter"" là một thuật ngữ quan trọng.]",en,science_technology,single_word,B1
e57135e5-762a-4ba5-852a-4fbd836f921b,finding,/ˈfaɪndɪŋ/,"sự tìm ra, sự khám phá; sự phát hiện; sự phát minh; vật tìm thấy; điều khám phá, tài liệu phát hiện; vật bắt được","In Science & Technology, 'finding' is an essential term. [Trong Khoa học & Kỹ thuật, ""finding"" là một thuật ngữ quan trọng.]",en,science_technology,single_word,B1
1e865208-fe36-4357-9449-b3270ace5180,interactive,/ˌɪntərˈæktɪv/,"ảnh hưởng lẫn nhau, tác động qua lại","In Science & Technology, 'interactive' is an essential term. [Trong Khoa học & Kỹ thuật, ""interactive"" là một thuật ngữ quan trọng.]",en,science_technology,single_word,B1
7e70e243-27a3-4bf6-8c60-896840743a7b,internet,/ˈɪntərnet/,Một hệ thống các mạng máy tính được liên kết với nhau trên phạm vi toàn thế giới,"In Science & Technology, 'internet' is an essential term. [Trong Khoa học & Kỹ thuật, ""internet"" là một thuật ngữ quan trọng.]",en,science_technology,single_word,B1
56604ece-8aa1-4502-ae71-a78b92121121,it,/ˌaɪ ˈtiː/,"cái đó, điều đó, con vật đó; trời, thời tiết; ngày; đường...","In Science & Technology, 'it' is an essential term. [Trong Khoa học & Kỹ thuật, ""it"" là một thuật ngữ quan trọng.]",en,science_technology,single_word,B1
436ab340-d32b-48e2-b87e-38733c1e26e9,online,/ˌɑːnˈlaɪn/,trực tuyến,"In Science & Technology, 'online' is an essential term. [Trong Khoa học & Kỹ thuật, ""online"" là một thuật ngữ quan trọng.]",en,science_technology,single_word,B1
979bb5c7-e70e-4573-970c-a3ce84c8b2ae,printer,/ˈprɪntər/,"thiết bị in, máy in","In Science & Technology, 'printer' is an essential term. [Trong Khoa học & Kỹ thuật, ""printer"" là một thuật ngữ quan trọng.]",en,science_technology,single_word,B1
f2fd80dd-a5bb-4b4f-9ccf-582f249fd72b,satellite,/ˈsætəlaɪt/,vệ tinh; artificial s. vệ tinh nhân tạo,"In Science & Technology, 'satellite' is an essential term. [Trong Khoa học & Kỹ thuật, ""satellite"" là một thuật ngữ quan trọng.]",en,science_technology,single_word,B1
710a3fc7-88c7-4fe9-aa75-bc4ac7593e7b,slide,/slaɪd/,sự trượt; con trượt // trượt,"In Science & Technology, 'slide' is an essential term. [Trong Khoa học & Kỹ thuật, ""slide"" là một thuật ngữ quan trọng.]",en,science_technology,single_word,B1
4e2a8980-0816-43b8-bff4-d9fbb547161b,upgrade,/ˈʌpɡreɪd/,"đưa lên cấp bậc cao hn, nâng cấp","In Science & Technology, 'upgrade' is an essential term. [Trong Khoa học & Kỹ thuật, ""upgrade"" là một thuật ngữ quan trọng.]",en,science_technology,single_word,B1
f323826d-7361-481f-bfb7-13abcd454b67,scientific research,/scientific research/,khoa học nghiên cứu,Effective Science & Technology relies on scientific research. [Lĩnh vực Khoa học & Kỹ thuật hiệu quả dựa trên khoa học nghiên cứu.],en,science_technology,phrase,B2
4e5cd20a-d3c4-4707-8202-c4116e29fae9,scientific discovery,/scientific discovery/,khoa học phát hiện,Effective Science & Technology relies on scientific discovery. [Lĩnh vực Khoa học & Kỹ thuật hiệu quả dựa trên khoa học phát hiện.],en,science_technology,phrase,B2
062527fa-58d4-468b-b873-eececcd26394,scientific experiment,/scientific experiment/,khoa học thí nghiệm,Effective Science & Technology relies on scientific experiment. [Lĩnh vực Khoa học & Kỹ thuật hiệu quả dựa trên khoa học thí nghiệm.],en,science_technology,phrase,B2
7bd8b415-2087-4a33-a092-c66d913acd0c,scientific methodology,/scientific methodology/,khoa học phương pháp,Effective Science & Technology relies on scientific methodology. [Lĩnh vực Khoa học & Kỹ thuật hiệu quả dựa trên khoa học phương pháp.],en,science_technology,phrase,B2
2b0f406f-5a46-4c9d-8930-f8eec56c77d4,scientific breakthrough,/scientific breakthrough/,khoa học đột phá,Effective Science & Technology relies on scientific breakthrough. [Lĩnh vực Khoa học & Kỹ thuật hiệu quả dựa trên khoa học đột phá.],en,science_technology,phrase,B2
24a5d4b4-bb2b-453e-bfd8-0aa225912364,scientific system,/scientific system/,khoa học hệ thống,Effective Science & Technology relies on scientific system. [Lĩnh vực Khoa học & Kỹ thuật hiệu quả dựa trên khoa học hệ thống.],en,science_technology,phrase,B2
9896b597-ac2e-4b17-bbd8-f45e4d7d176b,scientific infrastructure,/scientific infrastructure/,khoa học hạ tầng,Effective Science & Technology relies on scientific infrastructure. [Lĩnh vực Khoa học & Kỹ thuật hiệu quả dựa trên khoa học hạ tầng.],en,science_technology,phrase,B2
80f5b214-5ade-486e-ae29-e2952c2d7a9a,scientific analysis,/scientific analysis/,khoa học phân tích,Effective Science & Technology relies on scientific analysis. [Lĩnh vực Khoa học & Kỹ thuật hiệu quả dựa trên khoa học phân tích.],en,science_technology,phrase,B2
2cb0bd30-f2af-4e44-8aa4-034ade0032d6,technological research,/technological research/,công nghệ nghiên cứu,Effective Science & Technology relies on technological research. [Lĩnh vực Khoa học & Kỹ thuật hiệu quả dựa trên công nghệ nghiên cứu.],en,science_technology,phrase,B2
44bedbf3-312e-4be6-9cd9-07176d0eaee1,technological discovery,/technological discovery/,công nghệ phát hiện,Effective Science & Technology relies on technological discovery. [Lĩnh vực Khoa học & Kỹ thuật hiệu quả dựa trên công nghệ phát hiện.],en,science_technology,phrase,B2
59886c4d-1ecf-4954-90df-dd55f4a7daf4,technological experiment,/technological experiment/,công nghệ thí nghiệm,Effective Science & Technology relies on technological experiment. [Lĩnh vực Khoa học & Kỹ thuật hiệu quả dựa trên công nghệ thí nghiệm.],en,science_technology,phrase,B2
2b0b240b-a1bf-4026-8a1f-7aa7ab21847d,technological methodology,/technological methodology/,công nghệ phương pháp,Effective Science & Technology relies on technological methodology. [Lĩnh vực Khoa học & Kỹ thuật hiệu quả dựa trên công nghệ phương pháp.],en,science_technology,phrase,B2
5a719613-411a-4757-bf64-47a59a84666b,technological breakthrough,/technological breakthrough/,công nghệ đột phá,Effective Science & Technology relies on technological breakthrough. [Lĩnh vực Khoa học & Kỹ thuật hiệu quả dựa trên công nghệ đột phá.],en,science_technology,phrase,B2
3810b798-8e17-49ad-8322-194b1398cfe6,technological system,/technological system/,công nghệ hệ thống,Effective Science & Technology relies on technological system. [Lĩnh vực Khoa học & Kỹ thuật hiệu quả dựa trên công nghệ hệ thống.],en,science_technology,phrase,B2
7e17ff86-41b7-4998-8254-2fd330607f42,technological infrastructure,/technological infrastructure/,công nghệ hạ tầng,Effective Science & Technology relies on technological infrastructure. [Lĩnh vực Khoa học & Kỹ thuật hiệu quả dựa trên công nghệ hạ tầng.],en,science_technology,phrase,B2
ccf8c250-c66f-4dbe-b01c-57997b538614,technological analysis,/technological analysis/,công nghệ phân tích,Effective Science & Technology relies on technological analysis. [Lĩnh vực Khoa học & Kỹ thuật hiệu quả dựa trên công nghệ phân tích.],en,science_technology,phrase,B2
f69c693c-69f2-4cd0-8e19-f0efb161883d,experimental research,/experimental research/,thực nghiệm nghiên cứu,Effective Science & Technology relies on experimental research. [Lĩnh vực Khoa học & Kỹ thuật hiệu quả dựa trên thực nghiệm nghiên cứu.],en,science_technology,phrase,B2
ffc0634f-d227-4892-b19a-b32d86e58723,experimental discovery,/experimental discovery/,thực nghiệm phát hiện,Effective Science & Technology relies on experimental discovery. [Lĩnh vực Khoa học & Kỹ thuật hiệu quả dựa trên thực nghiệm phát hiện.],en,science_technology,phrase,B2
7f71a35c-d1ae-4dbd-b331-e0a000a4746b,experimental experiment,/experimental experiment/,thực nghiệm thí nghiệm,Effective Science & Technology relies on experimental experiment. [Lĩnh vực Khoa học & Kỹ thuật hiệu quả dựa trên thực nghiệm thí nghiệm.],en,science_technology,phrase,B2
28b0bc3e-fe0a-44bf-a84e-71521cf36fd2,experimental methodology,/experimental methodology/,thực nghiệm phương pháp,Effective Science & Technology relies on experimental methodology. [Lĩnh vực Khoa học & Kỹ thuật hiệu quả dựa trên thực nghiệm phương pháp.],en,science_technology,phrase,B2
6ef07d12-6b5a-41de-91ec-af3c04fd93d8,experimental breakthrough,/experimental breakthrough/,thực nghiệm đột phá,Effective Science & Technology relies on experimental breakthrough. [Lĩnh vực Khoa học & Kỹ thuật hiệu quả dựa trên thực nghiệm đột phá.],en,science_technology,phrase,B2
bf9e090b-0889-465d-b04c-d76b90c64b6a,experimental system,/experimental system/,thực nghiệm hệ thống,Effective Science & Technology relies on experimental system. [Lĩnh vực Khoa học & Kỹ thuật hiệu quả dựa trên thực nghiệm hệ thống.],en,science_technology,phrase,B2
b4c6a9d9-aeec-43a2-96b7-5b2101e543f8,experimental infrastructure,/experimental infrastructure/,thực nghiệm hạ tầng,Effective Science & Technology relies on experimental infrastructure. [Lĩnh vực Khoa học & Kỹ thuật hiệu quả dựa trên thực nghiệm hạ tầng.],en,science_technology,phrase,B2
4ad362ba-c1ef-4cc4-86a1-1b6efd5aca8c,experimental analysis,/experimental analysis/,thực nghiệm phân tích,Effective Science & Technology relies on experimental analysis. [Lĩnh vực Khoa học & Kỹ thuật hiệu quả dựa trên thực nghiệm phân tích.],en,science_technology,phrase,B2
27545755-bbee-4583-986a-5a721e9f2513,empirical research,/empirical research/,kinh nghiệm nghiên cứu,Effective Science & Technology relies on empirical research. [Lĩnh vực Khoa học & Kỹ thuật hiệu quả dựa trên kinh nghiệm nghiên cứu.],en,science_technology,phrase,B2
d472ec9f-bbae-46c5-b68b-b25b1f2a8783,empirical discovery,/empirical discovery/,kinh nghiệm phát hiện,Effective Science & Technology relies on empirical discovery. [Lĩnh vực Khoa học & Kỹ thuật hiệu quả dựa trên kinh nghiệm phát hiện.],en,science_technology,phrase,B2
e43282b7-e305-47aa-996e-f5c377c3616f,empirical experiment,/empirical experiment/,kinh nghiệm thí nghiệm,Effective Science & Technology relies on empirical experiment. [Lĩnh vực Khoa học & Kỹ thuật hiệu quả dựa trên kinh nghiệm thí nghiệm.],en,science_technology,phrase,B2
ffb5a874-4a1b-4f45-81b1-5713e1a9e270,empirical methodology,/empirical methodology/,kinh nghiệm phương pháp,Effective Science & Technology relies on empirical methodology. [Lĩnh vực Khoa học & Kỹ thuật hiệu quả dựa trên kinh nghiệm phương pháp.],en,science_technology,phrase,B2
c4c7fd95-a255-4319-b15e-44a5d1fd8644,empirical breakthrough,/empirical breakthrough/,kinh nghiệm đột phá,Effective Science & Technology relies on empirical breakthrough. [Lĩnh vực Khoa học & Kỹ thuật hiệu quả dựa trên kinh nghiệm đột phá.],en,science_technology,phrase,B2
32359bf3-0f64-41d2-8a86-77b00f904460,empirical system,/empirical system/,kinh nghiệm hệ thống,Effective Science & Technology relies on empirical system. [Lĩnh vực Khoa học & Kỹ thuật hiệu quả dựa trên kinh nghiệm hệ thống.],en,science_technology,phrase,B2
0632dcb2-ad48-4853-8537-17d2ae4d113d,empirical infrastructure,/empirical infrastructure/,kinh nghiệm hạ tầng,Effective Science & Technology relies on empirical infrastructure. [Lĩnh vực Khoa học & Kỹ thuật hiệu quả dựa trên kinh nghiệm hạ tầng.],en,science_technology,phrase,B2
3a69b8b9-e671-408e-88ae-7b884aa68986,empirical analysis,/empirical analysis/,kinh nghiệm phân tích,Effective Science & Technology relies on empirical analysis. [Lĩnh vực Khoa học & Kỹ thuật hiệu quả dựa trên kinh nghiệm phân tích.],en,science_technology,phrase,B2
e830deee-111f-4d86-a39b-bbf222ca72f1,theoretical research,/theoretical research/,lý thuyết nghiên cứu,Effective Science & Technology relies on theoretical research. [Lĩnh vực Khoa học & Kỹ thuật hiệu quả dựa trên lý thuyết nghiên cứu.],en,science_technology,phrase,B2
f3ab3ab7-4aaa-4007-bbcf-28b230f51129,theoretical discovery,/theoretical discovery/,lý thuyết phát hiện,Effective Science & Technology relies on theoretical discovery. [Lĩnh vực Khoa học & Kỹ thuật hiệu quả dựa trên lý thuyết phát hiện.],en,science_technology,phrase,B2
1f0ab6cd-1a72-4f7a-bf81-ea6ae74eaade,theoretical experiment,/theoretical experiment/,lý thuyết thí nghiệm,Effective Science & Technology relies on theoretical experiment. [Lĩnh vực Khoa học & Kỹ thuật hiệu quả dựa trên lý thuyết thí nghiệm.],en,science_technology,phrase,B2
8f288c4f-447f-4b10-90ef-40afc13bdb54,theoretical methodology,/theoretical methodology/,lý thuyết phương pháp,Effective Science & Technology relies on theoretical methodology. [Lĩnh vực Khoa học & Kỹ thuật hiệu quả dựa trên lý thuyết phương pháp.],en,science_technology,phrase,B2
c5f4021e-061b-480c-adf8-31353ecc130a,theoretical breakthrough,/theoretical breakthrough/,lý thuyết đột phá,Effective Science & Technology relies on theoretical breakthrough. [Lĩnh vực Khoa học & Kỹ thuật hiệu quả dựa trên lý thuyết đột phá.],en,science_technology,phrase,B2
09a0fddc-8ada-49f6-9e7b-118325bb8884,theoretical system,/theoretical system/,lý thuyết hệ thống,Effective Science & Technology relies on theoretical system. [Lĩnh vực Khoa học & Kỹ thuật hiệu quả dựa trên lý thuyết hệ thống.],en,science_technology,phrase,B2
633bb2ae-a2d1-4b3a-aa5d-ed14a426069f,theoretical infrastructure,/theoretical infrastructure/,lý thuyết hạ tầng,Effective Science & Technology relies on theoretical infrastructure. [Lĩnh vực Khoa học & Kỹ thuật hiệu quả dựa trên lý thuyết hạ tầng.],en,science_technology,phrase,B2
ec5e28a3-17b3-40ff-b6e6-1cbb33315238,theoretical analysis,/theoretical analysis/,lý thuyết phân tích,Effective Science & Technology relies on theoretical analysis. [Lĩnh vực Khoa học & Kỹ thuật hiệu quả dựa trên lý thuyết phân tích.],en,science_technology,phrase,B2
32e0caec-1f3f-4546-a8fb-c7296c5082c2,computational research,/computational research/,tính toán nghiên cứu,Effective Science & Technology relies on computational research. [Lĩnh vực Khoa học & Kỹ thuật hiệu quả dựa trên tính toán nghiên cứu.],en,science_technology,phrase,B2
bbd71700-5784-471e-9c7f-f081f508920a,computational discovery,/computational discovery/,tính toán phát hiện,Effective Science & Technology relies on computational discovery. [Lĩnh vực Khoa học & Kỹ thuật hiệu quả dựa trên tính toán phát hiện.],en,science_technology,phrase,B2
26a406dc-0152-4e92-ab62-cb32e06e94e9,computational experiment,/computational experiment/,tính toán thí nghiệm,Effective Science & Technology relies on computational experiment. [Lĩnh vực Khoa học & Kỹ thuật hiệu quả dựa trên tính toán thí nghiệm.],en,science_technology,phrase,B2
97c19a8d-0c15-4cf8-b4c6-4392e494b0ee,computational methodology,/computational methodology/,tính toán phương pháp,Effective Science & Technology relies on computational methodology. [Lĩnh vực Khoa học & Kỹ thuật hiệu quả dựa trên tính toán phương pháp.],en,science_technology,phrase,B2
a2526bf0-e1ea-4c62-a771-7ea025dc8c6b,computational breakthrough,/computational breakthrough/,tính toán đột phá,Effective Science & Technology relies on computational breakthrough. [Lĩnh vực Khoa học & Kỹ thuật hiệu quả dựa trên tính toán đột phá.],en,science_technology,phrase,B2
78f9654b-54d7-419c-978e-ffb47f9e1471,computational system,/computational system/,tính toán hệ thống,Effective Science & Technology relies on computational system. [Lĩnh vực Khoa học & Kỹ thuật hiệu quả dựa trên tính toán hệ thống.],en,science_technology,phrase,B2
3dd04a4f-97c6-4518-bcdc-89a88556a5ea,computational infrastructure,/computational infrastructure/,tính toán hạ tầng,Effective Science & Technology relies on computational infrastructure. [Lĩnh vực Khoa học & Kỹ thuật hiệu quả dựa trên tính toán hạ tầng.],en,science_technology,phrase,B2
406d003d-e2bb-49c9-9b2b-c22dd2245cbd,computational analysis,/computational analysis/,tính toán phân tích,Effective Science & Technology relies on computational analysis. [Lĩnh vực Khoa học & Kỹ thuật hiệu quả dựa trên tính toán phân tích.],en,science_technology,phrase,B2
4f109eb5-4c48-4f7e-8af5-5fc6025f691a,innovative research,/innovative research/,đổi mới nghiên cứu,Effective Science & Technology relies on innovative research. [Lĩnh vực Khoa học & Kỹ thuật hiệu quả dựa trên đổi mới nghiên cứu.],en,science_technology,phrase,B2
6a6d9cf2-8926-4577-90b5-86db7b87b65c,innovative discovery,/innovative discovery/,đổi mới phát hiện,Effective Science & Technology relies on innovative discovery. [Lĩnh vực Khoa học & Kỹ thuật hiệu quả dựa trên đổi mới phát hiện.],en,science_technology,phrase,B2
5749f6c1-bd2f-48ea-9385-8d585b66ebb3,programming,/ˈprəʊɡræmɪŋ/,"chương trình hoá, kế hoạch hoá, quy hoạch; automatic p. chương trình hoá tự động","In AI & Digital Age, 'programming' is an essential term. [Trong AI & Kỷ nguyên số, ""programming"" là một thuật ngữ quan trọng.]",en,ai_digital_future,single_word,B1
ec132f7e-583e-44f6-be30-3c8174d3b9e2,smartphone,/ˈsmɑːrtfəʊn/,điện thoại thông minh,"In AI & Digital Age, 'smartphone' is an essential term. [Trong AI & Kỷ nguyên số, ""smartphone"" là một thuật ngữ quan trọng.]",en,ai_digital_future,single_word,B1
48d9d18a-2124-444d-8e78-4018d4e81d4e,virtual,/ˈvɜːrtʃuəl/,"thực sự, thực tế; áo","In AI & Digital Age, 'virtual' is an essential term. [Trong AI & Kỷ nguyên số, ""virtual"" là một thuật ngữ quan trọng.]",en,ai_digital_future,single_word,B1
fc770cff-f993-41de-aec9-7b9558072885,web,/web/,lưới; w. of curver lưới các đường cong,"In AI & Digital Age, 'web' is an essential term. [Trong AI & Kỷ nguyên số, ""web"" là một thuật ngữ quan trọng.]",en,ai_digital_future,single_word,B1
e7f0e371-c115-4e1b-a85a-b291b4ef8ad3,website,/ˈwebsaɪt/,trang web,"In AI & Digital Age, 'website' is an essential term. [Trong AI & Kỷ nguyên số, ""website"" là một thuật ngữ quan trọng.]",en,ai_digital_future,single_word,B1
879c7d7f-b594-4c63-b783-f6a8cfe8522c,apparently,/əˈpærəntli/,"nhìn bên ngoài, hình như","In AI & Digital Age, 'apparently' is an essential term. [Trong AI & Kỷ nguyên số, ""apparently"" là một thuật ngữ quan trọng.]",en,ai_digital_future,single_word,B1
08202233-a63c-45e3-b36c-950b19cc197d,appeal,/əˈpiːl/,"sự kêu gọi; lời kêu gọi; lời thỉnh cầu, sự cầu khẩn","In AI & Digital Age, 'appeal' is an essential term. [Trong AI & Kỷ nguyên số, ""appeal"" là một thuật ngữ quan trọng.]",en,ai_digital_future,single_word,B1
18c2df87-2374-40ac-a757-bc3e2d850cfa,applaud,/əˈplɔːd/,"vỗ tay hoan nghênh, vỗ tay tán thưởng; khen ngợi","In AI & Digital Age, 'applaud' is an essential term. [Trong AI & Kỷ nguyên số, ""applaud"" là một thuật ngữ quan trọng.]",en,ai_digital_future,single_word,B1
637a9754-46e0-41f9-935b-39d9df1a959f,applicant,/ˈæplɪkənt/,"người xin việc; người thỉnh cầu; nguyên cáo, người thưa kiện","In AI & Digital Age, 'applicant' is an essential term. [Trong AI & Kỷ nguyên số, ""applicant"" là một thuật ngữ quan trọng.]",en,ai_digital_future,single_word,B1
9906659f-21d4-4ae5-9316-f974fe241190,appointment,/əˈpɔɪntmənt/,"được bổ nhiệm, chức vụ được bổ nhiệm; sự hẹn gặp; giấy mời, giấy triệu tập","In AI & Digital Age, 'appointment' is an essential term. [Trong AI & Kỷ nguyên số, ""appointment"" là một thuật ngữ quan trọng.]",en,ai_digital_future,single_word,B1
610cd76e-5e5c-4e54-aa5b-ba3b9a3be7f6,connection,/kəˈnekʃn/,"sự nối, sự liên hệ; sơ đồ; tính liên thông; affine c. liên thông afin","In AI & Digital Age, 'connection' is an essential term. [Trong AI & Kỷ nguyên số, ""connection"" là một thuật ngữ quan trọng.]",en,ai_digital_future,single_word,B1
4d56f2f1-f999-48c3-9208-5b5f992ec588,disappoint,/ˌdɪsəˈpɔɪnt/,"không làm thoả ước vọng, không làm thoả ý mong đợi ; làm chán ngán, làm thất vọng; thất ước","In AI & Digital Age, 'disappoint' is an essential term. [Trong AI & Kỷ nguyên số, ""disappoint"" là một thuật ngữ quan trọng.]",en,ai_digital_future,single_word,B1
b638c46b-04e9-4f05-b4dc-5e3dedb382eb,disappointed,/ˌdɪsəˈpɔɪntɪd/,"chán nản, thất vọng","In AI & Digital Age, 'disappointed' is an essential term. [Trong AI & Kỷ nguyên số, ""disappointed"" là một thuật ngữ quan trọng.]",en,ai_digital_future,single_word,B1
f254d770-9e7a-4162-b4e1-a7eaf42767ff,disappointing,/ˌdɪsəˈpɔɪntɪŋ/,"làm chán ngán, làm thất vọng","In AI & Digital Age, 'disappointing' is an essential term. [Trong AI & Kỷ nguyên số, ""disappointing"" là một thuật ngữ quan trọng.]",en,ai_digital_future,single_word,B1
93cdb4a8-61a8-4f68-b33f-adba19a87587,disappointment,/ˌdɪsəˈpɔɪntmənt/,"sự chán ngán, sự thất vọng; điều làm chán ngán, điều làm thất vọng","In AI & Digital Age, 'disappointment' is an essential term. [Trong AI & Kỷ nguyên số, ""disappointment"" là một thuật ngữ quan trọng.]",en,ai_digital_future,single_word,B1
edf40d8d-72ad-4f8e-97ca-c35a97509f02,immediate,/ɪˈmiːdiət/,"trực tiếp; lập tức, tức thì, ngay, trước mắt","In AI & Digital Age, 'immediate' is an essential term. [Trong AI & Kỷ nguyên số, ""immediate"" là một thuật ngữ quan trọng.]",en,ai_digital_future,single_word,B1
81a12eb2-8e49-40d1-8eea-8e58e4b9cfe1,inappropriate,/ˌɪnəˈprəʊpriət/,"không thích hợp, không thích đáng","In AI & Digital Age, 'inappropriate' is an essential term. [Trong AI & Kỷ nguyên số, ""inappropriate"" là một thuật ngữ quan trọng.]",en,ai_digital_future,single_word,B1
31183574-bf90-4692-b4b8-e3f3597589ee,intellectual,/ˌɪntəˈlektʃuəl/,"trí óc; vận dụng trí óc; có trí thức, hiểu biết rộng; tài trí","In AI & Digital Age, 'intellectual' is an essential term. [Trong AI & Kỷ nguyên số, ""intellectual"" là một thuật ngữ quan trọng.]",en,ai_digital_future,single_word,B1
153863da-f945-4415-90bf-53c2cf6a8428,media,/ˈmiːdiə/,"người trung gian, vật môi giới; trung dung, sự chiết trung","In AI & Digital Age, 'media' is an essential term. [Trong AI & Kỷ nguyên số, ""media"" là một thuật ngữ quan trọng.]",en,ai_digital_future,single_word,B1
76a6f0c0-3d11-483f-b096-ce719265cc33,program,/ˈprəʊɡræm/,chương trình; cương lĩnh,"In AI & Digital Age, 'program' is an essential term. [Trong AI & Kỷ nguyên số, ""program"" là một thuật ngữ quan trọng.]",en,ai_digital_future,single_word,B1
095d8d47-e9cf-422e-8f63-c6cf71288f15,screening,/ˈskriːnɪŋ/,sự chiếu một bộ phim,"In AI & Digital Age, 'screening' is an essential term. [Trong AI & Kỷ nguyên số, ""screening"" là một thuật ngữ quan trọng.]",en,ai_digital_future,single_word,B1
e2c80853-7ec8-4fe6-a5ff-6cce13d7f2bc,unhappy,/ʌnˈhæpi/,"không có hạnh phúc, khổ sở, khốn khổ; không may, rủi, bất hạnh, không tốt, không hay","In AI & Digital Age, 'unhappy' is an essential term. [Trong AI & Kỷ nguyên số, ""unhappy"" là một thuật ngữ quan trọng.]",en,ai_digital_future,single_word,B1
9f51253b-edaf-445f-85d9-149e4906d2a2,apparatus,/ˌæpəˈrætəs/,"máy móc, công cụ","In AI & Digital Age, 'apparatus' is an essential term. [Trong AI & Kỷ nguyên số, ""apparatus"" là một thuật ngữ quan trọng.]",en,ai_digital_future,single_word,B1
19951418-3136-43b7-b89b-77090ebc8735,apparent,/əˈpærənt/,bề ngoài,"In AI & Digital Age, 'apparent' is an essential term. [Trong AI & Kỷ nguyên số, ""apparent"" là một thuật ngữ quan trọng.]",en,ai_digital_future,single_word,B1
da09b811-9c55-494e-9c8b-5d9039741996,appealing,/əˈpiːlɪŋ/,"van lơn, cầu khẩn; cảm động, thương tâm, làm mủi lòng","In AI & Digital Age, 'appealing' is an essential term. [Trong AI & Kỷ nguyên số, ""appealing"" là một thuật ngữ quan trọng.]",en,ai_digital_future,single_word,B1
d00ee6d2-5383-4df4-901f-128dceaea87b,appear,/əˈpɪr/,"xuất hiện, hiện ra, ló ra; trình diện; ra mắt","In AI & Digital Age, 'appear' is an essential term. [Trong AI & Kỷ nguyên số, ""appear"" là một thuật ngữ quan trọng.]",en,ai_digital_future,single_word,B1
e1fbe8a0-a71d-4126-81d3-19b453122b2e,appearance,/əˈpɪrəns/,"sự xuất hiện, sự hiện ra sự ló ra; sự trình diện, sự ra hầu toà","In AI & Digital Age, 'appearance' is an essential term. [Trong AI & Kỷ nguyên số, ""appearance"" là một thuật ngữ quan trọng.]",en,ai_digital_future,single_word,B1
0c4f7723-544a-4565-be48-f0ae0a24ae16,appetite,/ˈæpɪtaɪt/,"sự ngon miệng, sự thèm ăn; lòng thèm muốn, lòng ham muốn, sự khao khát","In AI & Digital Age, 'appetite' is an essential term. [Trong AI & Kỷ nguyên số, ""appetite"" là một thuật ngữ quan trọng.]",en,ai_digital_future,single_word,B1
0c9bc82b-5100-4464-8f71-57563712ed7c,apple,/ˈæpl/,quả táo; Adam,"In AI & Digital Age, 'apple' is an essential term. [Trong AI & Kỷ nguyên số, ""apple"" là một thuật ngữ quan trọng.]",en,ai_digital_future,single_word,B1
79ff77cb-83b1-4105-ae3e-d754488593a9,applicable,/ˈæplɪkəbl/,"trải được, áp dụng được; thích dụng","In AI & Digital Age, 'applicable' is an essential term. [Trong AI & Kỷ nguyên số, ""applicable"" là một thuật ngữ quan trọng.]",en,ai_digital_future,single_word,B1
5097e1b0-88e8-48b5-a345-60c482e564f5,application,/ˌæplɪˈkeɪʃn/,"phép trải, sự ứng dụng","In AI & Digital Age, 'application' is an essential term. [Trong AI & Kỷ nguyên số, ""application"" là một thuật ngữ quan trọng.]",en,ai_digital_future,single_word,B1
38e34eb8-7de5-4032-a582-d2f91f9b39fb,apply,/əˈplaɪ/,ứng dụng,"In AI & Digital Age, 'apply' is an essential term. [Trong AI & Kỷ nguyên số, ""apply"" là một thuật ngữ quan trọng.]",en,ai_digital_future,single_word,B1
b03d7200-7b97-43f1-95eb-138ea3b47464,appoint,/əˈpɔɪnt/,"bổ, bổ nhiệm; chỉ định, chọn; lập; định, hẹn","In AI & Digital Age, 'appoint' is an essential term. [Trong AI & Kỷ nguyên số, ""appoint"" là một thuật ngữ quan trọng.]",en,ai_digital_future,single_word,B1
42a048b0-044c-48d3-8bcc-23943e772130,appreciate,/əˈpriːʃieɪt/,"đánh giá; đánh giá đúng, đánh giá cao, hiểu rõ giá trị","In AI & Digital Age, 'appreciate' is an essential term. [Trong AI & Kỷ nguyên số, ""appreciate"" là một thuật ngữ quan trọng.]",en,ai_digital_future,single_word,B1
b73c59dd-615d-45e8-ab3b-089a4358a395,appreciation,/əˌpriːʃiˈeɪʃn/,Sự tăng giá trị.,"In AI & Digital Age, 'appreciation' is an essential term. [Trong AI & Kỷ nguyên số, ""appreciation"" là một thuật ngữ quan trọng.]",en,ai_digital_future,single_word,B1
52ce9c04-bb29-4119-9d7c-0b2ab71afe63,approach,/əˈprəʊtʃ/,"sự gần đúng, phép xấp xỉ, cách tiếp cận; radial a. gl. ghép xấp xỉ theo tia","In AI & Digital Age, 'approach' is an essential term. [Trong AI & Kỷ nguyên số, ""approach"" là một thuật ngữ quan trọng.]",en,ai_digital_future,single_word,B1
d0082e55-a355-4880-9ff5-3ca27f66b9e1,appropriate,/əˈprəʊpriət/,"thích hợp, thích đáng; chiếm hữu, chiếm đoạt","In AI & Digital Age, 'appropriate' is an essential term. [Trong AI & Kỷ nguyên số, ""appropriate"" là một thuật ngữ quan trọng.]",en,ai_digital_future,single_word,B1
608b3080-b6a8-4ca9-9826-a02a729207a5,appropriately,/əˈprəʊpriətli/,"thích hợp, thích đáng","In AI & Digital Age, 'appropriately' is an essential term. [Trong AI & Kỷ nguyên số, ""appropriately"" là một thuật ngữ quan trọng.]",en,ai_digital_future,single_word,B1
79025481-d181-4c5a-afc2-86b6ca06b866,approval,/əˈpruːvl/,"sự tán thành, sự đồng ý, sự chấp thuận; sự phê chuẩn","In AI & Digital Age, 'approval' is an essential term. [Trong AI & Kỷ nguyên số, ""approval"" là một thuật ngữ quan trọng.]",en,ai_digital_future,single_word,B1
ccba045a-e74c-4404-9ee9-6ac37475d8b3,approve,/əˈpruːv/,"tán thành, đồng ý, bằng lòng, chấp thuận; xác nhận, phê chuẩn, chuẩn y","In AI & Digital Age, 'approve' is an essential term. [Trong AI & Kỷ nguyên số, ""approve"" là một thuật ngữ quan trọng.]",en,ai_digital_future,single_word,B1
e48d9ff2-7f44-4a5c-9a8d-45c4ead65d34,approximately,/əˈprɑːksɪmətli/,một cách xấp xỉ,"In AI & Digital Age, 'approximately' is an essential term. [Trong AI & Kỷ nguyên số, ""approximately"" là một thuật ngữ quan trọng.]",en,ai_digital_future,single_word,B1
e1f47d85-a1d0-44f2-8060-5c9827bd090e,automatic,/ˌɔːtəˈmætɪk/,thuộc tự động; máy tự động,"In AI & Digital Age, 'automatic' is an essential term. [Trong AI & Kỷ nguyên số, ""automatic"" là một thuật ngữ quan trọng.]",en,ai_digital_future,single_word,B1
9a6a9eab-68c8-4c1b-bb6b-fef93684c517,automatically,/ˌɔːtəˈmætɪkli/,tự động,"In AI & Digital Age, 'automatically' is an essential term. [Trong AI & Kỷ nguyên số, ""automatically"" là một thuật ngữ quan trọng.]",en,ai_digital_future,single_word,B1
cf3b041f-9478-43c7-9b6f-f82a562fd5fd,chip,/tʃɪp/,"chíp, phiến tinh thể, miếng ; tinh thể; đơn thể","In AI & Digital Age, 'chip' is an essential term. [Trong AI & Kỷ nguyên số, ""chip"" là một thuật ngữ quan trọng.]",en,ai_digital_future,single_word,B1
daf4eb20-904f-4bd5-ad63-f069ad1e9679,code,/kəʊd/,"mt;  mã, chữ số; tín hiệu // lập mã; address c. mã địa chỉ","In AI & Digital Age, 'code' is an essential term. [Trong AI & Kỷ nguyên số, ""code"" là một thuật ngữ quan trọng.]",en,ai_digital_future,single_word,B1
c0e100db-da45-4d35-859a-05c74e985b27,connect,/kəˈnekt/,"nối lại, làm cho liên thông","In AI & Digital Age, 'connect' is an essential term. [Trong AI & Kỷ nguyên số, ""connect"" là một thuật ngữ quan trọng.]",en,ai_digital_future,single_word,B1
a6ec8b19-dc76-40d2-99da-8467c6373b39,connected,/kəˈnektɪd/,được nối,"In AI & Digital Age, 'connected' is an essential term. [Trong AI & Kỷ nguyên số, ""connected"" là một thuật ngữ quan trọng.]",en,ai_digital_future,single_word,B1
42671de6-efb9-40fc-b150-2aa98ebf7fca,digital,/ˈdɪdʒɪtl/,"số, chữ số","In AI & Digital Age, 'digital' is an essential term. [Trong AI & Kỷ nguyên số, ""digital"" là một thuật ngữ quan trọng.]",en,ai_digital_future,single_word,B1
b741ce9e-049a-41e8-8de8-9e5d87bbb913,disappear,/ˌdɪsəˈpɪr/,"biến đi, biến mất","In AI & Digital Age, 'disappear' is an essential term. [Trong AI & Kỷ nguyên số, ""disappear"" là một thuật ngữ quan trọng.]",en,ai_digital_future,single_word,B1
101a1848-48ec-4d86-98b8-71da564495d3,future,/ˈfjuːtʃər/,tương lai,"In AI & Digital Age, 'future' is an essential term. [Trong AI & Kỷ nguyên số, ""future"" là một thuật ngữ quan trọng.]",en,ai_digital_future,single_word,B1
c447bd20-fc86-44a5-9904-0246af19a4cc,generative intelligence,/generative intelligence/,tạo sinh trí tuệ,Effective AI & Digital Age relies on generative intelligence. [Lĩnh vực AI & Kỷ nguyên số hiệu quả dựa trên tạo sinh trí tuệ.],en,ai_digital_future,phrase,B2
0bae486d-c139-43cf-9d1b-974adddf4624,generative algorithm,/generative algorithm/,tạo sinh thuật toán,Effective AI & Digital Age relies on generative algorithm. [Lĩnh vực AI & Kỷ nguyên số hiệu quả dựa trên tạo sinh thuật toán.],en,ai_digital_future,phrase,B2
93bc13aa-784e-4311-af25-665354e53c50,generative model,/generative model/,tạo sinh mô hình,Effective AI & Digital Age relies on generative model. [Lĩnh vực AI & Kỷ nguyên số hiệu quả dựa trên tạo sinh mô hình.],en,ai_digital_future,phrase,B2
d95b0159-506c-455b-a464-0eda41357295,generative network,/generative network/,tạo sinh mạng lưới,Effective AI & Digital Age relies on generative network. [Lĩnh vực AI & Kỷ nguyên số hiệu quả dựa trên tạo sinh mạng lưới.],en,ai_digital_future,phrase,B2
5ced59a4-a228-43d0-8d4b-9f51ab861bce,generative automation,/generative automation/,tạo sinh tự động hóa,Effective AI & Digital Age relies on generative automation. [Lĩnh vực AI & Kỷ nguyên số hiệu quả dựa trên tạo sinh tự động hóa.],en,ai_digital_future,phrase,B2
1af8eb90-156b-405a-9a7e-a38ba22aac16,generative robotics,/generative robotics/,tạo sinh rô-bốt học,Effective AI & Digital Age relies on generative robotics. [Lĩnh vực AI & Kỷ nguyên số hiệu quả dựa trên tạo sinh rô-bốt học.],en,ai_digital_future,phrase,B2
418fe040-8650-400d-95a9-e426bf9d16a6,generative analytics,/generative analytics/,tạo sinh phân tích,Effective AI & Digital Age relies on generative analytics. [Lĩnh vực AI & Kỷ nguyên số hiệu quả dựa trên tạo sinh phân tích.],en,ai_digital_future,phrase,B2
c67b9519-a143-46bd-902a-1878e9205567,generative agent,/generative agent/,tạo sinh tác nhân,Effective AI & Digital Age relies on generative agent. [Lĩnh vực AI & Kỷ nguyên số hiệu quả dựa trên tạo sinh tác nhân.],en,ai_digital_future,phrase,B2
cbabaf90-4a15-4651-ac78-6fbd3454b012,artificial intelligence,/artificial intelligence/,nhân tạo trí tuệ,Effective AI & Digital Age relies on artificial intelligence. [Lĩnh vực AI & Kỷ nguyên số hiệu quả dựa trên nhân tạo trí tuệ.],en,ai_digital_future,phrase,B2
8c46bcae-7f02-4db7-a4f7-99839d9c9859,artificial algorithm,/artificial algorithm/,nhân tạo thuật toán,Effective AI & Digital Age relies on artificial algorithm. [Lĩnh vực AI & Kỷ nguyên số hiệu quả dựa trên nhân tạo thuật toán.],en,ai_digital_future,phrase,B2
8e777049-4346-40fd-97eb-a6935d39e183,artificial model,/artificial model/,nhân tạo mô hình,Effective AI & Digital Age relies on artificial model. [Lĩnh vực AI & Kỷ nguyên số hiệu quả dựa trên nhân tạo mô hình.],en,ai_digital_future,phrase,B2
1b41421d-233e-4e6f-8598-b6bea9d60076,artificial network,/artificial network/,nhân tạo mạng lưới,Effective AI & Digital Age relies on artificial network. [Lĩnh vực AI & Kỷ nguyên số hiệu quả dựa trên nhân tạo mạng lưới.],en,ai_digital_future,phrase,B2
d838d8a3-6254-48af-93e8-f0f146c243f1,artificial automation,/artificial automation/,nhân tạo tự động hóa,Effective AI & Digital Age relies on artificial automation. [Lĩnh vực AI & Kỷ nguyên số hiệu quả dựa trên nhân tạo tự động hóa.],en,ai_digital_future,phrase,B2
5ffe2af4-e616-4f6e-87d5-70ed87de5e60,artificial robotics,/artificial robotics/,nhân tạo rô-bốt học,Effective AI & Digital Age relies on artificial robotics. [Lĩnh vực AI & Kỷ nguyên số hiệu quả dựa trên nhân tạo rô-bốt học.],en,ai_digital_future,phrase,B2
28c8609a-8fcf-49eb-9df8-7830aa95a0aa,artificial analytics,/artificial analytics/,nhân tạo phân tích,Effective AI & Digital Age relies on artificial analytics. [Lĩnh vực AI & Kỷ nguyên số hiệu quả dựa trên nhân tạo phân tích.],en,ai_digital_future,phrase,B2
587841a8-9e94-42d5-86ee-1152cf9f6b80,artificial agent,/artificial agent/,nhân tạo tác nhân,Effective AI & Digital Age relies on artificial agent. [Lĩnh vực AI & Kỷ nguyên số hiệu quả dựa trên nhân tạo tác nhân.],en,ai_digital_future,phrase,B2
083bab76-d166-4eff-a7c4-d3af9d33720e,autonomous intelligence,/autonomous intelligence/,tự hành trí tuệ,Effective AI & Digital Age relies on autonomous intelligence. [Lĩnh vực AI & Kỷ nguyên số hiệu quả dựa trên tự hành trí tuệ.],en,ai_digital_future,phrase,B2
ffbf2729-4944-47e0-962c-8804029ce6b5,autonomous algorithm,/autonomous algorithm/,tự hành thuật toán,Effective AI & Digital Age relies on autonomous algorithm. [Lĩnh vực AI & Kỷ nguyên số hiệu quả dựa trên tự hành thuật toán.],en,ai_digital_future,phrase,B2
ed95ae48-830c-4fdd-a7d7-5cd4264bc41f,autonomous model,/autonomous model/,tự hành mô hình,Effective AI & Digital Age relies on autonomous model. [Lĩnh vực AI & Kỷ nguyên số hiệu quả dựa trên tự hành mô hình.],en,ai_digital_future,phrase,B2
08418140-089c-4b86-9142-6d346499d26a,autonomous network,/autonomous network/,tự hành mạng lưới,Effective AI & Digital Age relies on autonomous network. [Lĩnh vực AI & Kỷ nguyên số hiệu quả dựa trên tự hành mạng lưới.],en,ai_digital_future,phrase,B2
ceb344d9-b768-4e82-91c3-dab14df6141d,autonomous automation,/autonomous automation/,tự hành tự động hóa,Effective AI & Digital Age relies on autonomous automation. [Lĩnh vực AI & Kỷ nguyên số hiệu quả dựa trên tự hành tự động hóa.],en,ai_digital_future,phrase,B2
c78aac25-1fcb-432f-8a02-d14d7f48348d,autonomous robotics,/autonomous robotics/,tự hành rô-bốt học,Effective AI & Digital Age relies on autonomous robotics. [Lĩnh vực AI & Kỷ nguyên số hiệu quả dựa trên tự hành rô-bốt học.],en,ai_digital_future,phrase,B2
9785d87f-aced-4d3a-b544-bc944b437e91,autonomous analytics,/autonomous analytics/,tự hành phân tích,Effective AI & Digital Age relies on autonomous analytics. [Lĩnh vực AI & Kỷ nguyên số hiệu quả dựa trên tự hành phân tích.],en,ai_digital_future,phrase,B2
bcf9b50f-7c24-49e6-8b31-54a3ba924bac,autonomous agent,/autonomous agent/,tự hành tác nhân,Effective AI & Digital Age relies on autonomous agent. [Lĩnh vực AI & Kỷ nguyên số hiệu quả dựa trên tự hành tác nhân.],en,ai_digital_future,phrase,B2
b99c8a55-9d17-4275-8188-91a47fe59500,predictive intelligence,/predictive intelligence/,dự đoán trí tuệ,Effective AI & Digital Age relies on predictive intelligence. [Lĩnh vực AI & Kỷ nguyên số hiệu quả dựa trên dự đoán trí tuệ.],en,ai_digital_future,phrase,B2
330b1768-aa5e-46d1-a68b-96916cadb4b3,predictive algorithm,/predictive algorithm/,dự đoán thuật toán,Effective AI & Digital Age relies on predictive algorithm. [Lĩnh vực AI & Kỷ nguyên số hiệu quả dựa trên dự đoán thuật toán.],en,ai_digital_future,phrase,B2
23b2ec6e-9e8c-4466-8f63-945c176be196,predictive model,/predictive model/,dự đoán mô hình,Effective AI & Digital Age relies on predictive model. [Lĩnh vực AI & Kỷ nguyên số hiệu quả dựa trên dự đoán mô hình.],en,ai_digital_future,phrase,B2
1fc28bc0-17fb-466f-896e-898c4dac9ad6,predictive network,/predictive network/,dự đoán mạng lưới,Effective AI & Digital Age relies on predictive network. [Lĩnh vực AI & Kỷ nguyên số hiệu quả dựa trên dự đoán mạng lưới.],en,ai_digital_future,phrase,B2
5fdf4bf0-9c15-43b1-915f-6ef632f4c3d3,predictive automation,/predictive automation/,dự đoán tự động hóa,Effective AI & Digital Age relies on predictive automation. [Lĩnh vực AI & Kỷ nguyên số hiệu quả dựa trên dự đoán tự động hóa.],en,ai_digital_future,phrase,B2
c33d87e1-d2b7-42e3-9e5b-60b0c60ef53f,predictive robotics,/predictive robotics/,dự đoán rô-bốt học,Effective AI & Digital Age relies on predictive robotics. [Lĩnh vực AI & Kỷ nguyên số hiệu quả dựa trên dự đoán rô-bốt học.],en,ai_digital_future,phrase,B2
1f0b419e-289d-4e1d-80eb-658a1a5ef928,predictive analytics,/predictive analytics/,dự đoán phân tích,Effective AI & Digital Age relies on predictive analytics. [Lĩnh vực AI & Kỷ nguyên số hiệu quả dựa trên dự đoán phân tích.],en,ai_digital_future,phrase,B2
f07a239d-303a-47d9-996b-b359ca7e05c8,predictive agent,/predictive agent/,dự đoán tác nhân,Effective AI & Digital Age relies on predictive agent. [Lĩnh vực AI & Kỷ nguyên số hiệu quả dựa trên dự đoán tác nhân.],en,ai_digital_future,phrase,B2
613a9209-26ff-4748-af67-c37c72e76927,algorithmic intelligence,/algorithmic intelligence/,thuật toán trí tuệ,Effective AI & Digital Age relies on algorithmic intelligence. [Lĩnh vực AI & Kỷ nguyên số hiệu quả dựa trên thuật toán trí tuệ.],en,ai_digital_future,phrase,B2
94ca70b0-821d-4281-a324-c36065ca2e16,algorithmic algorithm,/algorithmic algorithm/,thuật toán thuật toán,Effective AI & Digital Age relies on algorithmic algorithm. [Lĩnh vực AI & Kỷ nguyên số hiệu quả dựa trên thuật toán thuật toán.],en,ai_digital_future,phrase,B2
336acffe-69b2-42ec-818a-38a92cfc265c,algorithmic model,/algorithmic model/,thuật toán mô hình,Effective AI & Digital Age relies on algorithmic model. [Lĩnh vực AI & Kỷ nguyên số hiệu quả dựa trên thuật toán mô hình.],en,ai_digital_future,phrase,B2
18f25625-3055-4e14-a885-51374bb9e739,algorithmic network,/algorithmic network/,thuật toán mạng lưới,Effective AI & Digital Age relies on algorithmic network. [Lĩnh vực AI & Kỷ nguyên số hiệu quả dựa trên thuật toán mạng lưới.],en,ai_digital_future,phrase,B2
4469c934-ec64-4ffd-8ee3-82e990c638ab,algorithmic automation,/algorithmic automation/,thuật toán tự động hóa,Effective AI & Digital Age relies on algorithmic automation. [Lĩnh vực AI & Kỷ nguyên số hiệu quả dựa trên thuật toán tự động hóa.],en,ai_digital_future,phrase,B2
9cc2e1b1-89af-4158-8abb-32256aedd875,algorithmic robotics,/algorithmic robotics/,thuật toán rô-bốt học,Effective AI & Digital Age relies on algorithmic robotics. [Lĩnh vực AI & Kỷ nguyên số hiệu quả dựa trên thuật toán rô-bốt học.],en,ai_digital_future,phrase,B2
d0cefc70-682e-483f-bd8a-a560b901179b,algorithmic analytics,/algorithmic analytics/,thuật toán phân tích,Effective AI & Digital Age relies on algorithmic analytics. [Lĩnh vực AI & Kỷ nguyên số hiệu quả dựa trên thuật toán phân tích.],en,ai_digital_future,phrase,B2
3ba45534-5bf4-4be6-8992-3ce99faa221b,algorithmic agent,/algorithmic agent/,thuật toán tác nhân,Effective AI & Digital Age relies on algorithmic agent. [Lĩnh vực AI & Kỷ nguyên số hiệu quả dựa trên thuật toán tác nhân.],en,ai_digital_future,phrase,B2
d646a2bb-56cf-4c68-a99b-34ac7b00f92a,neural intelligence,/neural intelligence/,nơ-ron trí tuệ,Effective AI & Digital Age relies on neural intelligence. [Lĩnh vực AI & Kỷ nguyên số hiệu quả dựa trên nơ-ron trí tuệ.],en,ai_digital_future,phrase,B2
09253c75-1871-4a41-b819-e3c44152cddb,neural algorithm,/neural algorithm/,nơ-ron thuật toán,Effective AI & Digital Age relies on neural algorithm. [Lĩnh vực AI & Kỷ nguyên số hiệu quả dựa trên nơ-ron thuật toán.],en,ai_digital_future,phrase,B2
a4be5376-61dc-46f0-a32b-e9e204833cf0,neural model,/neural model/,nơ-ron mô hình,Effective AI & Digital Age relies on neural model. [Lĩnh vực AI & Kỷ nguyên số hiệu quả dựa trên nơ-ron mô hình.],en,ai_digital_future,phrase,B2
b59b35f8-a6af-4a79-9572-bbd5601ebc1e,neural network,/neural network/,nơ-ron mạng lưới,Effective AI & Digital Age relies on neural network. [Lĩnh vực AI & Kỷ nguyên số hiệu quả dựa trên nơ-ron mạng lưới.],en,ai_digital_future,phrase,B2
4d92f299-cd1f-49a7-9944-8fe62b863fa0,neural automation,/neural automation/,nơ-ron tự động hóa,Effective AI & Digital Age relies on neural automation. [Lĩnh vực AI & Kỷ nguyên số hiệu quả dựa trên nơ-ron tự động hóa.],en,ai_digital_future,phrase,B2
34325969-20db-4cc7-814f-153e7613b242,neural robotics,/neural robotics/,nơ-ron rô-bốt học,Effective AI & Digital Age relies on neural robotics. [Lĩnh vực AI & Kỷ nguyên số hiệu quả dựa trên nơ-ron rô-bốt học.],en,ai_digital_future,phrase,B2
648bb07e-9e4e-4891-881f-2c893ae21b6d,neural analytics,/neural analytics/,nơ-ron phân tích,Effective AI & Digital Age relies on neural analytics. [Lĩnh vực AI & Kỷ nguyên số hiệu quả dựa trên nơ-ron phân tích.],en,ai_digital_future,phrase,B2
20a9ccab-eec2-4fea-b731-f3aee64b539a,neural agent,/neural agent/,nơ-ron tác nhân,Effective AI & Digital Age relies on neural agent. [Lĩnh vực AI & Kỷ nguyên số hiệu quả dựa trên nơ-ron tác nhân.],en,ai_digital_future,phrase,B2
f0f71a47-baca-42fe-8a4c-c28f508fca32,cognitive intelligence,/cognitive intelligence/,nhận thức trí tuệ,Effective AI & Digital Age relies on cognitive intelligence. [Lĩnh vực AI & Kỷ nguyên số hiệu quả dựa trên nhận thức trí tuệ.],en,ai_digital_future,phrase,B2
ff615983-87c9-40c3-93e8-d81ed51f7dd2,cognitive algorithm,/cognitive algorithm/,nhận thức thuật toán,Effective AI & Digital Age relies on cognitive algorithm. [Lĩnh vực AI & Kỷ nguyên số hiệu quả dựa trên nhận thức thuật toán.],en,ai_digital_future,phrase,B2
544228f1-7521-47d1-9e47-0365ed5b0640,environmental,/ɪnˌvaɪrənˈmentl/,thuộc về môi trường,"In Environment & Climate, 'environmental' is an essential term. [Trong Môi trường & Khí hậu, ""environmental"" là một thuật ngữ quan trọng.]",en,environment_climate,single_word,B1
6e34fa5f-b297-41be-8935-6eb83e41e75c,wildlife,/ˈwaɪldlaɪf/,"những thú vật, chim muông... hoang dã; wildlife conservation","In Environment & Climate, 'wildlife' is an essential term. [Trong Môi trường & Khí hậu, ""wildlife"" là một thuật ngữ quan trọng.]",en,environment_climate,single_word,B1
f23637d2-0a06-4644-95c7-33d2492eb29f,disease,/dɪˈziːz/,"bệnh, bệnh tật; tệ nạn; sự hủ bại","In Environment & Climate, 'disease' is an essential term. [Trong Môi trường & Khí hậu, ""disease"" là một thuật ngữ quan trọng.]",en,environment_climate,single_word,B1
eb7efdb6-8f6a-4d8b-ba6a-1e8043b04bb2,ecological,/ˌiːkəˈlɑːdʒɪkl/,sinh thái học,"In Environment & Climate, 'ecological' is an essential term. [Trong Môi trường & Khí hậu, ""ecological"" là một thuật ngữ quan trọng.]",en,environment_climate,single_word,B1
531c9235-a06b-4575-800d-c4d9ee77729e,environment,/ɪnˈvaɪrənmənt/,"môi trường xung quanh, sự đi vòng quanh","In Environment & Climate, 'environment' is an essential term. [Trong Môi trường & Khí hậu, ""environment"" là một thuật ngữ quan trọng.]",en,environment_climate,single_word,B1
005a5bc1-075b-4b28-9aaa-8b261bd69ec9,nature,/ˈneɪtʃər/,"tự nhiên, bản chất","In Environment & Climate, 'nature' is an essential term. [Trong Môi trường & Khí hậu, ""nature"" là một thuật ngữ quan trọng.]",en,environment_climate,single_word,B1
f2ff91fc-95a8-4692-b8c3-e323541263d5,ocean,/ˈəʊʃn/,"đại dương, biển; vô vàn, vô khối, vô thiên lủng  oceans of)","In Environment & Climate, 'ocean' is an essential term. [Trong Môi trường & Khí hậu, ""ocean"" là một thuật ngữ quan trọng.]",en,environment_climate,single_word,B1
107b1369-2f8e-4866-837c-8b6a80bde953,overseas,/ˌəʊvərˈsiːz/,"ngoài nước, hải ngoại","In Environment & Climate, 'overseas' is an essential term. [Trong Môi trường & Khí hậu, ""overseas"" là một thuật ngữ quan trọng.]",en,environment_climate,single_word,B1
6c8a371f-e55a-4377-8cde-bf14700c29bb,climate,/ˈklaɪmət/,"khí hậu, thời tiết; miền khí hậu","In Environment & Climate, 'climate' is an essential term. [Trong Môi trường & Khí hậu, ""climate"" là một thuật ngữ quan trọng.]",en,environment_climate,single_word,B1
730b4c22-5276-4d30-a8dc-b62474dfde23,earth,/ɜːrθ/,"đất, đất liền, mặt đất ; quả đất; đất","In Environment & Climate, 'earth' is an essential term. [Trong Môi trường & Khí hậu, ""earth"" là một thuật ngữ quan trọng.]",en,environment_climate,single_word,B1
783de3d6-1755-4d48-b423-849bfa7cba8d,earthquake,/ˈɜːrθkweɪk/,sự động đất; sự chấn động,"In Environment & Climate, 'earthquake' is an essential term. [Trong Môi trường & Khí hậu, ""earthquake"" là một thuật ngữ quan trọng.]",en,environment_climate,single_word,B1
7754bc36-86b3-435d-8fd1-1f079b5bc2ee,evolution,/ˌevəˈluːʃn/,"sự tiến hoá, sự phát triểnm sự khai","In Environment & Climate, 'evolution' is an essential term. [Trong Môi trường & Khí hậu, ""evolution"" là một thuật ngữ quan trọng.]",en,environment_climate,single_word,B1
042a2233-9008-4451-a700-cebe6ec94658,green,/ɡriːn/,"xanh lá cây,  lục; xanh; tươi","In Environment & Climate, 'green' is an essential term. [Trong Môi trường & Khí hậu, ""green"" là một thuật ngữ quan trọng.]",en,environment_climate,single_word,B1
f24299f4-65f9-4277-b659-a987c891e235,plant,/plænt/,"thực vật, cây; sự mọc","In Environment & Climate, 'plant' is an essential term. [Trong Môi trường & Khí hậu, ""plant"" là một thuật ngữ quan trọng.]",en,environment_climate,single_word,B1
f3d3481f-c0eb-4aad-8fc6-baf9fd3fa2e8,recording,/rɪˈkɔːrdɪŋ/,"sự ghi, sự tự ghi; graphic r.  sự ghi bằng đồ thị","In Environment & Climate, 'recording' is an essential term. [Trong Môi trường & Khí hậu, ""recording"" là một thuật ngữ quan trọng.]",en,environment_climate,single_word,B1
5c9ce425-f032-41dd-aee8-1dc17e9ae421,recount,/recount/,"thuật kỹ lại, kể lại chi tiết","In Environment & Climate, 'recount' is an essential term. [Trong Môi trường & Khí hậu, ""recount"" là một thuật ngữ quan trọng.]",en,environment_climate,single_word,B1
784f4ad8-eea2-4826-89aa-c233a65b2761,recovery,/rɪˈkʌvəri/,sự phục hồi,"In Environment & Climate, 'recovery' is an essential term. [Trong Môi trường & Khí hậu, ""recovery"" là một thuật ngữ quan trọng.]",en,environment_climate,single_word,B1
f9939f12-2ac0-455e-b042-1d0cb3fdb72c,river,/ˈrɪvər/,"dòng sông; dòng chảy tràn ngập, dòng chảy lai láng","In Environment & Climate, 'river' is an essential term. [Trong Môi trường & Khí hậu, ""river"" là một thuật ngữ quan trọng.]",en,environment_climate,single_word,B1
8d29b450-35af-43a4-8664-aff00e409203,sea,/siː/,biển; sóng biển,"In Environment & Climate, 'sea' is an essential term. [Trong Môi trường & Khí hậu, ""sea"" là một thuật ngữ quan trọng.]",en,environment_climate,single_word,B1
3dbad592-d0ac-4657-bc07-c80f2e9891cd,seal,/siːl/,chó biển; sealskin,"In Environment & Climate, 'seal' is an essential term. [Trong Môi trường & Khí hậu, ""seal"" là một thuật ngữ quan trọng.]",en,environment_climate,single_word,B1
23b89875-ec41-4b85-a462-3938e97db08d,secondly,/ˈsekəndli/,hai là,"In Environment & Climate, 'secondly' is an essential term. [Trong Môi trường & Khí hậu, ""secondly"" là một thuật ngữ quan trọng.]",en,environment_climate,single_word,B1
75c6acbe-cc3e-462b-b56d-6102ed9a40e0,animal,/ˈænɪml/,"động vật, thú vật; người đầy tính thú","In Environment & Climate, 'animal' is an essential term. [Trong Môi trường & Khí hậu, ""animal"" là một thuật ngữ quan trọng.]",en,environment_climate,single_word,B1
33f65ca9-d19a-496b-92e2-05d32985adaf,autumn,/ˈɔːtəm/,mùa thu; thời xế chiều,"In Environment & Climate, 'autumn' is an essential term. [Trong Môi trường & Khí hậu, ""autumn"" là một thuật ngữ quan trọng.]",en,environment_climate,single_word,B1
653b6927-9f4f-4752-ae24-890f59ec0d01,become,/bɪˈkʌm/,trở nên,"In Environment & Climate, 'become' is an essential term. [Trong Môi trường & Khí hậu, ""become"" là một thuật ngữ quan trọng.]",en,environment_climate,single_word,B1
8445e2f9-a2c1-4e5b-ba17-5bc929e48efe,decorate,/ˈdekəreɪt/,"trang hoàng, trang trí; tặng thưởng huy chương, tặng thưởng huân chương; gắn huy chương","In Environment & Climate, 'decorate' is an essential term. [Trong Môi trường & Khí hậu, ""decorate"" là một thuật ngữ quan trọng.]",en,environment_climate,single_word,B1
ca72ba67-1050-4fcb-86ee-28fe4c5459da,decoration,/ˌdekəˈreɪʃn/,"sự trang hoàng; đồ trang hoàng, đồ trang trí","In Environment & Climate, 'decoration' is an essential term. [Trong Môi trường & Khí hậu, ""decoration"" là một thuật ngữ quan trọng.]",en,environment_climate,single_word,B1
c8dc742d-ede3-45e9-bb12-d19d3b014f19,driver,/ˈdraɪvər/,"người điều khiển, người lái","In Environment & Climate, 'driver' is an essential term. [Trong Môi trường & Khí hậu, ""driver"" là một thuật ngữ quan trọng.]",en,environment_climate,single_word,B1
ee175764-6636-4505-822a-74be7acce59a,energy,/ˈenərdʒi/,năng lượng; e. of deformation năng lượng biến dạng,"In Environment & Climate, 'energy' is an essential term. [Trong Môi trường & Khí hậu, ""energy"" là một thuật ngữ quan trọng.]",en,environment_climate,single_word,B1
0b5f53cb-be5d-4873-a763-efbd40db6498,forest,/ˈfɔːrɪst/,rừng; rừng săn bắn,"In Environment & Climate, 'forest' is an essential term. [Trong Môi trường & Khí hậu, ""forest"" là một thuật ngữ quan trọng.]",en,environment_climate,single_word,B1
ff6cbd6d-3da5-4b5b-ac98-4f4d75b15efa,fossil,/ˈfɑːsl/,"hoá đá, hoá thạch; cổ lỗ, lỗi thời, hủ lậu","In Environment & Climate, 'fossil' is an essential term. [Trong Môi trường & Khí hậu, ""fossil"" là một thuật ngữ quan trọng.]",en,environment_climate,single_word,B1
e12673a0-48f4-487a-91b9-63768344abe7,greenhouse,/ˈɡriːnhaʊs/,nhà kính,"In Environment & Climate, 'greenhouse' is an essential term. [Trong Môi trường & Khí hậu, ""greenhouse"" là một thuật ngữ quan trọng.]",en,environment_climate,single_word,B1
e980a7bc-3042-4d48-b818-d49614c2245a,infect,/ɪnˈfekt/,gây ảnh hưởng,"In Environment & Climate, 'infect' is an essential term. [Trong Môi trường & Khí hậu, ""infect"" là một thuật ngữ quan trọng.]",en,environment_climate,single_word,B1
f9bdb836-416a-4971-8d4a-e4324fb5f59e,planet,/ˈplænɪt/,hành tinh; inferior p.  hành tinh dưới,"In Environment & Climate, 'planet' is an essential term. [Trong Môi trường & Khí hậu, ""planet"" là một thuật ngữ quan trọng.]",en,environment_climate,single_word,B1
0770ac2a-4948-4d85-9cfb-bb93bd1ec94e,pollution,/pəˈluːʃn/,Ô nhiễm.,"In Environment & Climate, 'pollution' is an essential term. [Trong Môi trường & Khí hậu, ""pollution"" là một thuật ngữ quan trọng.]",en,environment_climate,single_word,B1
a71b5363-c9e8-4a08-89eb-415d8d91c710,recognition,/ˌrekəɡˈnɪʃn/,sự đoán nhận; character r. sự đoán nhận chữ,"In Environment & Climate, 'recognition' is an essential term. [Trong Môi trường & Khí hậu, ""recognition"" là một thuật ngữ quan trọng.]",en,environment_climate,single_word,B1
45ac01d4-9b3e-46e3-98ac-fe603132018a,recognize,/ˈrekəɡnaɪz/,đoán nhận phana biệt,"In Environment & Climate, 'recognize' is an essential term. [Trong Môi trường & Khí hậu, ""recognize"" là một thuật ngữ quan trọng.]",en,environment_climate,single_word,B1
bb17c255-0657-4d9e-a98b-fe8dc9e1d5a6,recommend,/ˌrekəˈmend/,"giới thiệu, tiến cử; làm cho người ta mến, làm cho có cảm tưởng tốt về","In Environment & Climate, 'recommend' is an essential term. [Trong Môi trường & Khí hậu, ""recommend"" là một thuật ngữ quan trọng.]",en,environment_climate,single_word,B1
eeb960e1-e590-4f82-ba3d-ca59b34ecf86,recommendation,/ˌrekəmenˈdeɪʃn/,"sự giới thiệu, sự tiến cử; làm cho người ta mến, đức tính làm cho có cảm tưởng tốt","In Environment & Climate, 'recommendation' is an essential term. [Trong Môi trường & Khí hậu, ""recommendation"" là một thuật ngữ quan trọng.]",en,environment_climate,single_word,B1
19b2fa3f-b777-4172-a7b3-5698ea96fb24,reconstruction,/ˌriːkənˈstrʌkʃn/,"sự xây dựng lại, sự kiến thiết lại; sự đóng lại; sự dựng lại","In Environment & Climate, 'reconstruction' is an essential term. [Trong Môi trường & Khí hậu, ""reconstruction"" là một thuật ngữ quan trọng.]",en,environment_climate,single_word,B1
090567d4-c3f2-4f23-bb0d-f13d3005b660,record,/ˈrekərd/,sự ghi; continous r.  sự ghi liên tục,"In Environment & Climate, 'record' is an essential term. [Trong Môi trường & Khí hậu, ""record"" là một thuật ngữ quan trọng.]",en,environment_climate,single_word,B1
16d74a25-05f2-430c-8b1d-5dd7be2a50db,recover,/rɪˈkʌvər/,phục hồi,"In Environment & Climate, 'recover' is an essential term. [Trong Môi trường & Khí hậu, ""recover"" là một thuật ngữ quan trọng.]",en,environment_climate,single_word,B1
d3e79d49-c471-4c94-a8c3-df7e03aecc4d,recycle,/ˌriːˈsaɪkl/,chu trình lặp,"In Environment & Climate, 'recycle' is an essential term. [Trong Môi trường & Khí hậu, ""recycle"" là một thuật ngữ quan trọng.]",en,environment_climate,single_word,B1
9b9e2611-6b74-4de6-80fe-5cfa75cceb5b,search,/sɜːrtʃ/,"tìm tòi, nghiên cứu; s. out tìm thấy","In Environment & Climate, 'search' is an essential term. [Trong Môi trường & Khí hậu, ""search"" là một thuật ngữ quan trọng.]",en,environment_climate,single_word,B1
bcf8efb4-19e3-4af0-a927-d823c07d5593,season,/ˈsiːzn/,"mùa; thời cơ, lúc mùa, vụ, thời gian hoạt động mạnh","In Environment & Climate, 'season' is an essential term. [Trong Môi trường & Khí hậu, ""season"" là một thuật ngữ quan trọng.]",en,environment_climate,single_word,B1
edca7b47-9a10-409b-9a57-aadaff5e0739,seat,/siːt/,"ghế; vé chỗ ngồi, chỗ ngồi; mặt ghế","In Environment & Climate, 'seat' is an essential term. [Trong Môi trường & Khí hậu, ""seat"" là một thuật ngữ quan trọng.]",en,environment_climate,single_word,B1
c1565527-ed19-4c0f-9363-20e4de238040,second,/ˈsekənd/,thứ hai; giay,"In Environment & Climate, 'second' is an essential term. [Trong Môi trường & Khí hậu, ""second"" là một thuật ngữ quan trọng.]",en,environment_climate,single_word,B1
aefdd1d5-2635-4e34-9d83-a72db45518a8,secondary,/ˈsekənderi/,"thứ hai, thứ cấp","In Environment & Climate, 'secondary' is an essential term. [Trong Môi trường & Khí hậu, ""secondary"" là một thuật ngữ quan trọng.]",en,environment_climate,single_word,B1
4a3f29e5-ea67-48d3-b91e-cd54e2173c2e,signature,/ˈsɪɡnətʃər/,ký số; s. of a quadratic form ký số của một dạng toàn phương,"In Environment & Climate, 'signature' is an essential term. [Trong Môi trường & Khí hậu, ""signature"" là một thuật ngữ quan trọng.]",en,environment_climate,single_word,B1
49922307-e873-4e5f-96b1-4ebfee31018e,solar,/ˈsəʊlər/,mặt trời,"In Environment & Climate, 'solar' is an essential term. [Trong Môi trường & Khí hậu, ""solar"" là một thuật ngữ quan trọng.]",en,environment_climate,single_word,B1
2c65e5f4-fe9a-4bf9-ab37-a4ed368d2a6a,virus,/ˈvaɪrəs/,"virut; mối độc hại, mầm độc","In Environment & Climate, 'virus' is an essential term. [Trong Môi trường & Khí hậu, ""virus"" là một thuật ngữ quan trọng.]",en,environment_climate,single_word,B1
d65550d7-41d6-41a5-9171-bab77ced2dd6,ecological ecosystem,/ecological ecosystem/,sinh thái hệ sinh thái,Effective Environment & Climate relies on ecological ecosystem. [Lĩnh vực Môi trường & Khí hậu hiệu quả dựa trên sinh thái hệ sinh thái.],en,environment_climate,phrase,B2
fb38c2ed-f851-4981-af28-cae6f4e8a8cd,ecological biodiversity,/ecological biodiversity/,sinh thái đa dạng sinh học,Effective Environment & Climate relies on ecological biodiversity. [Lĩnh vực Môi trường & Khí hậu hiệu quả dựa trên sinh thái đa dạng sinh học.],en,environment_climate,phrase,B2
9cbe24f2-7df8-44ae-815d-87fcaa802449,ecological conservation,/ecological conservation/,sinh thái bảo tồn,Effective Environment & Climate relies on ecological conservation. [Lĩnh vực Môi trường & Khí hậu hiệu quả dựa trên sinh thái bảo tồn.],en,environment_climate,phrase,B2
f7b2bbaa-5565-48b3-80a4-755e68141127,ecological resource,/ecological resource/,sinh thái tài nguyên,Effective Environment & Climate relies on ecological resource. [Lĩnh vực Môi trường & Khí hậu hiệu quả dựa trên sinh thái tài nguyên.],en,environment_climate,phrase,B2
d42c7932-bfbc-4f15-87ca-be5201bd67fa,ecological emission,/ecological emission/,sinh thái phát thải,Effective Environment & Climate relies on ecological emission. [Lĩnh vực Môi trường & Khí hậu hiệu quả dựa trên sinh thái phát thải.],en,environment_climate,phrase,B2
3b7fc4c2-e4fc-4d23-aa40-ad2ea4c0ec29,ecological protection,/ecological protection/,sinh thái bảo vệ,Effective Environment & Climate relies on ecological protection. [Lĩnh vực Môi trường & Khí hậu hiệu quả dựa trên sinh thái bảo vệ.],en,environment_climate,phrase,B2
48c25b93-b480-4dc4-81d4-5aa42680198a,ecological sustainability,/ecological sustainability/,sinh thái tính bền vững,Effective Environment & Climate relies on ecological sustainability. [Lĩnh vực Môi trường & Khí hậu hiệu quả dựa trên sinh thái tính bền vững.],en,environment_climate,phrase,B2
d3517e79-0ea3-433b-a79f-0172dced8338,ecological energy,/ecological energy/,sinh thái năng lượng,Effective Environment & Climate relies on ecological energy. [Lĩnh vực Môi trường & Khí hậu hiệu quả dựa trên sinh thái năng lượng.],en,environment_climate,phrase,B2
823cc8bb-7773-417f-b353-f854c3601490,environmental ecosystem,/environmental ecosystem/,môi trường hệ sinh thái,Effective Environment & Climate relies on environmental ecosystem. [Lĩnh vực Môi trường & Khí hậu hiệu quả dựa trên môi trường hệ sinh thái.],en,environment_climate,phrase,B2
65ef41c1-6e7f-42e0-873e-8d3d5f4398ed,environmental biodiversity,/environmental biodiversity/,môi trường đa dạng sinh học,Effective Environment & Climate relies on environmental biodiversity. [Lĩnh vực Môi trường & Khí hậu hiệu quả dựa trên môi trường đa dạng sinh học.],en,environment_climate,phrase,B2
78cff0e3-b0d7-4a6d-8830-dbbbd6c17d6f,environmental conservation,/environmental conservation/,môi trường bảo tồn,Effective Environment & Climate relies on environmental conservation. [Lĩnh vực Môi trường & Khí hậu hiệu quả dựa trên môi trường bảo tồn.],en,environment_climate,phrase,B2
5b0ccbf4-c9e1-415c-b18f-87df454f18ab,environmental resource,/environmental resource/,môi trường tài nguyên,Effective Environment & Climate relies on environmental resource. [Lĩnh vực Môi trường & Khí hậu hiệu quả dựa trên môi trường tài nguyên.],en,environment_climate,phrase,B2
ff105226-a5db-4f50-b5d3-bb40de577b24,environmental emission,/environmental emission/,môi trường phát thải,Effective Environment & Climate relies on environmental emission. [Lĩnh vực Môi trường & Khí hậu hiệu quả dựa trên môi trường phát thải.],en,environment_climate,phrase,B2
f8a5dd32-246e-47be-b9c2-cb2ae62375ca,environmental protection,/environmental protection/,môi trường bảo vệ,Effective Environment & Climate relies on environmental protection. [Lĩnh vực Môi trường & Khí hậu hiệu quả dựa trên môi trường bảo vệ.],en,environment_climate,phrase,B2
9bee3a43-bb4c-492e-9a55-ac439929bf02,environmental sustainability,/environmental sustainability/,môi trường tính bền vững,Effective Environment & Climate relies on environmental sustainability. [Lĩnh vực Môi trường & Khí hậu hiệu quả dựa trên môi trường tính bền vững.],en,environment_climate,phrase,B2
01c3454a-4b41-4e65-97ce-2a0356c2d2db,environmental energy,/environmental energy/,môi trường năng lượng,Effective Environment & Climate relies on environmental energy. [Lĩnh vực Môi trường & Khí hậu hiệu quả dựa trên môi trường năng lượng.],en,environment_climate,phrase,B2
e14c8af2-c532-4288-8f8f-88bc6bee98aa,sustainable ecosystem,/sustainable ecosystem/,bền vững hệ sinh thái,Effective Environment & Climate relies on sustainable ecosystem. [Lĩnh vực Môi trường & Khí hậu hiệu quả dựa trên bền vững hệ sinh thái.],en,environment_climate,phrase,B2
7b3179d1-c167-4628-a854-25b0dc8941ab,sustainable biodiversity,/sustainable biodiversity/,bền vững đa dạng sinh học,Effective Environment & Climate relies on sustainable biodiversity. [Lĩnh vực Môi trường & Khí hậu hiệu quả dựa trên bền vững đa dạng sinh học.],en,environment_climate,phrase,B2
fe15fd57-da0a-40e8-98bd-1ea217113f45,sustainable conservation,/sustainable conservation/,bền vững bảo tồn,Effective Environment & Climate relies on sustainable conservation. [Lĩnh vực Môi trường & Khí hậu hiệu quả dựa trên bền vững bảo tồn.],en,environment_climate,phrase,B2
2d4f1f5d-22b1-418c-af3f-3499780b3e6a,sustainable resource,/sustainable resource/,bền vững tài nguyên,Effective Environment & Climate relies on sustainable resource. [Lĩnh vực Môi trường & Khí hậu hiệu quả dựa trên bền vững tài nguyên.],en,environment_climate,phrase,B2
feb71725-6031-428c-9f86-17a6d7734741,sustainable emission,/sustainable emission/,bền vững phát thải,Effective Environment & Climate relies on sustainable emission. [Lĩnh vực Môi trường & Khí hậu hiệu quả dựa trên bền vững phát thải.],en,environment_climate,phrase,B2
36fe5e8f-9046-4861-9550-8bf363f41fa9,sustainable protection,/sustainable protection/,bền vững bảo vệ,Effective Environment & Climate relies on sustainable protection. [Lĩnh vực Môi trường & Khí hậu hiệu quả dựa trên bền vững bảo vệ.],en,environment_climate,phrase,B2
2781ea4f-ddc6-4221-889b-1dabc18fa2f9,sustainable sustainability,/sustainable sustainability/,bền vững tính bền vững,Effective Environment & Climate relies on sustainable sustainability. [Lĩnh vực Môi trường & Khí hậu hiệu quả dựa trên bền vững tính bền vững.],en,environment_climate,phrase,B2
cd4b2d09-2df3-4e4a-a8e3-e2993fc14228,sustainable energy,/sustainable energy/,bền vững năng lượng,Effective Environment & Climate relies on sustainable energy. [Lĩnh vực Môi trường & Khí hậu hiệu quả dựa trên bền vững năng lượng.],en,environment_climate,phrase,B2
68a125fe-2d41-4e78-adf0-e7d02ae6b45c,renewable ecosystem,/renewable ecosystem/,tái tạo hệ sinh thái,Effective Environment & Climate relies on renewable ecosystem. [Lĩnh vực Môi trường & Khí hậu hiệu quả dựa trên tái tạo hệ sinh thái.],en,environment_climate,phrase,B2
6b2c9d9c-ed56-4256-a004-309153349169,renewable biodiversity,/renewable biodiversity/,tái tạo đa dạng sinh học,Effective Environment & Climate relies on renewable biodiversity. [Lĩnh vực Môi trường & Khí hậu hiệu quả dựa trên tái tạo đa dạng sinh học.],en,environment_climate,phrase,B2
0ac54526-c11c-40ca-ad39-80c181b583a7,renewable conservation,/renewable conservation/,tái tạo bảo tồn,Effective Environment & Climate relies on renewable conservation. [Lĩnh vực Môi trường & Khí hậu hiệu quả dựa trên tái tạo bảo tồn.],en,environment_climate,phrase,B2
224b9f3a-f4b9-41d0-9b4c-dd510fc300b1,renewable resource,/renewable resource/,tái tạo tài nguyên,Effective Environment & Climate relies on renewable resource. [Lĩnh vực Môi trường & Khí hậu hiệu quả dựa trên tái tạo tài nguyên.],en,environment_climate,phrase,B2
db59ac4b-666a-47af-ad44-87b5e4e0a70f,renewable emission,/renewable emission/,tái tạo phát thải,Effective Environment & Climate relies on renewable emission. [Lĩnh vực Môi trường & Khí hậu hiệu quả dựa trên tái tạo phát thải.],en,environment_climate,phrase,B2
afb840dc-edb7-44fe-b97e-5fbadb0fb85d,renewable protection,/renewable protection/,tái tạo bảo vệ,Effective Environment & Climate relies on renewable protection. [Lĩnh vực Môi trường & Khí hậu hiệu quả dựa trên tái tạo bảo vệ.],en,environment_climate,phrase,B2
2fb4c49d-b5de-4400-bf55-40d72969f91c,renewable sustainability,/renewable sustainability/,tái tạo tính bền vững,Effective Environment & Climate relies on renewable sustainability. [Lĩnh vực Môi trường & Khí hậu hiệu quả dựa trên tái tạo tính bền vững.],en,environment_climate,phrase,B2
4296fe70-2efe-42dd-8f5d-7859146e71e0,renewable energy,/renewable energy/,tái tạo năng lượng,Effective Environment & Climate relies on renewable energy. [Lĩnh vực Môi trường & Khí hậu hiệu quả dựa trên tái tạo năng lượng.],en,environment_climate,phrase,B2
b2cc88cb-09e3-4ca0-a472-c1c282ca82aa,climatic ecosystem,/climatic ecosystem/,khí hậu hệ sinh thái,Effective Environment & Climate relies on climatic ecosystem. [Lĩnh vực Môi trường & Khí hậu hiệu quả dựa trên khí hậu hệ sinh thái.],en,environment_climate,phrase,B2
50f4e6d3-fd8a-4c56-88d3-a6abd7164b3f,climatic biodiversity,/climatic biodiversity/,khí hậu đa dạng sinh học,Effective Environment & Climate relies on climatic biodiversity. [Lĩnh vực Môi trường & Khí hậu hiệu quả dựa trên khí hậu đa dạng sinh học.],en,environment_climate,phrase,B2
ab303604-8989-462a-b4b5-f2fbe3697350,climatic conservation,/climatic conservation/,khí hậu bảo tồn,Effective Environment & Climate relies on climatic conservation. [Lĩnh vực Môi trường & Khí hậu hiệu quả dựa trên khí hậu bảo tồn.],en,environment_climate,phrase,B2
954b7820-2f08-4b40-826c-f7adf70f5f14,climatic resource,/climatic resource/,khí hậu tài nguyên,Effective Environment & Climate relies on climatic resource. [Lĩnh vực Môi trường & Khí hậu hiệu quả dựa trên khí hậu tài nguyên.],en,environment_climate,phrase,B2
2b3b3810-5283-454f-9413-eeaeacb3e545,climatic emission,/climatic emission/,khí hậu phát thải,Effective Environment & Climate relies on climatic emission. [Lĩnh vực Môi trường & Khí hậu hiệu quả dựa trên khí hậu phát thải.],en,environment_climate,phrase,B2
cbe332f9-509a-4f82-ba22-0956191ee717,climatic protection,/climatic protection/,khí hậu bảo vệ,Effective Environment & Climate relies on climatic protection. [Lĩnh vực Môi trường & Khí hậu hiệu quả dựa trên khí hậu bảo vệ.],en,environment_climate,phrase,B2
1be065fb-ac9b-4c4a-b0e6-cc049b1b1fa7,climatic sustainability,/climatic sustainability/,khí hậu tính bền vững,Effective Environment & Climate relies on climatic sustainability. [Lĩnh vực Môi trường & Khí hậu hiệu quả dựa trên khí hậu tính bền vững.],en,environment_climate,phrase,B2
a19a16ab-5cc5-4293-a9f4-f4012d41b654,climatic energy,/climatic energy/,khí hậu năng lượng,Effective Environment & Climate relies on climatic energy. [Lĩnh vực Môi trường & Khí hậu hiệu quả dựa trên khí hậu năng lượng.],en,environment_climate,phrase,B2
35b2b62b-76ee-4df3-89a2-5bc854f8c08a,biodiverse ecosystem,/biodiverse ecosystem/,đa dạng sinh học hệ sinh thái,Effective Environment & Climate relies on biodiverse ecosystem. [Lĩnh vực Môi trường & Khí hậu hiệu quả dựa trên đa dạng sinh học hệ sinh thái.],en,environment_climate,phrase,B2
a1d22c55-5a1b-4f04-8257-b970b01455bc,biodiverse biodiversity,/biodiverse biodiversity/,đa dạng sinh học đa dạng sinh học,Effective Environment & Climate relies on biodiverse biodiversity. [Lĩnh vực Môi trường & Khí hậu hiệu quả dựa trên đa dạng sinh học đa dạng sinh học.],en,environment_climate,phrase,B2
0958233d-3aae-49ef-90cb-0def615cadee,biodiverse conservation,/biodiverse conservation/,đa dạng sinh học bảo tồn,Effective Environment & Climate relies on biodiverse conservation. [Lĩnh vực Môi trường & Khí hậu hiệu quả dựa trên đa dạng sinh học bảo tồn.],en,environment_climate,phrase,B2
ebc41244-e335-4945-8f87-74d42d6af323,biodiverse resource,/biodiverse resource/,đa dạng sinh học tài nguyên,Effective Environment & Climate relies on biodiverse resource. [Lĩnh vực Môi trường & Khí hậu hiệu quả dựa trên đa dạng sinh học tài nguyên.],en,environment_climate,phrase,B2
c433f8cc-cfaa-41a6-a11c-22f0f66fcf48,biodiverse emission,/biodiverse emission/,đa dạng sinh học phát thải,Effective Environment & Climate relies on biodiverse emission. [Lĩnh vực Môi trường & Khí hậu hiệu quả dựa trên đa dạng sinh học phát thải.],en,environment_climate,phrase,B2
be653f09-1a3d-41b2-9c0b-06f2d16edd37,biodiverse protection,/biodiverse protection/,đa dạng sinh học bảo vệ,Effective Environment & Climate relies on biodiverse protection. [Lĩnh vực Môi trường & Khí hậu hiệu quả dựa trên đa dạng sinh học bảo vệ.],en,environment_climate,phrase,B2
5ad39a20-fe41-46b4-a857-90b08ea3b951,biodiverse sustainability,/biodiverse sustainability/,đa dạng sinh học tính bền vững,Effective Environment & Climate relies on biodiverse sustainability. [Lĩnh vực Môi trường & Khí hậu hiệu quả dựa trên đa dạng sinh học tính bền vững.],en,environment_climate,phrase,B2
5e09248f-08a3-41b5-ba2f-a03ec806d95d,biodiverse energy,/biodiverse energy/,đa dạng sinh học năng lượng,Effective Environment & Climate relies on biodiverse energy. [Lĩnh vực Môi trường & Khí hậu hiệu quả dựa trên đa dạng sinh học năng lượng.],en,environment_climate,phrase,B2
2bb9921e-3bcc-468d-a461-8192af802d33,organic ecosystem,/organic ecosystem/,hữu cơ hệ sinh thái,Effective Environment & Climate relies on organic ecosystem. [Lĩnh vực Môi trường & Khí hậu hiệu quả dựa trên hữu cơ hệ sinh thái.],en,environment_climate,phrase,B2
89db4927-e641-4331-b2e3-609611f3e67c,organic biodiversity,/organic biodiversity/,hữu cơ đa dạng sinh học,Effective Environment & Climate relies on organic biodiversity. [Lĩnh vực Môi trường & Khí hậu hiệu quả dựa trên hữu cơ đa dạng sinh học.],en,environment_climate,phrase,B2
b12a322e-7905-42a5-9a79-fd3a33623bd9,healthcare,/ˈhelθ ker/,chăm sóc sức khỏe,"In Healthcare & Medicine, 'healthcare' is an essential term. [Trong Y tế & Sức khỏe, ""healthcare"" là một thuật ngữ quan trọng.]",en,health_medicine,single_word,B1
8c2661ae-2912-4c8b-b0fe-fbffbc118806,cure,/kjʊr/,"cách chữa bệnh, cách điều trị; việc chữa bệnh, việc điều trị; đợt chữa bệnh; thuốc, phương thuốc","In Healthcare & Medicine, 'cure' is an essential term. [Trong Y tế & Sức khỏe, ""cure"" là một thuật ngữ quan trọng.]",en,health_medicine,single_word,B1
a85e3ebd-1bb0-463e-986f-e2b7ee09ba3b,medication,/ˌmedɪˈkeɪʃn/,"sự bốc thuốc, sự cho thuốc; sự tẩm thuốc, sự ngâm thuốc","In Healthcare & Medicine, 'medication' is an essential term. [Trong Y tế & Sức khỏe, ""medication"" là một thuật ngữ quan trọng.]",en,health_medicine,single_word,B1
7db31075-b139-4be7-8296-9a5b8403ef24,clinic,/ˈklɪnɪk/,"bệnh viện thực hành; sự lên lớp ở buồng bệnh, sự thực hành ở buồng bệnh","In Healthcare & Medicine, 'clinic' is an essential term. [Trong Y tế & Sức khỏe, ""clinic"" là một thuật ngữ quan trọng.]",en,health_medicine,single_word,B1
5f878b2c-f25b-4c14-a831-af291cc07dd6,clinical,/ˈklɪnɪkl/,"buồng bệnh, ở buồng bệnh,  lâm sàng; lịch sử bệnh","In Healthcare & Medicine, 'clinical' is an essential term. [Trong Y tế & Sức khỏe, ""clinical"" là một thuật ngữ quan trọng.]",en,health_medicine,single_word,B1
f1a58cf2-3542-4a5b-a466-0911af3ecf14,hospital,/ˈhɑːspɪtl/,"bệnh viện, nhà thương; tổ chức từ thiện, tổ chức cứu tế","In Healthcare & Medicine, 'hospital' is an essential term. [Trong Y tế & Sức khỏe, ""hospital"" là một thuật ngữ quan trọng.]",en,health_medicine,single_word,B1
7acd8ccf-ae3c-472d-85d7-6941f33b1586,treatment,/ˈtriːtmənt/,"sự đối xử, sự đối đãi, sự cư xử; sự điều trị; phép trị bệnh","In Healthcare & Medicine, 'treatment' is an essential term. [Trong Y tế & Sức khỏe, ""treatment"" là một thuật ngữ quan trọng.]",en,health_medicine,single_word,B1
aadd3ade-afd6-4a2d-9588-d8cbf48e54db,care,/ker/,"sự chăn sóc, sự chăm nom, sự giữ gìn, sự bảo dưỡng; sự chăm chú, sự chú ý; sự cẩn thận, sự thận trọng","In Healthcare & Medicine, 'care' is an essential term. [Trong Y tế & Sức khỏe, ""care"" là một thuật ngữ quan trọng.]",en,health_medicine,single_word,B1
bc70c19d-1da5-4504-b5b1-d553b68f3a7e,medical,/ˈmedɪkl/,"y, y học; khoa nội","In Healthcare & Medicine, 'medical' is an essential term. [Trong Y tế & Sức khỏe, ""medical"" là một thuật ngữ quan trọng.]",en,health_medicine,single_word,B1
8375387f-ed9c-4b81-a097-d6b8f556feda,medicine,/ˈmedɪsn/,"y học, y khoa; thuốc","In Healthcare & Medicine, 'medicine' is an essential term. [Trong Y tế & Sức khỏe, ""medicine"" là một thuật ngữ quan trọng.]",en,health_medicine,single_word,B1
9a2170a2-d424-492d-8cb9-ef54077493a4,nurse,/nɜːrs/,"cá nhám; vú em, người bảo mẫu, người giữ trẻ","In Healthcare & Medicine, 'nurse' is an essential term. [Trong Y tế & Sức khỏe, ""nurse"" là một thuật ngữ quan trọng.]",en,health_medicine,single_word,B1
1ddd70ab-22ad-4972-9c8b-3dfcc6b23968,nursery,/ˈnɜːrsəri/,phòng dành riêng cho tre bú; nhà trẻ,"In Healthcare & Medicine, 'nursery' is an essential term. [Trong Y tế & Sức khỏe, ""nursery"" là một thuật ngữ quan trọng.]",en,health_medicine,single_word,B1
c9aa4f9e-8865-49ae-bb96-14126febc2b1,symptom,/ˈsɪmptəm/,"dấu hiệu, triệu chứng","In Healthcare & Medicine, 'symptom' is an essential term. [Trong Y tế & Sức khỏe, ""symptom"" là một thuật ngữ quan trọng.]",en,health_medicine,single_word,B1
124b55ad-c08b-4dcf-8ec8-98ca5a0fe007,aids,/eɪdz/,"bệnh liệt kháng, bệnh aids","In Healthcare & Medicine, 'aids' is an essential term. [Trong Y tế & Sức khỏe, ""aids"" là một thuật ngữ quan trọng.]",en,health_medicine,single_word,B1
1d16b0de-5897-4aa4-baf2-f21c90cea3c9,anybody,/ˈenibɑːdi/,"một người nào đó; người nào, ai","In Healthcare & Medicine, 'anybody' is an essential term. [Trong Y tế & Sức khỏe, ""anybody"" là một thuật ngữ quan trọng.]",en,health_medicine,single_word,B1
4b29e76d-6f32-44d5-ad6d-78bb1638b3a2,body,/ˈbɑːdi/,"thể, vật, vật thể, khối; convex b. vật lồi, thể lồi","In Healthcare & Medicine, 'body' is an essential term. [Trong Y tế & Sức khỏe, ""body"" là một thuật ngữ quan trọng.]",en,health_medicine,single_word,B1
058ae2c0-286b-4db4-ab48-9b0b22e788c3,doctor,/ˈdɑːktər/,bác sĩ y khoa; tiến sĩ,"In Healthcare & Medicine, 'doctor' is an essential term. [Trong Y tế & Sức khỏe, ""doctor"" là một thuật ngữ quan trọng.]",en,health_medicine,single_word,B1
2749e085-63c5-49a7-8289-774251741b5e,drug,/drʌɡ/,"thuốc, dược phẩm; thuốc ngủ, thuốc tê mê, ma tuý","In Healthcare & Medicine, 'drug' is an essential term. [Trong Y tế & Sức khỏe, ""drug"" là một thuật ngữ quan trọng.]",en,health_medicine,single_word,B1
5d91cc99-f7f7-4b2b-90e8-0e1438cd27f5,health,/helθ/,sức khoẻ; sự lành mạnh,"In Healthcare & Medicine, 'health' is an essential term. [Trong Y tế & Sức khỏe, ""health"" là một thuật ngữ quan trọng.]",en,health_medicine,single_word,B1
579c5c22-1760-4462-96ee-b17ec436cf49,healthy,/ˈhelθi/,khoẻ mạnh; có lợi cho sức khoẻ,"In Healthcare & Medicine, 'healthy' is an essential term. [Trong Y tế & Sức khỏe, ""healthy"" là một thuật ngữ quan trọng.]",en,health_medicine,single_word,B1
cfdcb30b-ad47-442b-83b5-225e59ba2ebe,illness,/ˈɪlnəs/,"sự đau yếu, sự ốm; bệnh","In Healthcare & Medicine, 'illness' is an essential term. [Trong Y tế & Sức khỏe, ""illness"" là một thuật ngữ quan trọng.]",en,health_medicine,single_word,B1
f0a07355-c632-43ad-8924-da039ba1ae0b,impatient,/ɪmˈpeɪʃnt/,"thiếu kiên nhẫn, không kiên tâm, nóng vội, nôn nóng; hay sốt ruột; không chịu đựng được, không dung thứ được, khó chịu","In Healthcare & Medicine, 'impatient' is an essential term. [Trong Y tế & Sức khỏe, ""impatient"" là một thuật ngữ quan trọng.]",en,health_medicine,single_word,B1
2d241292-6e11-473c-b80c-cf48bbe7e269,infection,/ɪnˈfekʃn/,sự ảnh hưởng,"In Healthcare & Medicine, 'infection' is an essential term. [Trong Y tế & Sức khỏe, ""infection"" là một thuật ngữ quan trọng.]",en,health_medicine,single_word,B1
1791b97c-5746-4bb0-848d-b0e4508ed703,pain,/peɪn/,"sự đau đớn, sự đau khổ; sự đau đẻ","In Healthcare & Medicine, 'pain' is an essential term. [Trong Y tế & Sức khỏe, ""pain"" là một thuật ngữ quan trọng.]",en,health_medicine,single_word,B1
6ca5208c-1569-4587-9d52-d4254d6bb701,painful,/ˈpeɪnfl/,"đau đớn, đau khổ; làm đau đớn, làm đau khổ; vất vả, khó nhọc, mất nhiều công sức","In Healthcare & Medicine, 'painful' is an essential term. [Trong Y tế & Sức khỏe, ""painful"" là một thuật ngữ quan trọng.]",en,health_medicine,single_word,B1
8a04421c-3014-4330-86f1-e1ca5f2a13c0,painter,/ˈpeɪntər/,thợ sơn; hoạ sĩ,"In Healthcare & Medicine, 'painter' is an essential term. [Trong Y tế & Sức khỏe, ""painter"" là một thuật ngữ quan trọng.]",en,health_medicine,single_word,B1
f7703137-4e57-47bb-8989-bc728bf8d4db,painting,/ˈpeɪntɪŋ/,sự sơn; hội hoạ,"In Healthcare & Medicine, 'painting' is an essential term. [Trong Y tế & Sức khỏe, ""painting"" là một thuật ngữ quan trọng.]",en,health_medicine,single_word,B1
e1a7c3ed-46f6-4e46-a216-64ef4225a5b6,physical,/ˈfɪzɪkl/,vật chất; khoa học tự nhiên; theo quy luật khoa học tự nhiên,"In Healthcare & Medicine, 'physical' is an essential term. [Trong Y tế & Sức khỏe, ""physical"" là một thuật ngữ quan trọng.]",en,health_medicine,single_word,B1
aad71df7-6c6c-43ff-84e1-3aa9f1fbd4bd,surgery,/ˈsɜːrdʒəri/,khoa phẫu thuật; việc mổ xẻ; sự mổ xẻ,"In Healthcare & Medicine, 'surgery' is an essential term. [Trong Y tế & Sức khỏe, ""surgery"" là một thuật ngữ quan trọng.]",en,health_medicine,single_word,B1
15ce171d-b53f-47a4-88d0-0323e4598e37,careful,/ˈkerfl/,"cẩn thận, thận trọng, biết giữ gìn, biết lưu ý; kỹ lưỡng, chu đáo","In Healthcare & Medicine, 'careful' is an essential term. [Trong Y tế & Sức khỏe, ""careful"" là một thuật ngữ quan trọng.]",en,health_medicine,single_word,B1
cefb5415-3b96-4170-a556-bb326b66708c,carefully,/ˈkerfəli/,"cẩn thận, chu đáo","In Healthcare & Medicine, 'carefully' is an essential term. [Trong Y tế & Sức khỏe, ""carefully"" là một thuật ngữ quan trọng.]",en,health_medicine,single_word,B1
a487e028-c8da-4bc7-ab46-c77c81148e04,careless,/ˈkerləs/,"không để ý, không lưu ý, không chú ý, sơ ý, không cẩn thận, cẩu thả; không chính xác; vô tư, không lo nghĩ","In Healthcare & Medicine, 'careless' is an essential term. [Trong Y tế & Sức khỏe, ""careless"" là một thuật ngữ quan trọng.]",en,health_medicine,single_word,B1
787aae71-b53a-4376-b4d6-b41c21b26f74,cruel,/ˈkruːəl/,"độc ác, dữ tợn, hung ác, ác nghiệt, tàn ác, tàn bạo, tàn nhẫn; hiểm nghèo, tàn khốc, thảm khốc","In Healthcare & Medicine, 'cruel' is an essential term. [Trong Y tế & Sức khỏe, ""cruel"" là một thuật ngữ quan trọng.]",en,health_medicine,single_word,B1
b82c74eb-9a1c-4100-848b-859e4778a6b5,depression,/dɪˈpreʃn/,"sự giảm, sự hạ; vlđc. miền áp suất thấp;  sự suy thoái; d. of order  sự giảm cấp (của một phương","In Healthcare & Medicine, 'depression' is an essential term. [Trong Y tế & Sức khỏe, ""depression"" là một thuật ngữ quan trọng.]",en,health_medicine,single_word,B1
fde7cfd8-0675-4ed0-91d7-fdfc0a2f04a5,diet,/ˈdaɪət/,nghị viên; hội nghị quốc tế,"In Healthcare & Medicine, 'diet' is an essential term. [Trong Y tế & Sức khỏe, ""diet"" là một thuật ngữ quan trọng.]",en,health_medicine,single_word,B1
50c5cc90-80ee-4d58-9777-39792e4a0ffc,embody,/ɪmˈbɑːdi/,là hiện thân của; biểu hiện,"In Healthcare & Medicine, 'embody' is an essential term. [Trong Y tế & Sức khỏe, ""embody"" là một thuật ngữ quan trọng.]",en,health_medicine,single_word,B1
b86f3261-d687-47af-84bd-1c0c30a8128d,everybody,/ˈevribɑːdi/,"mọi người, tất cả mọi người, ai ai; mỗi người","In Healthcare & Medicine, 'everybody' is an essential term. [Trong Y tế & Sức khỏe, ""everybody"" là một thuật ngữ quan trọng.]",en,health_medicine,single_word,B1
37f19637-b5e6-47e6-ae07-c9a34bcbb9c0,flu,/fluː/,",   của influenza, bệnh cúm  flue)","In Healthcare & Medicine, 'flu' is an essential term. [Trong Y tế & Sức khỏe, ""flu"" là một thuật ngữ quan trọng.]",en,health_medicine,single_word,B1
664ea940-1567-4c10-9f9a-66d017108fa0,nobody,/ˈnəʊbədi/,"không ai, không người nào; người vô giá trị, người vô dụng, người bất tài, người tầm thường","In Healthcare & Medicine, 'nobody' is an essential term. [Trong Y tế & Sức khỏe, ""nobody"" là một thuật ngữ quan trọng.]",en,health_medicine,single_word,B1
96763395-bd2a-4e06-b319-1e424d8edd51,paint,/peɪnt/,sơn; thuốc màu,"In Healthcare & Medicine, 'paint' is an essential term. [Trong Y tế & Sức khỏe, ""paint"" là một thuật ngữ quan trọng.]",en,health_medicine,single_word,B1
9ec8b5c1-6fe3-48c8-a2bc-535a3ed8bdca,patient,/ˈpeɪʃnt/,"kiên nhẫn, nhẫn nại, bền chí; chịu đựng một cách kiên nhẫn","In Healthcare & Medicine, 'patient' is an essential term. [Trong Y tế & Sức khỏe, ""patient"" là một thuật ngữ quan trọng.]",en,health_medicine,single_word,B1
d68e4cef-a063-4c0c-9d5c-2d56ae6596f0,prescribe,/prɪˈskraɪb/,"ra lệnh, truyền lệnh, sai khiến, bắt phải; cho, kê","In Healthcare & Medicine, 'prescribe' is an essential term. [Trong Y tế & Sức khỏe, ""prescribe"" là một thuật ngữ quan trọng.]",en,health_medicine,single_word,B1
78edf936-2642-4666-987a-2e2150ead43b,scare,/sker/,"sự sợ hãi, sự kinh hoàng, sự hoang mang lo sợ; sự mua vội vì hốt hoảng, sự bán chạy vì hốt hoảng hoang mang","In Healthcare & Medicine, 'scare' is an essential term. [Trong Y tế & Sức khỏe, ""scare"" là một thuật ngữ quan trọng.]",en,health_medicine,single_word,B1
543e5d20-87d4-4a21-9d89-65769f162f5c,scared,/skerd/,bị hoảng sợ,"In Healthcare & Medicine, 'scared' is an essential term. [Trong Y tế & Sức khỏe, ""scared"" là một thuật ngữ quan trọng.]",en,health_medicine,single_word,B1
41452db6-2465-4e8a-baaf-7884491de8c9,secure,/sɪˈkjʊr/,"tin cậy, an toàn, bảo đảm","In Healthcare & Medicine, 'secure' is an essential term. [Trong Y tế & Sức khỏe, ""secure"" là một thuật ngữ quan trọng.]",en,health_medicine,single_word,B1
c9e2f2de-6535-4dc3-9171-a167abd46fba,somebody,/ˈsʌmbədi/,"một người nào đó, có người  someone); ông này ông nọ","In Healthcare & Medicine, 'somebody' is an essential term. [Trong Y tế & Sức khỏe, ""somebody"" là một thuật ngữ quan trọng.]",en,health_medicine,single_word,B1
96e42180-1254-4b32-a51a-425ee11772a1,surgeon,/ˈsɜːrdʒən/,"nhà phẫu thuật, bác sĩ phẫu thuật; sĩ quan quân y; thầy thuốc quân y","In Healthcare & Medicine, 'surgeon' is an essential term. [Trong Y tế & Sức khỏe, ""surgeon"" là một thuật ngữ quan trọng.]",en,health_medicine,single_word,B1
f97efa4c-d6f1-4f88-b0b1-cce24ca60e67,syndrome,/ˈsɪndrəʊm/,hội chứng,"In Healthcare & Medicine, 'syndrome' is an essential term. [Trong Y tế & Sức khỏe, ""syndrome"" là một thuật ngữ quan trọng.]",en,health_medicine,single_word,B1
b2c7fcdc-1bd5-4d20-9684-2f1fd1a342e8,therapy,/ˈθerəpi/,phép chữa bệnh,"In Healthcare & Medicine, 'therapy' is an essential term. [Trong Y tế & Sức khỏe, ""therapy"" là một thuật ngữ quan trọng.]",en,health_medicine,single_word,B1
48b2e6a0-35fe-49f2-9fd1-2b11dd2154eb,assault,/əˈsɔːlt/,"cuộc tấn công, cuộc đột kích; sự công kích thậm tệ","In Healthcare & Medicine, 'assault' is an essential term. [Trong Y tế & Sức khỏe, ""assault"" là một thuật ngữ quan trọng.]",en,health_medicine,single_word,B1
3d437cea-601f-496b-ac5a-5362760c1c70,clinical treatment,/clinical treatment/,lâm sàng điều trị,Effective Healthcare & Medicine relies on clinical treatment. [Lĩnh vực Y tế & Sức khỏe hiệu quả dựa trên lâm sàng điều trị.],en,health_medicine,phrase,B2
298d7bf0-4742-490e-a6d2-d13ed1e31db7,clinical therapy,/clinical therapy/,lâm sàng trị liệu,Effective Healthcare & Medicine relies on clinical therapy. [Lĩnh vực Y tế & Sức khỏe hiệu quả dựa trên lâm sàng trị liệu.],en,health_medicine,phrase,B2
2fa0cb36-21ea-436d-bdf7-14f01fbcc598,clinical diagnosis,/clinical diagnosis/,lâm sàng chẩn đoán,Effective Healthcare & Medicine relies on clinical diagnosis. [Lĩnh vực Y tế & Sức khỏe hiệu quả dựa trên lâm sàng chẩn đoán.],en,health_medicine,phrase,B2
f0bdf9c0-f9a1-47df-8b7c-0ee66f7883f9,clinical healthcare,/clinical healthcare/,lâm sàng chăm sóc sức khỏe,Effective Healthcare & Medicine relies on clinical healthcare. [Lĩnh vực Y tế & Sức khỏe hiệu quả dựa trên lâm sàng chăm sóc sức khỏe.],en,health_medicine,phrase,B2
8a534dbd-3911-4eff-adff-60678a650488,clinical pathology,/clinical pathology/,lâm sàng bệnh lý,Effective Healthcare & Medicine relies on clinical pathology. [Lĩnh vực Y tế & Sức khỏe hiệu quả dựa trên lâm sàng bệnh lý.],en,health_medicine,phrase,B2
3b7ffe7d-8559-430e-82ee-963a7a3f9190,clinical prescription,/clinical prescription/,lâm sàng kê đơn,Effective Healthcare & Medicine relies on clinical prescription. [Lĩnh vực Y tế & Sức khỏe hiệu quả dựa trên lâm sàng kê đơn.],en,health_medicine,phrase,B2
1a922596-c727-496b-9c2c-bf9c4449ef5d,clinical recovery,/clinical recovery/,lâm sàng hồi phục,Effective Healthcare & Medicine relies on clinical recovery. [Lĩnh vực Y tế & Sức khỏe hiệu quả dựa trên lâm sàng hồi phục.],en,health_medicine,phrase,B2
54d62e3f-89bf-4e01-8af0-3260e9e3b0ed,clinical care,/clinical care/,lâm sàng chăm sóc,Effective Healthcare & Medicine relies on clinical care. [Lĩnh vực Y tế & Sức khỏe hiệu quả dựa trên lâm sàng chăm sóc.],en,health_medicine,phrase,B2
1ef903fd-b52f-4db3-9876-654d13de7d8c,medical treatment,/medical treatment/,y tế điều trị,Effective Healthcare & Medicine relies on medical treatment. [Lĩnh vực Y tế & Sức khỏe hiệu quả dựa trên y tế điều trị.],en,health_medicine,phrase,B2
d37987ce-df4a-48c2-9877-9fb2a1b68e80,medical therapy,/medical therapy/,y tế trị liệu,Effective Healthcare & Medicine relies on medical therapy. [Lĩnh vực Y tế & Sức khỏe hiệu quả dựa trên y tế trị liệu.],en,health_medicine,phrase,B2
a42145a1-8aab-419b-aa96-90439e7fc265,medical diagnosis,/medical diagnosis/,y tế chẩn đoán,Effective Healthcare & Medicine relies on medical diagnosis. [Lĩnh vực Y tế & Sức khỏe hiệu quả dựa trên y tế chẩn đoán.],en,health_medicine,phrase,B2
7bde94b1-3537-48ac-9583-d43f8a1acbb9,medical healthcare,/medical healthcare/,y tế chăm sóc sức khỏe,Effective Healthcare & Medicine relies on medical healthcare. [Lĩnh vực Y tế & Sức khỏe hiệu quả dựa trên y tế chăm sóc sức khỏe.],en,health_medicine,phrase,B2
c3e012f1-2723-4ce2-952f-42f32dc7bd1c,medical pathology,/medical pathology/,y tế bệnh lý,Effective Healthcare & Medicine relies on medical pathology. [Lĩnh vực Y tế & Sức khỏe hiệu quả dựa trên y tế bệnh lý.],en,health_medicine,phrase,B2
b1d65298-4639-49a9-bc58-11492f9a8b1d,medical prescription,/medical prescription/,y tế kê đơn,Effective Healthcare & Medicine relies on medical prescription. [Lĩnh vực Y tế & Sức khỏe hiệu quả dựa trên y tế kê đơn.],en,health_medicine,phrase,B2
4fd848b2-61c3-4bd7-88c3-cb757378e10d,medical recovery,/medical recovery/,y tế hồi phục,Effective Healthcare & Medicine relies on medical recovery. [Lĩnh vực Y tế & Sức khỏe hiệu quả dựa trên y tế hồi phục.],en,health_medicine,phrase,B2
b58a6de4-0db5-424c-a1b0-8a6aaa98e934,medical care,/medical care/,y tế chăm sóc,Effective Healthcare & Medicine relies on medical care. [Lĩnh vực Y tế & Sức khỏe hiệu quả dựa trên y tế chăm sóc.],en,health_medicine,phrase,B2
e8d3ccec-93ad-4661-b415-e7087a18e0c9,pharmaceutical treatment,/pharmaceutical treatment/,dược phẩm điều trị,Effective Healthcare & Medicine relies on pharmaceutical treatment. [Lĩnh vực Y tế & Sức khỏe hiệu quả dựa trên dược phẩm điều trị.],en,health_medicine,phrase,B2
10928221-baf3-4d14-81bb-d4a715d6dcd0,pharmaceutical therapy,/pharmaceutical therapy/,dược phẩm trị liệu,Effective Healthcare & Medicine relies on pharmaceutical therapy. [Lĩnh vực Y tế & Sức khỏe hiệu quả dựa trên dược phẩm trị liệu.],en,health_medicine,phrase,B2
21ce06f2-70d8-40ad-9a7b-c7e6e72fd8c3,pharmaceutical diagnosis,/pharmaceutical diagnosis/,dược phẩm chẩn đoán,Effective Healthcare & Medicine relies on pharmaceutical diagnosis. [Lĩnh vực Y tế & Sức khỏe hiệu quả dựa trên dược phẩm chẩn đoán.],en,health_medicine,phrase,B2
1f5ef7df-4f85-4672-953c-2f1df7a82995,pharmaceutical healthcare,/pharmaceutical healthcare/,dược phẩm chăm sóc sức khỏe,Effective Healthcare & Medicine relies on pharmaceutical healthcare. [Lĩnh vực Y tế & Sức khỏe hiệu quả dựa trên dược phẩm chăm sóc sức khỏe.],en,health_medicine,phrase,B2
6d56d8dd-bb08-4035-b55c-e51883827329,pharmaceutical pathology,/pharmaceutical pathology/,dược phẩm bệnh lý,Effective Healthcare & Medicine relies on pharmaceutical pathology. [Lĩnh vực Y tế & Sức khỏe hiệu quả dựa trên dược phẩm bệnh lý.],en,health_medicine,phrase,B2
dcaa97e9-c5ef-431e-9044-e5854d284c18,pharmaceutical prescription,/pharmaceutical prescription/,dược phẩm kê đơn,Effective Healthcare & Medicine relies on pharmaceutical prescription. [Lĩnh vực Y tế & Sức khỏe hiệu quả dựa trên dược phẩm kê đơn.],en,health_medicine,phrase,B2
a93d42cf-f058-4b05-a854-7006ee811122,pharmaceutical recovery,/pharmaceutical recovery/,dược phẩm hồi phục,Effective Healthcare & Medicine relies on pharmaceutical recovery. [Lĩnh vực Y tế & Sức khỏe hiệu quả dựa trên dược phẩm hồi phục.],en,health_medicine,phrase,B2
634b897e-9d30-4f00-a00a-7cc05d55654c,pharmaceutical care,/pharmaceutical care/,dược phẩm chăm sóc,Effective Healthcare & Medicine relies on pharmaceutical care. [Lĩnh vực Y tế & Sức khỏe hiệu quả dựa trên dược phẩm chăm sóc.],en,health_medicine,phrase,B2
fb4bdcd6-0b94-44c2-8fdc-837d3b08709e,therapeutic treatment,/therapeutic treatment/,trị liệu điều trị,Effective Healthcare & Medicine relies on therapeutic treatment. [Lĩnh vực Y tế & Sức khỏe hiệu quả dựa trên trị liệu điều trị.],en,health_medicine,phrase,B2
51d4975f-f596-4443-9763-0c6f382dd3bb,therapeutic therapy,/therapeutic therapy/,trị liệu trị liệu,Effective Healthcare & Medicine relies on therapeutic therapy. [Lĩnh vực Y tế & Sức khỏe hiệu quả dựa trên trị liệu trị liệu.],en,health_medicine,phrase,B2
65276e3c-5a06-4126-8daa-1cc292bcc05a,therapeutic diagnosis,/therapeutic diagnosis/,trị liệu chẩn đoán,Effective Healthcare & Medicine relies on therapeutic diagnosis. [Lĩnh vực Y tế & Sức khỏe hiệu quả dựa trên trị liệu chẩn đoán.],en,health_medicine,phrase,B2
2c2940c3-b4cb-4391-9d89-a045ba560c52,therapeutic healthcare,/therapeutic healthcare/,trị liệu chăm sóc sức khỏe,Effective Healthcare & Medicine relies on therapeutic healthcare. [Lĩnh vực Y tế & Sức khỏe hiệu quả dựa trên trị liệu chăm sóc sức khỏe.],en,health_medicine,phrase,B2
530f383c-93e2-406c-9050-82e53d4a7250,therapeutic pathology,/therapeutic pathology/,trị liệu bệnh lý,Effective Healthcare & Medicine relies on therapeutic pathology. [Lĩnh vực Y tế & Sức khỏe hiệu quả dựa trên trị liệu bệnh lý.],en,health_medicine,phrase,B2
82afa0e2-f924-4238-86cf-45081b294c9d,therapeutic prescription,/therapeutic prescription/,trị liệu kê đơn,Effective Healthcare & Medicine relies on therapeutic prescription. [Lĩnh vực Y tế & Sức khỏe hiệu quả dựa trên trị liệu kê đơn.],en,health_medicine,phrase,B2
06bcd9be-67d2-410d-87c5-7597a7707fec,therapeutic recovery,/therapeutic recovery/,trị liệu hồi phục,Effective Healthcare & Medicine relies on therapeutic recovery. [Lĩnh vực Y tế & Sức khỏe hiệu quả dựa trên trị liệu hồi phục.],en,health_medicine,phrase,B2
e9bc38bc-c65a-41aa-8c8a-68dd82588ce4,therapeutic care,/therapeutic care/,trị liệu chăm sóc,Effective Healthcare & Medicine relies on therapeutic care. [Lĩnh vực Y tế & Sức khỏe hiệu quả dựa trên trị liệu chăm sóc.],en,health_medicine,phrase,B2
d64bd075-f97b-4964-aafb-ab16ef66a979,diagnostic treatment,/diagnostic treatment/,chẩn đoán điều trị,Effective Healthcare & Medicine relies on diagnostic treatment. [Lĩnh vực Y tế & Sức khỏe hiệu quả dựa trên chẩn đoán điều trị.],en,health_medicine,phrase,B2
a9b3f161-b15c-464c-bd4e-4c25d9eab932,diagnostic therapy,/diagnostic therapy/,chẩn đoán trị liệu,Effective Healthcare & Medicine relies on diagnostic therapy. [Lĩnh vực Y tế & Sức khỏe hiệu quả dựa trên chẩn đoán trị liệu.],en,health_medicine,phrase,B2
562cca2b-d8bc-4f09-a988-54d7c5914118,diagnostic diagnosis,/diagnostic diagnosis/,chẩn đoán chẩn đoán,Effective Healthcare & Medicine relies on diagnostic diagnosis. [Lĩnh vực Y tế & Sức khỏe hiệu quả dựa trên chẩn đoán chẩn đoán.],en,health_medicine,phrase,B2
eb93a916-632e-41a8-b2ed-ebf8e12b49ff,diagnostic healthcare,/diagnostic healthcare/,chẩn đoán chăm sóc sức khỏe,Effective Healthcare & Medicine relies on diagnostic healthcare. [Lĩnh vực Y tế & Sức khỏe hiệu quả dựa trên chẩn đoán chăm sóc sức khỏe.],en,health_medicine,phrase,B2
05f84867-5b83-4792-8cd4-20775682f42d,diagnostic pathology,/diagnostic pathology/,chẩn đoán bệnh lý,Effective Healthcare & Medicine relies on diagnostic pathology. [Lĩnh vực Y tế & Sức khỏe hiệu quả dựa trên chẩn đoán bệnh lý.],en,health_medicine,phrase,B2
a377b540-cbc4-4594-82e2-6768cea06aec,diagnostic prescription,/diagnostic prescription/,chẩn đoán kê đơn,Effective Healthcare & Medicine relies on diagnostic prescription. [Lĩnh vực Y tế & Sức khỏe hiệu quả dựa trên chẩn đoán kê đơn.],en,health_medicine,phrase,B2
a5499e23-c809-4592-b7bd-6c2068e91317,diagnostic recovery,/diagnostic recovery/,chẩn đoán hồi phục,Effective Healthcare & Medicine relies on diagnostic recovery. [Lĩnh vực Y tế & Sức khỏe hiệu quả dựa trên chẩn đoán hồi phục.],en,health_medicine,phrase,B2
f43edb30-2e79-4a05-87a9-01938dbf4fb3,diagnostic care,/diagnostic care/,chẩn đoán chăm sóc,Effective Healthcare & Medicine relies on diagnostic care. [Lĩnh vực Y tế & Sức khỏe hiệu quả dựa trên chẩn đoán chăm sóc.],en,health_medicine,phrase,B2
5ed8ed9c-239d-4bbb-a129-aba5fd06737d,preventive treatment,/preventive treatment/,phòng ngừa điều trị,Effective Healthcare & Medicine relies on preventive treatment. [Lĩnh vực Y tế & Sức khỏe hiệu quả dựa trên phòng ngừa điều trị.],en,health_medicine,phrase,B2
efe8dbc1-0a25-42ea-8fe3-23162ad36a06,preventive therapy,/preventive therapy/,phòng ngừa trị liệu,Effective Healthcare & Medicine relies on preventive therapy. [Lĩnh vực Y tế & Sức khỏe hiệu quả dựa trên phòng ngừa trị liệu.],en,health_medicine,phrase,B2
ac1f911a-592a-4ff6-8b78-856c7cc904c2,preventive diagnosis,/preventive diagnosis/,phòng ngừa chẩn đoán,Effective Healthcare & Medicine relies on preventive diagnosis. [Lĩnh vực Y tế & Sức khỏe hiệu quả dựa trên phòng ngừa chẩn đoán.],en,health_medicine,phrase,B2
0b21567d-4e8c-4004-a2f2-9ea030852f44,preventive healthcare,/preventive healthcare/,phòng ngừa chăm sóc sức khỏe,Effective Healthcare & Medicine relies on preventive healthcare. [Lĩnh vực Y tế & Sức khỏe hiệu quả dựa trên phòng ngừa chăm sóc sức khỏe.],en,health_medicine,phrase,B2
6a81292f-fcd8-4382-b2c2-fcea9ee30106,preventive pathology,/preventive pathology/,phòng ngừa bệnh lý,Effective Healthcare & Medicine relies on preventive pathology. [Lĩnh vực Y tế & Sức khỏe hiệu quả dựa trên phòng ngừa bệnh lý.],en,health_medicine,phrase,B2
50ce812b-0ab4-4536-920a-f2c48124b288,preventive prescription,/preventive prescription/,phòng ngừa kê đơn,Effective Healthcare & Medicine relies on preventive prescription. [Lĩnh vực Y tế & Sức khỏe hiệu quả dựa trên phòng ngừa kê đơn.],en,health_medicine,phrase,B2
2b479614-3d99-4d7b-aea9-c801f5ee4020,preventive recovery,/preventive recovery/,phòng ngừa hồi phục,Effective Healthcare & Medicine relies on preventive recovery. [Lĩnh vực Y tế & Sức khỏe hiệu quả dựa trên phòng ngừa hồi phục.],en,health_medicine,phrase,B2
28a5c942-2465-446b-a78b-7690fe7e915e,preventive care,/preventive care/,phòng ngừa chăm sóc,Effective Healthcare & Medicine relies on preventive care. [Lĩnh vực Y tế & Sức khỏe hiệu quả dựa trên phòng ngừa chăm sóc.],en,health_medicine,phrase,B2
a1f5fd96-9877-468f-8e73-eed20af56c4f,biological treatment,/biological treatment/,sinh học điều trị,Effective Healthcare & Medicine relies on biological treatment. [Lĩnh vực Y tế & Sức khỏe hiệu quả dựa trên sinh học điều trị.],en,health_medicine,phrase,B2
7199e8c7-8bb9-4893-af43-8a0d6d0f0091,biological therapy,/biological therapy/,sinh học trị liệu,Effective Healthcare & Medicine relies on biological therapy. [Lĩnh vực Y tế & Sức khỏe hiệu quả dựa trên sinh học trị liệu.],en,health_medicine,phrase,B2
1f1df2eb-38dd-4a5e-8518-789947669aba,teach,/tiːtʃ/,"dạy, dạy học; dạy bảo, dạy dỗ","In Education & Academia, 'teach' is an essential term. [Trong Giáo dục & Học thuật, ""teach"" là một thuật ngữ quan trọng.]",en,education_academia,single_word,B1
94cc26f5-f092-4f89-b398-54e1c3391dfa,education,/ˌedʒuˈkeɪʃn/,"sự giáo dục, sự cho ăn học; sự dạy","In Education & Academia, 'education' is an essential term. [Trong Giáo dục & Học thuật, ""education"" là một thuật ngữ quan trọng.]",en,education_academia,single_word,B1
ef3259bd-8b92-4ef2-809e-a3af4d5ba928,teacher,/ˈtiːtʃər/,"giáo viên, cán bộ giảng dạy","In Education & Academia, 'teacher' is an essential term. [Trong Giáo dục & Học thuật, ""teacher"" là một thuật ngữ quan trọng.]",en,education_academia,single_word,B1
885552c1-6ae9-4825-8cee-af8984cea764,educated,/ˈedʒukeɪtɪd/,"có giáo dục, có học","In Education & Academia, 'educated' is an essential term. [Trong Giáo dục & Học thuật, ""educated"" là một thuật ngữ quan trọng.]",en,education_academia,single_word,B1
c60366da-0221-4c86-89d6-6d270aaaedee,lecture,/ˈlektʃər/,bài giảng // giảng bài,"In Education & Academia, 'lecture' is an essential term. [Trong Giáo dục & Học thuật, ""lecture"" là một thuật ngữ quan trọng.]",en,education_academia,single_word,B1
8bc596e9-ddef-4d07-a82d-9c44573e4477,seminar,/ˈsemɪnɑːr/,"Xêmina, hội nghị chuyên đề; nhóm nghiên cứu chuyên đề","In Education & Academia, 'seminar' is an essential term. [Trong Giáo dục & Học thuật, ""seminar"" là một thuật ngữ quan trọng.]",en,education_academia,single_word,B1
f408da01-fbca-4ae2-8aa5-c893d899e49f,academic,/ˌækəˈdemɪk/,học viện;  trường đại học; viện hàn lâm,"In Education & Academia, 'academic' is an essential term. [Trong Giáo dục & Học thuật, ""academic"" là một thuật ngữ quan trọng.]",en,education_academia,single_word,B1
e3d66caf-900a-4e74-98e0-6d47c9d78b00,college,/ˈkɑːlɪdʒ/,"trường đại học, trường cao đẳng; ban; học viện","In Education & Academia, 'college' is an essential term. [Trong Giáo dục & Học thuật, ""college"" là một thuật ngữ quan trọng.]",en,education_academia,single_word,B1
348e51e3-9017-4894-b799-64a36ae3b2ab,educate,/ˈedʒukeɪt/,"giáo dục, cho ăn học; dạy","In Education & Academia, 'educate' is an essential term. [Trong Giáo dục & Học thuật, ""educate"" là một thuật ngữ quan trọng.]",en,education_academia,single_word,B1
ce5174a7-4cd7-4213-a884-f3e4660bd2ac,exam,/ɪɡˈzæm/,của examination,"In Education & Academia, 'exam' is an essential term. [Trong Giáo dục & Học thuật, ""exam"" là một thuật ngữ quan trọng.]",en,education_academia,single_word,B1
8c5dff31-7ce3-432e-bbbf-01a3393b61dd,professor,/prəˈfesər/,"giáo sư; giáo đồ, tín đồ","In Education & Academia, 'professor' is an essential term. [Trong Giáo dục & Học thuật, ""professor"" là một thuật ngữ quan trọng.]",en,education_academia,single_word,B1
e26dfc4b-f711-4bff-9a58-82340a0604c8,student,/ˈstuːdnt/,"học sinh đại học, sinh viên; người nghiên cứu","In Education & Academia, 'student' is an essential term. [Trong Giáo dục & Học thuật, ""student"" là một thuật ngữ quan trọng.]",en,education_academia,single_word,B1
ed532244-0bd7-42a5-aec1-389c1c194282,study,/ˈstʌdi/,sự học tập; sự nghiên cứu; đối tượng nghiên cứu,"In Education & Academia, 'study' is an essential term. [Trong Giáo dục & Học thuật, ""study"" là một thuật ngữ quan trọng.]",en,education_academia,single_word,B1
3bc4a669-8ec4-4d33-82a2-05197f0282a3,university,/ˌjuːnɪˈvɜːrsəti/,trường đại học; tập thể  trường đại học,"In Education & Academia, 'university' is an essential term. [Trong Giáo dục & Học thuật, ""university"" là một thuật ngữ quan trọng.]",en,education_academia,single_word,B1
3f81173d-ba63-41f1-9520-31eaa143b309,classroom,/ˈklæsruːm/,phòng đọc,"In Education & Academia, 'classroom' is an essential term. [Trong Giáo dục & Học thuật, ""classroom"" là một thuật ngữ quan trọng.]",en,education_academia,single_word,B1
f96ae117-4678-440e-b358-7c0901bfd641,course,/kɔːrs/,"quá trình, quá trình diễn biến of c. tất nhiên; c. of value function hàm sinh","In Education & Academia, 'course' is an essential term. [Trong Giáo dục & Học thuật, ""course"" là một thuật ngữ quan trọng.]",en,education_academia,single_word,B1
262edb00-c135-4d02-9dd8-6e396f3792e3,educator,/ˈedʒukeɪtər/,thầy dạy; nhà sư phạm,"In Education & Academia, 'educator' is an essential term. [Trong Giáo dục & Học thuật, ""educator"" là một thuật ngữ quan trọng.]",en,education_academia,single_word,B1
0651f727-1e11-44bd-9c68-d259cfc8f5a1,grade,/ɡreɪd/,"lớp, bậc, hạng; giá trị của các hàm phân phối; độ dốc ;; grat","In Education & Academia, 'grade' is an essential term. [Trong Giáo dục & Học thuật, ""grade"" là một thuật ngữ quan trọng.]",en,education_academia,single_word,B1
5611de30-1bdf-48eb-9662-ee171d5f4f75,learn,/lɜːrn/,học,"In Education & Academia, 'learn' is an essential term. [Trong Giáo dục & Học thuật, ""learn"" là một thuật ngữ quan trọng.]",en,education_academia,single_word,B1
68f33401-b973-429a-9e68-2f17a4520b3f,teaching,/ˈtiːtʃɪŋ/,"sự dạy, sự giảng dạy; sự dạy bảo; nghề dạy học","In Education & Academia, 'teaching' is an essential term. [Trong Giáo dục & Học thuật, ""teaching"" là một thuật ngữ quan trọng.]",en,education_academia,single_word,B1
2cfb64fc-2067-4be1-b24e-f5a779fcdf19,undergraduate,/ˌʌndərˈɡrædʒuət/,học sinh đại học chưa tốt nghiệp,"In Education & Academia, 'undergraduate' is an essential term. [Trong Giáo dục & Học thuật, ""undergraduate"" là một thuật ngữ quan trọng.]",en,education_academia,single_word,B1
aa0a57cb-742c-4f55-9da3-524e828a11ae,class,/klæs/,lớp; c. of a congruence lớp của một đoàn,"In Education & Academia, 'class' is an essential term. [Trong Giáo dục & Học thuật, ""class"" là một thuật ngữ quan trọng.]",en,education_academia,single_word,B1
d633c695-15d4-4cd9-816b-2aa4611f0c95,classical,/ˈklæsɪkl/,cổ điển,"In Education & Academia, 'classical' is an essential term. [Trong Giáo dục & Học thuật, ""classical"" là một thuật ngữ quan trọng.]",en,education_academia,single_word,B1
f3cf8373-fe5b-436f-bd41-27327e71a09f,classification,/ˌklæsɪfɪˈkeɪʃn/,"sự phân loại, sự phân lớp, sự phân hạng; attributive c. sự phân theo thuộc tính","In Education & Academia, 'classification' is an essential term. [Trong Giáo dục & Học thuật, ""classification"" là một thuật ngữ quan trọng.]",en,education_academia,single_word,B1
6a23322c-80ca-407a-b068-31d7f2c390df,curriculum,/kəˈrɪkjələm/,chương trình giảng dạy; bản lý lịch,"In Education & Academia, 'curriculum' is an essential term. [Trong Giáo dục & Học thuật, ""curriculum"" là một thuật ngữ quan trọng.]",en,education_academia,single_word,B1
98bbc08a-d857-454d-b566-041024f992ac,educational,/ˌedʒuˈkeɪʃənl/,"thuộc ngành giáo dục; để giáo dục, sư phạm","In Education & Academia, 'educational' is an essential term. [Trong Giáo dục & Học thuật, ""educational"" là một thuật ngữ quan trọng.]",en,education_academia,single_word,B1
3eacb52b-dd28-4d83-8662-626684eb8ad6,examine,/ɪɡˈzæmɪn/,"nghiên cứu, quan sát, kiểm tra","In Education & Academia, 'examine' is an essential term. [Trong Giáo dục & Học thuật, ""examine"" là một thuật ngữ quan trọng.]",en,education_academia,single_word,B1
b7665c1f-5874-44db-b2c0-5fc22c0d0389,knowledge,/ˈnɑːlɪdʒ/,tri thức,"In Education & Academia, 'knowledge' is an essential term. [Trong Giáo dục & Học thuật, ""knowledge"" là một thuật ngữ quan trọng.]",en,education_academia,single_word,B1
5129507b-0266-4b41-9075-6c387b4af659,learning,/ˈlɜːrnɪŋ/,Học hỏi,"In Education & Academia, 'learning' is an essential term. [Trong Giáo dục & Học thuật, ""learning"" là một thuật ngữ quan trọng.]",en,education_academia,single_word,B1
f466d82c-1781-44eb-ae15-d87739aa6cfa,project,/ˈprɑːdʒekt/,chiếu,"In Education & Academia, 'project' is an essential term. [Trong Giáo dục & Học thuật, ""project"" là một thuật ngữ quan trọng.]",en,education_academia,single_word,B1
bd9c40b4-4970-4929-aacd-6f8f3d844b83,qualify,/ˈkwɑːlɪfaɪ/,"xác định, định tính","In Education & Academia, 'qualify' is an essential term. [Trong Giáo dục & Học thuật, ""qualify"" là một thuật ngữ quan trọng.]",en,education_academia,single_word,B1
7a63b262-3392-4f9e-b6b8-0e117348840e,scholarship,/ˈskɑːlərʃɪp/,"sự học rộng, sự uyên thâm, sự uyên bác, sự thông thái; học bổng","In Education & Academia, 'scholarship' is an essential term. [Trong Giáo dục & Học thuật, ""scholarship"" là một thuật ngữ quan trọng.]",en,education_academia,single_word,B1
875e1381-19c8-40d3-ba58-ee0d4b680b4b,school,/skuːl/,"đàn cá, bầy cá; hợp thành đàn, bơi thành bầy","In Education & Academia, 'school' is an essential term. [Trong Giáo dục & Học thuật, ""school"" là một thuật ngữ quan trọng.]",en,education_academia,single_word,B1
3194b1e4-0035-42e9-8e93-689a65ad7ad3,acknowledge,/əkˈnɑːlɪdʒ/,"nhận, thừa nhận, công nhận; báo cho biết đã nhận được","In Education & Academia, 'acknowledge' is an essential term. [Trong Giáo dục & Học thuật, ""acknowledge"" là một thuật ngữ quan trọng.]",en,education_academia,single_word,B1
46b3295b-b545-48bd-890c-9e85ee638abf,classic,/ˈklæsɪk/,cổ điển,"In Education & Academia, 'classic' is an essential term. [Trong Giáo dục & Học thuật, ""classic"" là một thuật ngữ quan trọng.]",en,education_academia,single_word,B1
138812ec-6c7d-4713-9893-655c90e8ab02,classify,/ˈklæsɪfaɪ/,"phân loại, phân lớp, phân hạng","In Education & Academia, 'classify' is an essential term. [Trong Giáo dục & Học thuật, ""classify"" là một thuật ngữ quan trọng.]",en,education_academia,single_word,B1
079e77f5-acbd-4ebe-8038-07397433f4b6,degree,/dɪˈɡriː/,"độ, cấp bậc; d. of accuracy độ chính xác","In Education & Academia, 'degree' is an essential term. [Trong Giáo dục & Học thuật, ""degree"" là một thuật ngữ quan trọng.]",en,education_academia,single_word,B1
06a11abd-9946-437d-8a2f-dcd332e18521,discourse,/ˈdɪskɔːrs/,"bài thuyết trình, bài diễn thuyết; bài nghị luận, bài luận văn; bài giảng đạo; cuộc nói chuyện, cuộc đàm luận","In Education & Academia, 'discourse' is an essential term. [Trong Giáo dục & Học thuật, ""discourse"" là một thuật ngữ quan trọng.]",en,education_academia,single_word,B1
f2f8200d-5064-4c8d-b895-e98743e822ae,essay,/ˈeseɪ/,sự làm thử; sự làm cố gắng; bài tiểu luận,"In Education & Academia, 'essay' is an essential term. [Trong Giáo dục & Học thuật, ""essay"" là một thuật ngữ quan trọng.]",en,education_academia,single_word,B1
ecc6b9fe-72aa-49b7-8768-39df71dfc9cb,example,/ɪɡˈzæmpl/,ví dụ; for e. ví dụ như,"In Education & Academia, 'example' is an essential term. [Trong Giáo dục & Học thuật, ""example"" là một thuật ngữ quan trọng.]",en,education_academia,single_word,B1
8462433d-f340-4361-a5c5-c476ccb416c7,lesson,/ˈlesn/,bài học,"In Education & Academia, 'lesson' is an essential term. [Trong Giáo dục & Học thuật, ""lesson"" là một thuật ngữ quan trọng.]",en,education_academia,single_word,B1
7ebca636-6da1-404d-9a23-6a399e2ef3c2,qualification,/ˌkwɑːlɪfɪˈkeɪʃn/,"sự cho là; sự gọi là; sự định tính chất, sự định phẩm chất; tư cách khả năng, điều kiện, tiêu chuẩn, trình độ chuyên môn ;  giấy tờ chứng nhận khả năng","In Education & Academia, 'qualification' is an essential term. [Trong Giáo dục & Học thuật, ""qualification"" là một thuật ngữ quan trọng.]",en,education_academia,single_word,B1
133e2726-e8bc-4d70-a6fe-6c9effd3eaf3,scholar,/ˈskɑːlər/,"người có học thức, nhà thông thái; nhà học giả; môn sinh","In Education & Academia, 'scholar' is an essential term. [Trong Giáo dục & Học thuật, ""scholar"" là một thuật ngữ quan trọng.]",en,education_academia,single_word,B1
80ecb5e0-70b4-4d86-937d-4b3f09f91f9d,textbook,/ˈtekstbʊk/,sách giáo khoa  text),"In Education & Academia, 'textbook' is an essential term. [Trong Giáo dục & Học thuật, ""textbook"" là một thuật ngữ quan trọng.]",en,education_academia,single_word,B1
eeb96305-d588-4c8b-b8c7-a13cdf83f929,thesis,/ˈθiːsɪs/,"luận văn, luận án; luận điểm, luận đề, thuyết","In Education & Academia, 'thesis' is an essential term. [Trong Giáo dục & Học thuật, ""thesis"" là một thuật ngữ quan trọng.]",en,education_academia,single_word,B1
cac5d02a-e2a3-49fd-8945-81b9676605ed,academy,/əˈkædəmi/,học viện; viện hàn lâm,"In Education & Academia, 'academy' is an essential term. [Trong Giáo dục & Học thuật, ""academy"" là một thuật ngữ quan trọng.]",en,education_academia,single_word,B1
54f6b3f8-6c82-4a4e-887c-2fdca1bce1d4,analysis,/əˈnæləsɪs/,giải tích; sự phân tích; a. of causes phân tích nguyên nhân,"In Education & Academia, 'analysis' is an essential term. [Trong Giáo dục & Học thuật, ""analysis"" là một thuật ngữ quan trọng.]",en,education_academia,single_word,B1
7ece33be-9cb1-4038-b979-4c9c3cca76b7,attendance,/əˈtendəns/,"sự dự, sự có mặt; số người dự, số người có mặt","In Education & Academia, 'attendance' is an essential term. [Trong Giáo dục & Học thuật, ""attendance"" là một thuật ngữ quan trọng.]",en,education_academia,single_word,B1
cae8df9d-dd73-4df3-b3fa-c59dd78edf63,campus,/ˈkæmpəs/,khu sân bãi; khu trường sở,"In Education & Academia, 'campus' is an essential term. [Trong Giáo dục & Học thuật, ""campus"" là một thuật ngữ quan trọng.]",en,education_academia,single_word,B1
479da1a0-e995-4ee6-926b-7417ce6dc3c3,elementary,/ˌelɪˈmentri/,"cơ bản, sơ yếu; không phân tách được","In Education & Academia, 'elementary' is an essential term. [Trong Giáo dục & Học thuật, ""elementary"" là một thuật ngữ quan trọng.]",en,education_academia,single_word,B1
1ffe9b28-6d8a-4338-aa86-45cb2894e630,academic curriculum,/academic curriculum/,học thuật chương trình học,Effective Education & Academia relies on academic curriculum. [Lĩnh vực Giáo dục & Học thuật hiệu quả dựa trên học thuật chương trình học.],en,education_academia,phrase,B2
15c5e07c-e4e8-464e-b36b-09e7071b3a47,academic pedagogy,/academic pedagogy/,học thuật sư phạm,Effective Education & Academia relies on academic pedagogy. [Lĩnh vực Giáo dục & Học thuật hiệu quả dựa trên học thuật sư phạm.],en,education_academia,phrase,B2
9b067036-5749-425d-9614-308ff8924258,academic scholarship,/academic scholarship/,học thuật học bổng,Effective Education & Academia relies on academic scholarship. [Lĩnh vực Giáo dục & Học thuật hiệu quả dựa trên học thuật học bổng.],en,education_academia,phrase,B2
f347f99c-f270-49f3-a701-dea1ef3ca53e,academic faculty,/academic faculty/,học thuật khoa giảng dạy,Effective Education & Academia relies on academic faculty. [Lĩnh vực Giáo dục & Học thuật hiệu quả dựa trên học thuật khoa giảng dạy.],en,education_academia,phrase,B2
94f9da8e-4229-4fdd-8dcb-d10fae100b2c,academic dissertation,/academic dissertation/,học thuật luận văn,Effective Education & Academia relies on academic dissertation. [Lĩnh vực Giáo dục & Học thuật hiệu quả dựa trên học thuật luận văn.],en,education_academia,phrase,B2
8970cc30-7b19-4df0-b42d-8c24dbeaec8f,academic instruction,/academic instruction/,học thuật giảng dạy,Effective Education & Academia relies on academic instruction. [Lĩnh vực Giáo dục & Học thuật hiệu quả dựa trên học thuật giảng dạy.],en,education_academia,phrase,B2
93574f7b-b8c1-41fa-b8eb-dc0c602a0af1,academic qualification,/academic qualification/,học thuật văn bằng,Effective Education & Academia relies on academic qualification. [Lĩnh vực Giáo dục & Học thuật hiệu quả dựa trên học thuật văn bằng.],en,education_academia,phrase,B2
e728e200-9be5-4a61-83c1-5c61d9cda6c6,academic seminar,/academic seminar/,học thuật hội thảo,Effective Education & Academia relies on academic seminar. [Lĩnh vực Giáo dục & Học thuật hiệu quả dựa trên học thuật hội thảo.],en,education_academia,phrase,B2
1e6ea170-4dcb-4acd-beec-040e094c9aad,pedagogical curriculum,/pedagogical curriculum/,sư phạm chương trình học,Effective Education & Academia relies on pedagogical curriculum. [Lĩnh vực Giáo dục & Học thuật hiệu quả dựa trên sư phạm chương trình học.],en,education_academia,phrase,B2
af66d67e-cc18-4630-9995-ed1a6580509e,pedagogical pedagogy,/pedagogical pedagogy/,sư phạm sư phạm,Effective Education & Academia relies on pedagogical pedagogy. [Lĩnh vực Giáo dục & Học thuật hiệu quả dựa trên sư phạm sư phạm.],en,education_academia,phrase,B2
a29a85e4-e901-4668-8375-c349ddb72d8e,pedagogical scholarship,/pedagogical scholarship/,sư phạm học bổng,Effective Education & Academia relies on pedagogical scholarship. [Lĩnh vực Giáo dục & Học thuật hiệu quả dựa trên sư phạm học bổng.],en,education_academia,phrase,B2
47c127e3-add3-48eb-8f20-9814462027d3,pedagogical faculty,/pedagogical faculty/,sư phạm khoa giảng dạy,Effective Education & Academia relies on pedagogical faculty. [Lĩnh vực Giáo dục & Học thuật hiệu quả dựa trên sư phạm khoa giảng dạy.],en,education_academia,phrase,B2
33c2b895-6969-471c-94a4-0c8c84c21655,pedagogical dissertation,/pedagogical dissertation/,sư phạm luận văn,Effective Education & Academia relies on pedagogical dissertation. [Lĩnh vực Giáo dục & Học thuật hiệu quả dựa trên sư phạm luận văn.],en,education_academia,phrase,B2
a4e27160-d466-40ce-8b76-ce3238fa7d5c,pedagogical instruction,/pedagogical instruction/,sư phạm giảng dạy,Effective Education & Academia relies on pedagogical instruction. [Lĩnh vực Giáo dục & Học thuật hiệu quả dựa trên sư phạm giảng dạy.],en,education_academia,phrase,B2
2bc97ead-6dd2-4ce6-8dba-3d69f09c6aaa,pedagogical qualification,/pedagogical qualification/,sư phạm văn bằng,Effective Education & Academia relies on pedagogical qualification. [Lĩnh vực Giáo dục & Học thuật hiệu quả dựa trên sư phạm văn bằng.],en,education_academia,phrase,B2
1f5ca899-25e6-4b3d-9643-57963593458d,pedagogical seminar,/pedagogical seminar/,sư phạm hội thảo,Effective Education & Academia relies on pedagogical seminar. [Lĩnh vực Giáo dục & Học thuật hiệu quả dựa trên sư phạm hội thảo.],en,education_academia,phrase,B2
00b9e227-c784-49ae-b137-d7fe836a51a0,scholarly curriculum,/scholarly curriculum/,học giả chương trình học,Effective Education & Academia relies on scholarly curriculum. [Lĩnh vực Giáo dục & Học thuật hiệu quả dựa trên học giả chương trình học.],en,education_academia,phrase,B2
187fa069-6f0b-4881-9ca2-a1c8f1dd2268,scholarly pedagogy,/scholarly pedagogy/,học giả sư phạm,Effective Education & Academia relies on scholarly pedagogy. [Lĩnh vực Giáo dục & Học thuật hiệu quả dựa trên học giả sư phạm.],en,education_academia,phrase,B2
9e4dd37f-6f08-4681-9c4a-6818d5158b02,scholarly scholarship,/scholarly scholarship/,học giả học bổng,Effective Education & Academia relies on scholarly scholarship. [Lĩnh vực Giáo dục & Học thuật hiệu quả dựa trên học giả học bổng.],en,education_academia,phrase,B2
3566b6fe-1aff-45cf-b201-f95e106e147a,scholarly faculty,/scholarly faculty/,học giả khoa giảng dạy,Effective Education & Academia relies on scholarly faculty. [Lĩnh vực Giáo dục & Học thuật hiệu quả dựa trên học giả khoa giảng dạy.],en,education_academia,phrase,B2
955553d1-8ca9-4c27-a6e5-7a44d912c998,scholarly dissertation,/scholarly dissertation/,học giả luận văn,Effective Education & Academia relies on scholarly dissertation. [Lĩnh vực Giáo dục & Học thuật hiệu quả dựa trên học giả luận văn.],en,education_academia,phrase,B2
035b2de8-d246-4839-97c6-c8ba4942dd8c,scholarly instruction,/scholarly instruction/,học giả giảng dạy,Effective Education & Academia relies on scholarly instruction. [Lĩnh vực Giáo dục & Học thuật hiệu quả dựa trên học giả giảng dạy.],en,education_academia,phrase,B2
9cac127b-e346-403d-bca4-d847bfa764e9,scholarly qualification,/scholarly qualification/,học giả văn bằng,Effective Education & Academia relies on scholarly qualification. [Lĩnh vực Giáo dục & Học thuật hiệu quả dựa trên học giả văn bằng.],en,education_academia,phrase,B2
978788f6-07d7-42b1-9027-46ac503062d4,scholarly seminar,/scholarly seminar/,học giả hội thảo,Effective Education & Academia relies on scholarly seminar. [Lĩnh vực Giáo dục & Học thuật hiệu quả dựa trên học giả hội thảo.],en,education_academia,phrase,B2
831d02ae-59f9-4fa3-a95e-25c33b783a76,educational curriculum,/educational curriculum/,giáo dục chương trình học,Effective Education & Academia relies on educational curriculum. [Lĩnh vực Giáo dục & Học thuật hiệu quả dựa trên giáo dục chương trình học.],en,education_academia,phrase,B2
1d53132c-4d31-4046-ab06-4b771c83bb1c,educational pedagogy,/educational pedagogy/,giáo dục sư phạm,Effective Education & Academia relies on educational pedagogy. [Lĩnh vực Giáo dục & Học thuật hiệu quả dựa trên giáo dục sư phạm.],en,education_academia,phrase,B2
eaa66a8a-7f44-4488-ab08-3ee3538e8934,educational scholarship,/educational scholarship/,giáo dục học bổng,Effective Education & Academia relies on educational scholarship. [Lĩnh vực Giáo dục & Học thuật hiệu quả dựa trên giáo dục học bổng.],en,education_academia,phrase,B2
94b522bf-1bbc-40bc-ba61-9e3711093d32,educational faculty,/educational faculty/,giáo dục khoa giảng dạy,Effective Education & Academia relies on educational faculty. [Lĩnh vực Giáo dục & Học thuật hiệu quả dựa trên giáo dục khoa giảng dạy.],en,education_academia,phrase,B2
38160f60-46be-4bf4-ae34-adb964f735da,educational dissertation,/educational dissertation/,giáo dục luận văn,Effective Education & Academia relies on educational dissertation. [Lĩnh vực Giáo dục & Học thuật hiệu quả dựa trên giáo dục luận văn.],en,education_academia,phrase,B2
4f7504f9-21cc-4c66-aa6b-248d56b81178,educational instruction,/educational instruction/,giáo dục giảng dạy,Effective Education & Academia relies on educational instruction. [Lĩnh vực Giáo dục & Học thuật hiệu quả dựa trên giáo dục giảng dạy.],en,education_academia,phrase,B2
ee5187a7-6806-48ea-9a58-e34ef9cfa5f0,educational qualification,/educational qualification/,giáo dục văn bằng,Effective Education & Academia relies on educational qualification. [Lĩnh vực Giáo dục & Học thuật hiệu quả dựa trên giáo dục văn bằng.],en,education_academia,phrase,B2
7b3508d2-41a5-4eb5-97ca-13a2fa05e766,educational seminar,/educational seminar/,giáo dục hội thảo,Effective Education & Academia relies on educational seminar. [Lĩnh vực Giáo dục & Học thuật hiệu quả dựa trên giáo dục hội thảo.],en,education_academia,phrase,B2
6fd7f301-d082-435d-b506-61a06c03592c,intellectual curriculum,/intellectual curriculum/,trí tuệ chương trình học,Effective Education & Academia relies on intellectual curriculum. [Lĩnh vực Giáo dục & Học thuật hiệu quả dựa trên trí tuệ chương trình học.],en,education_academia,phrase,B2
560e419d-687d-4e0d-acaa-5e34253ad1a5,intellectual pedagogy,/intellectual pedagogy/,trí tuệ sư phạm,Effective Education & Academia relies on intellectual pedagogy. [Lĩnh vực Giáo dục & Học thuật hiệu quả dựa trên trí tuệ sư phạm.],en,education_academia,phrase,B2
4d0d9512-365e-4241-b78d-3d39cd4c8c90,intellectual scholarship,/intellectual scholarship/,trí tuệ học bổng,Effective Education & Academia relies on intellectual scholarship. [Lĩnh vực Giáo dục & Học thuật hiệu quả dựa trên trí tuệ học bổng.],en,education_academia,phrase,B2
57f55b72-3734-44f8-a164-fe32ff980ff5,intellectual faculty,/intellectual faculty/,trí tuệ khoa giảng dạy,Effective Education & Academia relies on intellectual faculty. [Lĩnh vực Giáo dục & Học thuật hiệu quả dựa trên trí tuệ khoa giảng dạy.],en,education_academia,phrase,B2
1f7e7bb2-ddd5-47f0-b4b0-6fece23e0a33,intellectual dissertation,/intellectual dissertation/,trí tuệ luận văn,Effective Education & Academia relies on intellectual dissertation. [Lĩnh vực Giáo dục & Học thuật hiệu quả dựa trên trí tuệ luận văn.],en,education_academia,phrase,B2
a1f4aa2b-f74a-4d60-9826-f9cd85c9f169,intellectual instruction,/intellectual instruction/,trí tuệ giảng dạy,Effective Education & Academia relies on intellectual instruction. [Lĩnh vực Giáo dục & Học thuật hiệu quả dựa trên trí tuệ giảng dạy.],en,education_academia,phrase,B2
aed32a8c-d93f-4609-846a-1a96d950ab90,intellectual qualification,/intellectual qualification/,trí tuệ văn bằng,Effective Education & Academia relies on intellectual qualification. [Lĩnh vực Giáo dục & Học thuật hiệu quả dựa trên trí tuệ văn bằng.],en,education_academia,phrase,B2
0deff329-65d3-4a8c-afd6-22ba2b63bf09,intellectual seminar,/intellectual seminar/,trí tuệ hội thảo,Effective Education & Academia relies on intellectual seminar. [Lĩnh vực Giáo dục & Học thuật hiệu quả dựa trên trí tuệ hội thảo.],en,education_academia,phrase,B2
ffcd4aca-8263-4d0a-9f9d-42cc3c895b15,disciplinary curriculum,/disciplinary curriculum/,chuyên ngành chương trình học,Effective Education & Academia relies on disciplinary curriculum. [Lĩnh vực Giáo dục & Học thuật hiệu quả dựa trên chuyên ngành chương trình học.],en,education_academia,phrase,B2
91318ddc-9197-4c43-9e5d-3bb3fb676167,disciplinary pedagogy,/disciplinary pedagogy/,chuyên ngành sư phạm,Effective Education & Academia relies on disciplinary pedagogy. [Lĩnh vực Giáo dục & Học thuật hiệu quả dựa trên chuyên ngành sư phạm.],en,education_academia,phrase,B2
de3f8a6e-cd9a-4c43-a416-7188e508c81c,disciplinary scholarship,/disciplinary scholarship/,chuyên ngành học bổng,Effective Education & Academia relies on disciplinary scholarship. [Lĩnh vực Giáo dục & Học thuật hiệu quả dựa trên chuyên ngành học bổng.],en,education_academia,phrase,B2
0290cbe6-4224-4aa7-aaa0-dcd295748cdd,disciplinary faculty,/disciplinary faculty/,chuyên ngành khoa giảng dạy,Effective Education & Academia relies on disciplinary faculty. [Lĩnh vực Giáo dục & Học thuật hiệu quả dựa trên chuyên ngành khoa giảng dạy.],en,education_academia,phrase,B2
447a7303-5c61-4f7d-ac93-63ef50987783,disciplinary dissertation,/disciplinary dissertation/,chuyên ngành luận văn,Effective Education & Academia relies on disciplinary dissertation. [Lĩnh vực Giáo dục & Học thuật hiệu quả dựa trên chuyên ngành luận văn.],en,education_academia,phrase,B2
9d5a2974-74dc-49a9-8c21-cd57bc49148e,disciplinary instruction,/disciplinary instruction/,chuyên ngành giảng dạy,Effective Education & Academia relies on disciplinary instruction. [Lĩnh vực Giáo dục & Học thuật hiệu quả dựa trên chuyên ngành giảng dạy.],en,education_academia,phrase,B2
69d16060-f50c-4c16-b2ca-cacfd148b7a9,disciplinary qualification,/disciplinary qualification/,chuyên ngành văn bằng,Effective Education & Academia relies on disciplinary qualification. [Lĩnh vực Giáo dục & Học thuật hiệu quả dựa trên chuyên ngành văn bằng.],en,education_academia,phrase,B2
6fcf4a96-c08e-4402-8215-e0eef57b7de7,disciplinary seminar,/disciplinary seminar/,chuyên ngành hội thảo,Effective Education & Academia relies on disciplinary seminar. [Lĩnh vực Giáo dục & Học thuật hiệu quả dựa trên chuyên ngành hội thảo.],en,education_academia,phrase,B2
848943d1-95a0-468d-ae72-7c5287981526,vocational curriculum,/vocational curriculum/,nghề nghiệp chương trình học,Effective Education & Academia relies on vocational curriculum. [Lĩnh vực Giáo dục & Học thuật hiệu quả dựa trên nghề nghiệp chương trình học.],en,education_academia,phrase,B2
c582260b-4841-430c-9f0d-a34a1556d04a,vocational pedagogy,/vocational pedagogy/,nghề nghiệp sư phạm,Effective Education & Academia relies on vocational pedagogy. [Lĩnh vực Giáo dục & Học thuật hiệu quả dựa trên nghề nghiệp sư phạm.],en,education_academia,phrase,B2
24fbffe8-d564-44a3-911e-593b849aa5eb,lawyer,/ˈlɔɪər/,luật sư; luật gia,"In Law & Justice, 'lawyer' is an essential term. [Trong Pháp luật & Tư pháp, ""lawyer"" là một thuật ngữ quan trọng.]",en,law_justice,single_word,B1
14dbf24d-7f4a-4122-ac03-2b5a79cd801b,trial,/ˈtraɪəl/,"phép thử, thí nghiệm; uniformity t.  phép thử đều","In Law & Justice, 'trial' is an essential term. [Trong Pháp luật & Tư pháp, ""trial"" là một thuật ngữ quan trọng.]",en,law_justice,single_word,B1
a0a23b9d-d23e-4b31-a22a-c8674c9a5385,court,/kɔːrt/,sân nhà; toà án; quan toà; phiên toà,"In Law & Justice, 'court' is an essential term. [Trong Pháp luật & Tư pháp, ""court"" là một thuật ngữ quan trọng.]",en,law_justice,single_word,B1
024a6a64-2e0e-40a0-850b-07945096a95b,illegal,/ɪˈliːɡl/,"không hợp pháp, trái luật","In Law & Justice, 'illegal' is an essential term. [Trong Pháp luật & Tư pháp, ""illegal"" là một thuật ngữ quan trọng.]",en,law_justice,single_word,B1
23ab3256-b759-4b56-98fd-340407d6f858,prisoner,/ˈprɪznər/,"người bị giam giữ, người tù; con vật bị nhốt; tù binh  prisoner of war)","In Law & Justice, 'prisoner' is an essential term. [Trong Pháp luật & Tư pháp, ""prisoner"" là một thuật ngữ quan trọng.]",en,law_justice,single_word,B1
a1745077-3937-4c4d-bd16-455cac470f78,attorney,/əˈtɜːrni/,người được uỷ quyền đại diện trước toà; luật sư,"In Law & Justice, 'attorney' is an essential term. [Trong Pháp luật & Tư pháp, ""attorney"" là một thuật ngữ quan trọng.]",en,law_justice,single_word,B1
eb04122e-dbc3-4206-9afe-e18352d91992,judge,/dʒʌdʒ/,"phán đoán, tranh luận","In Law & Justice, 'judge' is an essential term. [Trong Pháp luật & Tư pháp, ""judge"" là một thuật ngữ quan trọng.]",en,law_justice,single_word,B1
60d38c07-86c5-4cc6-8868-6b2a984090bc,jury,/ˈdʒʊri/,"ban hội thẩm, ban bồi thẩm; ban giám khảo","In Law & Justice, 'jury' is an essential term. [Trong Pháp luật & Tư pháp, ""jury"" là một thuật ngữ quan trọng.]",en,law_justice,single_word,B1
68337c5e-e66b-4fc4-846a-ade99a364f9a,prison,/ˈprɪzn/,"nhà tù, nhà lao, nhà giam; bỏ tù, bỏ ngục, giam cầm","In Law & Justice, 'prison' is an essential term. [Trong Pháp luật & Tư pháp, ""prison"" là một thuật ngữ quan trọng.]",en,law_justice,single_word,B1
6f2878b0-0abd-4a0d-a650-43d26622b4bd,innocent,/ˈɪnəsnt/,vô tội; không có tội; còn trong trắng; còn trinh,"In Law & Justice, 'innocent' is an essential term. [Trong Pháp luật & Tư pháp, ""innocent"" là một thuật ngữ quan trọng.]",en,law_justice,single_word,B1
20b3f79e-bca0-48ba-b2c8-400101008c8b,law,/lɔː/,"luật, quy luật; định luật; nguyên lý; công thức; định lý; l. of action and reaction định luật tác dụng và phản tác dụng","In Law & Justice, 'law' is an essential term. [Trong Pháp luật & Tư pháp, ""law"" là một thuật ngữ quan trọng.]",en,law_justice,single_word,B1
4e758715-0b84-4019-a3b4-3d15f200082c,police,/pəˈliːs/,"cảnh sát, công an; những người cảnh sát, những người công an","In Law & Justice, 'police' is an essential term. [Trong Pháp luật & Tư pháp, ""police"" là một thuật ngữ quan trọng.]",en,law_justice,single_word,B1
af520ef1-e184-4ea6-9580-a9ef75fe9bb6,verdict,/ˈvɜːrdɪkt/,"lời tuyên án, lời phán quyết; sự quyết định, sự nhận định; dư luận","In Law & Justice, 'verdict' is an essential term. [Trong Pháp luật & Tư pháp, ""verdict"" là một thuật ngữ quan trọng.]",en,law_justice,single_word,B1
54bf0d60-03c6-4069-a80d-276f60dc2a92,crime,/kraɪm/,tội ác; tội lỗi,"In Law & Justice, 'crime' is an essential term. [Trong Pháp luật & Tư pháp, ""crime"" là một thuật ngữ quan trọng.]",en,law_justice,single_word,B1
5092c6e1-62f7-4c06-b302-8ad56119ebd6,flawed,/flɔːd/,"có vết, rạn nứt; có chỗ hỏng","In Law & Justice, 'flawed' is an essential term. [Trong Pháp luật & Tư pháp, ""flawed"" là một thuật ngữ quan trọng.]",en,law_justice,single_word,B1
e10bea46-8877-47ad-b014-a96687be807c,imprison,/ɪmˈprɪzn/,"bỏ tù, tống giam, giam cầm; giam hãm, o bế","In Law & Justice, 'imprison' is an essential term. [Trong Pháp luật & Tư pháp, ""imprison"" là một thuật ngữ quan trọng.]",en,law_justice,single_word,B1
0d40017c-d5ce-4086-8ac7-a22f6f0f81f2,imprisonment,/ɪmˈprɪznmənt/,"sự bỏ tù, sự tống giam, sự giam cầm; sự giam hãm, sự o bế","In Law & Justice, 'imprisonment' is an essential term. [Trong Pháp luật & Tư pháp, ""imprisonment"" là một thuật ngữ quan trọng.]",en,law_justice,single_word,B1
1492df90-a477-4b39-a9ac-01a6137c5761,lawsuit,/ˈlɔːsuːt/,"việc kiện cáo, việc tố tụng","In Law & Justice, 'lawsuit' is an essential term. [Trong Pháp luật & Tư pháp, ""lawsuit"" là một thuật ngữ quan trọng.]",en,law_justice,single_word,B1
500515f1-85ca-4e13-850b-11b72cc43700,legal,/ˈliːɡl/,"hợp pháp, theo pháp luật; do pháp luật định","In Law & Justice, 'legal' is an essential term. [Trong Pháp luật & Tư pháp, ""legal"" là một thuật ngữ quan trọng.]",en,law_justice,single_word,B1
22857ab3-9d28-475b-9f37-2f9b6f6ce0a2,policeman,/pəˈliːsmən/,"cảnh sát, công an","In Law & Justice, 'policeman' is an essential term. [Trong Pháp luật & Tư pháp, ""policeman"" là một thuật ngữ quan trọng.]",en,law_justice,single_word,B1
3709c4a0-71e2-434f-9981-e7345c957ab2,punish,/ˈpʌnɪʃ/,"phạt, trừng phạt, trừng trị; cho  ăn đòn nặng ; làm nhoài, làm kiệt sức","In Law & Justice, 'punish' is an essential term. [Trong Pháp luật & Tư pháp, ""punish"" là một thuật ngữ quan trọng.]",en,law_justice,single_word,B1
796b3d9c-d232-439e-bd58-12196f46e7a8,punishment,/ˈpʌnɪʃmənt/,"sự phạt, sự trừng phạt, sự trừng trị; ,   sự hành hạ, sự ngược đãi","In Law & Justice, 'punishment' is an essential term. [Trong Pháp luật & Tư pháp, ""punishment"" là một thuật ngữ quan trọng.]",en,law_justice,single_word,B1
71a9b9a3-4100-4672-84de-9fbbdf628f79,solicitor,/səˈlɪsɪtər/,cố vấn pháp luật; người đi vận động,"In Law & Justice, 'solicitor' is an essential term. [Trong Pháp luật & Tư pháp, ""solicitor"" là một thuật ngữ quan trọng.]",en,law_justice,single_word,B1
35200721-9f81-4957-bc1c-40007bf0a25a,accusation,/ˌækjuˈzeɪʃn/,"sự kết tội, sự buộc tội; sự bị kết tội; sự tố cáo","In Law & Justice, 'accusation' is an essential term. [Trong Pháp luật & Tư pháp, ""accusation"" là một thuật ngữ quan trọng.]",en,law_justice,single_word,B1
a76a4ea7-33e9-4122-afff-eac509fdb350,confess,/kənˈfes/,"thú tội, thú nhận; xưng tội; nghe xưng tội","In Law & Justice, 'confess' is an essential term. [Trong Pháp luật & Tư pháp, ""confess"" là một thuật ngữ quan trọng.]",en,law_justice,single_word,B1
3f578ab6-16d4-4822-81d1-b1f7e1ace4a0,convict,/kənˈvɪkt/,"người bị kết án tù, người tù; kết án, tuyên bố có tội","In Law & Justice, 'convict' is an essential term. [Trong Pháp luật & Tư pháp, ""convict"" là một thuật ngữ quan trọng.]",en,law_justice,single_word,B1
28b746cf-021c-4d91-aebb-8709645b84a0,conviction,/kənˈvɪkʃn/,"sự kết án, sự kết tội; sự tin chắc; sức thuyết phục","In Law & Justice, 'conviction' is an essential term. [Trong Pháp luật & Tư pháp, ""conviction"" là một thuật ngữ quan trọng.]",en,law_justice,single_word,B1
f9c4c559-c5b6-4d59-ac6f-f37077a03ca5,courtesy,/ˈkɜːrtəsi/,"sự lịch sự, sự nhã nhặn; tác phong lịch sự, tác phong nhã nhặn","In Law & Justice, 'courtesy' is an essential term. [Trong Pháp luật & Tư pháp, ""courtesy"" là một thuật ngữ quan trọng.]",en,law_justice,single_word,B1
bd23430c-9828-41fa-a9a0-d3d193062c00,flaw,/flɔː/,cơn gió mạnh; cơn bâo ngắn,"In Law & Justice, 'flaw' is an essential term. [Trong Pháp luật & Tư pháp, ""flaw"" là một thuật ngữ quan trọng.]",en,law_justice,single_word,B1
c14bcd19-4c36-4e5a-907d-0fb6f5fd2e77,fraud,/frɔːd/,"sự gian lận, sự gian trá; sự lừa lọc, sự lừa gạt; âm mưu lừa gạt, mưu gian","In Law & Justice, 'fraud' is an essential term. [Trong Pháp luật & Tư pháp, ""fraud"" là một thuật ngữ quan trọng.]",en,law_justice,single_word,B1
4f60929d-482b-4fd3-8774-65e5bde933ce,guilty,/ˈɡɪlti/,"có tội, phạm tội, tội lỗi","In Law & Justice, 'guilty' is an essential term. [Trong Pháp luật & Tư pháp, ""guilty"" là một thuật ngữ quan trọng.]",en,law_justice,single_word,B1
50b4d379-6a31-4bf4-8af5-d45f1de30333,impose,/ɪmˈpəʊz/,"đánh ; bắt chịu, bắt gánh vác, bắt cáng đáng; đánh lừa tống ấn, đánh lộn sòng, đánh tráo","In Law & Justice, 'impose' is an essential term. [Trong Pháp luật & Tư pháp, ""impose"" là một thuật ngữ quan trọng.]",en,law_justice,single_word,B1
c6f54aba-4b39-4978-bcf7-d99846a25495,industrial,/ɪnˈdʌstriəl/,công nghiệp,"In Law & Justice, 'industrial' is an essential term. [Trong Pháp luật & Tư pháp, ""industrial"" là một thuật ngữ quan trọng.]",en,law_justice,single_word,B1
df059c7d-f67b-4147-b90b-0e2ad79c04f0,injury,/ˈɪndʒəri/,"sự làm hại, sự làm tổn hại, sự làm hỏng; điều hại, điều tổn hại; chỗ hỏng; chỗ bị thương","In Law & Justice, 'injury' is an essential term. [Trong Pháp luật & Tư pháp, ""injury"" là một thuật ngữ quan trọng.]",en,law_justice,single_word,B1
63ac4e26-9da2-4c44-a618-1f811a17ba44,injustice,/ɪnˈdʒʌstɪs/,sự bất công; việc bất công,"In Law & Justice, 'injustice' is an essential term. [Trong Pháp luật & Tư pháp, ""injustice"" là một thuật ngữ quan trọng.]",en,law_justice,single_word,B1
8045caa4-8354-4ddf-a313-1968d5815bbf,judgement,/ˈdʒʌdʒmənt/,"sự xét xử; quyết định của toà; phán quyết, án","In Law & Justice, 'judgement' is an essential term. [Trong Pháp luật & Tư pháp, ""judgement"" là một thuật ngữ quan trọng.]",en,law_justice,single_word,B1
92d38bd0-aa2c-43c3-a074-32b348283513,judicial,/dʒuˈdɪʃl/,"toà án;  quan toà;  pháp luật  judiciary); do toà án xét xử, do toà quyết định","In Law & Justice, 'judicial' is an essential term. [Trong Pháp luật & Tư pháp, ""judicial"" là một thuật ngữ quan trọng.]",en,law_justice,single_word,B1
b6699000-5ec3-4801-8469-6dec3baf037b,justice,/ˈdʒʌstɪs/,"sự công bằng; công lý, tư pháp, sự xét xử của toà án; quyền tài phán","In Law & Justice, 'justice' is an essential term. [Trong Pháp luật & Tư pháp, ""justice"" là một thuật ngữ quan trọng.]",en,law_justice,single_word,B1
bf4e38ab-80cd-4f77-a9a8-d9fd78018a7f,kidnap,/ˈkɪdnæp/,bắt cóc,"In Law & Justice, 'kidnap' is an essential term. [Trong Pháp luật & Tư pháp, ""kidnap"" là một thuật ngữ quan trọng.]",en,law_justice,single_word,B1
4fbc7be7-d673-4288-9592-6b11ff361bdb,lawn,/lɔːn/,vải batit; bãi c,"In Law & Justice, 'lawn' is an essential term. [Trong Pháp luật & Tư pháp, ""lawn"" là một thuật ngữ quan trọng.]",en,law_justice,single_word,B1
736121b6-03b1-4a7c-98f7-0f50f6930f12,magistrate,/ˈmædʒɪstreɪt/,quan toà,"In Law & Justice, 'magistrate' is an essential term. [Trong Pháp luật & Tư pháp, ""magistrate"" là một thuật ngữ quan trọng.]",en,law_justice,single_word,B1
fe7ce7c8-21ba-4c8a-8ffa-3bc47b4d64c9,penalty,/ˈpenəlti/,"hình phạt, tiền phạt; quả phạt đền","In Law & Justice, 'penalty' is an essential term. [Trong Pháp luật & Tư pháp, ""penalty"" là một thuật ngữ quan trọng.]",en,law_justice,single_word,B1
1b05fe7a-13c7-43e9-9fbe-53caadee5b28,prosecution,/ˌprɑːsɪˈkjuːʃn/,"sự theo đuổi, sự tiếp tục ; sự tiến hành; sự khởi tố, sự kiện; bên khởi tố, bên nguyên","In Law & Justice, 'prosecution' is an essential term. [Trong Pháp luật & Tư pháp, ""prosecution"" là một thuật ngữ quan trọng.]",en,law_justice,single_word,B1
bac509c7-b028-4cee-ae54-1d6e2b1a2fac,rule,/ruːl/,"quy tắc, quy luật; thước; r. of arithmetics quy tắc số học","In Law & Justice, 'rule' is an essential term. [Trong Pháp luật & Tư pháp, ""rule"" là một thuật ngữ quan trọng.]",en,law_justice,single_word,B1
c481f8f6-da8f-4ac0-861a-c09b8655ce48,warrant,/ˈwɔːrənt/,Sự đảm bảo.,"In Law & Justice, 'warrant' is an essential term. [Trong Pháp luật & Tư pháp, ""warrant"" là một thuật ngữ quan trọng.]",en,law_justice,single_word,B1
50626170-658f-424a-9281-d1acb27c92f2,accused,/ði əˈkjuːzd/,bị cáo,"In Law & Justice, 'accused' is an essential term. [Trong Pháp luật & Tư pháp, ""accused"" là một thuật ngữ quan trọng.]",en,law_justice,single_word,B1
0ff2893d-9c96-4cf3-adeb-4aba7fde3d63,allegation,/ˌæləˈɡeɪʃn/,"sự viện lý, sự viện lẽ; luận điệu; lý để vin vào, cớ để vin vào","In Law & Justice, 'allegation' is an essential term. [Trong Pháp luật & Tư pháp, ""allegation"" là một thuật ngữ quan trọng.]",en,law_justice,single_word,B1
b1e2bfc7-da58-43c4-9457-16ee4434fd4b,bail,/beɪl/,tiền bảo lãnh; người bảo lãnh,"In Law & Justice, 'bail' is an essential term. [Trong Pháp luật & Tư pháp, ""bail"" là một thuật ngữ quan trọng.]",en,law_justice,single_word,B1
22f20f73-b8f3-43eb-b2cc-329ba3afb707,clue,/kluː/,đầu mối; manh mối; dòng tư tưởng; mạch câu chuyện,"In Law & Justice, 'clue' is an essential term. [Trong Pháp luật & Tư pháp, ""clue"" là một thuật ngữ quan trọng.]",en,law_justice,single_word,B1
98a97c37-3467-4806-856a-7efcd5bc23d0,commit,/kəˈmɪt/,"giao, gửi, giao phó, uỷ nhiệm, uỷ thác; bỏ tù, giam giữ, tống giam","In Law & Justice, 'commit' is an essential term. [Trong Pháp luật & Tư pháp, ""commit"" là một thuật ngữ quan trọng.]",en,law_justice,single_word,B1
31a368ca-5d7b-412b-8a09-392333d33ccc,judicial jurisdiction,/judicial jurisdiction/,tư pháp thẩm quyền,Effective Law & Justice relies on judicial jurisdiction. [Lĩnh vực Pháp luật & Tư pháp hiệu quả dựa trên tư pháp thẩm quyền.],en,law_justice,phrase,B2
65421a43-e6fc-4610-9faa-a317b2a677b9,judicial legislation,/judicial legislation/,tư pháp pháp luật,Effective Law & Justice relies on judicial legislation. [Lĩnh vực Pháp luật & Tư pháp hiệu quả dựa trên tư pháp pháp luật.],en,law_justice,phrase,B2
e8be9356-3a20-4302-a2b1-a6ab28f6617e,judicial prosecution,/judicial prosecution/,tư pháp truy tố,Effective Law & Justice relies on judicial prosecution. [Lĩnh vực Pháp luật & Tư pháp hiệu quả dựa trên tư pháp truy tố.],en,law_justice,phrase,B2
7add097b-5727-4982-afe3-c57f377322b9,judicial statute,/judicial statute/,tư pháp đạo luật,Effective Law & Justice relies on judicial statute. [Lĩnh vực Pháp luật & Tư pháp hiệu quả dựa trên tư pháp đạo luật.],en,law_justice,phrase,B2
b5333516-25e3-45de-8344-f02f61be6858,judicial tribunal,/judicial tribunal/,tư pháp tòa án,Effective Law & Justice relies on judicial tribunal. [Lĩnh vực Pháp luật & Tư pháp hiệu quả dựa trên tư pháp tòa án.],en,law_justice,phrase,B2
f57ed94c-c946-4c6c-ad66-b67d260d0ae2,judicial verdict,/judicial verdict/,tư pháp bản án,Effective Law & Justice relies on judicial verdict. [Lĩnh vực Pháp luật & Tư pháp hiệu quả dựa trên tư pháp bản án.],en,law_justice,phrase,B2
19265b55-6fe3-4847-9a68-b12da42647f0,judicial litigation,/judicial litigation/,tư pháp tranh tụng,Effective Law & Justice relies on judicial litigation. [Lĩnh vực Pháp luật & Tư pháp hiệu quả dựa trên tư pháp tranh tụng.],en,law_justice,phrase,B2
9138136e-99b7-4d92-a19c-ff08ddab1d5b,judicial advocacy,/judicial advocacy/,tư pháp bào chữa,Effective Law & Justice relies on judicial advocacy. [Lĩnh vực Pháp luật & Tư pháp hiệu quả dựa trên tư pháp bào chữa.],en,law_justice,phrase,B2
033053f8-fed0-4bce-ac3b-d9ffa0368c89,constitutional jurisdiction,/constitutional jurisdiction/,hiến pháp thẩm quyền,Effective Law & Justice relies on constitutional jurisdiction. [Lĩnh vực Pháp luật & Tư pháp hiệu quả dựa trên hiến pháp thẩm quyền.],en,law_justice,phrase,B2
84c06efc-c32d-4687-8883-7fb734be975a,constitutional legislation,/constitutional legislation/,hiến pháp pháp luật,Effective Law & Justice relies on constitutional legislation. [Lĩnh vực Pháp luật & Tư pháp hiệu quả dựa trên hiến pháp pháp luật.],en,law_justice,phrase,B2
a8757dfb-8549-4571-a978-a24556b51c1f,constitutional prosecution,/constitutional prosecution/,hiến pháp truy tố,Effective Law & Justice relies on constitutional prosecution. [Lĩnh vực Pháp luật & Tư pháp hiệu quả dựa trên hiến pháp truy tố.],en,law_justice,phrase,B2
59fdc9fa-f904-4993-a05e-18ad602fae3c,constitutional statute,/constitutional statute/,hiến pháp đạo luật,Effective Law & Justice relies on constitutional statute. [Lĩnh vực Pháp luật & Tư pháp hiệu quả dựa trên hiến pháp đạo luật.],en,law_justice,phrase,B2
12c2307a-998a-4b21-8a0b-fe33b6c31606,constitutional tribunal,/constitutional tribunal/,hiến pháp tòa án,Effective Law & Justice relies on constitutional tribunal. [Lĩnh vực Pháp luật & Tư pháp hiệu quả dựa trên hiến pháp tòa án.],en,law_justice,phrase,B2
5c189ddb-b785-4517-b1c0-12a2d730aee5,constitutional verdict,/constitutional verdict/,hiến pháp bản án,Effective Law & Justice relies on constitutional verdict. [Lĩnh vực Pháp luật & Tư pháp hiệu quả dựa trên hiến pháp bản án.],en,law_justice,phrase,B2
46cc9954-c200-480d-8ec5-bc9e87a8c23b,constitutional litigation,/constitutional litigation/,hiến pháp tranh tụng,Effective Law & Justice relies on constitutional litigation. [Lĩnh vực Pháp luật & Tư pháp hiệu quả dựa trên hiến pháp tranh tụng.],en,law_justice,phrase,B2
182e75a4-600e-421f-bd64-cb8013fa1293,constitutional advocacy,/constitutional advocacy/,hiến pháp bào chữa,Effective Law & Justice relies on constitutional advocacy. [Lĩnh vực Pháp luật & Tư pháp hiệu quả dựa trên hiến pháp bào chữa.],en,law_justice,phrase,B2
bdb9df3b-b668-4d1a-be4a-9c101a27034a,legal jurisdiction,/legal jurisdiction/,pháp lý thẩm quyền,Effective Law & Justice relies on legal jurisdiction. [Lĩnh vực Pháp luật & Tư pháp hiệu quả dựa trên pháp lý thẩm quyền.],en,law_justice,phrase,B2
4c5e2c3e-1cb4-443f-a296-fc7f36c8eaf2,legal legislation,/legal legislation/,pháp lý pháp luật,Effective Law & Justice relies on legal legislation. [Lĩnh vực Pháp luật & Tư pháp hiệu quả dựa trên pháp lý pháp luật.],en,law_justice,phrase,B2
5f70d798-6d52-4314-8a59-c19ef9a16777,legal prosecution,/legal prosecution/,pháp lý truy tố,Effective Law & Justice relies on legal prosecution. [Lĩnh vực Pháp luật & Tư pháp hiệu quả dựa trên pháp lý truy tố.],en,law_justice,phrase,B2
b53aaa0e-8fbe-41a3-b689-a297b29471e3,legal statute,/legal statute/,pháp lý đạo luật,Effective Law & Justice relies on legal statute. [Lĩnh vực Pháp luật & Tư pháp hiệu quả dựa trên pháp lý đạo luật.],en,law_justice,phrase,B2
1c33dbe4-dd05-4d8c-94a6-987068b5f793,legal tribunal,/legal tribunal/,pháp lý tòa án,Effective Law & Justice relies on legal tribunal. [Lĩnh vực Pháp luật & Tư pháp hiệu quả dựa trên pháp lý tòa án.],en,law_justice,phrase,B2
34d08369-39d3-4cf1-b100-cb671e7b5895,legal verdict,/legal verdict/,pháp lý bản án,Effective Law & Justice relies on legal verdict. [Lĩnh vực Pháp luật & Tư pháp hiệu quả dựa trên pháp lý bản án.],en,law_justice,phrase,B2
258988f9-2789-478c-b5b0-bbb3e942e091,legal litigation,/legal litigation/,pháp lý tranh tụng,Effective Law & Justice relies on legal litigation. [Lĩnh vực Pháp luật & Tư pháp hiệu quả dựa trên pháp lý tranh tụng.],en,law_justice,phrase,B2
79ce6932-4a33-4019-9777-b1b8623097b3,legal advocacy,/legal advocacy/,pháp lý bào chữa,Effective Law & Justice relies on legal advocacy. [Lĩnh vực Pháp luật & Tư pháp hiệu quả dựa trên pháp lý bào chữa.],en,law_justice,phrase,B2
cd2a386c-5643-45d2-8b76-6c3eff529ac6,legislative jurisdiction,/legislative jurisdiction/,lập pháp thẩm quyền,Effective Law & Justice relies on legislative jurisdiction. [Lĩnh vực Pháp luật & Tư pháp hiệu quả dựa trên lập pháp thẩm quyền.],en,law_justice,phrase,B2
2dd7909d-6d81-4006-9416-8d1b8e0f30e6,legislative legislation,/legislative legislation/,lập pháp pháp luật,Effective Law & Justice relies on legislative legislation. [Lĩnh vực Pháp luật & Tư pháp hiệu quả dựa trên lập pháp pháp luật.],en,law_justice,phrase,B2
9d9d5515-8699-4e81-8265-c36211300eb5,legislative prosecution,/legislative prosecution/,lập pháp truy tố,Effective Law & Justice relies on legislative prosecution. [Lĩnh vực Pháp luật & Tư pháp hiệu quả dựa trên lập pháp truy tố.],en,law_justice,phrase,B2
4644e41e-910d-4da7-9d94-c93781a5f911,legislative statute,/legislative statute/,lập pháp đạo luật,Effective Law & Justice relies on legislative statute. [Lĩnh vực Pháp luật & Tư pháp hiệu quả dựa trên lập pháp đạo luật.],en,law_justice,phrase,B2
6ed4247a-312f-4328-b9e6-d3b30773c7a5,legislative tribunal,/legislative tribunal/,lập pháp tòa án,Effective Law & Justice relies on legislative tribunal. [Lĩnh vực Pháp luật & Tư pháp hiệu quả dựa trên lập pháp tòa án.],en,law_justice,phrase,B2
4255ae38-4aea-483f-87d1-2b78a3a65652,legislative verdict,/legislative verdict/,lập pháp bản án,Effective Law & Justice relies on legislative verdict. [Lĩnh vực Pháp luật & Tư pháp hiệu quả dựa trên lập pháp bản án.],en,law_justice,phrase,B2
888c4a2c-f6de-4f45-8aaf-18cba3f98920,legislative litigation,/legislative litigation/,lập pháp tranh tụng,Effective Law & Justice relies on legislative litigation. [Lĩnh vực Pháp luật & Tư pháp hiệu quả dựa trên lập pháp tranh tụng.],en,law_justice,phrase,B2
420dc053-fd9e-40bf-87e7-63691a14a04d,legislative advocacy,/legislative advocacy/,lập pháp bào chữa,Effective Law & Justice relies on legislative advocacy. [Lĩnh vực Pháp luật & Tư pháp hiệu quả dựa trên lập pháp bào chữa.],en,law_justice,phrase,B2
c81eeb3a-cf19-4d54-ad09-1194da1b2057,criminal jurisdiction,/criminal jurisdiction/,hình sự thẩm quyền,Effective Law & Justice relies on criminal jurisdiction. [Lĩnh vực Pháp luật & Tư pháp hiệu quả dựa trên hình sự thẩm quyền.],en,law_justice,phrase,B2
bf6ac7a4-a473-4428-8ab8-be1892fda655,criminal legislation,/criminal legislation/,hình sự pháp luật,Effective Law & Justice relies on criminal legislation. [Lĩnh vực Pháp luật & Tư pháp hiệu quả dựa trên hình sự pháp luật.],en,law_justice,phrase,B2
614801ad-9029-4609-a91d-c7a3bdf177e7,criminal prosecution,/criminal prosecution/,hình sự truy tố,Effective Law & Justice relies on criminal prosecution. [Lĩnh vực Pháp luật & Tư pháp hiệu quả dựa trên hình sự truy tố.],en,law_justice,phrase,B2
90635de5-b232-4bb1-8cc7-b824717819b6,criminal statute,/criminal statute/,hình sự đạo luật,Effective Law & Justice relies on criminal statute. [Lĩnh vực Pháp luật & Tư pháp hiệu quả dựa trên hình sự đạo luật.],en,law_justice,phrase,B2
4ae6897f-149b-4d35-b7d4-218056d6c6a2,criminal tribunal,/criminal tribunal/,hình sự tòa án,Effective Law & Justice relies on criminal tribunal. [Lĩnh vực Pháp luật & Tư pháp hiệu quả dựa trên hình sự tòa án.],en,law_justice,phrase,B2
254726bc-de78-4634-9426-99168de88bfa,criminal verdict,/criminal verdict/,hình sự bản án,Effective Law & Justice relies on criminal verdict. [Lĩnh vực Pháp luật & Tư pháp hiệu quả dựa trên hình sự bản án.],en,law_justice,phrase,B2
7f1fc4c2-5a48-4666-80be-9f2820511331,criminal litigation,/criminal litigation/,hình sự tranh tụng,Effective Law & Justice relies on criminal litigation. [Lĩnh vực Pháp luật & Tư pháp hiệu quả dựa trên hình sự tranh tụng.],en,law_justice,phrase,B2
592ba46b-08c1-472e-9509-c1ffce977a9e,criminal advocacy,/criminal advocacy/,hình sự bào chữa,Effective Law & Justice relies on criminal advocacy. [Lĩnh vực Pháp luật & Tư pháp hiệu quả dựa trên hình sự bào chữa.],en,law_justice,phrase,B2
8e2467d5-0fc3-4d57-bfac-d46dd9f9adf6,regulatory jurisdiction,/regulatory jurisdiction/,quy định thẩm quyền,Effective Law & Justice relies on regulatory jurisdiction. [Lĩnh vực Pháp luật & Tư pháp hiệu quả dựa trên quy định thẩm quyền.],en,law_justice,phrase,B2
2e136105-9291-4c78-ad51-d0816ed2a641,regulatory legislation,/regulatory legislation/,quy định pháp luật,Effective Law & Justice relies on regulatory legislation. [Lĩnh vực Pháp luật & Tư pháp hiệu quả dựa trên quy định pháp luật.],en,law_justice,phrase,B2
42e7e9ae-343c-4a49-a62e-7dd2d6f4dbd2,regulatory prosecution,/regulatory prosecution/,quy định truy tố,Effective Law & Justice relies on regulatory prosecution. [Lĩnh vực Pháp luật & Tư pháp hiệu quả dựa trên quy định truy tố.],en,law_justice,phrase,B2
eb5bda07-bd71-4c25-9ef3-141dd9dac638,regulatory statute,/regulatory statute/,quy định đạo luật,Effective Law & Justice relies on regulatory statute. [Lĩnh vực Pháp luật & Tư pháp hiệu quả dựa trên quy định đạo luật.],en,law_justice,phrase,B2
a592d83a-5c12-42f8-8941-7755dc904fb5,regulatory tribunal,/regulatory tribunal/,quy định tòa án,Effective Law & Justice relies on regulatory tribunal. [Lĩnh vực Pháp luật & Tư pháp hiệu quả dựa trên quy định tòa án.],en,law_justice,phrase,B2
ac0a1b94-92cf-4358-91c7-8c2564518e24,regulatory verdict,/regulatory verdict/,quy định bản án,Effective Law & Justice relies on regulatory verdict. [Lĩnh vực Pháp luật & Tư pháp hiệu quả dựa trên quy định bản án.],en,law_justice,phrase,B2
fc324bed-356a-4f7a-9448-ca731ee13a4b,regulatory litigation,/regulatory litigation/,quy định tranh tụng,Effective Law & Justice relies on regulatory litigation. [Lĩnh vực Pháp luật & Tư pháp hiệu quả dựa trên quy định tranh tụng.],en,law_justice,phrase,B2
6425d4c0-4aef-49bf-93ce-da3e7f5c1463,regulatory advocacy,/regulatory advocacy/,quy định bào chữa,Effective Law & Justice relies on regulatory advocacy. [Lĩnh vực Pháp luật & Tư pháp hiệu quả dựa trên quy định bào chữa.],en,law_justice,phrase,B2
57ee3eaf-0362-432a-a0ee-1ce6196ce62a,civil jurisdiction,/civil jurisdiction/,dân sự thẩm quyền,Effective Law & Justice relies on civil jurisdiction. [Lĩnh vực Pháp luật & Tư pháp hiệu quả dựa trên dân sự thẩm quyền.],en,law_justice,phrase,B2
e4f79d65-abf8-4d6c-ab1d-19f6cde37d38,civil legislation,/civil legislation/,dân sự pháp luật,Effective Law & Justice relies on civil legislation. [Lĩnh vực Pháp luật & Tư pháp hiệu quả dựa trên dân sự pháp luật.],en,law_justice,phrase,B2
a2d1280c-7287-433f-86c6-e66662ad2203,editorial,/ˌedɪˈtɔːriəl/,công tác thu thập và xuất bản; chủ bút,"In Media & Journalism, 'editorial' is an essential term. [Trong Truyền thông & Báo chí, ""editorial"" là một thuật ngữ quan trọng.]",en,media_communication,single_word,B1
06aba648-e4d3-432e-b814-361a5df97d55,newspaper,/ˈnuːzpeɪpər/,báo,"In Media & Journalism, 'newspaper' is an essential term. [Trong Truyền thông & Báo chí, ""newspaper"" là một thuật ngữ quan trọng.]",en,media_communication,single_word,B1
e297a3ea-c925-4439-b19d-8f14f78bdc0e,reporter,/rɪˈpɔːrtər/,người báo cáo; phóng viên nhà báo,"In Media & Journalism, 'reporter' is an essential term. [Trong Truyền thông & Báo chí, ""reporter"" là một thuật ngữ quan trọng.]",en,media_communication,single_word,B1
b4c87445-75c7-42e5-b812-44a6a0676679,headline,/ˈhedlaɪn/,"hàng đầu, dòng đầu ; đề mục, đầu đề, tiêu đề; phần tóm tắt những tin chính ở đầu bản tin","In Media & Journalism, 'headline' is an essential term. [Trong Truyền thông & Báo chí, ""headline"" là một thuật ngữ quan trọng.]",en,media_communication,single_word,B1
57760669-3f89-4b07-913d-f8b10ad3ca3b,journalism,/ˈdʒɜːrnəlɪzəm/,"nghề làm báo, nghề viết báo","In Media & Journalism, 'journalism' is an essential term. [Trong Truyền thông & Báo chí, ""journalism"" là một thuật ngữ quan trọng.]",en,media_communication,single_word,B1
9b91b37c-b408-4550-9cad-552625c16389,journalist,/ˈdʒɜːrnəlɪst/,nhà báo,"In Media & Journalism, 'journalist' is an essential term. [Trong Truyền thông & Báo chí, ""journalist"" là một thuật ngữ quan trọng.]",en,media_communication,single_word,B1
0324b309-ed15-4812-a26e-3d82c9a46370,reporting,/rɪˈpɔːrtɪŋ/,báo cáo,"In Media & Journalism, 'reporting' is an essential term. [Trong Truyền thông & Báo chí, ""reporting"" là một thuật ngữ quan trọng.]",en,media_communication,single_word,B1
2f22a154-09af-455a-8673-23962c285ad8,broadcast,/ˈbrɔːdkæst/,"phát thanh hoặc truyền hình, quảng bá","In Media & Journalism, 'broadcast' is an essential term. [Trong Truyền thông & Báo chí, ""broadcast"" là một thuật ngữ quan trọng.]",en,media_communication,single_word,B1
73dde148-90ec-4b51-b087-24ed27e5739a,broadcaster,/ˈbrɔːdkæstər/,nhân viên quảng bá; người phát thanh hoặc truyền hình,"In Media & Journalism, 'broadcaster' is an essential term. [Trong Truyền thông & Báo chí, ""broadcaster"" là một thuật ngữ quan trọng.]",en,media_communication,single_word,B1
13ff740d-f51a-408a-ae55-ecda46d1612e,newsletter,/ˈnuːzletər/,bản tin,"In Media & Journalism, 'newsletter' is an essential term. [Trong Truyền thông & Báo chí, ""newsletter"" là một thuật ngữ quan trọng.]",en,media_communication,single_word,B1
e93b239a-53ae-49f9-9194-d83f0158326d,printing,/ˈprɪntɪŋ/,in,"In Media & Journalism, 'printing' is an essential term. [Trong Truyền thông & Báo chí, ""printing"" là một thuật ngữ quan trọng.]",en,media_communication,single_word,B1
5cbcb3fd-656d-4a2b-85da-167cf9bd8f76,report,/rɪˈpɔːrt/,"bản báo cáo; biên bản; bản tin, bản dự báo; phiếu thành tích học tập","In Media & Journalism, 'report' is an essential term. [Trong Truyền thông & Báo chí, ""report"" là một thuật ngữ quan trọng.]",en,media_communication,single_word,B1
b3eea081-777c-48b2-8920-ed67c634106d,article,/ˈɑːrtɪkl/,"điều khoản, mục; vật phẩm; bài báo","In Media & Journalism, 'article' is an essential term. [Trong Truyền thông & Báo chí, ""article"" là một thuật ngữ quan trọng.]",en,media_communication,single_word,B1
b4388646-5f91-493a-bc6a-51f0a8fdda65,channel,/ˈtʃænl/,"ống kênh; binary c. kênh nhị nguyên, kênh nhị phân","In Media & Journalism, 'channel' is an essential term. [Trong Truyền thông & Báo chí, ""channel"" là một thuật ngữ quan trọng.]",en,media_communication,single_word,B1
5c682f0f-2096-407f-a549-08517301f78f,communicate,/kəˈmjuːnɪkeɪt/,báo tin truyền tin,"In Media & Journalism, 'communicate' is an essential term. [Trong Truyền thông & Báo chí, ""communicate"" là một thuật ngữ quan trọng.]",en,media_communication,single_word,B1
cb2578e1-1ebe-45ee-8d65-deadd0ea62ea,communication,/kəˌmjuːnɪˈkeɪʃn/,"thông tin, phương tiện liên lạc, thông báo; digital c. thông tin bằng chữ số","In Media & Journalism, 'communication' is an essential term. [Trong Truyền thông & Báo chí, ""communication"" là một thuật ngữ quan trọng.]",en,media_communication,single_word,B1
6cd45db2-ac51-4038-a3ce-45fd6ca02db7,correspondent,/ˌkɔːrəˈspɑːndənt/,"thông tín viên, phóng viên; người viết thư; người thường xuyên trao đổi thư từ, công ty thường xuyên trao đổi thư từ","In Media & Journalism, 'correspondent' is an essential term. [Trong Truyền thông & Báo chí, ""correspondent"" là một thuật ngữ quan trọng.]",en,media_communication,single_word,B1
a1dc05a3-e217-4499-b5b1-8e142dd2bef5,editor,/ˈedɪtər/,"bộ lắp; chương trình biên soạn, bộ biên soạn; soạn giả; biên tập viên","In Media & Journalism, 'editor' is an essential term. [Trong Truyền thông & Báo chí, ""editor"" là một thuật ngữ quan trọng.]",en,media_communication,single_word,B1
298640a8-105b-439e-8a26-0d5079e9dc0f,episode,/ˈepɪsəʊd/,"phần giữa; đoạn, hồi; tình tiết","In Media & Journalism, 'episode' is an essential term. [Trong Truyền thông & Báo chí, ""episode"" là một thuật ngữ quan trọng.]",en,media_communication,single_word,B1
8f400727-1c56-4851-926f-90098ddfaa7a,impress,/ɪmˈpres/,sự đóng dấu; dấu,"In Media & Journalism, 'impress' is an essential term. [Trong Truyền thông & Báo chí, ""impress"" là một thuật ngữ quan trọng.]",en,media_communication,single_word,B1
8607450d-4f3e-458a-8b63-c19dae6374a2,journal,/ˈdʒɜːrnl/,"tạp chí, báo;  ngõng trục; ngõng","In Media & Journalism, 'journal' is an essential term. [Trong Truyền thông & Báo chí, ""journal"" là một thuật ngữ quan trọng.]",en,media_communication,single_word,B1
d2cc9f6e-42c9-487e-94e0-3a5df6f9ed50,press,/pres/,"sự ép, sự nén, sự bóp, sự ấn; sự đông đúc, sự chen chúc; đám đông chen chúc, đám đông xô lấn","In Media & Journalism, 'press' is an essential term. [Trong Truyền thông & Báo chí, ""press"" là một thuật ngữ quan trọng.]",en,media_communication,single_word,B1
b130bea2-8547-4445-b08e-fb814d454e43,print,/prɪnt/,in // sự in,"In Media & Journalism, 'print' is an essential term. [Trong Truyền thông & Báo chí, ""print"" là một thuật ngữ quan trọng.]",en,media_communication,single_word,B1
6d84af46-a1fa-48c8-a744-39f38665b55f,publishing,/ˈpʌblɪʃɪŋ/,công việc xuất bản; nghề xuất bản,"In Media & Journalism, 'publishing' is an essential term. [Trong Truyền thông & Báo chí, ""publishing"" là một thuật ngữ quan trọng.]",en,media_communication,single_word,B1
8bb5107c-a43a-455e-9aff-3b0996da4a4a,radio,/ˈreɪdiəʊ/,"rađiô, vô tuyến","In Media & Journalism, 'radio' is an essential term. [Trong Truyền thông & Báo chí, ""radio"" là một thuật ngữ quan trọng.]",en,media_communication,single_word,B1
c8afed00-2d07-488e-a0b0-ad41634ed484,review,/rɪˈvjuː/,"sự xem lại, sự xét lại; cuộc duyệt binh, cuộc thao diễn","In Media & Journalism, 'review' is an essential term. [Trong Truyền thông & Báo chí, ""review"" là một thuật ngữ quan trọng.]",en,media_communication,single_word,B1
2be1821a-9dc4-4d4f-820f-95730c6303dc,audience,/ˈɔːdiəns/,"những người nghe, thính giả; người xem, khán giả; bạn đọc, độc giả; sự nghe","In Media & Journalism, 'audience' is an essential term. [Trong Truyền thông & Báo chí, ""audience"" là một thuật ngữ quan trọng.]",en,media_communication,single_word,B1
8ea6f73c-4222-4b05-99da-89eef19858b8,columnist,/ˈkɑːləmnɪst/,người chuyên giữ một mục báo; nhà bình luận,"In Media & Journalism, 'columnist' is an essential term. [Trong Truyền thông & Báo chí, ""columnist"" là một thuật ngữ quan trọng.]",en,media_communication,single_word,B1
a094ecf3-af77-425f-8bde-18bbb6d103ad,contributor,/kənˈtrɪbjətər/,"người đóng góp, người góp phần; người cộng tác","In Media & Journalism, 'contributor' is an essential term. [Trong Truyền thông & Báo chí, ""contributor"" là một thuật ngữ quan trọng.]",en,media_communication,single_word,B1
dfb22056-7c65-4e85-b536-f6f8e8911ae8,coverage,/ˈkʌvərɪdʒ/,phủ; bản báo cáo tình hình,"In Media & Journalism, 'coverage' is an essential term. [Trong Truyền thông & Báo chí, ""coverage"" là một thuật ngữ quan trọng.]",en,media_communication,single_word,B1
a5c2931c-0cbb-4fd7-bbf0-1a6981f57e01,cutting,/ˈkʌtɪŋ/,cắt,"In Media & Journalism, 'cutting' is an essential term. [Trong Truyền thông & Báo chí, ""cutting"" là một thuật ngữ quan trọng.]",en,media_communication,single_word,B1
181af56f-2f5f-49c2-b7f4-bd6dc2f64a63,depressed,/dɪˈprest/,"bị giảm, bị hạ","In Media & Journalism, 'depressed' is an essential term. [Trong Truyền thông & Báo chí, ""depressed"" là một thuật ngữ quan trọng.]",en,media_communication,single_word,B1
2b05da64-9971-4519-baf6-43c5a875f9ad,depressing,/dɪˈpresɪŋ/,"làm chán nản, làm thất vọng, làm ngã lòng; làm buồn rầu, làm buồn phiền, làm phiền muộn; làm trì trệ, làm đình trệ","In Media & Journalism, 'depressing' is an essential term. [Trong Truyền thông & Báo chí, ""depressing"" là một thuật ngữ quan trọng.]",en,media_communication,single_word,B1
c0076621-4842-4647-be5a-cff273ca4ce6,express,/ɪkˈspres/,biểu thị,"In Media & Journalism, 'express' is an essential term. [Trong Truyền thông & Báo chí, ""express"" là một thuật ngữ quan trọng.]",en,media_communication,single_word,B1
7fdc4ddc-f87b-4e5c-8ac1-29698c288f37,expression,/ɪkˈspreʃn/,biểu thức; algebrai e. biểu thức đại số,"In Media & Journalism, 'expression' is an essential term. [Trong Truyền thông & Báo chí, ""expression"" là một thuật ngữ quan trọng.]",en,media_communication,single_word,B1
048e6289-c993-4b10-b0ea-58d0652bc66f,history,/ˈhɪstri/,lịch sử; h. of a system  lịch sử hệ thống,"In Media & Journalism, 'history' is an essential term. [Trong Truyền thông & Báo chí, ""history"" là một thuật ngữ quan trọng.]",en,media_communication,single_word,B1
914ce304-7ccf-4d11-9035-42611b67ea85,immediately,/ɪˈmiːdiətli/,"ngay lập tức, một cách trực tiếp","In Media & Journalism, 'immediately' is an essential term. [Trong Truyền thông & Báo chí, ""immediately"" là một thuật ngữ quan trọng.]",en,media_communication,single_word,B1
855365c7-c31d-4ae2-b46c-c462f973f20b,impressed,/ɪmˈprest/,ấn tượng,"In Media & Journalism, 'impressed' is an essential term. [Trong Truyền thông & Báo chí, ""impressed"" là một thuật ngữ quan trọng.]",en,media_communication,single_word,B1
856bd164-5393-4b6e-83a2-f7c55585762f,impression,/ɪmˈpreʃn/,ấn tượng; cảm giác; cảm tưởng,"In Media & Journalism, 'impression' is an essential term. [Trong Truyền thông & Báo chí, ""impression"" là một thuật ngữ quan trọng.]",en,media_communication,single_word,B1
6b7d1c3d-6769-4647-85df-a56a4341d24a,impressive,/ɪmˈpresɪv/,"gây ấn tượng sâu sắc, gây xúc động, gợi cảm; hùng vĩ, nguy nga, oai vệ, uy nghi","In Media & Journalism, 'impressive' is an essential term. [Trong Truyền thông & Báo chí, ""impressive"" là một thuật ngữ quan trọng.]",en,media_communication,single_word,B1
95e5ee87-5d43-42f2-b2ad-107f424e986a,intermediate,/ˌɪntərˈmiːdiət/,trung gian phụ |,"In Media & Journalism, 'intermediate' is an essential term. [Trong Truyền thông & Báo chí, ""intermediate"" là một thuật ngữ quan trọng.]",en,media_communication,single_word,B1
8eaffe28-0150-4f6f-a717-c58b9f5ea37a,message,/ˈmesɪdʒ/,thông tin; binary m. thông tin nhị nguyên,"In Media & Journalism, 'message' is an essential term. [Trong Truyền thông & Báo chí, ""message"" là một thuật ngữ quan trọng.]",en,media_communication,single_word,B1
480dce48-acad-4f62-8d95-de2f1a1d8dad,news,/nuːz/,"tin, tin tức","In Media & Journalism, 'news' is an essential term. [Trong Truyền thông & Báo chí, ""news"" là một thuật ngữ quan trọng.]",en,media_communication,single_word,B1
87c4cce6-e347-4b87-b374-1328f59727cc,pressure,/ˈpreʃər/,"áp lực, áp suất; consolidation p. áp lực củng cố","In Media & Journalism, 'pressure' is an essential term. [Trong Truyền thông & Báo chí, ""pressure"" là một thuật ngữ quan trọng.]",en,media_communication,single_word,B1
af12d81d-cf25-438c-b744-fec6f5683339,publish,/ˈpʌblɪʃ/,công bố; ban bố; xuất bản,"In Media & Journalism, 'publish' is an essential term. [Trong Truyền thông & Báo chí, ""publish"" là một thuật ngữ quan trọng.]",en,media_communication,single_word,B1
8743f1b3-4442-4073-92dc-3a8fd2ad60e9,reportedly,/rɪˈpɔːrtɪdli/,"theo như đưa tin, tường trình","In Media & Journalism, 'reportedly' is an essential term. [Trong Truyền thông & Báo chí, ""reportedly"" là một thuật ngữ quan trọng.]",en,media_communication,single_word,B1
19fdc8f3-82d5-4039-9226-d9bfe6a004e8,sponsor,/ˈspɑːnsər/,"cha đỡ đầu, mẹ đỡ đầu; người bảo đảm","In Media & Journalism, 'sponsor' is an essential term. [Trong Truyền thông & Báo chí, ""sponsor"" là một thuật ngữ quan trọng.]",en,media_communication,single_word,B1
7dca2c8f-1963-4bd7-8a6e-ba8cedec14a4,story,/ˈstɔːri/,"chuyện, câu chuyện; truyện","In Media & Journalism, 'story' is an essential term. [Trong Truyền thông & Báo chí, ""story"" là một thuật ngữ quan trọng.]",en,media_communication,single_word,B1
aee9fe6a-3698-4af6-b631-4b473e92cc67,studio,/ˈstuːdiəʊ/,"xưởng vẽ, xưởng điêu khắc...; xưởng phim","In Media & Journalism, 'studio' is an essential term. [Trong Truyền thông & Báo chí, ""studio"" là một thuật ngữ quan trọng.]",en,media_communication,single_word,B1
a6ef0469-c4f8-4630-b14d-822528b8bd71,suppress,/səˈpres/,chặn ; triệt; đàn áp,"In Media & Journalism, 'suppress' is an essential term. [Trong Truyền thông & Báo chí, ""suppress"" là một thuật ngữ quan trọng.]",en,media_communication,single_word,B1
ffd58d54-813c-40ed-b5a5-250479666e56,journalistic journalism,/journalistic journalism/,báo chí nghề báo,Effective Media & Journalism relies on journalistic journalism. [Lĩnh vực Truyền thông & Báo chí hiệu quả dựa trên báo chí nghề báo.],en,media_communication,phrase,B2
ab7c7df2-b596-4919-a6d3-4fb6d79ba3db,journalistic broadcasting,/journalistic broadcasting/,báo chí phát thanh truyền hình,Effective Media & Journalism relies on journalistic broadcasting. [Lĩnh vực Truyền thông & Báo chí hiệu quả dựa trên báo chí phát thanh truyền hình.],en,media_communication,phrase,B2
973cc15d-fe53-4c37-8f30-e75df09bba34,journalistic coverage,/journalistic coverage/,báo chí đưa tin,Effective Media & Journalism relies on journalistic coverage. [Lĩnh vực Truyền thông & Báo chí hiệu quả dựa trên báo chí đưa tin.],en,media_communication,phrase,B2
c1fc6b0d-5195-4cf6-aa32-e0f22844951b,journalistic publication,/journalistic publication/,báo chí xuất bản,Effective Media & Journalism relies on journalistic publication. [Lĩnh vực Truyền thông & Báo chí hiệu quả dựa trên báo chí xuất bản.],en,media_communication,phrase,B2
cf20997d-dcd4-4390-a374-b55416387c4f,journalistic reporting,/journalistic reporting/,báo chí phóng sự,Effective Media & Journalism relies on journalistic reporting. [Lĩnh vực Truyền thông & Báo chí hiệu quả dựa trên báo chí phóng sự.],en,media_communication,phrase,B2
41911e3d-2383-4595-b43e-cc2102fc4d3b,journalistic narrative,/journalistic narrative/,báo chí tường thuật,Effective Media & Journalism relies on journalistic narrative. [Lĩnh vực Truyền thông & Báo chí hiệu quả dựa trên báo chí tường thuật.],en,media_communication,phrase,B2
a62df705-6bfd-48d1-a434-cf0c0416143d,journalistic press,/journalistic press/,báo chí báo chí,Effective Media & Journalism relies on journalistic press. [Lĩnh vực Truyền thông & Báo chí hiệu quả dựa trên báo chí báo chí.],en,media_communication,phrase,B2
f3d6fc32-4103-49e7-8d4a-6e4ba3fe0334,journalistic discourse,/journalistic discourse/,báo chí đối thoại,Effective Media & Journalism relies on journalistic discourse. [Lĩnh vực Truyền thông & Báo chí hiệu quả dựa trên báo chí đối thoại.],en,media_communication,phrase,B2
ea273a3b-0fc3-43e1-80f9-809a0df37efc,editorial journalism,/editorial journalism/,biên tập nghề báo,Effective Media & Journalism relies on editorial journalism. [Lĩnh vực Truyền thông & Báo chí hiệu quả dựa trên biên tập nghề báo.],en,media_communication,phrase,B2
691ad643-46ce-4b83-af79-7f861fa48971,editorial broadcasting,/editorial broadcasting/,biên tập phát thanh truyền hình,Effective Media & Journalism relies on editorial broadcasting. [Lĩnh vực Truyền thông & Báo chí hiệu quả dựa trên biên tập phát thanh truyền hình.],en,media_communication,phrase,B2
ce46d563-a660-4cbd-b485-9bac2b12532c,editorial coverage,/editorial coverage/,biên tập đưa tin,Effective Media & Journalism relies on editorial coverage. [Lĩnh vực Truyền thông & Báo chí hiệu quả dựa trên biên tập đưa tin.],en,media_communication,phrase,B2
0d38416d-9cf3-4e3c-ba56-172839f9121a,editorial publication,/editorial publication/,biên tập xuất bản,Effective Media & Journalism relies on editorial publication. [Lĩnh vực Truyền thông & Báo chí hiệu quả dựa trên biên tập xuất bản.],en,media_communication,phrase,B2
af33fbf4-4f4b-47ec-839c-de41e4ef1745,editorial reporting,/editorial reporting/,biên tập phóng sự,Effective Media & Journalism relies on editorial reporting. [Lĩnh vực Truyền thông & Báo chí hiệu quả dựa trên biên tập phóng sự.],en,media_communication,phrase,B2
4cc5eab4-61da-40a4-95aa-1e1c53241000,editorial narrative,/editorial narrative/,biên tập tường thuật,Effective Media & Journalism relies on editorial narrative. [Lĩnh vực Truyền thông & Báo chí hiệu quả dựa trên biên tập tường thuật.],en,media_communication,phrase,B2
aa94690b-f2c9-4008-bac5-6a71f915c387,editorial press,/editorial press/,biên tập báo chí,Effective Media & Journalism relies on editorial press. [Lĩnh vực Truyền thông & Báo chí hiệu quả dựa trên biên tập báo chí.],en,media_communication,phrase,B2
93c0eddf-477b-44ec-aba1-a2d5384254a9,editorial discourse,/editorial discourse/,biên tập đối thoại,Effective Media & Journalism relies on editorial discourse. [Lĩnh vực Truyền thông & Báo chí hiệu quả dựa trên biên tập đối thoại.],en,media_communication,phrase,B2
542d4c7b-ed29-42c0-ad58-f91e343fca47,digital journalism,/digital journalism/,kỹ thuật số nghề báo,Effective Media & Journalism relies on digital journalism. [Lĩnh vực Truyền thông & Báo chí hiệu quả dựa trên kỹ thuật số nghề báo.],en,media_communication,phrase,B2
2d1f1809-9f3d-4c79-9829-f1cc8e5c1d27,digital broadcasting,/digital broadcasting/,kỹ thuật số phát thanh truyền hình,Effective Media & Journalism relies on digital broadcasting. [Lĩnh vực Truyền thông & Báo chí hiệu quả dựa trên kỹ thuật số phát thanh truyền hình.],en,media_communication,phrase,B2
3ea7371b-7dfa-49cd-8b05-08e5a3216722,digital coverage,/digital coverage/,kỹ thuật số đưa tin,Effective Media & Journalism relies on digital coverage. [Lĩnh vực Truyền thông & Báo chí hiệu quả dựa trên kỹ thuật số đưa tin.],en,media_communication,phrase,B2
bfa55afd-6a29-451c-93de-444aa9e61ed5,digital publication,/digital publication/,kỹ thuật số xuất bản,Effective Media & Journalism relies on digital publication. [Lĩnh vực Truyền thông & Báo chí hiệu quả dựa trên kỹ thuật số xuất bản.],en,media_communication,phrase,B2
74784cac-25bd-4bb4-9565-82837a80404c,digital reporting,/digital reporting/,kỹ thuật số phóng sự,Effective Media & Journalism relies on digital reporting. [Lĩnh vực Truyền thông & Báo chí hiệu quả dựa trên kỹ thuật số phóng sự.],en,media_communication,phrase,B2
ddd90aa3-5eee-43d1-85ed-5edfbf91da98,digital narrative,/digital narrative/,kỹ thuật số tường thuật,Effective Media & Journalism relies on digital narrative. [Lĩnh vực Truyền thông & Báo chí hiệu quả dựa trên kỹ thuật số tường thuật.],en,media_communication,phrase,B2
a68e4c99-265d-4a51-bf68-8b7799ca408d,digital press,/digital press/,kỹ thuật số báo chí,Effective Media & Journalism relies on digital press. [Lĩnh vực Truyền thông & Báo chí hiệu quả dựa trên kỹ thuật số báo chí.],en,media_communication,phrase,B2
38004c05-7893-4dc5-8ccf-04ddd68512bd,digital discourse,/digital discourse/,kỹ thuật số đối thoại,Effective Media & Journalism relies on digital discourse. [Lĩnh vực Truyền thông & Báo chí hiệu quả dựa trên kỹ thuật số đối thoại.],en,media_communication,phrase,B2
08c72dfd-5a7b-49bd-b48c-6232ec30c39c,broadcast journalism,/broadcast journalism/,phát sóng nghề báo,Effective Media & Journalism relies on broadcast journalism. [Lĩnh vực Truyền thông & Báo chí hiệu quả dựa trên phát sóng nghề báo.],en,media_communication,phrase,B2
fd217ec2-3de7-4549-b770-6b8784e88803,broadcast broadcasting,/broadcast broadcasting/,phát sóng phát thanh truyền hình,Effective Media & Journalism relies on broadcast broadcasting. [Lĩnh vực Truyền thông & Báo chí hiệu quả dựa trên phát sóng phát thanh truyền hình.],en,media_communication,phrase,B2
c7089127-0675-4387-b020-26e37b0281b7,broadcast coverage,/broadcast coverage/,phát sóng đưa tin,Effective Media & Journalism relies on broadcast coverage. [Lĩnh vực Truyền thông & Báo chí hiệu quả dựa trên phát sóng đưa tin.],en,media_communication,phrase,B2
0cdb2fe0-8e34-4cb5-9924-e1cbb58cdfe1,broadcast publication,/broadcast publication/,phát sóng xuất bản,Effective Media & Journalism relies on broadcast publication. [Lĩnh vực Truyền thông & Báo chí hiệu quả dựa trên phát sóng xuất bản.],en,media_communication,phrase,B2
2b39624d-c02c-4663-9e9d-2eb1f4bbbd87,broadcast reporting,/broadcast reporting/,phát sóng phóng sự,Effective Media & Journalism relies on broadcast reporting. [Lĩnh vực Truyền thông & Báo chí hiệu quả dựa trên phát sóng phóng sự.],en,media_communication,phrase,B2
1a9ad5b2-6ba5-47e0-945c-44f73c76d373,broadcast narrative,/broadcast narrative/,phát sóng tường thuật,Effective Media & Journalism relies on broadcast narrative. [Lĩnh vực Truyền thông & Báo chí hiệu quả dựa trên phát sóng tường thuật.],en,media_communication,phrase,B2
a0d6d13f-fdfd-4bf0-975e-4211035d5278,broadcast press,/broadcast press/,phát sóng báo chí,Effective Media & Journalism relies on broadcast press. [Lĩnh vực Truyền thông & Báo chí hiệu quả dựa trên phát sóng báo chí.],en,media_communication,phrase,B2
2c69f66a-0f12-472b-923d-c240b7f0da65,broadcast discourse,/broadcast discourse/,phát sóng đối thoại,Effective Media & Journalism relies on broadcast discourse. [Lĩnh vực Truyền thông & Báo chí hiệu quả dựa trên phát sóng đối thoại.],en,media_communication,phrase,B2
a1d40f8a-2a54-409f-828f-e2e7652f6e75,multimedia journalism,/multimedia journalism/,đa phương tiện nghề báo,Effective Media & Journalism relies on multimedia journalism. [Lĩnh vực Truyền thông & Báo chí hiệu quả dựa trên đa phương tiện nghề báo.],en,media_communication,phrase,B2
e39dc2d4-714e-4515-a59a-b4274649f52d,multimedia broadcasting,/multimedia broadcasting/,đa phương tiện phát thanh truyền hình,Effective Media & Journalism relies on multimedia broadcasting. [Lĩnh vực Truyền thông & Báo chí hiệu quả dựa trên đa phương tiện phát thanh truyền hình.],en,media_communication,phrase,B2
717671f0-a521-4531-a72d-8971277ae24a,multimedia coverage,/multimedia coverage/,đa phương tiện đưa tin,Effective Media & Journalism relies on multimedia coverage. [Lĩnh vực Truyền thông & Báo chí hiệu quả dựa trên đa phương tiện đưa tin.],en,media_communication,phrase,B2
714e3e79-c923-4151-a589-179aefe52746,multimedia publication,/multimedia publication/,đa phương tiện xuất bản,Effective Media & Journalism relies on multimedia publication. [Lĩnh vực Truyền thông & Báo chí hiệu quả dựa trên đa phương tiện xuất bản.],en,media_communication,phrase,B2
24ef3052-3caf-49b5-9138-044ada813c50,multimedia reporting,/multimedia reporting/,đa phương tiện phóng sự,Effective Media & Journalism relies on multimedia reporting. [Lĩnh vực Truyền thông & Báo chí hiệu quả dựa trên đa phương tiện phóng sự.],en,media_communication,phrase,B2
17234784-721b-4aaf-8876-cedeb9edc7fe,multimedia narrative,/multimedia narrative/,đa phương tiện tường thuật,Effective Media & Journalism relies on multimedia narrative. [Lĩnh vực Truyền thông & Báo chí hiệu quả dựa trên đa phương tiện tường thuật.],en,media_communication,phrase,B2
6ee81ada-51b1-4a27-b1f0-b09057f6b9fc,multimedia press,/multimedia press/,đa phương tiện báo chí,Effective Media & Journalism relies on multimedia press. [Lĩnh vực Truyền thông & Báo chí hiệu quả dựa trên đa phương tiện báo chí.],en,media_communication,phrase,B2
119c1faa-9205-4f30-a709-c28435be90f3,multimedia discourse,/multimedia discourse/,đa phương tiện đối thoại,Effective Media & Journalism relies on multimedia discourse. [Lĩnh vực Truyền thông & Báo chí hiệu quả dựa trên đa phương tiện đối thoại.],en,media_communication,phrase,B2
870f7327-85f0-498b-b012-38ac8e26a2dd,public journalism,/public journalism/,công chúng nghề báo,Effective Media & Journalism relies on public journalism. [Lĩnh vực Truyền thông & Báo chí hiệu quả dựa trên công chúng nghề báo.],en,media_communication,phrase,B2
ebec6213-86aa-4f0e-b2c2-da02aa21e6f9,public broadcasting,/public broadcasting/,công chúng phát thanh truyền hình,Effective Media & Journalism relies on public broadcasting. [Lĩnh vực Truyền thông & Báo chí hiệu quả dựa trên công chúng phát thanh truyền hình.],en,media_communication,phrase,B2
95833d44-c611-47e9-b420-804f23f99b24,public coverage,/public coverage/,công chúng đưa tin,Effective Media & Journalism relies on public coverage. [Lĩnh vực Truyền thông & Báo chí hiệu quả dựa trên công chúng đưa tin.],en,media_communication,phrase,B2
6b29b954-8fea-4b74-8a42-2bb62022fae1,public publication,/public publication/,công chúng xuất bản,Effective Media & Journalism relies on public publication. [Lĩnh vực Truyền thông & Báo chí hiệu quả dựa trên công chúng xuất bản.],en,media_communication,phrase,B2
8855e8a9-1261-4d14-b7ba-d18ee7a3de8b,public reporting,/public reporting/,công chúng phóng sự,Effective Media & Journalism relies on public reporting. [Lĩnh vực Truyền thông & Báo chí hiệu quả dựa trên công chúng phóng sự.],en,media_communication,phrase,B2
a1d503ca-3b8f-405b-86f8-c22bc7efcc28,public narrative,/public narrative/,công chúng tường thuật,Effective Media & Journalism relies on public narrative. [Lĩnh vực Truyền thông & Báo chí hiệu quả dựa trên công chúng tường thuật.],en,media_communication,phrase,B2
f172bbff-c086-4506-8dee-a47b7356c07a,public press,/public press/,công chúng báo chí,Effective Media & Journalism relies on public press. [Lĩnh vực Truyền thông & Báo chí hiệu quả dựa trên công chúng báo chí.],en,media_communication,phrase,B2
e3fe9e05-1513-426c-aaf9-a79a5ae842cb,public discourse,/public discourse/,công chúng đối thoại,Effective Media & Journalism relies on public discourse. [Lĩnh vực Truyền thông & Báo chí hiệu quả dựa trên công chúng đối thoại.],en,media_communication,phrase,B2
4742873e-65b5-435d-aa36-d15b21496343,investigative journalism,/investigative journalism/,điều tra nghề báo,Effective Media & Journalism relies on investigative journalism. [Lĩnh vực Truyền thông & Báo chí hiệu quả dựa trên điều tra nghề báo.],en,media_communication,phrase,B2
57d96127-3855-4485-9f39-6b55cbff8f88,investigative broadcasting,/investigative broadcasting/,điều tra phát thanh truyền hình,Effective Media & Journalism relies on investigative broadcasting. [Lĩnh vực Truyền thông & Báo chí hiệu quả dựa trên điều tra phát thanh truyền hình.],en,media_communication,phrase,B2
5ee187b9-d769-47c7-a797-b3e51d29e17d,culture,/ˈkʌltʃər/,"sự mở mang, sự tu dưỡng, sự trao đổi; sự giáo dục, sự giáo hoá","In Society & Culture, 'culture' is an essential term. [Trong Xã hội & Bản sắc, ""culture"" là một thuật ngữ quan trọng.]",en,society_culture,single_word,B1
e0c47dd5-7d77-4833-b2c9-2e763d28349c,traditional,/trəˈdɪʃənl/,"truyền thống, theo truyền thống; theo lối cổ, theo lệ cổ","In Society & Culture, 'traditional' is an essential term. [Trong Xã hội & Bản sắc, ""traditional"" là một thuật ngữ quan trọng.]",en,society_culture,single_word,B1
b089b5b0-8c9b-487b-9434-978d0b4297bd,tradition,/trəˈdɪʃn/,sự truyền miệng; truyền thuyết,"In Society & Culture, 'tradition' is an essential term. [Trong Xã hội & Bản sắc, ""tradition"" là một thuật ngữ quan trọng.]",en,society_culture,single_word,B1
41ceacfa-83aa-4332-af10-0cc723a9a2b5,ethnic,/ˈeθnɪk/,"thuộc dân tộc, thuộc tộc người; không theo tôn giáo nào, vô thần","In Society & Culture, 'ethnic' is an essential term. [Trong Xã hội & Bản sắc, ""ethnic"" là một thuật ngữ quan trọng.]",en,society_culture,single_word,B1
60600483-a352-4c46-a818-7276bdb4af6c,tribe,/traɪb/,"bộ lạc; lũ, bọn, tụi","In Society & Culture, 'tribe' is an essential term. [Trong Xã hội & Bản sắc, ""tribe"" là một thuật ngữ quan trọng.]",en,society_culture,single_word,B1
801ccd23-c0f4-473a-9c4b-b5b6c876ab00,civilization,/ˌsɪvələˈzeɪʃn/,"sự làm cho văn minh, sự khai hoá; nền văn minh","In Society & Culture, 'civilization' is an essential term. [Trong Xã hội & Bản sắc, ""civilization"" là một thuật ngữ quan trọng.]",en,society_culture,single_word,B1
19706212-e2d9-46be-bf9a-b0633ec01352,community,/kəˈmjuːnəti/,"dân, dân chúng, nhân dân; phường, hội, phái, nhóm người","In Society & Culture, 'community' is an essential term. [Trong Xã hội & Bản sắc, ""community"" là một thuật ngữ quan trọng.]",en,society_culture,single_word,B1
a97bd5f9-0ac2-41c1-87c5-edc6dc89813a,cultural,/ˈkʌltʃərəl/,văn hoá; trồng trọt,"In Society & Culture, 'cultural' is an essential term. [Trong Xã hội & Bản sắc, ""cultural"" là một thuật ngữ quan trọng.]",en,society_culture,single_word,B1
97039494-cdb4-4203-92d7-538cd978dc71,custom,/ˈkʌstəm/,"phong tục, tục lệ; luật pháp theo tục lệ","In Society & Culture, 'custom' is an essential term. [Trong Xã hội & Bản sắc, ""custom"" là một thuật ngữ quan trọng.]",en,society_culture,single_word,B1
d371dd04-f491-4dad-bdad-cbf55ec07309,heritage,/ˈherɪtɪdʒ/,"tài sản thừa kế, di sản; <kinh thánh> nhà thờ, giáo hội","In Society & Culture, 'heritage' is an essential term. [Trong Xã hội & Bản sắc, ""heritage"" là một thuật ngữ quan trọng.]",en,society_culture,single_word,B1
be6e2da6-619b-4968-b237-03aa9e035566,lifestyle,/ˈlaɪfstaɪl/,lối sống,"In Society & Culture, 'lifestyle' is an essential term. [Trong Xã hội & Bản sắc, ""lifestyle"" là một thuật ngữ quan trọng.]",en,society_culture,single_word,B1
03209304-f728-4737-994f-1d91b0441bb2,public,/ˈpʌblɪk/,"chung, công, công cộng; công khai","In Society & Culture, 'public' is an essential term. [Trong Xã hội & Bản sắc, ""public"" là một thuật ngữ quan trọng.]",en,society_culture,single_word,B1
063bbbc4-35c3-4788-9062-98b883432e2b,relation,/rɪˈleɪʃn/,"quan hệ, hệ thức; r. of equivalence quan hệ tương đương","In Society & Culture, 'relation' is an essential term. [Trong Xã hội & Bản sắc, ""relation"" là một thuật ngữ quan trọng.]",en,society_culture,single_word,B1
5c4b6abe-3ca1-4c56-b29f-476b0f730202,relationship,/rɪˈleɪʃnʃɪp/,"hệ thức, liên hệ, sự quan hệ","In Society & Culture, 'relationship' is an essential term. [Trong Xã hội & Bản sắc, ""relationship"" là một thuật ngữ quan trọng.]",en,society_culture,single_word,B1
94746c53-4def-4fda-ab0c-c5779bafc685,civil,/ˈsɪvl/,công dân; thường dân,"In Society & Culture, 'civil' is an essential term. [Trong Xã hội & Bản sắc, ""civil"" là một thuật ngữ quan trọng.]",en,society_culture,single_word,B1
cf33e3b7-0166-4625-98b2-2e424a5914a9,civilian,/səˈvɪliən/,"người thường, thường dân; thường dân","In Society & Culture, 'civilian' is an essential term. [Trong Xã hội & Bản sắc, ""civilian"" là một thuật ngữ quan trọng.]",en,society_culture,single_word,B1
3e70ed67-cbc5-4593-ad60-5be14c8e0956,correlate,/ˈkɔːrəleɪt/,tươgn quan,"In Society & Culture, 'correlate' is an essential term. [Trong Xã hội & Bản sắc, ""correlate"" là một thuật ngữ quan trọng.]",en,society_culture,single_word,B1
47544294-6755-4c50-a403-b74a0c653c09,family,/ˈfæməli/,"họ, tập hợp, hệ thống; f. of circles họ vòng tròn","In Society & Culture, 'family' is an essential term. [Trong Xã hội & Bản sắc, ""family"" là một thuật ngữ quan trọng.]",en,society_culture,single_word,B1
a6902b71-6132-4d1c-9fb4-2983aedd87b4,genocide,/ˈdʒenəsaɪd/,tội diệt chủng,"In Society & Culture, 'genocide' is an essential term. [Trong Xã hội & Bản sắc, ""genocide"" là một thuật ngữ quan trọng.]",en,society_culture,single_word,B1
ca3facfe-0a3b-4131-9a02-64017da44d8a,group,/ɡruːp/,nhóm // nhóm lại; g. of algebras nhóm các đại số,"In Society & Culture, 'group' is an essential term. [Trong Xã hội & Bản sắc, ""group"" là một thuật ngữ quan trọng.]",en,society_culture,single_word,B1
706a6faa-6968-444f-9be5-38314a0135e7,human,/ˈhjuːmən/,"con người,  loài người; có tính người, có tình cảm của con người","In Society & Culture, 'human' is an essential term. [Trong Xã hội & Bản sắc, ""human"" là một thuật ngữ quan trọng.]",en,society_culture,single_word,B1
41627840-3d74-45f7-977a-be309d2165d2,humanitarian,/hjuːˌmænɪˈteriən/,người theo chủ nghĩa nhân đạo,"In Society & Culture, 'humanitarian' is an essential term. [Trong Xã hội & Bản sắc, ""humanitarian"" là một thuật ngữ quan trọng.]",en,society_culture,single_word,B1
ef4876ea-233c-4dd9-97f4-6ff9566a1485,humanity,/hjuːˈmænəti/,"loài người, nhân loại; lòng nhân đạo","In Society & Culture, 'humanity' is an essential term. [Trong Xã hội & Bản sắc, ""humanity"" là một thuật ngữ quan trọng.]",en,society_culture,single_word,B1
58b9d830-eb8f-4011-93e5-6c4fbaa099b7,life,/laɪf/,"sự sống; đời sống, sinh mệnh, tính mệnh","In Society & Culture, 'life' is an essential term. [Trong Xã hội & Bản sắc, ""life"" là một thuật ngữ quan trọng.]",en,society_culture,single_word,B1
6680b870-f643-4afc-90c4-1f1f877d3842,lifelong,/ˈlaɪflɔːŋ/,suốt đời,"In Society & Culture, 'lifelong' is an essential term. [Trong Xã hội & Bản sắc, ""lifelong"" là một thuật ngữ quan trọng.]",en,society_culture,single_word,B1
f1e9947c-329d-4b9f-9300-ab385c509e80,people,/ˈpiːpl/,"dân tộc; nhân dân, dân chúng, quần chúng","In Society & Culture, 'people' is an essential term. [Trong Xã hội & Bản sắc, ""people"" là một thuật ngữ quan trọng.]",en,society_culture,single_word,B1
0e8ec3da-aeb2-4120-b3cc-d5874f1944c8,publication,/ˌpʌblɪˈkeɪʃn/,sự công bố; sự xuất bản ; sách báo xuất bản,"In Society & Culture, 'publication' is an essential term. [Trong Xã hội & Bản sắc, ""publication"" là một thuật ngữ quan trọng.]",en,society_culture,single_word,B1
7293f008-926a-475b-92c2-98b9ab1c0231,republic,/rɪˈpʌblɪk/,nước cộng hoà; nền cộng hoà; giới,"In Society & Culture, 'republic' is an essential term. [Trong Xã hội & Bản sắc, ""republic"" là một thuật ngữ quan trọng.]",en,society_culture,single_word,B1
f6e7f96a-666b-4f19-a3d9-5fe5137d1868,social,/ˈsəʊʃl/,"có tính chất xã hội, có tính chất thành viên của một tập thể, sống thành xã hội; thuộc quan hệ giữa người và người; thuộc xã hội","In Society & Culture, 'social' is an essential term. [Trong Xã hội & Bản sắc, ""social"" là một thuật ngữ quan trọng.]",en,society_culture,single_word,B1
4ecd74a6-b82e-4b57-ac56-9f3ee99470eb,socialist,/ˈsəʊʃəlɪst/,xã hội chủ nghĩa; người theo chủ nghĩa xã hội,"In Society & Culture, 'socialist' is an essential term. [Trong Xã hội & Bản sắc, ""socialist"" là một thuật ngữ quan trọng.]",en,society_culture,single_word,B1
2e55b461-93e5-468c-bab9-45d2bdef4d84,society,/səˈsaɪəti/,xã hội; lối sống xã hội,"In Society & Culture, 'society' is an essential term. [Trong Xã hội & Bản sắc, ""society"" là một thuật ngữ quan trọng.]",en,society_culture,single_word,B1
d5204b86-02f4-4e98-9fbd-f90723319f93,agriculture,/ˈæɡrɪkʌltʃər/,nông nghiệp; bộ nông nghiệp,"In Society & Culture, 'agriculture' is an essential term. [Trong Xã hội & Bản sắc, ""agriculture"" là một thuật ngữ quan trọng.]",en,society_culture,single_word,B1
5978d715-1e2c-4589-8dee-36965f74f5f3,belief,/bɪˈliːf/,"lòng tin, đức tin; sự tin tưởng; tin tưởng","In Society & Culture, 'belief' is an essential term. [Trong Xã hội & Bản sắc, ""belief"" là một thuật ngữ quan trọng.]",en,society_culture,single_word,B1
f3cf3c04-9a53-416f-98ca-94cb3bd08f5c,choir,/ˈkwaɪər/,"đội hợp xướng, đội hợp ca; chỗ ngồi của đội hợp xướng trong nhà thờ","In Society & Culture, 'choir' is an essential term. [Trong Xã hội & Bản sắc, ""choir"" là một thuật ngữ quan trọng.]",en,society_culture,single_word,B1
fd8d44ff-7d7c-42b1-b692-dd6ed9e37ed1,collective,/kəˈlektɪv/,"tập thể, tập hợp","In Society & Culture, 'collective' is an essential term. [Trong Xã hội & Bản sắc, ""collective"" là một thuật ngữ quan trọng.]",en,society_culture,single_word,B1
3c25e6f4-e60f-43d7-b288-88b64f87fcb5,correlation,/ˌkɔːrəˈleɪʃn/,"đs,  sự tương quan;  phép đối xạ; c. in space phép đối xạ trong không gian","In Society & Culture, 'correlation' is an essential term. [Trong Xã hội & Bản sắc, ""correlation"" là một thuật ngữ quan trọng.]",en,society_culture,single_word,B1
a6289d66-25da-4263-b729-27e8e675b0a1,customer,/ˈkʌstəmər/,"người thuê bao, người tiêu thụ, khách hàng","In Society & Culture, 'customer' is an essential term. [Trong Xã hội & Bản sắc, ""customer"" là một thuật ngữ quan trọng.]",en,society_culture,single_word,B1
c172374b-43b8-4519-8c74-c14d798a0592,elite,/eɪˈliːt/,"Một kiểu chữ, in được 12 ký tự trong mỗi inch","In Society & Culture, 'elite' is an essential term. [Trong Xã hội & Bản sắc, ""elite"" là một thuật ngữ quan trọng.]",en,society_culture,single_word,B1
84c55dd4-8d74-463d-9604-097ff9ec6dc7,faction,/ˈfækʃn/,"bè phái, bè cánh; óc bè phái, tư tưởng bè phái","In Society & Culture, 'faction' is an essential term. [Trong Xã hội & Bản sắc, ""faction"" là một thuật ngữ quan trọng.]",en,society_culture,single_word,B1
2f3b68ab-12a9-4109-9334-1e98b2788f5c,folk,/fəʊk/,người; người thân thuộc,"In Society & Culture, 'folk' is an essential term. [Trong Xã hội & Bản sắc, ""folk"" là một thuật ngữ quan trọng.]",en,society_culture,single_word,B1
6fa7a99b-4a34-4fc0-b79f-a3175168f08d,identity,/aɪˈdentəti/,đồng nhất thức; parallelogram i. đồng nhất thức bình hành,"In Society & Culture, 'identity' is an essential term. [Trong Xã hội & Bản sắc, ""identity"" là một thuật ngữ quan trọng.]",en,society_culture,single_word,B1
5463802b-edba-4897-9dc9-6f31a1e48251,inequality,/ˌɪnɪˈkwɑːləti/,bất đẳng thức; absolute i. bất đẳng thức tuyệt đối,"In Society & Culture, 'inequality' is an essential term. [Trong Xã hội & Bản sắc, ""inequality"" là một thuật ngữ quan trọng.]",en,society_culture,single_word,B1
ce40b6b6-fcde-4f37-983b-762427d94001,lifetime,/ˈlaɪftaɪm/,thời gian sống; chu kỳ bán rã,"In Society & Culture, 'lifetime' is an essential term. [Trong Xã hội & Bản sắc, ""lifetime"" là một thuật ngữ quan trọng.]",en,society_culture,single_word,B1
d043420c-8911-4737-9883-8fe65e5c8a78,lord,/lɔːrd/,"chủ đề, chúa tể, vua; vua","In Society & Culture, 'lord' is an essential term. [Trong Xã hội & Bản sắc, ""lord"" là một thuật ngữ quan trọng.]",en,society_culture,single_word,B1
35ecdcbd-5946-4ac7-80c3-27bd9ed1f2f9,outlook,/ˈaʊtlʊk/,"quang cảnh, viễn cảnh; cách nhìn, quan điểm","In Society & Culture, 'outlook' is an essential term. [Trong Xã hội & Bản sắc, ""outlook"" là một thuật ngữ quan trọng.]",en,society_culture,single_word,B1
c0ee3eb7-77d5-4535-80ba-1f92886bc8d8,publicity,/pʌbˈlɪsəti/,"tính công khai; sự làm cho thiên hạ biết đến; sự quảng cáo, sự rao hàng","In Society & Culture, 'publicity' is an essential term. [Trong Xã hội & Bản sắc, ""publicity"" là một thuật ngữ quan trọng.]",en,society_culture,single_word,B1
302d0fa9-bd55-445d-9211-299493f7931a,ratio,/ˈreɪʃiəʊ/,tỷ suất; r. of division tỷ số chia,"In Society & Culture, 'ratio' is an essential term. [Trong Xã hội & Bản sắc, ""ratio"" là một thuật ngữ quan trọng.]",en,society_culture,single_word,B1
1297ec30-bc89-4ddb-a446-0bd34ce8b15c,relate,/rɪˈleɪt/,liên quan,"In Society & Culture, 'relate' is an essential term. [Trong Xã hội & Bản sắc, ""relate"" là một thuật ngữ quan trọng.]",en,society_culture,single_word,B1
f7aa474d-f664-4d73-ad3c-e1e5355a9794,related,/rɪˈleɪtɪd/,"có liên quan, có quan hệ với ai/ cái gì; có họ với","In Society & Culture, 'related' is an essential term. [Trong Xã hội & Bản sắc, ""related"" là một thuật ngữ quan trọng.]",en,society_culture,single_word,B1
d92cfc3c-1225-4e3a-a42f-916b5a2f6b7e,relative,/ˈrelətɪv/,tương đối,"In Society & Culture, 'relative' is an essential term. [Trong Xã hội & Bản sắc, ""relative"" là một thuật ngữ quan trọng.]",en,society_culture,single_word,B1
38b71137-ae1b-4833-92e0-aa49a0575f1c,cultural heritage,/cultural heritage/,văn hóa di sản,Effective Society & Culture relies on cultural heritage. [Lĩnh vực Xã hội & Bản sắc hiệu quả dựa trên văn hóa di sản.],en,society_culture,phrase,B2
1c843eab-991d-4adc-bde0-9fbc2b39ddbe,cultural identity,/cultural identity/,văn hóa bản sắc,Effective Society & Culture relies on cultural identity. [Lĩnh vực Xã hội & Bản sắc hiệu quả dựa trên văn hóa bản sắc.],en,society_culture,phrase,B2
996efe6a-57ed-4cb3-89f0-f2a59e68717d,cultural tradition,/cultural tradition/,văn hóa truyền thống,Effective Society & Culture relies on cultural tradition. [Lĩnh vực Xã hội & Bản sắc hiệu quả dựa trên văn hóa truyền thống.],en,society_culture,phrase,B2
06cd6774-2d69-4b9c-99e4-c4a8f802800c,cultural custom,/cultural custom/,văn hóa phong tục,Effective Society & Culture relies on cultural custom. [Lĩnh vực Xã hội & Bản sắc hiệu quả dựa trên văn hóa phong tục.],en,society_culture,phrase,B2
199e950f-01af-4d2a-a4ab-dbb9e37ae2f5,cultural integration,/cultural integration/,văn hóa hội nhập,Effective Society & Culture relies on cultural integration. [Lĩnh vực Xã hội & Bản sắc hiệu quả dựa trên văn hóa hội nhập.],en,society_culture,phrase,B2
58b47310-92bc-4a31-8fd8-08281fdb4a2b,cultural diversity,/cultural diversity/,văn hóa đa dạng,Effective Society & Culture relies on cultural diversity. [Lĩnh vực Xã hội & Bản sắc hiệu quả dựa trên văn hóa đa dạng.],en,society_culture,phrase,B2
d2113c3e-3d59-4c72-9bb5-04454d221102,cultural community,/cultural community/,văn hóa cộng đồng,Effective Society & Culture relies on cultural community. [Lĩnh vực Xã hội & Bản sắc hiệu quả dựa trên văn hóa cộng đồng.],en,society_culture,phrase,B2
e2d9d79e-43c2-419d-ab6e-81c65a872892,cultural solidarity,/cultural solidarity/,văn hóa đoàn kết,Effective Society & Culture relies on cultural solidarity. [Lĩnh vực Xã hội & Bản sắc hiệu quả dựa trên văn hóa đoàn kết.],en,society_culture,phrase,B2
5bb645e4-4761-4fce-931b-6955ea87253c,societal heritage,/societal heritage/,xã hội di sản,Effective Society & Culture relies on societal heritage. [Lĩnh vực Xã hội & Bản sắc hiệu quả dựa trên xã hội di sản.],en,society_culture,phrase,B2
2483719e-a131-49be-8f4d-e3c43cc96374,societal identity,/societal identity/,xã hội bản sắc,Effective Society & Culture relies on societal identity. [Lĩnh vực Xã hội & Bản sắc hiệu quả dựa trên xã hội bản sắc.],en,society_culture,phrase,B2
223ec04c-777a-43b8-9561-9086f60ef9f0,societal tradition,/societal tradition/,xã hội truyền thống,Effective Society & Culture relies on societal tradition. [Lĩnh vực Xã hội & Bản sắc hiệu quả dựa trên xã hội truyền thống.],en,society_culture,phrase,B2
f4f94bf2-18cb-491c-8d69-9d36bca8d2d3,societal custom,/societal custom/,xã hội phong tục,Effective Society & Culture relies on societal custom. [Lĩnh vực Xã hội & Bản sắc hiệu quả dựa trên xã hội phong tục.],en,society_culture,phrase,B2
7032672e-5313-44af-94dc-fc531022f54f,societal integration,/societal integration/,xã hội hội nhập,Effective Society & Culture relies on societal integration. [Lĩnh vực Xã hội & Bản sắc hiệu quả dựa trên xã hội hội nhập.],en,society_culture,phrase,B2
e73e2a79-f8ea-4c82-b0b6-5a04f205f731,societal diversity,/societal diversity/,xã hội đa dạng,Effective Society & Culture relies on societal diversity. [Lĩnh vực Xã hội & Bản sắc hiệu quả dựa trên xã hội đa dạng.],en,society_culture,phrase,B2
0f91255b-613b-4dca-8778-2751e161f70f,societal community,/societal community/,xã hội cộng đồng,Effective Society & Culture relies on societal community. [Lĩnh vực Xã hội & Bản sắc hiệu quả dựa trên xã hội cộng đồng.],en,society_culture,phrase,B2
2c03b440-86c9-4e57-ba34-599e4ede05e1,societal solidarity,/societal solidarity/,xã hội đoàn kết,Effective Society & Culture relies on societal solidarity. [Lĩnh vực Xã hội & Bản sắc hiệu quả dựa trên xã hội đoàn kết.],en,society_culture,phrase,B2
1f375788-bd17-4c89-a2ec-89fac6a51c35,communal heritage,/communal heritage/,cộng đồng di sản,Effective Society & Culture relies on communal heritage. [Lĩnh vực Xã hội & Bản sắc hiệu quả dựa trên cộng đồng di sản.],en,society_culture,phrase,B2
2eb010d5-dea0-4d57-a5b1-5da8a35530f2,communal identity,/communal identity/,cộng đồng bản sắc,Effective Society & Culture relies on communal identity. [Lĩnh vực Xã hội & Bản sắc hiệu quả dựa trên cộng đồng bản sắc.],en,society_culture,phrase,B2
c0646eaa-a1ac-4c81-884f-fa42d2e20d3f,communal tradition,/communal tradition/,cộng đồng truyền thống,Effective Society & Culture relies on communal tradition. [Lĩnh vực Xã hội & Bản sắc hiệu quả dựa trên cộng đồng truyền thống.],en,society_culture,phrase,B2
221cefad-6586-4fd3-ad40-85f13ec68c1a,communal custom,/communal custom/,cộng đồng phong tục,Effective Society & Culture relies on communal custom. [Lĩnh vực Xã hội & Bản sắc hiệu quả dựa trên cộng đồng phong tục.],en,society_culture,phrase,B2
31c1a98c-0460-4504-b201-ced3f96be04e,communal integration,/communal integration/,cộng đồng hội nhập,Effective Society & Culture relies on communal integration. [Lĩnh vực Xã hội & Bản sắc hiệu quả dựa trên cộng đồng hội nhập.],en,society_culture,phrase,B2
04cbd7cf-2416-4956-85af-e71d292c6af4,communal diversity,/communal diversity/,cộng đồng đa dạng,Effective Society & Culture relies on communal diversity. [Lĩnh vực Xã hội & Bản sắc hiệu quả dựa trên cộng đồng đa dạng.],en,society_culture,phrase,B2
15637e00-3b69-4a70-a968-2ae53fb18b37,communal community,/communal community/,cộng đồng cộng đồng,Effective Society & Culture relies on communal community. [Lĩnh vực Xã hội & Bản sắc hiệu quả dựa trên cộng đồng cộng đồng.],en,society_culture,phrase,B2
18809758-fea6-4856-b017-d28f3141fcae,communal solidarity,/communal solidarity/,cộng đồng đoàn kết,Effective Society & Culture relies on communal solidarity. [Lĩnh vực Xã hội & Bản sắc hiệu quả dựa trên cộng đồng đoàn kết.],en,society_culture,phrase,B2
d208864d-011f-4bd5-b325-40c0db1ca2db,traditional heritage,/traditional heritage/,truyền thống di sản,Effective Society & Culture relies on traditional heritage. [Lĩnh vực Xã hội & Bản sắc hiệu quả dựa trên truyền thống di sản.],en,society_culture,phrase,B2
5aaebc2c-ddeb-4105-8fca-3e830b299cc6,traditional identity,/traditional identity/,truyền thống bản sắc,Effective Society & Culture relies on traditional identity. [Lĩnh vực Xã hội & Bản sắc hiệu quả dựa trên truyền thống bản sắc.],en,society_culture,phrase,B2
15e19e17-968b-47ab-b417-852ccded4043,traditional tradition,/traditional tradition/,truyền thống truyền thống,Effective Society & Culture relies on traditional tradition. [Lĩnh vực Xã hội & Bản sắc hiệu quả dựa trên truyền thống truyền thống.],en,society_culture,phrase,B2
fc4ddfda-a99f-4203-8cd9-7ad80dffcd8a,traditional custom,/traditional custom/,truyền thống phong tục,Effective Society & Culture relies on traditional custom. [Lĩnh vực Xã hội & Bản sắc hiệu quả dựa trên truyền thống phong tục.],en,society_culture,phrase,B2
de688803-df13-4a3c-abf1-f25a215dc96e,traditional integration,/traditional integration/,truyền thống hội nhập,Effective Society & Culture relies on traditional integration. [Lĩnh vực Xã hội & Bản sắc hiệu quả dựa trên truyền thống hội nhập.],en,society_culture,phrase,B2
df4db209-bebf-4237-9aea-a943d0d28b46,traditional diversity,/traditional diversity/,truyền thống đa dạng,Effective Society & Culture relies on traditional diversity. [Lĩnh vực Xã hội & Bản sắc hiệu quả dựa trên truyền thống đa dạng.],en,society_culture,phrase,B2
8b27f07f-8b55-4cad-a6ca-cadb70800a1e,traditional community,/traditional community/,truyền thống cộng đồng,Effective Society & Culture relies on traditional community. [Lĩnh vực Xã hội & Bản sắc hiệu quả dựa trên truyền thống cộng đồng.],en,society_culture,phrase,B2
60320500-6654-4f37-8564-053742162637,traditional solidarity,/traditional solidarity/,truyền thống đoàn kết,Effective Society & Culture relies on traditional solidarity. [Lĩnh vực Xã hội & Bản sắc hiệu quả dựa trên truyền thống đoàn kết.],en,society_culture,phrase,B2
91f89ad9-d5fa-44e8-b6db-5af2e61b9e0d,anthropological heritage,/anthropological heritage/,nhân chủng di sản,Effective Society & Culture relies on anthropological heritage. [Lĩnh vực Xã hội & Bản sắc hiệu quả dựa trên nhân chủng di sản.],en,society_culture,phrase,B2
1c9d4441-7b16-4e0b-ac3e-e494bb75154d,anthropological identity,/anthropological identity/,nhân chủng bản sắc,Effective Society & Culture relies on anthropological identity. [Lĩnh vực Xã hội & Bản sắc hiệu quả dựa trên nhân chủng bản sắc.],en,society_culture,phrase,B2
c449b762-fdd3-4221-9c5f-a800ccfd86f6,anthropological tradition,/anthropological tradition/,nhân chủng truyền thống,Effective Society & Culture relies on anthropological tradition. [Lĩnh vực Xã hội & Bản sắc hiệu quả dựa trên nhân chủng truyền thống.],en,society_culture,phrase,B2
6282c24a-88e5-44e8-a25e-0d94ea01b7f7,anthropological custom,/anthropological custom/,nhân chủng phong tục,Effective Society & Culture relies on anthropological custom. [Lĩnh vực Xã hội & Bản sắc hiệu quả dựa trên nhân chủng phong tục.],en,society_culture,phrase,B2
06621b38-005d-4aa2-b2c2-b655ad203e03,anthropological integration,/anthropological integration/,nhân chủng hội nhập,Effective Society & Culture relies on anthropological integration. [Lĩnh vực Xã hội & Bản sắc hiệu quả dựa trên nhân chủng hội nhập.],en,society_culture,phrase,B2
ecd89c02-b260-42ce-ac9b-2eae0498f0b1,anthropological diversity,/anthropological diversity/,nhân chủng đa dạng,Effective Society & Culture relies on anthropological diversity. [Lĩnh vực Xã hội & Bản sắc hiệu quả dựa trên nhân chủng đa dạng.],en,society_culture,phrase,B2
fc67f75f-6fbc-48ae-b26a-e160d2c4224e,anthropological community,/anthropological community/,nhân chủng cộng đồng,Effective Society & Culture relies on anthropological community. [Lĩnh vực Xã hội & Bản sắc hiệu quả dựa trên nhân chủng cộng đồng.],en,society_culture,phrase,B2
c7b6857d-24d0-4f17-9758-6bff6b5c851b,anthropological solidarity,/anthropological solidarity/,nhân chủng đoàn kết,Effective Society & Culture relies on anthropological solidarity. [Lĩnh vực Xã hội & Bản sắc hiệu quả dựa trên nhân chủng đoàn kết.],en,society_culture,phrase,B2
9e7c2ba7-ed51-4120-b87d-151872b46b67,ethnic heritage,/ethnic heritage/,sắc tộc di sản,Effective Society & Culture relies on ethnic heritage. [Lĩnh vực Xã hội & Bản sắc hiệu quả dựa trên sắc tộc di sản.],en,society_culture,phrase,B2
acc82b72-b89c-42df-a801-4b069c9d79c6,ethnic identity,/ethnic identity/,sắc tộc bản sắc,Effective Society & Culture relies on ethnic identity. [Lĩnh vực Xã hội & Bản sắc hiệu quả dựa trên sắc tộc bản sắc.],en,society_culture,phrase,B2
5c02887d-9ca5-4c8b-a827-71ca36cff95c,ethnic tradition,/ethnic tradition/,sắc tộc truyền thống,Effective Society & Culture relies on ethnic tradition. [Lĩnh vực Xã hội & Bản sắc hiệu quả dựa trên sắc tộc truyền thống.],en,society_culture,phrase,B2
169f3745-019e-41f0-8c45-bd771476a060,ethnic custom,/ethnic custom/,sắc tộc phong tục,Effective Society & Culture relies on ethnic custom. [Lĩnh vực Xã hội & Bản sắc hiệu quả dựa trên sắc tộc phong tục.],en,society_culture,phrase,B2
72469515-2315-4d46-a4a2-bd3e01990783,ethnic integration,/ethnic integration/,sắc tộc hội nhập,Effective Society & Culture relies on ethnic integration. [Lĩnh vực Xã hội & Bản sắc hiệu quả dựa trên sắc tộc hội nhập.],en,society_culture,phrase,B2
01fc962a-8b4f-41cd-b782-fd770b3ede96,ethnic diversity,/ethnic diversity/,sắc tộc đa dạng,Effective Society & Culture relies on ethnic diversity. [Lĩnh vực Xã hội & Bản sắc hiệu quả dựa trên sắc tộc đa dạng.],en,society_culture,phrase,B2
34e2db1b-0fcd-496c-b26d-dffaf96203ed,ethnic community,/ethnic community/,sắc tộc cộng đồng,Effective Society & Culture relies on ethnic community. [Lĩnh vực Xã hội & Bản sắc hiệu quả dựa trên sắc tộc cộng đồng.],en,society_culture,phrase,B2
1f92efb8-f61d-4008-81fd-e801672e42fa,ethnic solidarity,/ethnic solidarity/,sắc tộc đoàn kết,Effective Society & Culture relies on ethnic solidarity. [Lĩnh vực Xã hội & Bản sắc hiệu quả dựa trên sắc tộc đoàn kết.],en,society_culture,phrase,B2
8fe1726d-2ed3-412e-b5ae-9787b232c738,multicultural heritage,/multicultural heritage/,đa văn hóa di sản,Effective Society & Culture relies on multicultural heritage. [Lĩnh vực Xã hội & Bản sắc hiệu quả dựa trên đa văn hóa di sản.],en,society_culture,phrase,B2
0e730934-4fe1-444a-8066-b251f75c6841,multicultural identity,/multicultural identity/,đa văn hóa bản sắc,Effective Society & Culture relies on multicultural identity. [Lĩnh vực Xã hội & Bản sắc hiệu quả dựa trên đa văn hóa bản sắc.],en,society_culture,phrase,B2
93506737-22d1-4a3c-973a-ed4b33c406dd,artist,/ˈɑːrtɪst/,nghệ sĩ; hoạ sĩ,"In Arts & Literature, 'artist' is an essential term. [Trong Nghệ thuật & Văn học, ""artist"" là một thuật ngữ quan trọng.]",en,arts_literature,single_word,B1
f88e3971-4898-4172-a234-48a33136cea8,artistic,/ɑːrˈtɪstɪk/,"nghệ thuật;  mỹ thuật; có nghệ thuật; có mỹ thuật, khéo léo","In Arts & Literature, 'artistic' is an essential term. [Trong Nghệ thuật & Văn học, ""artistic"" là một thuật ngữ quan trọng.]",en,arts_literature,single_word,B1
cd05fe3d-2fd0-4d34-8c2f-8d27c3f02339,literature,/ˈlɪtrətʃər/,"văn chương, văn học; tác phẩm văn học; tác phẩm viết văn hoa bóng bảy","In Arts & Literature, 'literature' is an essential term. [Trong Nghệ thuật & Văn học, ""literature"" là một thuật ngữ quan trọng.]",en,arts_literature,single_word,B1
2672ec94-456b-4ec0-8b03-ac15c8159a74,movie,/ˈmuːvi/,phim xi nê; rạp chiếu bóng,"In Arts & Literature, 'movie' is an essential term. [Trong Nghệ thuật & Văn học, ""movie"" là một thuật ngữ quan trọng.]",en,arts_literature,single_word,B1
f47c8506-0498-44e5-b585-269cc1080e65,art,/ɑːrt/,mỹ thuật; nghệ thuật; kỷ xảo,"In Arts & Literature, 'art' is an essential term. [Trong Nghệ thuật & Văn học, ""art"" là một thuật ngữ quan trọng.]",en,arts_literature,single_word,B1
2e563e1a-ca41-46dd-b92b-761460bf1847,author,/ˈɔːθər/,tác giả,"In Arts & Literature, 'author' is an essential term. [Trong Nghệ thuật & Văn học, ""author"" là một thuật ngữ quan trọng.]",en,arts_literature,single_word,B1
2e787bc3-6dd0-4999-be7f-e4a3ac5168ca,dance,/dæns/,sự nhảy múa; sự khiêu vũ; bài nhạc nhảy; điệu nhạc khiêu vũ,"In Arts & Literature, 'dance' is an essential term. [Trong Nghệ thuật & Văn học, ""dance"" là một thuật ngữ quan trọng.]",en,arts_literature,single_word,B1
966c8215-04ca-4777-a9c5-aef1c2d851b1,music,/ˈmjuːzɪk/,"nhạc, âm nhạc; tiếng nhạc","In Arts & Literature, 'music' is an essential term. [Trong Nghệ thuật & Văn học, ""music"" là một thuật ngữ quan trọng.]",en,arts_literature,single_word,B1
dc5fb608-24f5-441d-bc9a-85f0910e99a6,musician,/mjuˈzɪʃn/,nhạc sĩ; nhà soạn nhạc,"In Arts & Literature, 'musician' is an essential term. [Trong Nghệ thuật & Văn học, ""musician"" là một thuật ngữ quan trọng.]",en,arts_literature,single_word,B1
32ae2fb1-1527-4311-8629-1c79a435011d,poetry,/ˈpəʊətri/,"thơ; nghệ thuật thơ; chất thơ, thi vị","In Arts & Literature, 'poetry' is an essential term. [Trong Nghệ thuật & Văn học, ""poetry"" là một thuật ngữ quan trọng.]",en,arts_literature,single_word,B1
fd104277-b8c9-4e4a-a86a-bbcfd71d2723,apart,/əˈpɑːrt/,"về một bên, qua một bên; riêng ra, xa ra; apart from ngoài... ra","In Arts & Literature, 'apart' is an essential term. [Trong Nghệ thuật & Văn học, ""apart"" là một thuật ngữ quan trọng.]",en,arts_literature,single_word,B1
a6d8f197-4150-451d-8566-87df9a274d7e,booking,/ˈbʊkɪŋ/,đặt phòng,"In Arts & Literature, 'booking' is an essential term. [Trong Nghệ thuật & Văn học, ""booking"" là một thuật ngữ quan trọng.]",en,arts_literature,single_word,B1
dbc3feea-93a3-42ca-9e72-b93b1c142fc0,charter,/ˈtʃɑːrtər/,hiến chương; đặc quyền,"In Arts & Literature, 'charter' is an essential term. [Trong Nghệ thuật & Văn học, ""charter"" là một thuật ngữ quan trọng.]",en,arts_literature,single_word,B1
d09c9342-1376-4d61-ac6f-5a28d901d6f1,creative,/kriˈeɪtɪv/,"tạo ra, sáng tạo","In Arts & Literature, 'creative' is an essential term. [Trong Nghệ thuật & Văn học, ""creative"" là một thuật ngữ quan trọng.]",en,arts_literature,single_word,B1
900303b2-b393-43b6-b2e7-11c36c03ba5e,dancer,/ˈdænsər/,"người nhảy múa, diễn viên múa, vũ nữ","In Arts & Literature, 'dancer' is an essential term. [Trong Nghệ thuật & Văn học, ""dancer"" là một thuật ngữ quan trọng.]",en,arts_literature,single_word,B1
5f577858-8b02-47e5-b60a-ca6ef0b33d6c,depart,/dɪˈpɑːrt/,"khởi hành; rời khỏi; nghiêng về, lệch về","In Arts & Literature, 'depart' is an essential term. [Trong Nghệ thuật & Văn học, ""depart"" là một thuật ngữ quan trọng.]",en,arts_literature,single_word,B1
480e5d9a-4d98-4b73-9e40-9a4cdea3b02e,designate,/ˈdezɪɡneɪt/,"xác định, chỉ, ký hiệu","In Arts & Literature, 'designate' is an essential term. [Trong Nghệ thuật & Văn học, ""designate"" là một thuật ngữ quan trọng.]",en,arts_literature,single_word,B1
367550c4-596d-4d89-85da-33e04a4f9135,festival,/ˈfestɪvl/,thuộc ngày hội; ngày hội; đại hội liên hoan; hội diễn,"In Arts & Literature, 'festival' is an essential term. [Trong Nghệ thuật & Văn học, ""festival"" là một thuật ngữ quan trọng.]",en,arts_literature,single_word,B1
3ceda711-194f-4539-925e-caf716079a9c,film,/fɪlm/,";  phim, màng // chụp phim; continuously moving f. phim di động liên tục","In Arts & Literature, 'film' is an essential term. [Trong Nghệ thuật & Văn học, ""film"" là một thuật ngữ quan trọng.]",en,arts_literature,single_word,B1
76aaff91-a39f-4915-86c6-8c5d1a561223,genre,/ˈʒɑːnrə/,giống; g. of an entire function  giống của một hàm nguyên,"In Arts & Literature, 'genre' is an essential term. [Trong Nghệ thuật & Văn học, ""genre"" là một thuật ngữ quan trọng.]",en,arts_literature,single_word,B1
b099ea01-ad35-4a9c-87e0-74db57a2d4ee,musical,/ˈmjuːzɪkl/,"nhạc,  âm nhạc; du dương, êm tai, thánh thót","In Arts & Literature, 'musical' is an essential term. [Trong Nghệ thuật & Văn học, ""musical"" là một thuật ngữ quan trọng.]",en,arts_literature,single_word,B1
be282ac5-1423-4819-8574-120a1c984bfb,notebook,/ˈnəʊtbʊk/,"sổ tay, sổ ghi chép","In Arts & Literature, 'notebook' is an essential term. [Trong Nghệ thuật & Văn học, ""notebook"" là một thuật ngữ quan trọng.]",en,arts_literature,single_word,B1
dace1aaa-3019-4ae3-95cc-1aaa505ebb44,novelist,/ˈnɑːvəlɪst/,người viết tiểu thuyết,"In Arts & Literature, 'novelist' is an essential term. [Trong Nghệ thuật & Văn học, ""novelist"" là một thuật ngữ quan trọng.]",en,arts_literature,single_word,B1
46d1604e-d24b-4107-9749-33c328b87a0f,partially,/ˈpɑːrʃəli/,"không hoàn chỉnh; cục bộ, một phần; một cách không vô tư; thiên vị","In Arts & Literature, 'partially' is an essential term. [Trong Nghệ thuật & Văn học, ""partially"" là một thuật ngữ quan trọng.]",en,arts_literature,single_word,B1
bef92eaa-6ee3-415c-8177-06763d257cbc,participant,/pɑːrˈtɪsɪpənt/,"người tham gia, người tham dự; tham gia, tham dự","In Arts & Literature, 'participant' is an essential term. [Trong Nghệ thuật & Văn học, ""participant"" là một thuật ngữ quan trọng.]",en,arts_literature,single_word,B1
5dfa8055-a2d2-4965-8e6d-b001eda0b2c6,participate,/pɑːrˈtɪsɪpeɪt/,"tham gia, tham dự; cùng góp phần; có phần nào, phần nào mang tính chất","In Arts & Literature, 'participate' is an essential term. [Trong Nghệ thuật & Văn học, ""participate"" là một thuật ngữ quan trọng.]",en,arts_literature,single_word,B1
409c5082-a5da-416b-8402-f5730858a784,participation,/pɑːrˌtɪsɪˈpeɪʃn/,"sự tham gia, sự tham dự, sự góp phần vào","In Arts & Literature, 'participation' is an essential term. [Trong Nghệ thuật & Văn học, ""participation"" là một thuật ngữ quan trọng.]",en,arts_literature,single_word,B1
516f8a43-ff8a-4880-910f-ccc678053759,partner,/ˈpɑːrtnər/,người cùng phe,"In Arts & Literature, 'partner' is an essential term. [Trong Nghệ thuật & Văn học, ""partner"" là một thuật ngữ quan trọng.]",en,arts_literature,single_word,B1
82f400e9-d1bb-41b6-8d4c-380b93b7be84,partnership,/ˈpɑːrtnərʃɪp/,Bên tham gia; Hội chung vốn.,"In Arts & Literature, 'partnership' is an essential term. [Trong Nghệ thuật & Văn học, ""partnership"" là một thuật ngữ quan trọng.]",en,arts_literature,single_word,B1
afb26506-3a82-4342-aeb9-0884a2aca7ba,party,/ˈpɑːrti/,đảng; đảng Cộng sản,"In Arts & Literature, 'party' is an essential term. [Trong Nghệ thuật & Văn học, ""party"" là một thuật ngữ quan trọng.]",en,arts_literature,single_word,B1
384bb91f-2bef-4ea2-a807-34892e5086e5,picture,/ˈpɪktʃər/,"bức tranh, bức ảnh, bức vẽ; chân dung","In Arts & Literature, 'picture' is an essential term. [Trong Nghệ thuật & Văn học, ""picture"" là một thuật ngữ quan trọng.]",en,arts_literature,single_word,B1
342f8337-5b8e-46f1-a5b2-96756fa7ca5a,play,/pleɪ/,"trò chơi, cuộc đấu","In Arts & Literature, 'play' is an essential term. [Trong Nghệ thuật & Văn học, ""play"" là một thuật ngữ quan trọng.]",en,arts_literature,single_word,B1
2918f071-42d0-4ce6-8086-d20bfe31193b,player,/ˈpleɪər/,"người chơi, đấu thú; maximizing p. người chơi lấy cực đại","In Arts & Literature, 'player' is an essential term. [Trong Nghệ thuật & Văn học, ""player"" là một thuật ngữ quan trọng.]",en,arts_literature,single_word,B1
8836fe16-5045-4877-ba52-ef31312c57e2,quarter,/ˈkwɔːrtər/,một phần tư; mười lăm phút,"In Arts & Literature, 'quarter' is an essential term. [Trong Nghệ thuật & Văn học, ""quarter"" là một thuật ngữ quan trọng.]",en,arts_literature,single_word,B1
7bd2dce4-8b34-49b4-a1f3-339080171090,song,/sɔːŋ/,"tiếng hát; tiếng hót; bài hát, điệu hát","In Arts & Literature, 'song' is an essential term. [Trong Nghệ thuật & Văn học, ""song"" là một thuật ngữ quan trọng.]",en,arts_literature,single_word,B1
0d62bf9d-d45f-4478-a8c6-cce2c9013537,theatre,/ˈθiːətər/,"rạp hát, nhà hát; nghệ thuật sân khấu; phép soạn kịch","In Arts & Literature, 'theatre' is an essential term. [Trong Nghệ thuật & Văn học, ""theatre"" là một thuật ngữ quan trọng.]",en,arts_literature,single_word,B1
d71a0dc3-11ab-4229-acde-e058abfea32a,title,/ˈtaɪtl/,tên ; nhan đề; tước; danh hiệu,"In Arts & Literature, 'title' is an essential term. [Trong Nghệ thuật & Văn học, ""title"" là một thuật ngữ quan trọng.]",en,arts_literature,single_word,B1
85bb8c8f-b2d0-4cb2-a8f4-e6958e1c009a,abundance,/əˈbʌndəns/,"sự nhiều, sự giàu có, sự phong phú; sự thừa thãi, sự dư dật; sự dạt dào","In Arts & Literature, 'abundance' is an essential term. [Trong Nghệ thuật & Văn học, ""abundance"" là một thuật ngữ quan trọng.]",en,arts_literature,single_word,B1
e7aa9457-e97a-419e-b55b-6c0afedc4a31,accordance,/əˈkɔːrdns/,"sự đồng ý, sự thoả thuận; sự phù hợp, sự theo đúng","In Arts & Literature, 'accordance' is an essential term. [Trong Nghệ thuật & Văn học, ""accordance"" là một thuật ngữ quan trọng.]",en,arts_literature,single_word,B1
a42d17d5-a6aa-4800-bafa-9245fb25a45f,apartment,/əˈpɑːrtmənt/,"căn phòng, buồng; dãy buồng ở một tầng","In Arts & Literature, 'apartment' is an essential term. [Trong Nghệ thuật & Văn học, ""apartment"" là một thuật ngữ quan trọng.]",en,arts_literature,single_word,B1
999ffda6-2a7d-4b71-8ae0-725eeb63958c,articulate,/ɑːrˈtɪkjuleɪt/,"có khớp, có đốt; đọc rõ ràng, phát âm rõ ràng","In Arts & Literature, 'articulate' is an essential term. [Trong Nghệ thuật & Văn học, ""articulate"" là một thuật ngữ quan trọng.]",en,arts_literature,single_word,B1
fd09d3ac-5501-4ff9-9ffb-32b601c56e57,artificial,/ˌɑːrtɪˈfɪʃl/,nhân tạo; giả tạo,"In Arts & Literature, 'artificial' is an essential term. [Trong Nghệ thuật & Văn học, ""artificial"" là một thuật ngữ quan trọng.]",en,arts_literature,single_word,B1
b54c0ca0-9ff3-4a89-b339-6094e125dc6e,authority,/əˈθɔːrəti/,"uy quyền, quyền lực, quyền thế; uỷ quyền","In Arts & Literature, 'authority' is an essential term. [Trong Nghệ thuật & Văn học, ""authority"" là một thuật ngữ quan trọng.]",en,arts_literature,single_word,B1
ba8dd74f-5501-4cae-a556-ea8ac78e9653,authorize,/ˈɔːθəraɪz/,"cho quyền, uỷ quyền, cho phép; là căn cứ, là cái cớ chính đáng","In Arts & Literature, 'authorize' is an essential term. [Trong Nghệ thuật & Văn học, ""authorize"" là một thuật ngữ quan trọng.]",en,arts_literature,single_word,B1
e2214cdf-ba6b-47f5-a375-ad6f573a3207,book,/bʊk/,sách,"In Arts & Literature, 'book' is an essential term. [Trong Nghệ thuật & Văn học, ""book"" là một thuật ngữ quan trọng.]",en,arts_literature,single_word,B1
d6e84804-67ab-46f9-a5a5-9133148b993f,canvas,/ˈkænvəs/,vải bạt; lều; buồm,"In Arts & Literature, 'canvas' is an essential term. [Trong Nghệ thuật & Văn học, ""canvas"" là một thuật ngữ quan trọng.]",en,arts_literature,single_word,B1
2c099065-53d3-42f8-9d7b-c8182c43cfd1,cartoon,/kɑːrˈtuːn/,"tranh đả kích, tranh biếm hoạ  về chính trị); trang tranh đả kích; trang tranh vui","In Arts & Literature, 'cartoon' is an essential term. [Trong Nghệ thuật & Văn học, ""cartoon"" là một thuật ngữ quan trọng.]",en,arts_literature,single_word,B1
dbb85ebb-883d-4fc6-a8b1-bf0bf7fe40d3,character,/ˈkærəktər/,"đặc trưng, đặc tính; đặc số;  dấu chữ; conjugate c.  đặc trưng liên hợp","In Arts & Literature, 'character' is an essential term. [Trong Nghệ thuật & Văn học, ""character"" là một thuật ngữ quan trọng.]",en,arts_literature,single_word,B1
322d1cb0-d717-490d-89da-d5c4d079b61c,chart,/tʃɑːrt/,biểu; arithmetics c. biểu đồ những thay đổi số lượng,"In Arts & Literature, 'chart' is an essential term. [Trong Nghệ thuật & Văn học, ""chart"" là một thuật ngữ quan trọng.]",en,arts_literature,single_word,B1
8375e517-482f-4a4f-9fa0-d22761216176,compile,/kəmˈpaɪl/,biên dịch,"In Arts & Literature, 'compile' is an essential term. [Trong Nghệ thuật & Văn học, ""compile"" là một thuật ngữ quan trọng.]",en,arts_literature,single_word,B1
21f954fa-2046-4d59-ad4c-61b9abda1b19,aesthetic masterpiece,/aesthetic masterpiece/,thẩm mỹ kiệt tác,Effective Arts & Literature relies on aesthetic masterpiece. [Lĩnh vực Nghệ thuật & Văn học hiệu quả dựa trên thẩm mỹ kiệt tác.],en,arts_literature,phrase,B2
9490530c-023d-47ea-bc3e-0bbf7d052846,aesthetic narrative,/aesthetic narrative/,thẩm mỹ cốt truyện,Effective Arts & Literature relies on aesthetic narrative. [Lĩnh vực Nghệ thuật & Văn học hiệu quả dựa trên thẩm mỹ cốt truyện.],en,arts_literature,phrase,B2
3635706c-a001-4945-938f-cca2f7852f87,aesthetic composition,/aesthetic composition/,thẩm mỹ tác phẩm,Effective Arts & Literature relies on aesthetic composition. [Lĩnh vực Nghệ thuật & Văn học hiệu quả dựa trên thẩm mỹ tác phẩm.],en,arts_literature,phrase,B2
0aa19bbc-225b-4dd7-b0c4-d4b6f69f1bbb,aesthetic exhibition,/aesthetic exhibition/,thẩm mỹ triển lãm,Effective Arts & Literature relies on aesthetic exhibition. [Lĩnh vực Nghệ thuật & Văn học hiệu quả dựa trên thẩm mỹ triển lãm.],en,arts_literature,phrase,B2
f33deb61-4a77-4bba-a2b9-5197c1d15390,aesthetic choreography,/aesthetic choreography/,thẩm mỹ vũ đạo,Effective Arts & Literature relies on aesthetic choreography. [Lĩnh vực Nghệ thuật & Văn học hiệu quả dựa trên thẩm mỹ vũ đạo.],en,arts_literature,phrase,B2
59eba608-5032-4bcc-9a4e-eb9211d40e56,aesthetic expression,/aesthetic expression/,thẩm mỹ biểu đạt,Effective Arts & Literature relies on aesthetic expression. [Lĩnh vực Nghệ thuật & Văn học hiệu quả dựa trên thẩm mỹ biểu đạt.],en,arts_literature,phrase,B2
af0a3b1d-b047-49e9-af6b-73994e1e5246,aesthetic sculpture,/aesthetic sculpture/,thẩm mỹ điêu khắc,Effective Arts & Literature relies on aesthetic sculpture. [Lĩnh vực Nghệ thuật & Văn học hiệu quả dựa trên thẩm mỹ điêu khắc.],en,arts_literature,phrase,B2
a17c65bc-c425-4ddd-be4f-0ed74c601099,aesthetic symphony,/aesthetic symphony/,thẩm mỹ giao hưởng,Effective Arts & Literature relies on aesthetic symphony. [Lĩnh vực Nghệ thuật & Văn học hiệu quả dựa trên thẩm mỹ giao hưởng.],en,arts_literature,phrase,B2
8b175659-1c1e-478f-bc81-815be840cfc4,literary masterpiece,/literary masterpiece/,văn học kiệt tác,Effective Arts & Literature relies on literary masterpiece. [Lĩnh vực Nghệ thuật & Văn học hiệu quả dựa trên văn học kiệt tác.],en,arts_literature,phrase,B2
c7a74c16-a525-4822-8e80-50625480abb9,literary narrative,/literary narrative/,văn học cốt truyện,Effective Arts & Literature relies on literary narrative. [Lĩnh vực Nghệ thuật & Văn học hiệu quả dựa trên văn học cốt truyện.],en,arts_literature,phrase,B2
160708ed-03aa-4454-bc6f-132dfa9c2559,literary composition,/literary composition/,văn học tác phẩm,Effective Arts & Literature relies on literary composition. [Lĩnh vực Nghệ thuật & Văn học hiệu quả dựa trên văn học tác phẩm.],en,arts_literature,phrase,B2
5753ff62-4def-446e-997b-4eb8f712aa43,literary exhibition,/literary exhibition/,văn học triển lãm,Effective Arts & Literature relies on literary exhibition. [Lĩnh vực Nghệ thuật & Văn học hiệu quả dựa trên văn học triển lãm.],en,arts_literature,phrase,B2
f68f1a2f-dedb-401f-a662-353055e50d38,literary choreography,/literary choreography/,văn học vũ đạo,Effective Arts & Literature relies on literary choreography. [Lĩnh vực Nghệ thuật & Văn học hiệu quả dựa trên văn học vũ đạo.],en,arts_literature,phrase,B2
a50db9cf-eec7-4a78-9bc6-ca1355d40536,literary expression,/literary expression/,văn học biểu đạt,Effective Arts & Literature relies on literary expression. [Lĩnh vực Nghệ thuật & Văn học hiệu quả dựa trên văn học biểu đạt.],en,arts_literature,phrase,B2
7ec2c9b5-f348-4be5-b993-bdfaab0ee2d9,literary sculpture,/literary sculpture/,văn học điêu khắc,Effective Arts & Literature relies on literary sculpture. [Lĩnh vực Nghệ thuật & Văn học hiệu quả dựa trên văn học điêu khắc.],en,arts_literature,phrase,B2
8c401fdc-d6be-4d1c-bc1e-fe44fd3be6cd,literary symphony,/literary symphony/,văn học giao hưởng,Effective Arts & Literature relies on literary symphony. [Lĩnh vực Nghệ thuật & Văn học hiệu quả dựa trên văn học giao hưởng.],en,arts_literature,phrase,B2
964c05ac-0abe-4938-982d-3daba1b7e015,artistic masterpiece,/artistic masterpiece/,nghệ thuật kiệt tác,Effective Arts & Literature relies on artistic masterpiece. [Lĩnh vực Nghệ thuật & Văn học hiệu quả dựa trên nghệ thuật kiệt tác.],en,arts_literature,phrase,B2
188bd652-718e-4dbf-9c3a-ee5ba2eca52a,artistic narrative,/artistic narrative/,nghệ thuật cốt truyện,Effective Arts & Literature relies on artistic narrative. [Lĩnh vực Nghệ thuật & Văn học hiệu quả dựa trên nghệ thuật cốt truyện.],en,arts_literature,phrase,B2
b2ee733a-34e6-4bfc-9e18-4bd5d6b8f9c6,artistic composition,/artistic composition/,nghệ thuật tác phẩm,Effective Arts & Literature relies on artistic composition. [Lĩnh vực Nghệ thuật & Văn học hiệu quả dựa trên nghệ thuật tác phẩm.],en,arts_literature,phrase,B2
64c7c1b4-47be-4b40-bcfb-9b22864a73a1,artistic exhibition,/artistic exhibition/,nghệ thuật triển lãm,Effective Arts & Literature relies on artistic exhibition. [Lĩnh vực Nghệ thuật & Văn học hiệu quả dựa trên nghệ thuật triển lãm.],en,arts_literature,phrase,B2
e42e8044-0571-4908-8170-707fdfbc6479,artistic choreography,/artistic choreography/,nghệ thuật vũ đạo,Effective Arts & Literature relies on artistic choreography. [Lĩnh vực Nghệ thuật & Văn học hiệu quả dựa trên nghệ thuật vũ đạo.],en,arts_literature,phrase,B2
358391b8-b8b9-4b5a-8a15-d8bb560293f7,artistic expression,/artistic expression/,nghệ thuật biểu đạt,Effective Arts & Literature relies on artistic expression. [Lĩnh vực Nghệ thuật & Văn học hiệu quả dựa trên nghệ thuật biểu đạt.],en,arts_literature,phrase,B2
6d781768-6be0-47de-8edc-2fd2a21a658c,artistic sculpture,/artistic sculpture/,nghệ thuật điêu khắc,Effective Arts & Literature relies on artistic sculpture. [Lĩnh vực Nghệ thuật & Văn học hiệu quả dựa trên nghệ thuật điêu khắc.],en,arts_literature,phrase,B2
e039c0d1-087c-4740-abea-62849619ede3,artistic symphony,/artistic symphony/,nghệ thuật giao hưởng,Effective Arts & Literature relies on artistic symphony. [Lĩnh vực Nghệ thuật & Văn học hiệu quả dựa trên nghệ thuật giao hưởng.],en,arts_literature,phrase,B2
1e664b60-247e-496f-8153-e70c885f83f3,poetic masterpiece,/poetic masterpiece/,thi vị kiệt tác,Effective Arts & Literature relies on poetic masterpiece. [Lĩnh vực Nghệ thuật & Văn học hiệu quả dựa trên thi vị kiệt tác.],en,arts_literature,phrase,B2
5c987efd-663c-4b49-be41-be3406e5683a,poetic narrative,/poetic narrative/,thi vị cốt truyện,Effective Arts & Literature relies on poetic narrative. [Lĩnh vực Nghệ thuật & Văn học hiệu quả dựa trên thi vị cốt truyện.],en,arts_literature,phrase,B2
beead31d-ff2b-4d00-80f1-e3e27a433353,poetic composition,/poetic composition/,thi vị tác phẩm,Effective Arts & Literature relies on poetic composition. [Lĩnh vực Nghệ thuật & Văn học hiệu quả dựa trên thi vị tác phẩm.],en,arts_literature,phrase,B2
bff70a26-911e-4b88-8f56-655ad43b0c5f,poetic exhibition,/poetic exhibition/,thi vị triển lãm,Effective Arts & Literature relies on poetic exhibition. [Lĩnh vực Nghệ thuật & Văn học hiệu quả dựa trên thi vị triển lãm.],en,arts_literature,phrase,B2
a3c35c93-a282-4cc7-834b-684c6d3eb1a9,poetic choreography,/poetic choreography/,thi vị vũ đạo,Effective Arts & Literature relies on poetic choreography. [Lĩnh vực Nghệ thuật & Văn học hiệu quả dựa trên thi vị vũ đạo.],en,arts_literature,phrase,B2
bdf49b97-120a-452c-b31e-f9e4b7b8285b,poetic expression,/poetic expression/,thi vị biểu đạt,Effective Arts & Literature relies on poetic expression. [Lĩnh vực Nghệ thuật & Văn học hiệu quả dựa trên thi vị biểu đạt.],en,arts_literature,phrase,B2
891aa504-f79c-474b-9c68-ea78a9b018fd,poetic sculpture,/poetic sculpture/,thi vị điêu khắc,Effective Arts & Literature relies on poetic sculpture. [Lĩnh vực Nghệ thuật & Văn học hiệu quả dựa trên thi vị điêu khắc.],en,arts_literature,phrase,B2
8df0362d-64ca-4628-8873-6f335707263d,poetic symphony,/poetic symphony/,thi vị giao hưởng,Effective Arts & Literature relies on poetic symphony. [Lĩnh vực Nghệ thuật & Văn học hiệu quả dựa trên thi vị giao hưởng.],en,arts_literature,phrase,B2
7aa03ab1-f8c8-4077-89af-90ccc6818354,theatrical masterpiece,/theatrical masterpiece/,sân khấu kiệt tác,Effective Arts & Literature relies on theatrical masterpiece. [Lĩnh vực Nghệ thuật & Văn học hiệu quả dựa trên sân khấu kiệt tác.],en,arts_literature,phrase,B2
1af630cc-6597-42ff-af61-8859c65f6884,theatrical narrative,/theatrical narrative/,sân khấu cốt truyện,Effective Arts & Literature relies on theatrical narrative. [Lĩnh vực Nghệ thuật & Văn học hiệu quả dựa trên sân khấu cốt truyện.],en,arts_literature,phrase,B2
e3b9db3b-10d6-4a91-963e-2107d7b8d0b0,theatrical composition,/theatrical composition/,sân khấu tác phẩm,Effective Arts & Literature relies on theatrical composition. [Lĩnh vực Nghệ thuật & Văn học hiệu quả dựa trên sân khấu tác phẩm.],en,arts_literature,phrase,B2
91c057ba-a629-4c8a-a586-4a04abd767a8,theatrical exhibition,/theatrical exhibition/,sân khấu triển lãm,Effective Arts & Literature relies on theatrical exhibition. [Lĩnh vực Nghệ thuật & Văn học hiệu quả dựa trên sân khấu triển lãm.],en,arts_literature,phrase,B2
39791fae-fea1-420b-a970-8c9e97219628,theatrical choreography,/theatrical choreography/,sân khấu vũ đạo,Effective Arts & Literature relies on theatrical choreography. [Lĩnh vực Nghệ thuật & Văn học hiệu quả dựa trên sân khấu vũ đạo.],en,arts_literature,phrase,B2
2083df86-4e92-49e4-8492-55f3db5aff89,theatrical expression,/theatrical expression/,sân khấu biểu đạt,Effective Arts & Literature relies on theatrical expression. [Lĩnh vực Nghệ thuật & Văn học hiệu quả dựa trên sân khấu biểu đạt.],en,arts_literature,phrase,B2
30c25664-8dca-4bea-b7b2-ebd12fd5b569,theatrical sculpture,/theatrical sculpture/,sân khấu điêu khắc,Effective Arts & Literature relies on theatrical sculpture. [Lĩnh vực Nghệ thuật & Văn học hiệu quả dựa trên sân khấu điêu khắc.],en,arts_literature,phrase,B2
5088c0bb-3927-41f2-b0d0-ff60d28fa2b2,theatrical symphony,/theatrical symphony/,sân khấu giao hưởng,Effective Arts & Literature relies on theatrical symphony. [Lĩnh vực Nghệ thuật & Văn học hiệu quả dựa trên sân khấu giao hưởng.],en,arts_literature,phrase,B2
093a58f8-585b-4830-8170-9fd93ef08cdd,cinematic masterpiece,/cinematic masterpiece/,điện ảnh kiệt tác,Effective Arts & Literature relies on cinematic masterpiece. [Lĩnh vực Nghệ thuật & Văn học hiệu quả dựa trên điện ảnh kiệt tác.],en,arts_literature,phrase,B2
c2066294-0bbf-4edd-a3f8-b8d5a4aff79a,cinematic narrative,/cinematic narrative/,điện ảnh cốt truyện,Effective Arts & Literature relies on cinematic narrative. [Lĩnh vực Nghệ thuật & Văn học hiệu quả dựa trên điện ảnh cốt truyện.],en,arts_literature,phrase,B2
fc7ad7db-340f-4319-8da5-152731cba5c7,cinematic composition,/cinematic composition/,điện ảnh tác phẩm,Effective Arts & Literature relies on cinematic composition. [Lĩnh vực Nghệ thuật & Văn học hiệu quả dựa trên điện ảnh tác phẩm.],en,arts_literature,phrase,B2
4a27fabf-0445-4d95-92a7-37d5ceec20bd,cinematic exhibition,/cinematic exhibition/,điện ảnh triển lãm,Effective Arts & Literature relies on cinematic exhibition. [Lĩnh vực Nghệ thuật & Văn học hiệu quả dựa trên điện ảnh triển lãm.],en,arts_literature,phrase,B2
e6e2da24-394e-4a81-95e8-087d68673a65,cinematic choreography,/cinematic choreography/,điện ảnh vũ đạo,Effective Arts & Literature relies on cinematic choreography. [Lĩnh vực Nghệ thuật & Văn học hiệu quả dựa trên điện ảnh vũ đạo.],en,arts_literature,phrase,B2
d43f2e58-2cb9-455a-8d21-16798c40abb6,cinematic expression,/cinematic expression/,điện ảnh biểu đạt,Effective Arts & Literature relies on cinematic expression. [Lĩnh vực Nghệ thuật & Văn học hiệu quả dựa trên điện ảnh biểu đạt.],en,arts_literature,phrase,B2
24d52358-b300-407a-bfe8-6f156b5f24f4,cinematic sculpture,/cinematic sculpture/,điện ảnh điêu khắc,Effective Arts & Literature relies on cinematic sculpture. [Lĩnh vực Nghệ thuật & Văn học hiệu quả dựa trên điện ảnh điêu khắc.],en,arts_literature,phrase,B2
0b26489c-1940-4b9e-b25e-2e0a035d2a55,cinematic symphony,/cinematic symphony/,điện ảnh giao hưởng,Effective Arts & Literature relies on cinematic symphony. [Lĩnh vực Nghệ thuật & Văn học hiệu quả dựa trên điện ảnh giao hưởng.],en,arts_literature,phrase,B2
eccefc64-9a4b-494a-ac05-b8996848d8b0,dramatic masterpiece,/dramatic masterpiece/,kịch tính kiệt tác,Effective Arts & Literature relies on dramatic masterpiece. [Lĩnh vực Nghệ thuật & Văn học hiệu quả dựa trên kịch tính kiệt tác.],en,arts_literature,phrase,B2
92f6942b-434a-4688-a17a-658c44045973,dramatic narrative,/dramatic narrative/,kịch tính cốt truyện,Effective Arts & Literature relies on dramatic narrative. [Lĩnh vực Nghệ thuật & Văn học hiệu quả dựa trên kịch tính cốt truyện.],en,arts_literature,phrase,B2
c0d94539-8209-47d9-b8c3-26238d1b3247,tour,/tʊr/,"cuộc đi, cuộc đi du lịch; cuộc đi chơi, cuộc đi dạo","In Travel & Tourism, 'tour' is an essential term. [Trong Du lịch & Khám phá, ""tour"" là một thuật ngữ quan trọng.]",en,travel_tourism,single_word,B1
b67af064-7b08-480b-b1ff-4a8324d07b95,tourist,/ˈtʊrɪst/,"nhà du lịch, khách du lịch","In Travel & Tourism, 'tourist' is an essential term. [Trong Du lịch & Khám phá, ""tourist"" là một thuật ngữ quan trọng.]",en,travel_tourism,single_word,B1
77a623ea-1429-4472-a4f8-bc8ba5a3d13f,traveller,/ˈtrævələr/,"người đi du lịch, người du hành; người đi chào hàng  commercial traveller)","In Travel & Tourism, 'traveller' is an essential term. [Trong Du lịch & Khám phá, ""traveller"" là một thuật ngữ quan trọng.]",en,travel_tourism,single_word,B1
c528f23a-fc63-4326-a362-a78dcc59bc1f,abroad,/əˈbrɔːd/,"ở nước ngoài, ra nước ngoài; khắp nơi, đang truyền đi khắp nơi","In Travel & Tourism, 'abroad' is an essential term. [Trong Du lịch & Khám phá, ""abroad"" là một thuật ngữ quan trọng.]",en,travel_tourism,single_word,B1
96cc7053-39f7-435c-9585-8ce23b238ae1,airport,/ˈerpɔːrt/,"sân bay, phi trường","In Travel & Tourism, 'airport' is an essential term. [Trong Du lịch & Khám phá, ""airport"" là một thuật ngữ quan trọng.]",en,travel_tourism,single_word,B1
65d601e2-5306-4ada-b3df-bea9d6abcdf0,explore,/ɪkˈsplɔːr/,"thám hiểm, nghiên cứu","In Travel & Tourism, 'explore' is an essential term. [Trong Du lịch & Khám phá, ""explore"" là một thuật ngữ quan trọng.]",en,travel_tourism,single_word,B1
cf5c7e3e-f055-46bd-8508-027eddbbd3d8,flight,/flaɪt/,sự bay; blind f.  sự bay mù,"In Travel & Tourism, 'flight' is an essential term. [Trong Du lịch & Khám phá, ""flight"" là một thuật ngữ quan trọng.]",en,travel_tourism,single_word,B1
9000dcf3-35f5-4da4-a0f1-cc95a5b2503f,guide,/ɡaɪd/,"hướng, lái;  ống dẫn sóng","In Travel & Tourism, 'guide' is an essential term. [Trong Du lịch & Khám phá, ""guide"" là một thuật ngữ quan trọng.]",en,travel_tourism,single_word,B1
65de62e0-adcb-4d60-8a0e-85871b63c9c6,journey,/ˈdʒɜːrni/,"cuộc hành trình; chặng đường đi, quâng đường đi","In Travel & Tourism, 'journey' is an essential term. [Trong Du lịch & Khám phá, ""journey"" là một thuật ngữ quan trọng.]",en,travel_tourism,single_word,B1
431c3541-3d56-47c1-bd37-eb38a631ec53,passenger,/ˈpæsɪndʒər/,hành khách; thành viên không có khả năng làm được trò trống gì; thành viên kém không đóng góp đóng góp được gì,"In Travel & Tourism, 'passenger' is an essential term. [Trong Du lịch & Khám phá, ""passenger"" là một thuật ngữ quan trọng.]",en,travel_tourism,single_word,B1
9e699e27-f0f1-4ff7-bdef-b05dceb53fa9,ticket,/ˈtɪkɪt/,vé; giấy,"In Travel & Tourism, 'ticket' is an essential term. [Trong Du lịch & Khám phá, ""ticket"" là một thuật ngữ quan trọng.]",en,travel_tourism,single_word,B1
2ab2ece1-8142-48e5-b135-836cf88e8cb4,tourism,/ˈtʊrɪzəm/,sự du lịch; thú du lịch,"In Travel & Tourism, 'tourism' is an essential term. [Trong Du lịch & Khám phá, ""tourism"" là một thuật ngữ quan trọng.]",en,travel_tourism,single_word,B1
5f28aa0f-94d9-4234-a7cd-419a0f701695,tournament,/ˈtʊrnəmənt/,cuộc đấu; cuộc đấu thương trên ngựa  tourney),"In Travel & Tourism, 'tournament' is an essential term. [Trong Du lịch & Khám phá, ""tournament"" là một thuật ngữ quan trọng.]",en,travel_tourism,single_word,B1
b9373b53-7561-429e-8faf-784e0f2f938e,travel,/ˈtrævl/,sự đi du lịch; cuộc du hành; sự chạy đi chạy lại; đường chạy,"In Travel & Tourism, 'travel' is an essential term. [Trong Du lịch & Khám phá, ""travel"" là một thuật ngữ quan trọng.]",en,travel_tourism,single_word,B1
83e24cd8-31da-44df-a049-9cb1223768ee,trip,/trɪp/,"cuộc đi chơi, cuộc dạo chơi, cuộc du ngoạn; chuyến đi, cuộc hành trình, sự vượt biển","In Travel & Tourism, 'trip' is an essential term. [Trong Du lịch & Khám phá, ""trip"" là một thuật ngữ quan trọng.]",en,travel_tourism,single_word,B1
5afe0d00-409a-40f4-8ad4-44daa32689c1,vacation,/veɪˈkeɪʃn/,"sự bỏ trống, sự bỏ không; sự bỏ, sự thôi","In Travel & Tourism, 'vacation' is an essential term. [Trong Du lịch & Khám phá, ""vacation"" là một thuật ngữ quan trọng.]",en,travel_tourism,single_word,B1
f4320f07-161b-49b9-a6b8-66d491187e9b,visitor,/ˈvɪzɪtər/,"khách, người đến thăm; người thanh tra, người kiểm tra","In Travel & Tourism, 'visitor' is an essential term. [Trong Du lịch & Khám phá, ""visitor"" là một thuật ngữ quan trọng.]",en,travel_tourism,single_word,B1
5ed86800-2487-45dd-8f6f-3f49d5349de9,cruise,/kruːz/,cuộc đi chơi biển; cuộc tuần tra trên biển,"In Travel & Tourism, 'cruise' is an essential term. [Trong Du lịch & Khám phá, ""cruise"" là một thuật ngữ quan trọng.]",en,travel_tourism,single_word,B1
5eae2f4c-38e8-4479-b94e-125c791db624,foreign,/ˈfɔːrən/,"nước ngoài, từ nước ngoài, ở nước ngoài; xa lạ; ngoài, không thuộc về","In Travel & Tourism, 'foreign' is an essential term. [Trong Du lịch & Khám phá, ""foreign"" là một thuật ngữ quan trọng.]",en,travel_tourism,single_word,B1
3689f26e-3864-4679-8f0f-41d5f7d98fa6,foreigner,/ˈfɔːrənər/,người nước ngoài; tàu nước ngoài,"In Travel & Tourism, 'foreigner' is an essential term. [Trong Du lịch & Khám phá, ""foreigner"" là một thuật ngữ quan trọng.]",en,travel_tourism,single_word,B1
d35b704b-868d-41d5-9e8e-f0c75ef47db9,guideline,/ˈɡaɪdlaɪn/,"nguyên tắc chỉ đạo, đường lối chỉ đạo","In Travel & Tourism, 'guideline' is an essential term. [Trong Du lịch & Khám phá, ""guideline"" là một thuật ngữ quan trọng.]",en,travel_tourism,single_word,B1
92483757-db41-4ef6-894f-ebea0d516d78,holiday,/ˈhɑːlədeɪ/,"ngày lễ, ngày nghỉ; kỳ nghỉ","In Travel & Tourism, 'holiday' is an essential term. [Trong Du lịch & Khám phá, ""holiday"" là một thuật ngữ quan trọng.]",en,travel_tourism,single_word,B1
42b9daeb-bde8-4592-9da1-6826c42d2891,hotel,/həʊˈtel/,khách sạn,"In Travel & Tourism, 'hotel' is an essential term. [Trong Du lịch & Khám phá, ""hotel"" là một thuật ngữ quan trọng.]",en,travel_tourism,single_word,B1
9b6c59ca-67b2-4fd1-8855-02f4c29b246d,insight,/ˈɪnsaɪt/,"sự thấm vào; quan niệm, nhận thức","In Travel & Tourism, 'insight' is an essential term. [Trong Du lịch & Khám phá, ""insight"" là một thuật ngữ quan trọng.]",en,travel_tourism,single_word,B1
e0d64ab1-b3ea-4766-9c83-3c10859c3ad5,passport,/ˈpæspɔːrt/,hộ chiếu; cái đảm bảo để đạt được,"In Travel & Tourism, 'passport' is an essential term. [Trong Du lịch & Khám phá, ""passport"" là một thuật ngữ quan trọng.]",en,travel_tourism,single_word,B1
508e5d5f-a1cb-4c65-bd01-f1e7e12b8635,sight,/saɪt/,"sự nhìn, điểm nhìn","In Travel & Tourism, 'sight' is an essential term. [Trong Du lịch & Khám phá, ""sight"" là một thuật ngữ quan trọng.]",en,travel_tourism,single_word,B1
22a3e38d-a915-4a1b-8c95-9ebea008b368,strip,/strɪp/,"dải, đới; s. of convergence dải hội tụ","In Travel & Tourism, 'strip' is an essential term. [Trong Du lịch & Khám phá, ""strip"" là một thuật ngữ quan trọng.]",en,travel_tourism,single_word,B1
ba6c6e4d-bf44-4c73-9b73-d58af7403a50,visit,/ˈvɪzɪt/,"sự đi thăm, sự thăm hỏi, sự thăm viếng; sự tham quan; thời gian ở lại thăm","In Travel & Tourism, 'visit' is an essential term. [Trong Du lịch & Khám phá, ""visit"" là một thuật ngữ quan trọng.]",en,travel_tourism,single_word,B1
865bdb88-e20c-4c30-a542-c03479110e07,airline,/ˈerlaɪn/,công ty hàng không,"In Travel & Tourism, 'airline' is an essential term. [Trong Du lịch & Khám phá, ""airline"" là một thuật ngữ quan trọng.]",en,travel_tourism,single_word,B1
be274ba4-3fe9-45a1-96f8-0cf2cec38d8a,bus,/bʌs/,xe; common b.  vành xe chung,"In Travel & Tourism, 'bus' is an essential term. [Trong Du lịch & Khám phá, ""bus"" là một thuật ngữ quan trọng.]",en,travel_tourism,single_word,B1
ff571c23-313e-4d16-955b-8676658d97f5,pass,/pæs/,vượt qua,"In Travel & Tourism, 'pass' is an essential term. [Trong Du lịch & Khám phá, ""pass"" là một thuật ngữ quan trọng.]",en,travel_tourism,single_word,B1
79722b99-8a80-4b1b-901a-2764c23b6d84,reception,/rɪˈsepʃn/,sự thu nhận,"In Travel & Tourism, 'reception' is an essential term. [Trong Du lịch & Khám phá, ""reception"" là một thuật ngữ quan trọng.]",en,travel_tourism,single_word,B1
4fbe0e30-cbd4-4e01-89b0-f136e24c062d,visa,/ˈviːzə/,thị thực; đóng dấu thị thực cho,"In Travel & Tourism, 'visa' is an essential term. [Trong Du lịch & Khám phá, ""visa"" là một thuật ngữ quan trọng.]",en,travel_tourism,single_word,B1
b961383b-e1e9-4a8a-a940-11c9f094a8ea,adventure,/ədˈventʃər/,"phiêu lưu, mạo hiểm, liều; dám đi, dám đến","In Travel & Tourism, 'adventure' is an essential term. [Trong Du lịch & Khám phá, ""adventure"" là một thuật ngữ quan trọng.]",en,travel_tourism,single_word,B1
5449dbd7-a905-48eb-a47c-e2c491f9cd66,aircraft,/ˈerkræft/,"máy bay, tàu bay; khí cầu","In Travel & Tourism, 'aircraft' is an essential term. [Trong Du lịch & Khám phá, ""aircraft"" là một thuật ngữ quan trọng.]",en,travel_tourism,single_word,B1
20ca0ef7-870f-4bba-b751-285ca714af6f,ambassador,/æmˈbæsədər/,đại sứ; người đại diện sứ giả,"In Travel & Tourism, 'ambassador' is an essential term. [Trong Du lịch & Khám phá, ""ambassador"" là một thuật ngữ quan trọng.]",en,travel_tourism,single_word,B1
13fdd87f-3ddd-4918-aeee-cf0542f602e4,arrive,/əˈraɪv/,"đến, tới nơi; xảy đến; đi đến, đạt tới","In Travel & Tourism, 'arrive' is an essential term. [Trong Du lịch & Khám phá, ""arrive"" là một thuật ngữ quan trọng.]",en,travel_tourism,single_word,B1
e4d75f1e-63f7-4ec4-845d-2aa105da0065,bag,/bæɡ/,"bao, túi, bị, xắc; mẻ săn","In Travel & Tourism, 'bag' is an essential term. [Trong Du lịch & Khám phá, ""bag"" là một thuật ngữ quan trọng.]",en,travel_tourism,single_word,B1
55a4e423-1214-4467-89f5-498da25a2311,boat,/bəʊt/,tàu thuyền; đĩa hình thuyền,"In Travel & Tourism, 'boat' is an essential term. [Trong Du lịch & Khám phá, ""boat"" là một thuật ngữ quan trọng.]",en,travel_tourism,single_word,B1
5c17bba9-0932-478e-bb81-b0c4800ee52b,camping,/ˈkæmpɪŋ/,sự cắm trại,"In Travel & Tourism, 'camping' is an essential term. [Trong Du lịch & Khám phá, ""camping"" là một thuật ngữ quan trọng.]",en,travel_tourism,single_word,B1
67215a43-f7b0-4769-b9d0-15901e41c57a,canal,/kəˈnæl/,ống,"In Travel & Tourism, 'canal' is an essential term. [Trong Du lịch & Khám phá, ""canal"" là một thuật ngữ quan trọng.]",en,travel_tourism,single_word,B1
ff39c6e9-c7aa-4ff3-9f93-593150d5acac,car,/kɑːr/,xe ô tô; xe; toa,"In Travel & Tourism, 'car' is an essential term. [Trong Du lịch & Khám phá, ""car"" là một thuật ngữ quan trọng.]",en,travel_tourism,single_word,B1
8036d01a-cf82-4fea-a531-4c87be058761,carriage,/ˈkærɪdʒ/,"bàn trượt ; xe; accumulator c.  xe tích lũy [bàn, con] trượt tích luỹ","In Travel & Tourism, 'carriage' is an essential term. [Trong Du lịch & Khám phá, ""carriage"" là một thuật ngữ quan trọng.]",en,travel_tourism,single_word,B1
0db43aa7-78d4-43d7-9d52-93bb49723bd3,chef,/ʃef/,đầu bếp,"In Travel & Tourism, 'chef' is an essential term. [Trong Du lịch & Khám phá, ""chef"" là một thuật ngữ quan trọng.]",en,travel_tourism,single_word,B1
8ede1479-e148-436d-9eed-102ad7bba1f3,circuit,/ˈsɜːrkɪt/,"mạch, chu tuyến, sơ đồ, chu trình; add c. mạch lấy tổng, mạch cộng","In Travel & Tourism, 'circuit' is an essential term. [Trong Du lịch & Khám phá, ""circuit"" là một thuật ngữ quan trọng.]",en,travel_tourism,single_word,B1
19912ad4-6eea-4b3a-aae5-2ca9fb2011a0,companion,/kəmˈpænjən/,"bạn, bầu bạn; người bạn gái   companion lady companion)","In Travel & Tourism, 'companion' is an essential term. [Trong Du lịch & Khám phá, ""companion"" là một thuật ngữ quan trọng.]",en,travel_tourism,single_word,B1
951e9793-d76c-4e41-85f3-961f770c7850,crash,/kræʃ/,"ngưng, đình chỉ; vỡ bể; tai họa; tai nạn xe; rớt máy bay; phá sản","In Travel & Tourism, 'crash' is an essential term. [Trong Du lịch & Khám phá, ""crash"" là một thuật ngữ quan trọng.]",en,travel_tourism,single_word,B1
c6aeed4f-a8df-49c2-bc13-4db0faffa119,dictionary,/ˈdɪkʃəneri/,từ điển; mechanical d. “từ điểm cơ giới”,"In Travel & Tourism, 'dictionary' is an essential term. [Trong Du lịch & Khám phá, ""dictionary"" là một thuật ngữ quan trọng.]",en,travel_tourism,single_word,B1
22064d02-ba71-41d0-94c3-add9eca9a9ac,domestic,/dəˈmestɪk/,"gia đình,  việc nhà, nội trợ; nuôi trong nhà","In Travel & Tourism, 'domestic' is an essential term. [Trong Du lịch & Khám phá, ""domestic"" là một thuật ngữ quan trọng.]",en,travel_tourism,single_word,B1
7cb3a4b7-483e-4d0c-912f-2c4d3137ba68,drive,/draɪv/,"điều khiển, lái, sự chuyển động; automatic d. sự truyền tự động","In Travel & Tourism, 'drive' is an essential term. [Trong Du lịch & Khám phá, ""drive"" là một thuật ngữ quan trọng.]",en,travel_tourism,single_word,B1
2a910bbd-530e-48b5-8e0e-759193fbd52f,touristic destination,/touristic destination/,du lịch điểm đến,Effective Travel & Tourism relies on touristic destination. [Lĩnh vực Du lịch & Khám phá hiệu quả dựa trên du lịch điểm đến.],en,travel_tourism,phrase,B2
a8a4c91a-ec11-415c-bc47-5211ecb7aa71,touristic expedition,/touristic expedition/,du lịch thám hiểm,Effective Travel & Tourism relies on touristic expedition. [Lĩnh vực Du lịch & Khám phá hiệu quả dựa trên du lịch thám hiểm.],en,travel_tourism,phrase,B2
34830447-06e2-4d13-a045-233e5f450d4e,touristic itinerary,/touristic itinerary/,du lịch lịch trình,Effective Travel & Tourism relies on touristic itinerary. [Lĩnh vực Du lịch & Khám phá hiệu quả dựa trên du lịch lịch trình.],en,travel_tourism,phrase,B2
250b35de-9905-4744-b804-9b8edb7be8d6,touristic voyage,/touristic voyage/,du lịch chuyến đi,Effective Travel & Tourism relies on touristic voyage. [Lĩnh vực Du lịch & Khám phá hiệu quả dựa trên du lịch chuyến đi.],en,travel_tourism,phrase,B2
eb2fec10-1a67-45ee-9503-7513ee9569e3,touristic attraction,/touristic attraction/,du lịch điểm thu hút,Effective Travel & Tourism relies on touristic attraction. [Lĩnh vực Du lịch & Khám phá hiệu quả dựa trên du lịch điểm thu hút.],en,travel_tourism,phrase,B2
8edbd338-f198-4f89-855b-f9ce48aa34d9,touristic landscape,/touristic landscape/,du lịch phong cảnh,Effective Travel & Tourism relies on touristic landscape. [Lĩnh vực Du lịch & Khám phá hiệu quả dựa trên du lịch phong cảnh.],en,travel_tourism,phrase,B2
544fa57b-1e7e-4178-b788-0c90a88f4381,touristic resort,/touristic resort/,du lịch khu nghỉ dưỡng,Effective Travel & Tourism relies on touristic resort. [Lĩnh vực Du lịch & Khám phá hiệu quả dựa trên du lịch khu nghỉ dưỡng.],en,travel_tourism,phrase,B2
164a37b1-47cc-4a99-99fd-4f43bdd18ed9,touristic excursion,/touristic excursion/,du lịch dã ngoại,Effective Travel & Tourism relies on touristic excursion. [Lĩnh vực Du lịch & Khám phá hiệu quả dựa trên du lịch dã ngoại.],en,travel_tourism,phrase,B2
cee5c8d8-6756-4b11-b51f-a8f56e9bd7e3,scenic destination,/scenic destination/,danh lam thắng cảnh điểm đến,Effective Travel & Tourism relies on scenic destination. [Lĩnh vực Du lịch & Khám phá hiệu quả dựa trên danh lam thắng cảnh điểm đến.],en,travel_tourism,phrase,B2
b4db2847-6310-468a-8815-038f67c11e3b,scenic expedition,/scenic expedition/,danh lam thắng cảnh thám hiểm,Effective Travel & Tourism relies on scenic expedition. [Lĩnh vực Du lịch & Khám phá hiệu quả dựa trên danh lam thắng cảnh thám hiểm.],en,travel_tourism,phrase,B2
d051d156-168e-4f50-9fe1-837cdbaec9fd,scenic itinerary,/scenic itinerary/,danh lam thắng cảnh lịch trình,Effective Travel & Tourism relies on scenic itinerary. [Lĩnh vực Du lịch & Khám phá hiệu quả dựa trên danh lam thắng cảnh lịch trình.],en,travel_tourism,phrase,B2
cb478172-e0ca-44be-9355-bee91b61e46b,scenic voyage,/scenic voyage/,danh lam thắng cảnh chuyến đi,Effective Travel & Tourism relies on scenic voyage. [Lĩnh vực Du lịch & Khám phá hiệu quả dựa trên danh lam thắng cảnh chuyến đi.],en,travel_tourism,phrase,B2
d3bb65e0-09af-4d09-9aee-1c8a448fe121,scenic attraction,/scenic attraction/,danh lam thắng cảnh điểm thu hút,Effective Travel & Tourism relies on scenic attraction. [Lĩnh vực Du lịch & Khám phá hiệu quả dựa trên danh lam thắng cảnh điểm thu hút.],en,travel_tourism,phrase,B2
5e0d7e1a-e5eb-464a-a342-30124cb1256f,scenic landscape,/scenic landscape/,danh lam thắng cảnh phong cảnh,Effective Travel & Tourism relies on scenic landscape. [Lĩnh vực Du lịch & Khám phá hiệu quả dựa trên danh lam thắng cảnh phong cảnh.],en,travel_tourism,phrase,B2
a4f38d5b-a48d-4650-aaf9-e42394494fab,scenic resort,/scenic resort/,danh lam thắng cảnh khu nghỉ dưỡng,Effective Travel & Tourism relies on scenic resort. [Lĩnh vực Du lịch & Khám phá hiệu quả dựa trên danh lam thắng cảnh khu nghỉ dưỡng.],en,travel_tourism,phrase,B2
16242939-a3d5-496b-a04f-db576e498347,scenic excursion,/scenic excursion/,danh lam thắng cảnh dã ngoại,Effective Travel & Tourism relies on scenic excursion. [Lĩnh vực Du lịch & Khám phá hiệu quả dựa trên danh lam thắng cảnh dã ngoại.],en,travel_tourism,phrase,B2
b9b9b80c-cd41-46fe-80e3-3cb0279dfc5d,exotic destination,/exotic destination/,kỳ thú điểm đến,Effective Travel & Tourism relies on exotic destination. [Lĩnh vực Du lịch & Khám phá hiệu quả dựa trên kỳ thú điểm đến.],en,travel_tourism,phrase,B2
dec4a8a6-2682-4241-abba-6b1e888e60e6,exotic expedition,/exotic expedition/,kỳ thú thám hiểm,Effective Travel & Tourism relies on exotic expedition. [Lĩnh vực Du lịch & Khám phá hiệu quả dựa trên kỳ thú thám hiểm.],en,travel_tourism,phrase,B2
639889fa-c53b-4c6f-8612-aecf3f835987,exotic itinerary,/exotic itinerary/,kỳ thú lịch trình,Effective Travel & Tourism relies on exotic itinerary. [Lĩnh vực Du lịch & Khám phá hiệu quả dựa trên kỳ thú lịch trình.],en,travel_tourism,phrase,B2
feb20aaf-f771-4e12-a652-e6d3fba1cec2,exotic voyage,/exotic voyage/,kỳ thú chuyến đi,Effective Travel & Tourism relies on exotic voyage. [Lĩnh vực Du lịch & Khám phá hiệu quả dựa trên kỳ thú chuyến đi.],en,travel_tourism,phrase,B2
cdc9872e-8ba1-4aa0-b922-ce166081e93f,exotic attraction,/exotic attraction/,kỳ thú điểm thu hút,Effective Travel & Tourism relies on exotic attraction. [Lĩnh vực Du lịch & Khám phá hiệu quả dựa trên kỳ thú điểm thu hút.],en,travel_tourism,phrase,B2
d5fc96cf-44d1-4082-a0be-0bc8a129d2dd,exotic landscape,/exotic landscape/,kỳ thú phong cảnh,Effective Travel & Tourism relies on exotic landscape. [Lĩnh vực Du lịch & Khám phá hiệu quả dựa trên kỳ thú phong cảnh.],en,travel_tourism,phrase,B2
a22aa9b2-d1ff-4189-a345-3d5cfd5d413e,exotic resort,/exotic resort/,kỳ thú khu nghỉ dưỡng,Effective Travel & Tourism relies on exotic resort. [Lĩnh vực Du lịch & Khám phá hiệu quả dựa trên kỳ thú khu nghỉ dưỡng.],en,travel_tourism,phrase,B2
d861c00a-ea7b-4660-b2e1-5d3a82bf5f5b,exotic excursion,/exotic excursion/,kỳ thú dã ngoại,Effective Travel & Tourism relies on exotic excursion. [Lĩnh vực Du lịch & Khám phá hiệu quả dựa trên kỳ thú dã ngoại.],en,travel_tourism,phrase,B2
3043b871-0474-40ad-af97-dafd70c62266,panoramic destination,/panoramic destination/,toàn cảnh điểm đến,Effective Travel & Tourism relies on panoramic destination. [Lĩnh vực Du lịch & Khám phá hiệu quả dựa trên toàn cảnh điểm đến.],en,travel_tourism,phrase,B2
fa97b379-a5b1-46bd-9ba3-a1f51b9abd1e,panoramic expedition,/panoramic expedition/,toàn cảnh thám hiểm,Effective Travel & Tourism relies on panoramic expedition. [Lĩnh vực Du lịch & Khám phá hiệu quả dựa trên toàn cảnh thám hiểm.],en,travel_tourism,phrase,B2
78ecaab0-b50e-4fdf-950a-cda1aa077b1e,panoramic itinerary,/panoramic itinerary/,toàn cảnh lịch trình,Effective Travel & Tourism relies on panoramic itinerary. [Lĩnh vực Du lịch & Khám phá hiệu quả dựa trên toàn cảnh lịch trình.],en,travel_tourism,phrase,B2
950897b8-80cd-4c98-b189-ba59f2e4fb53,panoramic voyage,/panoramic voyage/,toàn cảnh chuyến đi,Effective Travel & Tourism relies on panoramic voyage. [Lĩnh vực Du lịch & Khám phá hiệu quả dựa trên toàn cảnh chuyến đi.],en,travel_tourism,phrase,B2
34f0efe9-a1a5-4389-b85a-2c3867087e55,panoramic attraction,/panoramic attraction/,toàn cảnh điểm thu hút,Effective Travel & Tourism relies on panoramic attraction. [Lĩnh vực Du lịch & Khám phá hiệu quả dựa trên toàn cảnh điểm thu hút.],en,travel_tourism,phrase,B2
752d1b84-a2e6-4253-b40e-b363dbaf62ff,panoramic landscape,/panoramic landscape/,toàn cảnh phong cảnh,Effective Travel & Tourism relies on panoramic landscape. [Lĩnh vực Du lịch & Khám phá hiệu quả dựa trên toàn cảnh phong cảnh.],en,travel_tourism,phrase,B2
09c856d6-aa99-492f-b8ae-1c28de21b652,panoramic resort,/panoramic resort/,toàn cảnh khu nghỉ dưỡng,Effective Travel & Tourism relies on panoramic resort. [Lĩnh vực Du lịch & Khám phá hiệu quả dựa trên toàn cảnh khu nghỉ dưỡng.],en,travel_tourism,phrase,B2
ca9fb6f0-8555-4ec5-8b2b-59ee2abf4dca,panoramic excursion,/panoramic excursion/,toàn cảnh dã ngoại,Effective Travel & Tourism relies on panoramic excursion. [Lĩnh vực Du lịch & Khám phá hiệu quả dựa trên toàn cảnh dã ngoại.],en,travel_tourism,phrase,B2
6bf68bf1-6363-47a6-92cf-5121675befd4,hospitality destination,/hospitality destination/,nghỉ dưỡng điểm đến,Effective Travel & Tourism relies on hospitality destination. [Lĩnh vực Du lịch & Khám phá hiệu quả dựa trên nghỉ dưỡng điểm đến.],en,travel_tourism,phrase,B2
a77a6cd9-974a-4a12-9aa4-a280619bbb01,hospitality expedition,/hospitality expedition/,nghỉ dưỡng thám hiểm,Effective Travel & Tourism relies on hospitality expedition. [Lĩnh vực Du lịch & Khám phá hiệu quả dựa trên nghỉ dưỡng thám hiểm.],en,travel_tourism,phrase,B2
75df274a-390e-45a7-9e8b-d7c88a972721,hospitality itinerary,/hospitality itinerary/,nghỉ dưỡng lịch trình,Effective Travel & Tourism relies on hospitality itinerary. [Lĩnh vực Du lịch & Khám phá hiệu quả dựa trên nghỉ dưỡng lịch trình.],en,travel_tourism,phrase,B2
7f232185-1761-42af-8e78-f1b5adbe91a3,hospitality voyage,/hospitality voyage/,nghỉ dưỡng chuyến đi,Effective Travel & Tourism relies on hospitality voyage. [Lĩnh vực Du lịch & Khám phá hiệu quả dựa trên nghỉ dưỡng chuyến đi.],en,travel_tourism,phrase,B2
d0281801-b5dc-4c8d-882f-908f696e81e2,hospitality attraction,/hospitality attraction/,nghỉ dưỡng điểm thu hút,Effective Travel & Tourism relies on hospitality attraction. [Lĩnh vực Du lịch & Khám phá hiệu quả dựa trên nghỉ dưỡng điểm thu hút.],en,travel_tourism,phrase,B2
ad6fe58d-45e1-468a-a139-ba33b22f6861,hospitality landscape,/hospitality landscape/,nghỉ dưỡng phong cảnh,Effective Travel & Tourism relies on hospitality landscape. [Lĩnh vực Du lịch & Khám phá hiệu quả dựa trên nghỉ dưỡng phong cảnh.],en,travel_tourism,phrase,B2
d79a0f93-be1f-4ec9-b094-e53fcb99277c,hospitality resort,/hospitality resort/,nghỉ dưỡng khu nghỉ dưỡng,Effective Travel & Tourism relies on hospitality resort. [Lĩnh vực Du lịch & Khám phá hiệu quả dựa trên nghỉ dưỡng khu nghỉ dưỡng.],en,travel_tourism,phrase,B2
2f34b6e4-3001-478c-97fc-cdcefa59dc45,hospitality excursion,/hospitality excursion/,nghỉ dưỡng dã ngoại,Effective Travel & Tourism relies on hospitality excursion. [Lĩnh vực Du lịch & Khám phá hiệu quả dựa trên nghỉ dưỡng dã ngoại.],en,travel_tourism,phrase,B2
b9c22487-576e-4069-baf7-1dacee24209d,adventurous destination,/adventurous destination/,phiêu lưu điểm đến,Effective Travel & Tourism relies on adventurous destination. [Lĩnh vực Du lịch & Khám phá hiệu quả dựa trên phiêu lưu điểm đến.],en,travel_tourism,phrase,B2
118c1625-da33-4a91-8dd2-e389751a9340,adventurous expedition,/adventurous expedition/,phiêu lưu thám hiểm,Effective Travel & Tourism relies on adventurous expedition. [Lĩnh vực Du lịch & Khám phá hiệu quả dựa trên phiêu lưu thám hiểm.],en,travel_tourism,phrase,B2
ab08f2ab-d500-4261-9bbe-9bb14af8830e,adventurous itinerary,/adventurous itinerary/,phiêu lưu lịch trình,Effective Travel & Tourism relies on adventurous itinerary. [Lĩnh vực Du lịch & Khám phá hiệu quả dựa trên phiêu lưu lịch trình.],en,travel_tourism,phrase,B2
af2a809e-4fdd-48fb-b4ea-d1f079b17703,adventurous voyage,/adventurous voyage/,phiêu lưu chuyến đi,Effective Travel & Tourism relies on adventurous voyage. [Lĩnh vực Du lịch & Khám phá hiệu quả dựa trên phiêu lưu chuyến đi.],en,travel_tourism,phrase,B2
c371e6b5-2ffa-4570-acea-b11ec669204a,adventurous attraction,/adventurous attraction/,phiêu lưu điểm thu hút,Effective Travel & Tourism relies on adventurous attraction. [Lĩnh vực Du lịch & Khám phá hiệu quả dựa trên phiêu lưu điểm thu hút.],en,travel_tourism,phrase,B2
ad46b609-2b8e-4ad1-add6-45a8ae6477b9,adventurous landscape,/adventurous landscape/,phiêu lưu phong cảnh,Effective Travel & Tourism relies on adventurous landscape. [Lĩnh vực Du lịch & Khám phá hiệu quả dựa trên phiêu lưu phong cảnh.],en,travel_tourism,phrase,B2
57185231-ecf9-40a6-8199-712f9298f05b,adventurous resort,/adventurous resort/,phiêu lưu khu nghỉ dưỡng,Effective Travel & Tourism relies on adventurous resort. [Lĩnh vực Du lịch & Khám phá hiệu quả dựa trên phiêu lưu khu nghỉ dưỡng.],en,travel_tourism,phrase,B2
3eb1abcf-2d4e-4f3c-ae9c-9326abddace7,adventurous excursion,/adventurous excursion/,phiêu lưu dã ngoại,Effective Travel & Tourism relies on adventurous excursion. [Lĩnh vực Du lịch & Khám phá hiệu quả dựa trên phiêu lưu dã ngoại.],en,travel_tourism,phrase,B2
8c87ac41-2671-4669-b2aa-c064f9466607,coastal destination,/coastal destination/,ven biển điểm đến,Effective Travel & Tourism relies on coastal destination. [Lĩnh vực Du lịch & Khám phá hiệu quả dựa trên ven biển điểm đến.],en,travel_tourism,phrase,B2
5916d223-bbf2-4adf-80b1-3b3bad322548,coastal expedition,/coastal expedition/,ven biển thám hiểm,Effective Travel & Tourism relies on coastal expedition. [Lĩnh vực Du lịch & Khám phá hiệu quả dựa trên ven biển thám hiểm.],en,travel_tourism,phrase,B2
f8a328a9-339f-4176-9e4e-caaff26f48d9,meal,/miːl/,bột  xay chưa mịn); lượng sữa vắt,"In Food & Gastronomy, 'meal' is an essential term. [Trong Ẩm thực & Dinh dưỡng, ""meal"" là một thuật ngữ quan trọng.]",en,food_gastronomy,single_word,B1
7a42ffff-a2bf-4400-b84d-0b7c2a8e351c,meat,/miːt/,thịt; thức ăn,"In Food & Gastronomy, 'meat' is an essential term. [Trong Ẩm thực & Dinh dưỡng, ""meat"" là một thuật ngữ quan trọng.]",en,food_gastronomy,single_word,B1
0118456f-7625-48a1-9bbb-da46f6d7fbf7,fruit,/fruːt/,"quả, trái cây; thành quả, kết quả","In Food & Gastronomy, 'fruit' is an essential term. [Trong Ẩm thực & Dinh dưỡng, ""fruit"" là một thuật ngữ quan trọng.]",en,food_gastronomy,single_word,B1
99790204-7b21-4173-8f08-b755e3629204,vegetable,/ˈvedʒtəbl/,thực vật; rau,"In Food & Gastronomy, 'vegetable' is an essential term. [Trong Ẩm thực & Dinh dưỡng, ""vegetable"" là một thuật ngữ quan trọng.]",en,food_gastronomy,single_word,B1
8fa5fddf-fbcd-45eb-b73f-298b01098a85,bake,/beɪk/,"bỏ lò, nướng bằng lò; nung","In Food & Gastronomy, 'bake' is an essential term. [Trong Ẩm thực & Dinh dưỡng, ""bake"" là một thuật ngữ quan trọng.]",en,food_gastronomy,single_word,B1
281f4d57-9999-4b7e-bc42-26eacb32e545,bread,/bred/,"làm thủng; chọc thủng, phá vỡ","In Food & Gastronomy, 'bread' is an essential term. [Trong Ẩm thực & Dinh dưỡng, ""bread"" là một thuật ngữ quan trọng.]",en,food_gastronomy,single_word,B1
07bbca11-eaf9-4a38-802f-c9b02d19f375,chocolate,/ˈtʃɔːklət/,sôcôla; kẹo sôcôla,"In Food & Gastronomy, 'chocolate' is an essential term. [Trong Ẩm thực & Dinh dưỡng, ""chocolate"" là một thuật ngữ quan trọng.]",en,food_gastronomy,single_word,B1
cbc0076e-c4c4-40a6-88a3-6dbf16cde866,cook,/kʊk/,"người nấu ăn, người làm bếp, cấp dưỡng, anh nuôi; lắm thầy thối ma","In Food & Gastronomy, 'cook' is an essential term. [Trong Ẩm thực & Dinh dưỡng, ""cook"" là một thuật ngữ quan trọng.]",en,food_gastronomy,single_word,B1
8a29726f-bf5f-4a8d-a5f0-ec8367bc0358,cooker,/ˈkʊkər/,"lò, bếp, nồi nấu; rau  dễ nấu nhừ","In Food & Gastronomy, 'cooker' is an essential term. [Trong Ẩm thực & Dinh dưỡng, ""cooker"" là một thuật ngữ quan trọng.]",en,food_gastronomy,single_word,B1
e7ca5aca-15d4-47ae-af2c-1256df38c46d,cooking,/ˈkʊkɪŋ/,"sự nấu; cách nấu ăn; sự giả mạo, sự khai gian","In Food & Gastronomy, 'cooking' is an essential term. [Trong Ẩm thực & Dinh dưỡng, ""cooking"" là một thuật ngữ quan trọng.]",en,food_gastronomy,single_word,B1
a194d832-2773-444a-8255-45d5695f8ea3,dinner,/ˈdɪnər/,"bữa cơm; tiệc, tiệc chiêu đãi","In Food & Gastronomy, 'dinner' is an essential term. [Trong Ẩm thực & Dinh dưỡng, ""dinner"" là một thuật ngữ quan trọng.]",en,food_gastronomy,single_word,B1
138072ba-7258-43bb-9739-e6838e2906f2,dish,/dɪʃ/,đĩa; móm ăn,"In Food & Gastronomy, 'dish' is an essential term. [Trong Ẩm thực & Dinh dưỡng, ""dish"" là một thuật ngữ quan trọng.]",en,food_gastronomy,single_word,B1
601ad68c-777c-402c-9e82-a4bad49930c8,drink,/drɪŋk/,"đồ uống, thức uống; rượu mạnh  strong drink)","In Food & Gastronomy, 'drink' is an essential term. [Trong Ẩm thực & Dinh dưỡng, ""drink"" là một thuật ngữ quan trọng.]",en,food_gastronomy,single_word,B1
1ec73e45-8002-4714-bc36-97984e48aae4,kitchen,/ˈkɪtʃɪn/,"phòng bếp, nhà bếp","In Food & Gastronomy, 'kitchen' is an essential term. [Trong Ẩm thực & Dinh dưỡng, ""kitchen"" là một thuật ngữ quan trọng.]",en,food_gastronomy,single_word,B1
e0bfbc42-7081-48e7-8095-3755305abdad,lunch,/lʌntʃ/,bữa ăn trưa; bữa ăn nhẹ trước cơm trưa,"In Food & Gastronomy, 'lunch' is an essential term. [Trong Ẩm thực & Dinh dưỡng, ""lunch"" là một thuật ngữ quan trọng.]",en,food_gastronomy,single_word,B1
d036ea2d-defc-465d-a895-fffd6ad9165a,recipe,/ˈresəpi/,"công thức; đơn thuốc, thuốc pha chế theo đơn, thuốc bốc theo đơn","In Food & Gastronomy, 'recipe' is an essential term. [Trong Ẩm thực & Dinh dưỡng, ""recipe"" là một thuật ngữ quan trọng.]",en,food_gastronomy,single_word,B1
11393a54-99fd-4d6c-a9fe-8296684f88b9,restaurant,/ˈrestrɑːnt/,"quán ăn, tiệm ăn","In Food & Gastronomy, 'restaurant' is an essential term. [Trong Ẩm thực & Dinh dưỡng, ""restaurant"" là một thuật ngữ quan trọng.]",en,food_gastronomy,single_word,B1
21acf881-db98-4912-b716-b505fb0cc96c,soup,/suːp/,"xúp, canh; cháo; ,   Nitroglyxerin","In Food & Gastronomy, 'soup' is an essential term. [Trong Ẩm thực & Dinh dưỡng, ""soup"" là một thuật ngữ quan trọng.]",en,food_gastronomy,single_word,B1
75311e0a-f4a3-4a85-a3fe-1ecbc8f1fea0,taste,/teɪst/,"Sở thích, thị hiếu.","In Food & Gastronomy, 'taste' is an essential term. [Trong Ẩm thực & Dinh dưỡng, ""taste"" là một thuật ngữ quan trọng.]",en,food_gastronomy,single_word,B1
e95b4a4e-2595-47b1-9d96-c118c4c7437e,breakfast,/ˈbrekfəst/,"bữa ăn sáng, bữa điểm tâm; ăn sáng, điểm tâm","In Food & Gastronomy, 'breakfast' is an essential term. [Trong Ẩm thực & Dinh dưỡng, ""breakfast"" là một thuật ngữ quan trọng.]",en,food_gastronomy,single_word,B1
86387110-e720-4df5-bf51-adcd6ac5ea27,cheat,/tʃiːt/,"trò lừa đảo, trò lừa bịp; trò gian lận, ngón gian; người lừa đảo, kẻ gian lận; tên cờ bạc bịp, tên cờ bạc gian lận","In Food & Gastronomy, 'cheat' is an essential term. [Trong Ẩm thực & Dinh dưỡng, ""cheat"" là một thuật ngữ quan trọng.]",en,food_gastronomy,single_word,B1
180e9fc7-23c8-4379-9a59-a801cac16b46,eat,/iːt/,"ăn;  ăn cơm; ăn mòn, ăn thủng, làm hỏng","In Food & Gastronomy, 'eat' is an essential term. [Trong Ẩm thực & Dinh dưỡng, ""eat"" là một thuật ngữ quan trọng.]",en,food_gastronomy,single_word,B1
48b495f0-6e1f-4d6b-84cb-4ac500bd3637,food,/fuːd/,"đồ ăn, thức ăn, món ăn; dinh dưỡng","In Food & Gastronomy, 'food' is an essential term. [Trong Ẩm thực & Dinh dưỡng, ""food"" là một thuật ngữ quan trọng.]",en,food_gastronomy,single_word,B1
a865b92a-a3b7-4542-8fe0-7c04c4216740,heating,/ˈhiːtɪŋ/,"sự đốt nóng, sự đun nóng; sự làm nóng; ,   sự nung; sự nóng lên","In Food & Gastronomy, 'heating' is an essential term. [Trong Ẩm thực & Dinh dưỡng, ""heating"" là một thuật ngữ quan trọng.]",en,food_gastronomy,single_word,B1
3f66d150-9c06-40b5-a129-d144407c5ac7,lemon,/ˈlemən/,cá bơn lêmon; quả chanh; cây chanh,"In Food & Gastronomy, 'lemon' is an essential term. [Trong Ẩm thực & Dinh dưỡng, ""lemon"" là một thuật ngữ quan trọng.]",en,food_gastronomy,single_word,B1
0582627f-ec12-479b-ba7a-5bab76908d24,retreat,/rɪˈtriːt/,"sự rút lui, sự rút quân; hiệu lệnh rút quân; tiếng kèn  thu không","In Food & Gastronomy, 'retreat' is an essential term. [Trong Ẩm thực & Dinh dưỡng, ""retreat"" là một thuật ngữ quan trọng.]",en,food_gastronomy,single_word,B1
62ae167a-4ee5-4736-98b0-e40a60cf1f5e,serve,/sɜːrv/,"phục vụ, thoả mãn; xử lý, điều khiển","In Food & Gastronomy, 'serve' is an essential term. [Trong Ẩm thực & Dinh dưỡng, ""serve"" là một thuật ngữ quan trọng.]",en,food_gastronomy,single_word,B1
6ef2056a-fec0-413e-ae18-60fcbba1f1ce,theatrical,/θiˈætrɪkl/,"sự diễn kịch,  sân khẩu; có tính chất tuồng, có vẻ sân khấu, có vẻ đóng kịch, không tự nhiên, màu mè, điệu bộ","In Food & Gastronomy, 'theatrical' is an essential term. [Trong Ẩm thực & Dinh dưỡng, ""theatrical"" là một thuật ngữ quan trọng.]",en,food_gastronomy,single_word,B1
b9f4f327-8749-4b36-bc3f-b1adef5577c7,tomato,/təˈmeɪtəʊ/,cây cà chua; quả cà chua,"In Food & Gastronomy, 'tomato' is an essential term. [Trong Ẩm thực & Dinh dưỡng, ""tomato"" là một thuật ngữ quan trọng.]",en,food_gastronomy,single_word,B1
b91c93bf-4aa2-413e-aa01-4cb0477020e5,wheat,/wiːt/,cây lúa mì; lúa mì,"In Food & Gastronomy, 'wheat' is an essential term. [Trong Ẩm thực & Dinh dưỡng, ""wheat"" là một thuật ngữ quan trọng.]",en,food_gastronomy,single_word,B1
64942217-ffdd-4a13-afe9-335a592536ac,beat,/biːt/,phách,"In Food & Gastronomy, 'beat' is an essential term. [Trong Ẩm thực & Dinh dưỡng, ""beat"" là một thuật ngữ quan trọng.]",en,food_gastronomy,single_word,B1
e14c8393-b43b-4bf1-be9c-c29a546ed5c2,beneath,/bɪˈniːθ/,"ở dưới thấp, ở dưới; ở dưới; kém, thấp kém","In Food & Gastronomy, 'beneath' is an essential term. [Trong Ẩm thực & Dinh dưỡng, ""beneath"" là một thuật ngữ quan trọng.]",en,food_gastronomy,single_word,B1
84a829dd-b2b8-4c3a-a46e-b83aadafcdc0,breath,/breθ/,"hơi thở, hơi; cơn gió nhẹ; làn hương thoảng","In Food & Gastronomy, 'breath' is an essential term. [Trong Ẩm thực & Dinh dưỡng, ""breath"" là một thuật ngữ quan trọng.]",en,food_gastronomy,single_word,B1
4d810064-7871-4972-a238-5780b8b56b57,breathe,/briːð/,"hít, thở; thốt ra, nói lộ ra","In Food & Gastronomy, 'breathe' is an essential term. [Trong Ẩm thực & Dinh dưỡng, ""breathe"" là một thuật ngữ quan trọng.]",en,food_gastronomy,single_word,B1
7e0b9dd0-8f01-40d1-87b7-c8f45a58c71f,breathing,/ˈbriːðɪŋ/,"sự thở, sự hô hấp; hơi thở","In Food & Gastronomy, 'breathing' is an essential term. [Trong Ẩm thực & Dinh dưỡng, ""breathing"" là một thuật ngữ quan trọng.]",en,food_gastronomy,single_word,B1
fd4795a5-dace-42a3-bef6-96419bab3a06,butter,/ˈbʌtər/,"bơ; lời nịnh hót; sự bợ đỡ, sự nịnh nọt đê tiện","In Food & Gastronomy, 'butter' is an essential term. [Trong Ẩm thực & Dinh dưỡng, ""butter"" là một thuật ngữ quan trọng.]",en,food_gastronomy,single_word,B1
80b70475-7bb7-41d3-a00f-ce0cbe6ce3b4,cake,/keɪk/,bánh ngọt; thức ăn đóng thành bánh,"In Food & Gastronomy, 'cake' is an essential term. [Trong Ẩm thực & Dinh dưỡng, ""cake"" là một thuật ngữ quan trọng.]",en,food_gastronomy,single_word,B1
41d8cd47-9d46-4777-a104-594c1877539b,create,/kriˈeɪt/,"tạo ra, tạo thành, chế thành","In Food & Gastronomy, 'create' is an essential term. [Trong Ẩm thực & Dinh dưỡng, ""create"" là một thuật ngữ quan trọng.]",en,food_gastronomy,single_word,B1
63b38ebb-4659-4560-bf93-e4a9b193d0e2,creation,/kriˈeɪʃn/,"sự tạo thành, sự sáng tạo ; sự sáng tác; tác phẩm; vật được sáng tạo ra","In Food & Gastronomy, 'creation' is an essential term. [Trong Ẩm thực & Dinh dưỡng, ""creation"" là một thuật ngữ quan trọng.]",en,food_gastronomy,single_word,B1
3ec75262-9bbe-43d7-a34f-d2dddf66ab62,creativity,/ˌkriːeɪˈtɪvəti/,"óc sáng tạo, tính sáng tạo","In Food & Gastronomy, 'creativity' is an essential term. [Trong Ẩm thực & Dinh dưỡng, ""creativity"" là một thuật ngữ quan trọng.]",en,food_gastronomy,single_word,B1
7cdb7ab3-c7cc-4101-b659-ee11a19c4129,creator,/kriˈeɪtər/,"người sáng tạo, người tạo nên; tạo hoá","In Food & Gastronomy, 'creator' is an essential term. [Trong Ẩm thực & Dinh dưỡng, ""creator"" là một thuật ngữ quan trọng.]",en,food_gastronomy,single_word,B1
5edc8bb5-acc9-488e-aae6-7a556e57021e,creature,/ˈkriːtʃər/,"sinh vật, loài vật; người, kẻ","In Food & Gastronomy, 'creature' is an essential term. [Trong Ẩm thực & Dinh dưỡng, ""creature"" là một thuật ngữ quan trọng.]",en,food_gastronomy,single_word,B1
4a42dd85-9adc-4461-b6c0-a72332bbe0eb,death,/deθ/,"sự chết; cái chết; sự tiêu tan, sự tan vỡ, sự kết liễu, sự chấm dứt","In Food & Gastronomy, 'death' is an essential term. [Trong Ẩm thực & Dinh dưỡng, ""death"" là một thuật ngữ quan trọng.]",en,food_gastronomy,single_word,B1
954a1dd5-5c22-4ea9-84c7-0a363144c98d,defeat,/dɪˈfiːt/,"sự thất bại ; sự tiêu tan; sự thua trận, sự bại trận","In Food & Gastronomy, 'defeat' is an essential term. [Trong Ẩm thực & Dinh dưỡng, ""defeat"" là một thuật ngữ quan trọng.]",en,food_gastronomy,single_word,B1
99473723-22ca-4412-9588-6d99e2ae28ed,dishonest,/dɪsˈɑːnɪst/,"không lương thiện, bất lương; không thành thật, không trung thực","In Food & Gastronomy, 'dishonest' is an essential term. [Trong Ẩm thực & Dinh dưỡng, ""dishonest"" là một thuật ngữ quan trọng.]",en,food_gastronomy,single_word,B1
ad6c3a53-7061-4db6-803a-152e646afc03,feat,/fiːt/,"kỳ công, chiến công; ngón điêu luyện, ngón tài ba","In Food & Gastronomy, 'feat' is an essential term. [Trong Ẩm thực & Dinh dưỡng, ""feat"" là một thuật ngữ quan trọng.]",en,food_gastronomy,single_word,B1
cc556ccc-90f6-4aef-b577-4cbf1618967a,feather,/ˈfeðər/,"lông vũ, lông; bộ lông, bộ cánh","In Food & Gastronomy, 'feather' is an essential term. [Trong Ẩm thực & Dinh dưỡng, ""feather"" là một thuật ngữ quan trọng.]",en,food_gastronomy,single_word,B1
169e950d-a072-4fd0-9469-039091a4b0a5,feature,/ˈfiːtʃər/,"nét, đặc điểm","In Food & Gastronomy, 'feature' is an essential term. [Trong Ẩm thực & Dinh dưỡng, ""feature"" là một thuật ngữ quan trọng.]",en,food_gastronomy,single_word,B1
47991921-cca2-4efb-80d4-3129302655a6,flavour,/ˈfleɪvər/,"vị ngon, mùi thơm; mùi vị; hương vị phảng phất","In Food & Gastronomy, 'flavour' is an essential term. [Trong Ẩm thực & Dinh dưỡng, ""flavour"" là một thuật ngữ quan trọng.]",en,food_gastronomy,single_word,B1
64bbd867-2201-443f-97ad-b67b76942bc0,flour,/ˈflaʊər/,"bột, bột mì; rắc bột","In Food & Gastronomy, 'flour' is an essential term. [Trong Ẩm thực & Dinh dưỡng, ""flour"" là một thuật ngữ quan trọng.]",en,food_gastronomy,single_word,B1
e1058159-2444-4a2d-8bc9-3ec9085701ec,culinary cuisine,/culinary cuisine/,ẩm thực ẩm thực,Effective Food & Gastronomy relies on culinary cuisine. [Lĩnh vực Ẩm thực & Dinh dưỡng hiệu quả dựa trên ẩm thực ẩm thực.],en,food_gastronomy,phrase,B2
13cce37d-e68a-44ef-bdeb-de70fb417c43,culinary ingredient,/culinary ingredient/,ẩm thực nguyên liệu,Effective Food & Gastronomy relies on culinary ingredient. [Lĩnh vực Ẩm thực & Dinh dưỡng hiệu quả dựa trên ẩm thực nguyên liệu.],en,food_gastronomy,phrase,B2
1092b329-a42d-4289-8dd6-875892b07b90,culinary recipe,/culinary recipe/,ẩm thực công thức,Effective Food & Gastronomy relies on culinary recipe. [Lĩnh vực Ẩm thực & Dinh dưỡng hiệu quả dựa trên ẩm thực công thức.],en,food_gastronomy,phrase,B2
ffb8bba7-1faa-42c0-b098-5284e2fefaf7,culinary delicacy,/culinary delicacy/,ẩm thực cao lương mỹ vị,Effective Food & Gastronomy relies on culinary delicacy. [Lĩnh vực Ẩm thực & Dinh dưỡng hiệu quả dựa trên ẩm thực cao lương mỹ vị.],en,food_gastronomy,phrase,B2
1c27018f-4279-449b-9100-8449bf06027c,culinary nutrition,/culinary nutrition/,ẩm thực dinh dưỡng,Effective Food & Gastronomy relies on culinary nutrition. [Lĩnh vực Ẩm thực & Dinh dưỡng hiệu quả dựa trên ẩm thực dinh dưỡng.],en,food_gastronomy,phrase,B2
27c10ed2-dbac-49f1-885f-49dda49f16c5,culinary flavor,/culinary flavor/,ẩm thực hương vị,Effective Food & Gastronomy relies on culinary flavor. [Lĩnh vực Ẩm thực & Dinh dưỡng hiệu quả dựa trên ẩm thực hương vị.],en,food_gastronomy,phrase,B2
e06c1f93-0b5a-4d51-8ec5-350d5d3e35a7,culinary beverage,/culinary beverage/,ẩm thực đồ uống,Effective Food & Gastronomy relies on culinary beverage. [Lĩnh vực Ẩm thực & Dinh dưỡng hiệu quả dựa trên ẩm thực đồ uống.],en,food_gastronomy,phrase,B2
0e10db34-f991-4cf1-b9e2-5afd3e88d0d1,culinary banquet,/culinary banquet/,ẩm thực bữa tiệc,Effective Food & Gastronomy relies on culinary banquet. [Lĩnh vực Ẩm thực & Dinh dưỡng hiệu quả dựa trên ẩm thực bữa tiệc.],en,food_gastronomy,phrase,B2
8c1e98b9-a720-4e6c-891a-6085a95e975f,gastronomic cuisine,/gastronomic cuisine/,ẩm thực học ẩm thực,Effective Food & Gastronomy relies on gastronomic cuisine. [Lĩnh vực Ẩm thực & Dinh dưỡng hiệu quả dựa trên ẩm thực học ẩm thực.],en,food_gastronomy,phrase,B2
10cbf9c2-0241-4380-82bd-4e719e500be6,gastronomic ingredient,/gastronomic ingredient/,ẩm thực học nguyên liệu,Effective Food & Gastronomy relies on gastronomic ingredient. [Lĩnh vực Ẩm thực & Dinh dưỡng hiệu quả dựa trên ẩm thực học nguyên liệu.],en,food_gastronomy,phrase,B2
b2b151b4-862a-467a-b68f-fcb6ac259b14,gastronomic recipe,/gastronomic recipe/,ẩm thực học công thức,Effective Food & Gastronomy relies on gastronomic recipe. [Lĩnh vực Ẩm thực & Dinh dưỡng hiệu quả dựa trên ẩm thực học công thức.],en,food_gastronomy,phrase,B2
fe857a2c-37b1-4051-aff6-6658396af73c,gastronomic delicacy,/gastronomic delicacy/,ẩm thực học cao lương mỹ vị,Effective Food & Gastronomy relies on gastronomic delicacy. [Lĩnh vực Ẩm thực & Dinh dưỡng hiệu quả dựa trên ẩm thực học cao lương mỹ vị.],en,food_gastronomy,phrase,B2
a71c7547-ba0f-4599-868a-d3c2a78c68b0,gastronomic nutrition,/gastronomic nutrition/,ẩm thực học dinh dưỡng,Effective Food & Gastronomy relies on gastronomic nutrition. [Lĩnh vực Ẩm thực & Dinh dưỡng hiệu quả dựa trên ẩm thực học dinh dưỡng.],en,food_gastronomy,phrase,B2
3c4c65a7-9ef1-42ae-9cdb-9b23d90cd550,gastronomic flavor,/gastronomic flavor/,ẩm thực học hương vị,Effective Food & Gastronomy relies on gastronomic flavor. [Lĩnh vực Ẩm thực & Dinh dưỡng hiệu quả dựa trên ẩm thực học hương vị.],en,food_gastronomy,phrase,B2
aaff827f-bc0b-41b9-a052-367b535f8e02,gastronomic beverage,/gastronomic beverage/,ẩm thực học đồ uống,Effective Food & Gastronomy relies on gastronomic beverage. [Lĩnh vực Ẩm thực & Dinh dưỡng hiệu quả dựa trên ẩm thực học đồ uống.],en,food_gastronomy,phrase,B2
2dbbfc0a-0214-4b82-b7c2-679dc22d797d,gastronomic banquet,/gastronomic banquet/,ẩm thực học bữa tiệc,Effective Food & Gastronomy relies on gastronomic banquet. [Lĩnh vực Ẩm thực & Dinh dưỡng hiệu quả dựa trên ẩm thực học bữa tiệc.],en,food_gastronomy,phrase,B2
b0b5d425-1b52-4982-b472-bb10ee923ce0,nutritional cuisine,/nutritional cuisine/,dinh dưỡng ẩm thực,Effective Food & Gastronomy relies on nutritional cuisine. [Lĩnh vực Ẩm thực & Dinh dưỡng hiệu quả dựa trên dinh dưỡng ẩm thực.],en,food_gastronomy,phrase,B2
b5a4590f-7a65-486d-a0db-31223bc3261a,nutritional ingredient,/nutritional ingredient/,dinh dưỡng nguyên liệu,Effective Food & Gastronomy relies on nutritional ingredient. [Lĩnh vực Ẩm thực & Dinh dưỡng hiệu quả dựa trên dinh dưỡng nguyên liệu.],en,food_gastronomy,phrase,B2
631e4744-fa3e-4cf4-b2c4-dc3df7becc97,nutritional recipe,/nutritional recipe/,dinh dưỡng công thức,Effective Food & Gastronomy relies on nutritional recipe. [Lĩnh vực Ẩm thực & Dinh dưỡng hiệu quả dựa trên dinh dưỡng công thức.],en,food_gastronomy,phrase,B2
424d4602-0c44-4f62-9223-069880782814,nutritional delicacy,/nutritional delicacy/,dinh dưỡng cao lương mỹ vị,Effective Food & Gastronomy relies on nutritional delicacy. [Lĩnh vực Ẩm thực & Dinh dưỡng hiệu quả dựa trên dinh dưỡng cao lương mỹ vị.],en,food_gastronomy,phrase,B2
7b9a4c21-3176-4ee2-8931-a7d3884b1b0f,nutritional nutrition,/nutritional nutrition/,dinh dưỡng dinh dưỡng,Effective Food & Gastronomy relies on nutritional nutrition. [Lĩnh vực Ẩm thực & Dinh dưỡng hiệu quả dựa trên dinh dưỡng dinh dưỡng.],en,food_gastronomy,phrase,B2
d406de44-781c-4dc0-9687-26a32fd7b61f,nutritional flavor,/nutritional flavor/,dinh dưỡng hương vị,Effective Food & Gastronomy relies on nutritional flavor. [Lĩnh vực Ẩm thực & Dinh dưỡng hiệu quả dựa trên dinh dưỡng hương vị.],en,food_gastronomy,phrase,B2
51a9acec-fc6c-4f01-abf6-c2f332f89169,nutritional beverage,/nutritional beverage/,dinh dưỡng đồ uống,Effective Food & Gastronomy relies on nutritional beverage. [Lĩnh vực Ẩm thực & Dinh dưỡng hiệu quả dựa trên dinh dưỡng đồ uống.],en,food_gastronomy,phrase,B2
f77d99be-6cce-462a-b3af-abb32ca5b6e5,nutritional banquet,/nutritional banquet/,dinh dưỡng bữa tiệc,Effective Food & Gastronomy relies on nutritional banquet. [Lĩnh vực Ẩm thực & Dinh dưỡng hiệu quả dựa trên dinh dưỡng bữa tiệc.],en,food_gastronomy,phrase,B2
2fe821dd-1819-4b68-8ce9-27d6d4914e69,organic cuisine,/organic cuisine/,hữu cơ ẩm thực,Effective Food & Gastronomy relies on organic cuisine. [Lĩnh vực Ẩm thực & Dinh dưỡng hiệu quả dựa trên hữu cơ ẩm thực.],en,food_gastronomy,phrase,B2
72b1e874-a5b5-4d9f-8f8a-58c50cad708a,organic ingredient,/organic ingredient/,hữu cơ nguyên liệu,Effective Food & Gastronomy relies on organic ingredient. [Lĩnh vực Ẩm thực & Dinh dưỡng hiệu quả dựa trên hữu cơ nguyên liệu.],en,food_gastronomy,phrase,B2
1b47120f-3507-4edb-9a11-289dd147444c,organic recipe,/organic recipe/,hữu cơ công thức,Effective Food & Gastronomy relies on organic recipe. [Lĩnh vực Ẩm thực & Dinh dưỡng hiệu quả dựa trên hữu cơ công thức.],en,food_gastronomy,phrase,B2
6012713a-36e3-4964-82d6-58a23e948e95,organic delicacy,/organic delicacy/,hữu cơ cao lương mỹ vị,Effective Food & Gastronomy relies on organic delicacy. [Lĩnh vực Ẩm thực & Dinh dưỡng hiệu quả dựa trên hữu cơ cao lương mỹ vị.],en,food_gastronomy,phrase,B2
827a3d76-0307-4de9-9c56-c6751675ea0c,organic nutrition,/organic nutrition/,hữu cơ dinh dưỡng,Effective Food & Gastronomy relies on organic nutrition. [Lĩnh vực Ẩm thực & Dinh dưỡng hiệu quả dựa trên hữu cơ dinh dưỡng.],en,food_gastronomy,phrase,B2
e8f863a2-2421-49ce-b4bf-7ce36b8e271f,organic flavor,/organic flavor/,hữu cơ hương vị,Effective Food & Gastronomy relies on organic flavor. [Lĩnh vực Ẩm thực & Dinh dưỡng hiệu quả dựa trên hữu cơ hương vị.],en,food_gastronomy,phrase,B2
8fe06916-ecee-4b7f-9868-c3cbd62adadf,organic beverage,/organic beverage/,hữu cơ đồ uống,Effective Food & Gastronomy relies on organic beverage. [Lĩnh vực Ẩm thực & Dinh dưỡng hiệu quả dựa trên hữu cơ đồ uống.],en,food_gastronomy,phrase,B2
2f7c0b50-bebd-4609-8a0e-90c92331c243,organic banquet,/organic banquet/,hữu cơ bữa tiệc,Effective Food & Gastronomy relies on organic banquet. [Lĩnh vực Ẩm thực & Dinh dưỡng hiệu quả dựa trên hữu cơ bữa tiệc.],en,food_gastronomy,phrase,B2
48564962-2907-41b0-81e4-85d78b9331f2,savory cuisine,/savory cuisine/,đậm đà ẩm thực,Effective Food & Gastronomy relies on savory cuisine. [Lĩnh vực Ẩm thực & Dinh dưỡng hiệu quả dựa trên đậm đà ẩm thực.],en,food_gastronomy,phrase,B2
b4eae582-c5b7-4d16-8d95-db1c90b4fca5,savory ingredient,/savory ingredient/,đậm đà nguyên liệu,Effective Food & Gastronomy relies on savory ingredient. [Lĩnh vực Ẩm thực & Dinh dưỡng hiệu quả dựa trên đậm đà nguyên liệu.],en,food_gastronomy,phrase,B2
b7dcaf0c-92bb-444f-87be-00dbcdc49269,savory recipe,/savory recipe/,đậm đà công thức,Effective Food & Gastronomy relies on savory recipe. [Lĩnh vực Ẩm thực & Dinh dưỡng hiệu quả dựa trên đậm đà công thức.],en,food_gastronomy,phrase,B2
9c0fcc9f-d871-4686-a9fe-952d5b97e5b9,savory delicacy,/savory delicacy/,đậm đà cao lương mỹ vị,Effective Food & Gastronomy relies on savory delicacy. [Lĩnh vực Ẩm thực & Dinh dưỡng hiệu quả dựa trên đậm đà cao lương mỹ vị.],en,food_gastronomy,phrase,B2
1c1a3c2d-1ee6-496e-96bb-391f5d4ceaba,savory nutrition,/savory nutrition/,đậm đà dinh dưỡng,Effective Food & Gastronomy relies on savory nutrition. [Lĩnh vực Ẩm thực & Dinh dưỡng hiệu quả dựa trên đậm đà dinh dưỡng.],en,food_gastronomy,phrase,B2
0f50f3c9-15e3-452a-b14d-40da86e202ea,savory flavor,/savory flavor/,đậm đà hương vị,Effective Food & Gastronomy relies on savory flavor. [Lĩnh vực Ẩm thực & Dinh dưỡng hiệu quả dựa trên đậm đà hương vị.],en,food_gastronomy,phrase,B2
c96aa33c-91e7-4e61-b80a-4fc60f0e09dd,savory beverage,/savory beverage/,đậm đà đồ uống,Effective Food & Gastronomy relies on savory beverage. [Lĩnh vực Ẩm thực & Dinh dưỡng hiệu quả dựa trên đậm đà đồ uống.],en,food_gastronomy,phrase,B2
3425b47f-25ab-4c11-bb00-c87d7a2b967f,savory banquet,/savory banquet/,đậm đà bữa tiệc,Effective Food & Gastronomy relies on savory banquet. [Lĩnh vực Ẩm thực & Dinh dưỡng hiệu quả dựa trên đậm đà bữa tiệc.],en,food_gastronomy,phrase,B2
d81af35f-84ab-46c9-b606-1c4397728822,epicurean cuisine,/epicurean cuisine/,sành ăn ẩm thực,Effective Food & Gastronomy relies on epicurean cuisine. [Lĩnh vực Ẩm thực & Dinh dưỡng hiệu quả dựa trên sành ăn ẩm thực.],en,food_gastronomy,phrase,B2
8d051924-d202-466d-8528-9abe8e07a53d,epicurean ingredient,/epicurean ingredient/,sành ăn nguyên liệu,Effective Food & Gastronomy relies on epicurean ingredient. [Lĩnh vực Ẩm thực & Dinh dưỡng hiệu quả dựa trên sành ăn nguyên liệu.],en,food_gastronomy,phrase,B2
303c63ed-6f6e-480c-9d20-f329c903e033,epicurean recipe,/epicurean recipe/,sành ăn công thức,Effective Food & Gastronomy relies on epicurean recipe. [Lĩnh vực Ẩm thực & Dinh dưỡng hiệu quả dựa trên sành ăn công thức.],en,food_gastronomy,phrase,B2
04ec176e-9d77-4800-ae31-4d1caa5a312b,epicurean delicacy,/epicurean delicacy/,sành ăn cao lương mỹ vị,Effective Food & Gastronomy relies on epicurean delicacy. [Lĩnh vực Ẩm thực & Dinh dưỡng hiệu quả dựa trên sành ăn cao lương mỹ vị.],en,food_gastronomy,phrase,B2
7b033459-a0fa-4ad2-839c-729e41cc107f,epicurean nutrition,/epicurean nutrition/,sành ăn dinh dưỡng,Effective Food & Gastronomy relies on epicurean nutrition. [Lĩnh vực Ẩm thực & Dinh dưỡng hiệu quả dựa trên sành ăn dinh dưỡng.],en,food_gastronomy,phrase,B2
4312bb3a-de2b-4ffa-a996-359b2b5b5b9c,epicurean flavor,/epicurean flavor/,sành ăn hương vị,Effective Food & Gastronomy relies on epicurean flavor. [Lĩnh vực Ẩm thực & Dinh dưỡng hiệu quả dựa trên sành ăn hương vị.],en,food_gastronomy,phrase,B2
c8c819c9-7486-4e12-905f-b36170e54f89,epicurean beverage,/epicurean beverage/,sành ăn đồ uống,Effective Food & Gastronomy relies on epicurean beverage. [Lĩnh vực Ẩm thực & Dinh dưỡng hiệu quả dựa trên sành ăn đồ uống.],en,food_gastronomy,phrase,B2
592a909c-ec74-4665-8beb-89f8762dcd78,epicurean banquet,/epicurean banquet/,sành ăn bữa tiệc,Effective Food & Gastronomy relies on epicurean banquet. [Lĩnh vực Ẩm thực & Dinh dưỡng hiệu quả dựa trên sành ăn bữa tiệc.],en,food_gastronomy,phrase,B2
1d743df5-0143-451d-bee5-410e5944da1f,dietary cuisine,/dietary cuisine/,chế độ ăn ẩm thực,Effective Food & Gastronomy relies on dietary cuisine. [Lĩnh vực Ẩm thực & Dinh dưỡng hiệu quả dựa trên chế độ ăn ẩm thực.],en,food_gastronomy,phrase,B2
522af5c1-db82-454a-849b-3030ede9ab69,dietary ingredient,/dietary ingredient/,chế độ ăn nguyên liệu,Effective Food & Gastronomy relies on dietary ingredient. [Lĩnh vực Ẩm thực & Dinh dưỡng hiệu quả dựa trên chế độ ăn nguyên liệu.],en,food_gastronomy,phrase,B2
26119dcc-dd31-449d-8934-4a34605df3ae,baseball,/ˈbeɪsbɔːl/,bóng chày,"In Sports & Fitness, 'baseball' is an essential term. [Trong Thể thao & Thể hình, ""baseball"" là một thuật ngữ quan trọng.]",en,sports_fitness,single_word,B1
59c78085-8d0d-4672-8fed-8cd90c3ec32a,basketball,/ˈbæskɪtbɔːl/,<thể> bóng rổ,"In Sports & Fitness, 'basketball' is an essential term. [Trong Thể thao & Thể hình, ""basketball"" là một thuật ngữ quan trọng.]",en,sports_fitness,single_word,B1
16ba283f-a1f2-495c-a260-18c861932b1d,football,/ˈfʊtbɔːl/,quả bóng đá; môn bóng đá,"In Sports & Fitness, 'football' is an essential term. [Trong Thể thao & Thể hình, ""football"" là một thuật ngữ quan trọng.]",en,sports_fitness,single_word,B1
a360d18f-f53b-4d01-9475-767e17572f9f,score,/skɔːr/,dấu;  sự đếm điểm;  nguyên nhân; hai chục on the s. of do; nguyên nhân,"In Sports & Fitness, 'score' is an essential term. [Trong Thể thao & Thể hình, ""score"" là một thuật ngữ quan trọng.]",en,sports_fitness,single_word,B1
59373aa0-d340-4c9c-a448-e46dc2f916b6,championship,/ˈtʃæmpiənʃɪp/,"chức vô địch; danh hiệu quán quân; sự bảo vệ, sự bênh vực, sự đấu tranh cho","In Sports & Fitness, 'championship' is an essential term. [Trong Thể thao & Thể hình, ""championship"" là một thuật ngữ quan trọng.]",en,sports_fitness,single_word,B1
b70bb47a-40ba-4e10-91e4-2a8e78dd5915,ball,/bɔːl/,"quả bóng, quả cầu, hình cầu","In Sports & Fitness, 'ball' is an essential term. [Trong Thể thao & Thể hình, ""ball"" là một thuật ngữ quan trọng.]",en,sports_fitness,single_word,B1
3b5fae8b-a598-4e98-a054-1f50fe7274d1,fitness,/ˈfɪtnəs/,"sự thích hợp, sự tương ứng","In Sports & Fitness, 'fitness' is an essential term. [Trong Thể thao & Thể hình, ""fitness"" là một thuật ngữ quan trọng.]",en,sports_fitness,single_word,B1
d27c23dc-cf76-45e3-b790-c242ac35c9cf,game,/ɡeɪm/,trò chơi || chơi trò chơi; g. of chance trò chơi may rủi,"In Sports & Fitness, 'game' is an essential term. [Trong Thể thao & Thể hình, ""game"" là một thuật ngữ quan trọng.]",en,sports_fitness,single_word,B1
529742a7-95c0-4284-862d-085442fe6274,rugby,/ˈrʌɡbi/,môn bóng bầu dục  rugby fooball),"In Sports & Fitness, 'rugby' is an essential term. [Trong Thể thao & Thể hình, ""rugby"" là một thuật ngữ quan trọng.]",en,sports_fitness,single_word,B1
b2386212-60d6-4d39-b659-a5284bb8bcc5,team,/tiːm/,"cỗ; đội, tổ","In Sports & Fitness, 'team' is an essential term. [Trong Thể thao & Thể hình, ""team"" là một thuật ngữ quan trọng.]",en,sports_fitness,single_word,B1
1b576f4f-90c5-4643-bfcb-7b5e42f35b04,benefit,/ˈbenɪfɪt/,"lợi, lợi ích; buổi biểu diễn; trận đấu   benifit night; benifit match)","In Sports & Fitness, 'benefit' is an essential term. [Trong Thể thao & Thể hình, ""benefit"" là một thuật ngữ quan trọng.]",en,sports_fitness,single_word,B1
4f318270-4128-48b0-b277-a9ea4ffe28d5,champion,/ˈtʃæmpiən/,"người vô địch, nhà quán quân; được giải nhất; vô địch, quán quân","In Sports & Fitness, 'champion' is an essential term. [Trong Thể thao & Thể hình, ""champion"" là một thuật ngữ quan trọng.]",en,sports_fitness,single_word,B1
d207343a-aacd-4b25-83fa-b1dc78137a5b,defender,/dɪˈfendər/,"người che chở, người bảo vệ; người cãi, người biện hộ, người bào chữa; luật sư","In Sports & Fitness, 'defender' is an essential term. [Trong Thể thao & Thể hình, ""defender"" là một thuật ngữ quan trọng.]",en,sports_fitness,single_word,B1
054140b0-b6e6-48a3-940c-957f2c545791,hockey,/ˈhɑːki/,"môn bóng gậy cong, khúc côn cầu","In Sports & Fitness, 'hockey' is an essential term. [Trong Thể thao & Thể hình, ""hockey"" là một thuật ngữ quan trọng.]",en,sports_fitness,single_word,B1
bbf13afd-3658-4868-a268-bf3a8d8f2e2f,match,/mætʃ/,"đối thủ ngang sức; cuộc đấu // thử sức, đấu","In Sports & Fitness, 'match' is an essential term. [Trong Thể thao & Thể hình, ""match"" là một thuật ngữ quan trọng.]",en,sports_fitness,single_word,B1
7a299979-e615-44af-aaf0-b0b8c10063f6,runner,/ˈrʌnər/,người tuỳ phái; đấu thủ chạy đua,"In Sports & Fitness, 'runner' is an essential term. [Trong Thể thao & Thể hình, ""runner"" là một thuật ngữ quan trọng.]",en,sports_fitness,single_word,B1
699c25cc-4df0-42c2-8c70-137475e3b0e2,running,/ˈrʌnɪŋ/,"cuộc chạy đua; sự chạy, sự vậm hành","In Sports & Fitness, 'running' is an essential term. [Trong Thể thao & Thể hình, ""running"" là một thuật ngữ quan trọng.]",en,sports_fitness,single_word,B1
cdde4221-d18e-40c0-9d4d-5d04c2e23639,soccer,/ˈsɑːkər/,môn bóng đá,"In Sports & Fitness, 'soccer' is an essential term. [Trong Thể thao & Thể hình, ""soccer"" là một thuật ngữ quan trọng.]",en,sports_fitness,single_word,B1
bc664c85-2a12-4396-9431-92b058a9ba60,sporting,/ˈspɔːrtɪŋ/,"thể thao; thích thể thao; thượng võ, thẳng thắn, trung thực; dũng cảm","In Sports & Fitness, 'sporting' is an essential term. [Trong Thể thao & Thể hình, ""sporting"" là một thuật ngữ quan trọng.]",en,sports_fitness,single_word,B1
748c502d-f98b-45da-8ec8-f5d5754c67b8,winner,/ˈwɪnər/,"người được cuộc, người thắng; con vật thắng trong cuộc đua","In Sports & Fitness, 'winner' is an essential term. [Trong Thể thao & Thể hình, ""winner"" là một thuật ngữ quan trọng.]",en,sports_fitness,single_word,B1
94182038-460c-4bbd-b3af-2998d8de473a,workout,/ˈwɜːrkaʊt/,",   buổi luyện tập","In Sports & Fitness, 'workout' is an essential term. [Trong Thể thao & Thể hình, ""workout"" là một thuật ngữ quan trọng.]",en,sports_fitness,single_word,B1
c4e7941c-e835-43c3-84f9-a05f7a1052dd,athlete,/ˈæθliːt/,lực sĩ; vận động viên,"In Sports & Fitness, 'athlete' is an essential term. [Trong Thể thao & Thể hình, ""athlete"" là một thuật ngữ quan trọng.]",en,sports_fitness,single_word,B1
1fe061ac-f222-46b1-a742-03f57d33225e,balloon,/bəˈluːn/,"khí cầu, quả bóng; bình cầu","In Sports & Fitness, 'balloon' is an essential term. [Trong Thể thao & Thể hình, ""balloon"" là một thuật ngữ quan trọng.]",en,sports_fitness,single_word,B1
2efc591d-7064-4765-acc1-7779e6ffaf7b,drunk,/drʌŋk/,"say rượu; say sưa, mê mẩn, cuồng lên","In Sports & Fitness, 'drunk' is an essential term. [Trong Thể thao & Thể hình, ""drunk"" là một thuật ngữ quan trọng.]",en,sports_fitness,single_word,B1
a2351ab9-81ff-4aad-8072-1cfd35eb866f,fit,/fɪt/,"thích hợp, phù hợp // kẻ theo điểm","In Sports & Fitness, 'fit' is an essential term. [Trong Thể thao & Thể hình, ""fit"" là một thuật ngữ quan trọng.]",en,sports_fitness,single_word,B1
c95c1e83-06be-432a-9dd6-3d95b729ec35,goal,/ɡəʊl/,mục đích,"In Sports & Fitness, 'goal' is an essential term. [Trong Thể thao & Thể hình, ""goal"" là một thuật ngữ quan trọng.]",en,sports_fitness,single_word,B1
bc1a436f-662c-41b7-b0a3-20b3f95055cc,run,/rʌn/,chạy,"In Sports & Fitness, 'run' is an essential term. [Trong Thể thao & Thể hình, ""run"" là một thuật ngữ quan trọng.]",en,sports_fitness,single_word,B1
3a5793d4-94a1-4b93-bfa9-fd647cce2148,stadium,/ˈsteɪdiəm/,sân vận động; đường đua,"In Sports & Fitness, 'stadium' is an essential term. [Trong Thể thao & Thể hình, ""stadium"" là một thuật ngữ quan trọng.]",en,sports_fitness,single_word,B1
32bba950-ea1e-4134-a6d3-60c43f0a7f1c,swing,/swɪŋ/,"sự đua đưa, sự lúc lắc; độ đu đưa, độ lắc; cái đu","In Sports & Fitness, 'swing' is an essential term. [Trong Thể thao & Thể hình, ""swing"" là một thuật ngữ quan trọng.]",en,sports_fitness,single_word,B1
b68cfc84-eaf0-49c2-b887-74fe4307e266,tennis,/ˈtenɪs/,quần vợt,"In Sports & Fitness, 'tennis' is an essential term. [Trong Thể thao & Thể hình, ""tennis"" là một thuật ngữ quan trọng.]",en,sports_fitness,single_word,B1
79f8752c-533d-4fc8-b7cc-e8be818a06d5,trainer,/ˈtreɪnər/,"người dạy; người huấn luyện, huấn luyện viên","In Sports & Fitness, 'trainer' is an essential term. [Trong Thể thao & Thể hình, ""trainer"" là một thuật ngữ quan trọng.]",en,sports_fitness,single_word,B1
3353b455-24f0-40dd-a7c4-fcc1c6679291,twin,/twɪn/,"sinh đôi; prime t.s số nguyên, số sinh đôi","In Sports & Fitness, 'twin' is an essential term. [Trong Thể thao & Thể hình, ""twin"" là một thuật ngữ quan trọng.]",en,sports_fitness,single_word,B1
b6a4e381-6fd4-49aa-89b6-e8f98f2032f5,win,/wɪn/,"sự thắng cuộc; chiếm, đoạt, thu được, nhận được, kiếm được, có được","In Sports & Fitness, 'win' is an essential term. [Trong Thể thao & Thể hình, ""win"" là một thuật ngữ quan trọng.]",en,sports_fitness,single_word,B1
1b35f026-967d-4668-92c4-ab45461367a1,window,/ˈwɪndəʊ/,cửa sổ; cửa kính,"In Sports & Fitness, 'window' is an essential term. [Trong Thể thao & Thể hình, ""window"" là một thuật ngữ quan trọng.]",en,sports_fitness,single_word,B1
511292f2-d7e9-4f67-b455-18bbf55d495f,wine,/waɪn/,rượu vang; rượu; rượu thuốc,"In Sports & Fitness, 'wine' is an essential term. [Trong Thể thao & Thể hình, ""wine"" là một thuật ngữ quan trọng.]",en,sports_fitness,single_word,B1
291c5549-23e7-4fc4-b961-a106334253c1,ballet,/bæˈleɪ/,"ba lê, kịch múa","In Sports & Fitness, 'ballet' is an essential term. [Trong Thể thao & Thể hình, ""ballet"" là một thuật ngữ quan trọng.]",en,sports_fitness,single_word,B1
9297abed-4c01-49e7-b3fe-c587fae69185,ballot,/ˈbælət/,lá phiếu; sự bỏ phiếu kín,"In Sports & Fitness, 'ballot' is an essential term. [Trong Thể thao & Thể hình, ""ballot"" là một thuật ngữ quan trọng.]",en,sports_fitness,single_word,B1
d80c3787-e5a9-4e5d-9d59-65e360bbe91b,close,/kləʊs/,"đóng, khép","In Sports & Fitness, 'close' is an essential term. [Trong Thể thao & Thể hình, ""close"" là một thuật ngữ quan trọng.]",en,sports_fitness,single_word,B1
294b5d60-d331-42e1-aabf-ef1437173f5a,closed,/kləʊzd/,"đóng, kín; absolutely c. đóng tuyệt đối","In Sports & Fitness, 'closed' is an essential term. [Trong Thể thao & Thể hình, ""closed"" là một thuật ngữ quan trọng.]",en,sports_fitness,single_word,B1
ade51b29-af7a-40a6-b34b-c04043675f7e,closely,/ˈkləʊsli/,"gần, gần gũi, thân mật; chặt chẽ, khít, sát, sít vào nhau","In Sports & Fitness, 'closely' is an essential term. [Trong Thể thao & Thể hình, ""closely"" là một thuật ngữ quan trọng.]",en,sports_fitness,single_word,B1
ebba4cf8-944b-4f85-8e34-a252d19fc457,coach,/kəʊtʃ/,xe ngựa bốn bánh  bốn ngựa); toa hành khách,"In Sports & Fitness, 'coach' is an essential term. [Trong Thể thao & Thể hình, ""coach"" là một thuật ngữ quan trọng.]",en,sports_fitness,single_word,B1
ae4beb06-6057-480b-aed0-a964eec87d75,constraint,/kənˈstreɪnt/,"sự ràng buộc, sự hạn chế; artificial c. liên hệ giả tạo, ràng buộc giả tạo","In Sports & Fitness, 'constraint' is an essential term. [Trong Thể thao & Thể hình, ""constraint"" là một thuật ngữ quan trọng.]",en,sports_fitness,single_word,B1
260fae8c-62e0-4cbd-84b3-2980637e3c83,debut,/deɪˈbjuː/,lần trình diễn đầu tiên; sự xuất hiện đầu tiên trước công chúng,"In Sports & Fitness, 'debut' is an essential term. [Trong Thể thao & Thể hình, ""debut"" là một thuật ngữ quan trọng.]",en,sports_fitness,single_word,B1
fbfc4ba0-56d9-40bb-b864-8bfd1322fcfd,disclose,/dɪsˈkləʊz/,"mở ra; vạch trần ra, để lộ ra","In Sports & Fitness, 'disclose' is an essential term. [Trong Thể thao & Thể hình, ""disclose"" là một thuật ngữ quan trọng.]",en,sports_fitness,single_word,B1
11a1dcac-c2a4-447e-a938-392c93dcd119,display,/dɪˈspleɪ/,sự biểu hiện || biểu hiện,"In Sports & Fitness, 'display' is an essential term. [Trong Thể thao & Thể hình, ""display"" là một thuật ngữ quan trọng.]",en,sports_fitness,single_word,B1
c2c95022-3a30-48c2-8d2c-2cdf624e02d7,drawing,/ˈdrɔːɪŋ/,"vẽ kỹ thuật, bản vẽ;  sự lấy mẫu;  sự kéo; d. to scale vẽ theo thang tỷ lệ","In Sports & Fitness, 'drawing' is an essential term. [Trong Thể thao & Thể hình, ""drawing"" là một thuật ngữ quan trọng.]",en,sports_fitness,single_word,B1
dc32f9a8-bc30-4ee4-9adc-0ee7c36156af,embrace,/ɪmˈbreɪs/,"sự ôm, cái ôm; sự ăn nằm với nhau","In Sports & Fitness, 'embrace' is an essential term. [Trong Thể thao & Thể hình, ""embrace"" là một thuật ngữ quan trọng.]",en,sports_fitness,single_word,B1
082fbbfb-5146-4414-a70d-1e6b167b332e,exercise,/ˈeksərsaɪz/,bài tập,"In Sports & Fitness, 'exercise' is an essential term. [Trong Thể thao & Thể hình, ""exercise"" là một thuật ngữ quan trọng.]",en,sports_fitness,single_word,B1
198f6884-0b63-489c-8d49-3c2ccae12b2b,following,/ˈfɑːləʊɪŋ/,"sự theo, sự noi theo; số người theo, số người ủng hộ","In Sports & Fitness, 'following' is an essential term. [Trong Thể thao & Thể hình, ""following"" là một thuật ngữ quan trọng.]",en,sports_fitness,single_word,B1
b4637fbd-50e5-42a0-9e9c-bb63a78a9a50,golf,/ɡɑːlf/,môn đánh gôn; chơi gôn,"In Sports & Fitness, 'golf' is an essential term. [Trong Thể thao & Thể hình, ""golf"" là một thuật ngữ quan trọng.]",en,sports_fitness,single_word,B1
8e08bc0d-9629-4c12-9ab9-7706e736c2d8,athletic tournament,/athletic tournament/,điền kinh giải đấu,Effective Sports & Fitness relies on athletic tournament. [Lĩnh vực Thể thao & Thể hình hiệu quả dựa trên điền kinh giải đấu.],en,sports_fitness,phrase,B2
11e8b1d9-edca-42eb-a102-83140be2ac96,athletic championship,/athletic championship/,điền kinh chức vô địch,Effective Sports & Fitness relies on athletic championship. [Lĩnh vực Thể thao & Thể hình hiệu quả dựa trên điền kinh chức vô địch.],en,sports_fitness,phrase,B2
8045d54b-2de3-4d2f-8b8b-46a45996a270,athletic stadium,/athletic stadium/,điền kinh sân vận động,Effective Sports & Fitness relies on athletic stadium. [Lĩnh vực Thể thao & Thể hình hiệu quả dựa trên điền kinh sân vận động.],en,sports_fitness,phrase,B2
0551a082-ed42-47f9-b640-0cf03d601239,athletic endurance,/athletic endurance/,điền kinh sức bền,Effective Sports & Fitness relies on athletic endurance. [Lĩnh vực Thể thao & Thể hình hiệu quả dựa trên điền kinh sức bền.],en,sports_fitness,phrase,B2
4d20fac2-921e-4dc8-b57a-596043586b72,athletic training,/athletic training/,điền kinh tập luyện,Effective Sports & Fitness relies on athletic training. [Lĩnh vực Thể thao & Thể hình hiệu quả dựa trên điền kinh tập luyện.],en,sports_fitness,phrase,B2
36f5aa74-a760-447c-a92a-1aa67fdd4db9,athletic athlete,/athletic athlete/,điền kinh vận động viên,Effective Sports & Fitness relies on athletic athlete. [Lĩnh vực Thể thao & Thể hình hiệu quả dựa trên điền kinh vận động viên.],en,sports_fitness,phrase,B2
7835e339-53cd-42e6-85a0-c61ff77014c0,athletic performance,/athletic performance/,điền kinh phong độ,Effective Sports & Fitness relies on athletic performance. [Lĩnh vực Thể thao & Thể hình hiệu quả dựa trên điền kinh phong độ.],en,sports_fitness,phrase,B2
502b1e2f-74d9-4dc3-9bf1-169f69dd1721,athletic fitness,/athletic fitness/,điền kinh thể lực,Effective Sports & Fitness relies on athletic fitness. [Lĩnh vực Thể thao & Thể hình hiệu quả dựa trên điền kinh thể lực.],en,sports_fitness,phrase,B2
2362a6cc-a2b4-498b-b381-1300e6f0e5c1,competitive tournament,/competitive tournament/,thi đấu giải đấu,Effective Sports & Fitness relies on competitive tournament. [Lĩnh vực Thể thao & Thể hình hiệu quả dựa trên thi đấu giải đấu.],en,sports_fitness,phrase,B2
dd776884-a1ca-4771-9876-06aebf0fe20e,competitive championship,/competitive championship/,thi đấu chức vô địch,Effective Sports & Fitness relies on competitive championship. [Lĩnh vực Thể thao & Thể hình hiệu quả dựa trên thi đấu chức vô địch.],en,sports_fitness,phrase,B2
116f1341-f2ee-416f-8669-9076f8ac7fd7,competitive stadium,/competitive stadium/,thi đấu sân vận động,Effective Sports & Fitness relies on competitive stadium. [Lĩnh vực Thể thao & Thể hình hiệu quả dựa trên thi đấu sân vận động.],en,sports_fitness,phrase,B2
41c88c41-af6c-49af-8d4a-554e63bb7aae,competitive endurance,/competitive endurance/,thi đấu sức bền,Effective Sports & Fitness relies on competitive endurance. [Lĩnh vực Thể thao & Thể hình hiệu quả dựa trên thi đấu sức bền.],en,sports_fitness,phrase,B2
7a04aeed-1a34-4eb9-a110-2bac5d462e32,competitive training,/competitive training/,thi đấu tập luyện,Effective Sports & Fitness relies on competitive training. [Lĩnh vực Thể thao & Thể hình hiệu quả dựa trên thi đấu tập luyện.],en,sports_fitness,phrase,B2
675033d6-40a5-47a4-a35b-d2661f13c118,competitive athlete,/competitive athlete/,thi đấu vận động viên,Effective Sports & Fitness relies on competitive athlete. [Lĩnh vực Thể thao & Thể hình hiệu quả dựa trên thi đấu vận động viên.],en,sports_fitness,phrase,B2
f778ea01-2df1-4b88-88a4-94245cd8d69a,competitive performance,/competitive performance/,thi đấu phong độ,Effective Sports & Fitness relies on competitive performance. [Lĩnh vực Thể thao & Thể hình hiệu quả dựa trên thi đấu phong độ.],en,sports_fitness,phrase,B2
62651388-8a82-4d2c-9e66-c2ad123530cf,competitive fitness,/competitive fitness/,thi đấu thể lực,Effective Sports & Fitness relies on competitive fitness. [Lĩnh vực Thể thao & Thể hình hiệu quả dựa trên thi đấu thể lực.],en,sports_fitness,phrase,B2
0e3e7366-ad68-4955-9573-dff9da81e91c,physical tournament,/physical tournament/,thể chất giải đấu,Effective Sports & Fitness relies on physical tournament. [Lĩnh vực Thể thao & Thể hình hiệu quả dựa trên thể chất giải đấu.],en,sports_fitness,phrase,B2
79568555-e42a-47d1-829a-3afef58a98b0,physical championship,/physical championship/,thể chất chức vô địch,Effective Sports & Fitness relies on physical championship. [Lĩnh vực Thể thao & Thể hình hiệu quả dựa trên thể chất chức vô địch.],en,sports_fitness,phrase,B2
880e4f21-f085-4612-9aa9-27c94d0cbeac,physical stadium,/physical stadium/,thể chất sân vận động,Effective Sports & Fitness relies on physical stadium. [Lĩnh vực Thể thao & Thể hình hiệu quả dựa trên thể chất sân vận động.],en,sports_fitness,phrase,B2
c681725f-03d7-411d-b75f-3c91be2e6a07,physical endurance,/physical endurance/,thể chất sức bền,Effective Sports & Fitness relies on physical endurance. [Lĩnh vực Thể thao & Thể hình hiệu quả dựa trên thể chất sức bền.],en,sports_fitness,phrase,B2
3368b985-58fb-4c48-bde5-cf35d1278dbb,physical training,/physical training/,thể chất tập luyện,Effective Sports & Fitness relies on physical training. [Lĩnh vực Thể thao & Thể hình hiệu quả dựa trên thể chất tập luyện.],en,sports_fitness,phrase,B2
c4d05cbc-390a-4411-8f06-98248a8a8a46,physical athlete,/physical athlete/,thể chất vận động viên,Effective Sports & Fitness relies on physical athlete. [Lĩnh vực Thể thao & Thể hình hiệu quả dựa trên thể chất vận động viên.],en,sports_fitness,phrase,B2
38609a34-b1c5-4f11-ba86-071beccb1551,physical performance,/physical performance/,thể chất phong độ,Effective Sports & Fitness relies on physical performance. [Lĩnh vực Thể thao & Thể hình hiệu quả dựa trên thể chất phong độ.],en,sports_fitness,phrase,B2
57d12c7d-218e-4210-a6e2-b9fb8af5e176,physical fitness,/physical fitness/,thể chất thể lực,Effective Sports & Fitness relies on physical fitness. [Lĩnh vực Thể thao & Thể hình hiệu quả dựa trên thể chất thể lực.],en,sports_fitness,phrase,B2
94d79f98-c67a-4c1d-9d3f-0015af601f67,aerobic tournament,/aerobic tournament/,hiếu khí giải đấu,Effective Sports & Fitness relies on aerobic tournament. [Lĩnh vực Thể thao & Thể hình hiệu quả dựa trên hiếu khí giải đấu.],en,sports_fitness,phrase,B2
bb920f63-7b7c-41de-be81-fba04678941c,aerobic championship,/aerobic championship/,hiếu khí chức vô địch,Effective Sports & Fitness relies on aerobic championship. [Lĩnh vực Thể thao & Thể hình hiệu quả dựa trên hiếu khí chức vô địch.],en,sports_fitness,phrase,B2
b2491698-97e6-433a-bc30-1318bd7ea790,aerobic stadium,/aerobic stadium/,hiếu khí sân vận động,Effective Sports & Fitness relies on aerobic stadium. [Lĩnh vực Thể thao & Thể hình hiệu quả dựa trên hiếu khí sân vận động.],en,sports_fitness,phrase,B2
fb8aaec0-63ab-467b-a902-95c9f56bf506,aerobic endurance,/aerobic endurance/,hiếu khí sức bền,Effective Sports & Fitness relies on aerobic endurance. [Lĩnh vực Thể thao & Thể hình hiệu quả dựa trên hiếu khí sức bền.],en,sports_fitness,phrase,B2
01c75b18-29d3-4d1b-a06f-b416145e4aa6,aerobic training,/aerobic training/,hiếu khí tập luyện,Effective Sports & Fitness relies on aerobic training. [Lĩnh vực Thể thao & Thể hình hiệu quả dựa trên hiếu khí tập luyện.],en,sports_fitness,phrase,B2
5c64a7e1-fd3a-4e8a-b0e3-348defe26ba0,aerobic athlete,/aerobic athlete/,hiếu khí vận động viên,Effective Sports & Fitness relies on aerobic athlete. [Lĩnh vực Thể thao & Thể hình hiệu quả dựa trên hiếu khí vận động viên.],en,sports_fitness,phrase,B2
7fecf76a-6009-4335-a2b4-77fee8e37db5,aerobic performance,/aerobic performance/,hiếu khí phong độ,Effective Sports & Fitness relies on aerobic performance. [Lĩnh vực Thể thao & Thể hình hiệu quả dựa trên hiếu khí phong độ.],en,sports_fitness,phrase,B2
adcb480c-cb3c-4538-ae30-f50ffea2921a,aerobic fitness,/aerobic fitness/,hiếu khí thể lực,Effective Sports & Fitness relies on aerobic fitness. [Lĩnh vực Thể thao & Thể hình hiệu quả dựa trên hiếu khí thể lực.],en,sports_fitness,phrase,B2
d6e86293-444a-43d9-ab13-1f99c7cf2f09,sporting tournament,/sporting tournament/,thể thao giải đấu,Effective Sports & Fitness relies on sporting tournament. [Lĩnh vực Thể thao & Thể hình hiệu quả dựa trên thể thao giải đấu.],en,sports_fitness,phrase,B2
8381c568-79fb-45b5-96fd-8f7f89ed46a6,sporting championship,/sporting championship/,thể thao chức vô địch,Effective Sports & Fitness relies on sporting championship. [Lĩnh vực Thể thao & Thể hình hiệu quả dựa trên thể thao chức vô địch.],en,sports_fitness,phrase,B2
abc66c0f-6423-4616-b0a6-dc4aec98217a,sporting stadium,/sporting stadium/,thể thao sân vận động,Effective Sports & Fitness relies on sporting stadium. [Lĩnh vực Thể thao & Thể hình hiệu quả dựa trên thể thao sân vận động.],en,sports_fitness,phrase,B2
1b4f9047-0c9d-4f07-a706-6c23ad38d798,sporting endurance,/sporting endurance/,thể thao sức bền,Effective Sports & Fitness relies on sporting endurance. [Lĩnh vực Thể thao & Thể hình hiệu quả dựa trên thể thao sức bền.],en,sports_fitness,phrase,B2
8fd2bb37-bb75-4736-a52e-65d54f183ad8,sporting training,/sporting training/,thể thao tập luyện,Effective Sports & Fitness relies on sporting training. [Lĩnh vực Thể thao & Thể hình hiệu quả dựa trên thể thao tập luyện.],en,sports_fitness,phrase,B2
d37003eb-0c65-4394-8a76-9b0a78268c95,sporting athlete,/sporting athlete/,thể thao vận động viên,Effective Sports & Fitness relies on sporting athlete. [Lĩnh vực Thể thao & Thể hình hiệu quả dựa trên thể thao vận động viên.],en,sports_fitness,phrase,B2
07904f32-7b8e-4e37-8409-723981195af4,sporting performance,/sporting performance/,thể thao phong độ,Effective Sports & Fitness relies on sporting performance. [Lĩnh vực Thể thao & Thể hình hiệu quả dựa trên thể thao phong độ.],en,sports_fitness,phrase,B2
6e3b0dc5-b96e-418e-a1c7-35ca40f0a2c1,sporting fitness,/sporting fitness/,thể thao thể lực,Effective Sports & Fitness relies on sporting fitness. [Lĩnh vực Thể thao & Thể hình hiệu quả dựa trên thể thao thể lực.],en,sports_fitness,phrase,B2
91b9446f-de87-413e-9eb2-a94246bee4ba,muscular tournament,/muscular tournament/,cơ bắp giải đấu,Effective Sports & Fitness relies on muscular tournament. [Lĩnh vực Thể thao & Thể hình hiệu quả dựa trên cơ bắp giải đấu.],en,sports_fitness,phrase,B2
3bb3c736-fa6c-461e-82db-6d0a8c640799,muscular championship,/muscular championship/,cơ bắp chức vô địch,Effective Sports & Fitness relies on muscular championship. [Lĩnh vực Thể thao & Thể hình hiệu quả dựa trên cơ bắp chức vô địch.],en,sports_fitness,phrase,B2
09dba8a3-74b2-4883-856d-56924b0dd6bd,muscular stadium,/muscular stadium/,cơ bắp sân vận động,Effective Sports & Fitness relies on muscular stadium. [Lĩnh vực Thể thao & Thể hình hiệu quả dựa trên cơ bắp sân vận động.],en,sports_fitness,phrase,B2
5927f28c-80c4-4bcd-b897-e2cbb54d74f6,muscular endurance,/muscular endurance/,cơ bắp sức bền,Effective Sports & Fitness relies on muscular endurance. [Lĩnh vực Thể thao & Thể hình hiệu quả dựa trên cơ bắp sức bền.],en,sports_fitness,phrase,B2
9f4a92dc-b012-415a-9a2c-e3e11d21e87e,muscular training,/muscular training/,cơ bắp tập luyện,Effective Sports & Fitness relies on muscular training. [Lĩnh vực Thể thao & Thể hình hiệu quả dựa trên cơ bắp tập luyện.],en,sports_fitness,phrase,B2
89ec49a8-fb8f-4c4e-8101-a383e79a0d24,muscular athlete,/muscular athlete/,cơ bắp vận động viên,Effective Sports & Fitness relies on muscular athlete. [Lĩnh vực Thể thao & Thể hình hiệu quả dựa trên cơ bắp vận động viên.],en,sports_fitness,phrase,B2
e9a55594-6f99-4c22-aa44-f252bcfd8b94,muscular performance,/muscular performance/,cơ bắp phong độ,Effective Sports & Fitness relies on muscular performance. [Lĩnh vực Thể thao & Thể hình hiệu quả dựa trên cơ bắp phong độ.],en,sports_fitness,phrase,B2
d0af606b-0a78-4f18-96dd-ed006222513f,muscular fitness,/muscular fitness/,cơ bắp thể lực,Effective Sports & Fitness relies on muscular fitness. [Lĩnh vực Thể thao & Thể hình hiệu quả dựa trên cơ bắp thể lực.],en,sports_fitness,phrase,B2
f77645e3-d581-47f7-898b-30631ed9a8a8,endurance tournament,/endurance tournament/,bền bỉ giải đấu,Effective Sports & Fitness relies on endurance tournament. [Lĩnh vực Thể thao & Thể hình hiệu quả dựa trên bền bỉ giải đấu.],en,sports_fitness,phrase,B2
210c85dd-cb9d-4be3-8af9-b86ac346e865,endurance championship,/endurance championship/,bền bỉ chức vô địch,Effective Sports & Fitness relies on endurance championship. [Lĩnh vực Thể thao & Thể hình hiệu quả dựa trên bền bỉ chức vô địch.],en,sports_fitness,phrase,B2
51f2fc45-7018-4779-8a92-efba5d73463c,everyday,/ˈevrideɪ/,"hằng ngày, dùng hằng ngày; thường, thông thường, xảy ra hằng ngày","In Daily Life & Routine, 'everyday' is an essential term. [Trong Đời sống hàng ngày, ""everyday"" là một thuật ngữ quan trọng.]",en,daily_life_routine,single_word,B1
5a2bd8be-f3a1-4184-94f2-9277182137a4,morning,/ˈmɔːrnɪŋ/,buổi sáng; buổi bình minh,"In Daily Life & Routine, 'morning' is an essential term. [Trong Đời sống hàng ngày, ""morning"" là một thuật ngữ quan trọng.]",en,daily_life_routine,single_word,B1
b7afe1fe-017c-4754-bac3-e62538cfd5ee,night,/naɪt/,"đêm, tối, cảnh tối tăm","In Daily Life & Routine, 'night' is an essential term. [Trong Đời sống hàng ngày, ""night"" là một thuật ngữ quan trọng.]",en,daily_life_routine,single_word,B1
a6963148-1180-48a2-8ecc-56c1b31a3da9,meantime,/ˈmiːntaɪm/,"in the meantime trong lúc ấy, trong khi ấy; trong khi chờ đợi, trong lúc ấy, đang lúc ấy","In Daily Life & Routine, 'meantime' is an essential term. [Trong Đời sống hàng ngày, ""meantime"" là một thuật ngữ quan trọng.]",en,daily_life_routine,single_word,B1
7520b6e2-669c-4be1-b6e8-64a6cce4eb26,midnight,/ˈmɪdnaɪt/,"nửa đêm, mười hai giờ đêm","In Daily Life & Routine, 'midnight' is an essential term. [Trong Đời sống hàng ngày, ""midnight"" là một thuật ngữ quan trọng.]",en,daily_life_routine,single_word,B1
07e7b11c-35fc-4394-b276-0370f6764ba4,o'clock,/əˈklɑːk/,đường chỉ viền ở cạnh bít tất; đồng hồ,"In Daily Life & Routine, 'o'clock' is an essential term. [Trong Đời sống hàng ngày, ""o'clock"" là một thuật ngữ quan trọng.]",en,daily_life_routine,single_word,B1
f8704599-cf99-4695-9421-30d7d79b36a6,regularly,/ˈreɡjələrli/,"đều đều, đều đặn, thường xuyên; theo quy tắc, có quy củ","In Daily Life & Routine, 'regularly' is an essential term. [Trong Đời sống hàng ngày, ""regularly"" là một thuật ngữ quan trọng.]",en,daily_life_routine,single_word,B1
406b3f1f-5749-481a-a5a6-e9b3200596c0,sometime,/ˈsʌmtaɪm/,một lúc nào đó  some_time); trước kia,"In Daily Life & Routine, 'sometime' is an essential term. [Trong Đời sống hàng ngày, ""sometime"" là một thuật ngữ quan trọng.]",en,daily_life_routine,single_word,B1
b9ecf064-c1a1-4702-8b88-709ebce98d11,time,/taɪm/,thời gian; apparent solar t.  giờ theo mặt trời thực,"In Daily Life & Routine, 'time' is an essential term. [Trong Đời sống hàng ngày, ""time"" là một thuật ngữ quan trọng.]",en,daily_life_routine,single_word,B1
c1e5888d-8b23-47f5-8802-d5a6b8feb7a0,tonight,/təˈnaɪt/,"đêm nay, tối nay","In Daily Life & Routine, 'tonight' is an essential term. [Trong Đời sống hàng ngày, ""tonight"" là một thuật ngữ quan trọng.]",en,daily_life_routine,single_word,B1
47132519-4b21-4983-bd05-e38eed36ddc8,wednesday,/ˈwenzdeɪ/,Wednesday ngày thứ tư,"In Daily Life & Routine, 'wednesday' is an essential term. [Trong Đời sống hàng ngày, ""wednesday"" là một thuật ngữ quan trọng.]",en,daily_life_routine,single_word,B1
aaf8d2ee-bc7a-473b-88f4-0259dd42536f,address,/əˈdres/,địa chỉ; current a. địa chỉ hiện đại,"In Daily Life & Routine, 'address' is an essential term. [Trong Đời sống hàng ngày, ""address"" là một thuật ngữ quan trọng.]",en,daily_life_routine,single_word,B1
0c404f07-608d-4ebe-ba02-aa8d05168674,asleep,/əˈsliːp/,"ngủ, đang ngủ; tê cóng, tê bại","In Daily Life & Routine, 'asleep' is an essential term. [Trong Đời sống hàng ngày, ""asleep"" là một thuật ngữ quan trọng.]",en,daily_life_routine,single_word,B1
06f3c549-d152-4418-8fd0-8f57e6d8f21d,birthday,/ˈbɜːrθdeɪ/,ngày sinh; lễ sinh nhật,"In Daily Life & Routine, 'birthday' is an essential term. [Trong Đời sống hàng ngày, ""birthday"" là một thuật ngữ quan trọng.]",en,daily_life_routine,single_word,B1
c256059e-7acc-4989-908a-43b8375253e8,clock,/klɑːk/,đồng hồ; sơ đồ đồng bộ hoá; master c.  sơ đồ đồng bộ hoá chính,"In Daily Life & Routine, 'clock' is an essential term. [Trong Đời sống hàng ngày, ""clock"" là một thuật ngữ quan trọng.]",en,daily_life_routine,single_word,B1
3aeaae43-9281-457f-aada-e772c065336c,daily,/ˈdeɪli/,hằng ngày; báo hàng ngày,"In Daily Life & Routine, 'daily' is an essential term. [Trong Đời sống hàng ngày, ""daily"" là một thuật ngữ quan trọng.]",en,daily_life_routine,single_word,B1
172a15a1-0ef8-442e-8e6b-0332c9869828,day,/deɪ/,ban ngày; ngày,"In Daily Life & Routine, 'day' is an essential term. [Trong Đời sống hàng ngày, ""day"" là một thuật ngữ quan trọng.]",en,daily_life_routine,single_word,B1
7df1f386-bc81-48c3-a6db-337400868dbb,dress,/dres/,"quần áo; vỏ ngoài, cái bọc ngoài, vẻ ngoài","In Daily Life & Routine, 'dress' is an essential term. [Trong Đời sống hàng ngày, ""dress"" là một thuật ngữ quan trọng.]",en,daily_life_routine,single_word,B1
a5ad91f4-6a8e-47e8-8ce1-84caa5cf1a03,dressed,/drest/,mặc quần áo,"In Daily Life & Routine, 'dressed' is an essential term. [Trong Đời sống hàng ngày, ""dressed"" là một thuật ngữ quan trọng.]",en,daily_life_routine,single_word,B1
3c981d1a-06df-444c-b7e3-bec4e8dd07da,friday,/ˈfraɪdeɪ/,ngày thứ sáu,"In Daily Life & Routine, 'friday' is an essential term. [Trong Đời sống hàng ngày, ""friday"" là một thuật ngữ quan trọng.]",en,daily_life_routine,single_word,B1
3e0a6c13-4fe6-4598-8d1e-0fd4e6b524ad,home,/həʊm/,"nhà, chỗ ở; nhà, gia đình, tổ ấm","In Daily Life & Routine, 'home' is an essential term. [Trong Đời sống hàng ngày, ""home"" là một thuật ngữ quan trọng.]",en,daily_life_routine,single_word,B1
f6482443-a103-40c0-b7b2-6e2cc2ab5252,homeless,/ˈhəʊmləs/,"không cửa không nhà, vô gia cư","In Daily Life & Routine, 'homeless' is an essential term. [Trong Đời sống hàng ngày, ""homeless"" là một thuật ngữ quan trọng.]",en,daily_life_routine,single_word,B1
f993ca00-72b6-4f74-937a-1578eeccc356,hour,/ˈaʊər/,giờ,"In Daily Life & Routine, 'hour' is an essential term. [Trong Đời sống hàng ngày, ""hour"" là một thuật ngữ quan trọng.]",en,daily_life_routine,single_word,B1
997e55b3-9b9d-4105-a070-40ed1c8993dd,house,/haʊs/,"nhà ở, căn nhà, toà nhà; nhà, chuồng","In Daily Life & Routine, 'house' is an essential term. [Trong Đời sống hàng ngày, ""house"" là một thuật ngữ quan trọng.]",en,daily_life_routine,single_word,B1
d49afd66-0fec-4311-8518-7e3fb9c5a057,household,/ˈhaʊshəʊld/,"hộ, gia đình; toàn bộ người nhà; toàn bộ người hầu trong nhà","In Daily Life & Routine, 'household' is an essential term. [Trong Đời sống hàng ngày, ""household"" là một thuật ngữ quan trọng.]",en,daily_life_routine,single_word,B1
b35606c2-95ce-4383-be92-87fca72b03ea,inhabitant,/ɪnˈhæbɪtənt/,"người ở, người cư trú, dân cư","In Daily Life & Routine, 'inhabitant' is an essential term. [Trong Đời sống hàng ngày, ""inhabitant"" là một thuật ngữ quan trọng.]",en,daily_life_routine,single_word,B1
61c5d27c-2070-4347-a72c-accedac52948,liver,/ˈlɪvər/,người sống; gan,"In Daily Life & Routine, 'liver' is an essential term. [Trong Đời sống hàng ngày, ""liver"" là một thuật ngữ quan trọng.]",en,daily_life_routine,single_word,B1
c557153d-79b8-400a-8079-e9eff55d9f50,monday,/ˈmʌndeɪ/,ngày thứ hai; ngày khai trương,"In Daily Life & Routine, 'monday' is an essential term. [Trong Đời sống hàng ngày, ""monday"" là một thuật ngữ quan trọng.]",en,daily_life_routine,single_word,B1
17f7860d-9094-4792-9903-3fe81ff530fc,nowadays,/ˈnaʊədeɪz/,"ngày nay, đời nay, thời buổi này, thời buổi tân tiến này","In Daily Life & Routine, 'nowadays' is an essential term. [Trong Đời sống hàng ngày, ""nowadays"" là một thuật ngữ quan trọng.]",en,daily_life_routine,single_word,B1
52857e38-ed90-440a-acee-5255b0ea7e92,overnight,/ˌəʊvərˈnaɪt/,qua đêm; đêm trước,"In Daily Life & Routine, 'overnight' is an essential term. [Trong Đời sống hàng ngày, ""overnight"" là một thuật ngữ quan trọng.]",en,daily_life_routine,single_word,B1
b51923f5-d9be-46cc-aff5-f222ae3c2d20,regular,/ˈreɡjələr/,"đều; chính quy, thường","In Daily Life & Routine, 'regular' is an essential term. [Trong Đời sống hàng ngày, ""regular"" là một thuật ngữ quan trọng.]",en,daily_life_routine,single_word,B1
8bafdaf5-827a-4943-b321-299829b032e6,saturday,/ˈsætərdeɪ/,ngày thứ bảy,"In Daily Life & Routine, 'saturday' is an essential term. [Trong Đời sống hàng ngày, ""saturday"" là một thuật ngữ quan trọng.]",en,daily_life_routine,single_word,B1
37635990-10b1-4243-8e31-e6b464c4dc74,sometimes,/ˈsʌmtaɪmz/,"đôi khi, đôi lúc, lắm lúc, lúc thì","In Daily Life & Routine, 'sometimes' is an essential term. [Trong Đời sống hàng ngày, ""sometimes"" là một thuật ngữ quan trọng.]",en,daily_life_routine,single_word,B1
6418ab0c-c49b-41ec-8d06-7b27742d21c4,sunday,/ˈsʌndeɪ/,ngày chủ nhật; chủ nhật,"In Daily Life & Routine, 'sunday' is an essential term. [Trong Đời sống hàng ngày, ""sunday"" là một thuật ngữ quan trọng.]",en,daily_life_routine,single_word,B1
6c84ba57-ec04-494b-b39e-782d6294ec2d,thursday,/ˈθɜːrzdeɪ/,ngày thứ năm,"In Daily Life & Routine, 'thursday' is an essential term. [Trong Đời sống hàng ngày, ""thursday"" là một thuật ngữ quan trọng.]",en,daily_life_routine,single_word,B1
080e54a6-d159-4143-a79a-1fdc26a00c24,timely,/ˈtaɪmli/,"đúng lúc, hợp thời","In Daily Life & Routine, 'timely' is an essential term. [Trong Đời sống hàng ngày, ""timely"" là một thuật ngữ quan trọng.]",en,daily_life_routine,single_word,B1
2dd45fbe-dbd1-4059-85e9-bd59c0d89756,today,/təˈdeɪ/,"hôm nay, ngày này, ngày hôm nay; ngày nay, thời kỳ hiện nay, thời đại này","In Daily Life & Routine, 'today' is an essential term. [Trong Đời sống hàng ngày, ""today"" là một thuật ngữ quan trọng.]",en,daily_life_routine,single_word,B1
a87f4715-60e2-45af-8f4e-24cfc1b3ec14,tuesday,/ˈtuːzdeɪ/,ngày thứ ba,"In Daily Life & Routine, 'tuesday' is an essential term. [Trong Đời sống hàng ngày, ""tuesday"" là một thuật ngữ quan trọng.]",en,daily_life_routine,single_word,B1
6aa9161b-ab3f-479c-8380-cbf417bd3919,wake,/weɪk/,vết sóng; đuôi sóng; dòng đuôi; vortex w. màng xoáy; màng rôta,"In Daily Life & Routine, 'wake' is an essential term. [Trong Đời sống hàng ngày, ""wake"" là một thuật ngữ quan trọng.]",en,daily_life_routine,single_word,B1
cb4fb502-4b2e-45cc-bbfe-9a163e81ff68,wash,/wɑːʃ/,"sự tắm rửa, sự tắm gội, sự rửa ráy; sự rửa","In Daily Life & Routine, 'wash' is an essential term. [Trong Đời sống hàng ngày, ""wash"" là một thuật ngữ quan trọng.]",en,daily_life_routine,single_word,B1
1286f96c-ac4c-46e3-b1d8-b358a778e046,washing,/ˈwɑːʃɪŋ/,"sự tắm rửa, sự tắm gội, sự rửa ráy; sự giặt giũ","In Daily Life & Routine, 'washing' is an essential term. [Trong Đời sống hàng ngày, ""washing"" là một thuật ngữ quan trọng.]",en,daily_life_routine,single_word,B1
3752c606-cf4c-4f29-b5f6-8de48defb12c,yesterday,/ˈjestərdeɪ/,hôm qua,"In Daily Life & Routine, 'yesterday' is an essential term. [Trong Đời sống hàng ngày, ""yesterday"" là một thuật ngữ quan trọng.]",en,daily_life_routine,single_word,B1
54193c3b-5211-4f52-9e1c-955417fbe859,afternoon,/ˌæftərˈnuːn/,buổi chiều,"In Daily Life & Routine, 'afternoon' is an essential term. [Trong Đời sống hàng ngày, ""afternoon"" là một thuật ngữ quan trọng.]",en,daily_life_routine,single_word,B1
ad1f5327-15d3-4d93-a69f-5a750c337123,alive,/əˈlaɪv/,"sống, còn sống, đang sống; vẫn còn, còn tồn tại, còn có hiệu lực, còn giá trị","In Daily Life & Routine, 'alive' is an essential term. [Trong Đời sống hàng ngày, ""alive"" là một thuật ngữ quan trọng.]",en,daily_life_routine,single_word,B1
6ce23a6a-c6d6-44e0-8bab-7237e71ff0e8,clean,/kliːn/,"sạch, sạch sẽ; trong sạch không tội lỗi","In Daily Life & Routine, 'clean' is an essential term. [Trong Đời sống hàng ngày, ""clean"" là một thuật ngữ quan trọng.]",en,daily_life_routine,single_word,B1
46debc3f-62e0-4f20-a245-e75f12775f42,deliver,/dɪˈlɪvər/,phân phối,"In Daily Life & Routine, 'deliver' is an essential term. [Trong Đời sống hàng ngày, ""deliver"" là một thuật ngữ quan trọng.]",en,daily_life_routine,single_word,B1
d3ce2de2-96eb-459e-be06-24ddc4e7e19a,delivery,/dɪˈlɪvəri/,"sự phân phối, sự cung cấp","In Daily Life & Routine, 'delivery' is an essential term. [Trong Đời sống hàng ngày, ""delivery"" là một thuật ngữ quan trọng.]",en,daily_life_routine,single_word,B1
df78e853-09cd-4e91-8995-26ccafcad34a,extraordinary,/ɪkˈstrɔːrdəneri/,đặc biệt,"In Daily Life & Routine, 'extraordinary' is an essential term. [Trong Đời sống hàng ngày, ""extraordinary"" là một thuật ngữ quan trọng.]",en,daily_life_routine,single_word,B1
7daf3c6e-3161-4da5-8aae-5ab3341350a1,habit,/ˈhæbɪt/,"thói quen, tập quán; thể chất, tạng người; vóc người","In Daily Life & Routine, 'habit' is an essential term. [Trong Đời sống hàng ngày, ""habit"" là một thuật ngữ quan trọng.]",en,daily_life_routine,single_word,B1
a933d415-ce94-451d-a10f-8cdf9ef35b94,habitat,/ˈhæbɪtæt/,"môi trường sống, nơi sống; nhà, chỗ ở","In Daily Life & Routine, 'habitat' is an essential term. [Trong Đời sống hàng ngày, ""habitat"" là một thuật ngữ quan trọng.]",en,daily_life_routine,single_word,B1
999da5ac-e93e-455e-a15b-90530c1b0c67,daily routine,/daily routine/,hàng ngày thói quen hàng ngày,Effective Daily Life & Routine relies on daily routine. [Lĩnh vực Đời sống hàng ngày hiệu quả dựa trên hàng ngày thói quen hàng ngày.],en,daily_life_routine,phrase,B2
7465f761-096d-4ed2-bf5b-43af4d8f0bee,daily schedule,/daily schedule/,hàng ngày lịch trình,Effective Daily Life & Routine relies on daily schedule. [Lĩnh vực Đời sống hàng ngày hiệu quả dựa trên hàng ngày lịch trình.],en,daily_life_routine,phrase,B2
97b51923-9efb-4e42-8779-8800c115d977,daily household,/daily household/,hàng ngày việc nhà,Effective Daily Life & Routine relies on daily household. [Lĩnh vực Đời sống hàng ngày hiệu quả dựa trên hàng ngày việc nhà.],en,daily_life_routine,phrase,B2
e2bee936-c410-44c2-a510-a52b3de74260,daily chore,/daily chore/,hàng ngày công việc vặt,Effective Daily Life & Routine relies on daily chore. [Lĩnh vực Đời sống hàng ngày hiệu quả dựa trên hàng ngày công việc vặt.],en,daily_life_routine,phrase,B2
3531569d-ee2a-46f4-9ac2-968d8cefb6df,daily habit,/daily habit/,hàng ngày thói quen,Effective Daily Life & Routine relies on daily habit. [Lĩnh vực Đời sống hàng ngày hiệu quả dựa trên hàng ngày thói quen.],en,daily_life_routine,phrase,B2
d3f79738-cb69-4ccc-a7f2-d2c9998e6e42,daily lifestyle,/daily lifestyle/,hàng ngày lối sống,Effective Daily Life & Routine relies on daily lifestyle. [Lĩnh vực Đời sống hàng ngày hiệu quả dựa trên hàng ngày lối sống.],en,daily_life_routine,phrase,B2
681dd1d7-3a72-41da-a4f8-2d0c2e5a01b1,daily errand,/daily errand/,hàng ngày việc lặt vặt,Effective Daily Life & Routine relies on daily errand. [Lĩnh vực Đời sống hàng ngày hiệu quả dựa trên hàng ngày việc lặt vặt.],en,daily_life_routine,phrase,B2
852d8d0d-c3c6-4ba1-bc7b-3d6c2db1ccb2,daily timetable,/daily timetable/,hàng ngày thời gian biểu,Effective Daily Life & Routine relies on daily timetable. [Lĩnh vực Đời sống hàng ngày hiệu quả dựa trên hàng ngày thời gian biểu.],en,daily_life_routine,phrase,B2
434a371c-0249-47ae-bd7f-d2ab5bb67e67,routine routine,/routine routine/,thường nhật thói quen hàng ngày,Effective Daily Life & Routine relies on routine routine. [Lĩnh vực Đời sống hàng ngày hiệu quả dựa trên thường nhật thói quen hàng ngày.],en,daily_life_routine,phrase,B2
ca289516-acc6-4786-8d39-8b0c3fa7a504,routine schedule,/routine schedule/,thường nhật lịch trình,Effective Daily Life & Routine relies on routine schedule. [Lĩnh vực Đời sống hàng ngày hiệu quả dựa trên thường nhật lịch trình.],en,daily_life_routine,phrase,B2
ba1fa21b-0741-47ec-9877-83b09fa1cf33,routine household,/routine household/,thường nhật việc nhà,Effective Daily Life & Routine relies on routine household. [Lĩnh vực Đời sống hàng ngày hiệu quả dựa trên thường nhật việc nhà.],en,daily_life_routine,phrase,B2
bd9338dc-ecc2-4598-af73-d5a1efbef6d2,routine chore,/routine chore/,thường nhật công việc vặt,Effective Daily Life & Routine relies on routine chore. [Lĩnh vực Đời sống hàng ngày hiệu quả dựa trên thường nhật công việc vặt.],en,daily_life_routine,phrase,B2
f9148cb4-4879-4b49-bd72-30bcdebde05c,routine habit,/routine habit/,thường nhật thói quen,Effective Daily Life & Routine relies on routine habit. [Lĩnh vực Đời sống hàng ngày hiệu quả dựa trên thường nhật thói quen.],en,daily_life_routine,phrase,B2
ddd1f670-7d39-44d7-aaca-307b55c0939f,routine lifestyle,/routine lifestyle/,thường nhật lối sống,Effective Daily Life & Routine relies on routine lifestyle. [Lĩnh vực Đời sống hàng ngày hiệu quả dựa trên thường nhật lối sống.],en,daily_life_routine,phrase,B2
bce43bfe-c369-4470-9037-481a1f91aa48,routine errand,/routine errand/,thường nhật việc lặt vặt,Effective Daily Life & Routine relies on routine errand. [Lĩnh vực Đời sống hàng ngày hiệu quả dựa trên thường nhật việc lặt vặt.],en,daily_life_routine,phrase,B2
a363e0f8-99fb-48b8-a920-541edc353804,routine timetable,/routine timetable/,thường nhật thời gian biểu,Effective Daily Life & Routine relies on routine timetable. [Lĩnh vực Đời sống hàng ngày hiệu quả dựa trên thường nhật thời gian biểu.],en,daily_life_routine,phrase,B2
c19a3fa0-c654-4f26-a024-3d68aa7c1177,domestic routine,/domestic routine/,gia đình thói quen hàng ngày,Effective Daily Life & Routine relies on domestic routine. [Lĩnh vực Đời sống hàng ngày hiệu quả dựa trên gia đình thói quen hàng ngày.],en,daily_life_routine,phrase,B2
80b5e91a-0320-4c8e-a110-2934152d5d30,domestic schedule,/domestic schedule/,gia đình lịch trình,Effective Daily Life & Routine relies on domestic schedule. [Lĩnh vực Đời sống hàng ngày hiệu quả dựa trên gia đình lịch trình.],en,daily_life_routine,phrase,B2
ed29cb13-d835-4cd7-bce7-607540d87e51,domestic household,/domestic household/,gia đình việc nhà,Effective Daily Life & Routine relies on domestic household. [Lĩnh vực Đời sống hàng ngày hiệu quả dựa trên gia đình việc nhà.],en,daily_life_routine,phrase,B2
94f1a191-8037-4829-9722-21ee025771b4,domestic chore,/domestic chore/,gia đình công việc vặt,Effective Daily Life & Routine relies on domestic chore. [Lĩnh vực Đời sống hàng ngày hiệu quả dựa trên gia đình công việc vặt.],en,daily_life_routine,phrase,B2
8bc04dc6-f320-4c2b-88ff-26181db00d10,domestic habit,/domestic habit/,gia đình thói quen,Effective Daily Life & Routine relies on domestic habit. [Lĩnh vực Đời sống hàng ngày hiệu quả dựa trên gia đình thói quen.],en,daily_life_routine,phrase,B2
2076054a-1210-4447-a311-e71c940cf955,domestic lifestyle,/domestic lifestyle/,gia đình lối sống,Effective Daily Life & Routine relies on domestic lifestyle. [Lĩnh vực Đời sống hàng ngày hiệu quả dựa trên gia đình lối sống.],en,daily_life_routine,phrase,B2
5c0b5a04-99c8-4cd6-b2ed-9230f2f9791d,domestic errand,/domestic errand/,gia đình việc lặt vặt,Effective Daily Life & Routine relies on domestic errand. [Lĩnh vực Đời sống hàng ngày hiệu quả dựa trên gia đình việc lặt vặt.],en,daily_life_routine,phrase,B2
bd28d40e-24bc-416b-8190-b15d6be2f7c2,domestic timetable,/domestic timetable/,gia đình thời gian biểu,Effective Daily Life & Routine relies on domestic timetable. [Lĩnh vực Đời sống hàng ngày hiệu quả dựa trên gia đình thời gian biểu.],en,daily_life_routine,phrase,B2
68dac7e6-bc55-4939-a5ab-5c8a03a2293d,household routine,/household routine/,sinh hoạt thói quen hàng ngày,Effective Daily Life & Routine relies on household routine. [Lĩnh vực Đời sống hàng ngày hiệu quả dựa trên sinh hoạt thói quen hàng ngày.],en,daily_life_routine,phrase,B2
d2c77cb2-412b-4b82-885f-1d45f90df238,household schedule,/household schedule/,sinh hoạt lịch trình,Effective Daily Life & Routine relies on household schedule. [Lĩnh vực Đời sống hàng ngày hiệu quả dựa trên sinh hoạt lịch trình.],en,daily_life_routine,phrase,B2
a0876fd1-3b69-4829-a64e-c6bcf1aae3c3,household household,/household household/,sinh hoạt việc nhà,Effective Daily Life & Routine relies on household household. [Lĩnh vực Đời sống hàng ngày hiệu quả dựa trên sinh hoạt việc nhà.],en,daily_life_routine,phrase,B2
c3b15147-0453-431c-aff7-57ee79e1d4cd,household chore,/household chore/,sinh hoạt công việc vặt,Effective Daily Life & Routine relies on household chore. [Lĩnh vực Đời sống hàng ngày hiệu quả dựa trên sinh hoạt công việc vặt.],en,daily_life_routine,phrase,B2
f3e514fe-c85f-4a91-a7c3-439fdccfb254,household habit,/household habit/,sinh hoạt thói quen,Effective Daily Life & Routine relies on household habit. [Lĩnh vực Đời sống hàng ngày hiệu quả dựa trên sinh hoạt thói quen.],en,daily_life_routine,phrase,B2
3a94e645-42fd-44c4-bfb9-357040bba5d7,household lifestyle,/household lifestyle/,sinh hoạt lối sống,Effective Daily Life & Routine relies on household lifestyle. [Lĩnh vực Đời sống hàng ngày hiệu quả dựa trên sinh hoạt lối sống.],en,daily_life_routine,phrase,B2
e174da24-aa20-4b85-a736-e1168295e045,household errand,/household errand/,sinh hoạt việc lặt vặt,Effective Daily Life & Routine relies on household errand. [Lĩnh vực Đời sống hàng ngày hiệu quả dựa trên sinh hoạt việc lặt vặt.],en,daily_life_routine,phrase,B2
8475ceb0-6be7-42cb-8ca0-fc81a07cc37a,household timetable,/household timetable/,sinh hoạt thời gian biểu,Effective Daily Life & Routine relies on household timetable. [Lĩnh vực Đời sống hàng ngày hiệu quả dựa trên sinh hoạt thời gian biểu.],en,daily_life_routine,phrase,B2
1e1d7c44-2ead-4563-99a8-178420450a7c,habitual routine,/habitual routine/,thói quen thói quen hàng ngày,Effective Daily Life & Routine relies on habitual routine. [Lĩnh vực Đời sống hàng ngày hiệu quả dựa trên thói quen thói quen hàng ngày.],en,daily_life_routine,phrase,B2
c2010660-eec5-405d-8dd0-e07625904407,habitual schedule,/habitual schedule/,thói quen lịch trình,Effective Daily Life & Routine relies on habitual schedule. [Lĩnh vực Đời sống hàng ngày hiệu quả dựa trên thói quen lịch trình.],en,daily_life_routine,phrase,B2
acff4a72-b708-48e5-8c78-f9d83e9f034f,habitual household,/habitual household/,thói quen việc nhà,Effective Daily Life & Routine relies on habitual household. [Lĩnh vực Đời sống hàng ngày hiệu quả dựa trên thói quen việc nhà.],en,daily_life_routine,phrase,B2
788e46ab-0f9d-4048-b996-1a97b6042722,habitual chore,/habitual chore/,thói quen công việc vặt,Effective Daily Life & Routine relies on habitual chore. [Lĩnh vực Đời sống hàng ngày hiệu quả dựa trên thói quen công việc vặt.],en,daily_life_routine,phrase,B2
826e4bed-7f70-4ab1-a949-a4ad5b4b2258,habitual habit,/habitual habit/,thói quen thói quen,Effective Daily Life & Routine relies on habitual habit. [Lĩnh vực Đời sống hàng ngày hiệu quả dựa trên thói quen thói quen.],en,daily_life_routine,phrase,B2
16922431-7cac-4b8f-ae42-85bb3150396e,habitual lifestyle,/habitual lifestyle/,thói quen lối sống,Effective Daily Life & Routine relies on habitual lifestyle. [Lĩnh vực Đời sống hàng ngày hiệu quả dựa trên thói quen lối sống.],en,daily_life_routine,phrase,B2
651c7361-819c-46b0-bbaf-b5d2f16fc1cc,habitual errand,/habitual errand/,thói quen việc lặt vặt,Effective Daily Life & Routine relies on habitual errand. [Lĩnh vực Đời sống hàng ngày hiệu quả dựa trên thói quen việc lặt vặt.],en,daily_life_routine,phrase,B2
902a1fa1-13b1-4245-92a7-e65d519ecd61,habitual timetable,/habitual timetable/,thói quen thời gian biểu,Effective Daily Life & Routine relies on habitual timetable. [Lĩnh vực Đời sống hàng ngày hiệu quả dựa trên thói quen thời gian biểu.],en,daily_life_routine,phrase,B2
660afe7d-d348-4ed1-9db5-eb8dc17af2ca,everyday routine,/everyday routine/,mỗi ngày thói quen hàng ngày,Effective Daily Life & Routine relies on everyday routine. [Lĩnh vực Đời sống hàng ngày hiệu quả dựa trên mỗi ngày thói quen hàng ngày.],en,daily_life_routine,phrase,B2
0a65e8ca-2dd2-4f79-a26d-4c9625b42016,everyday schedule,/everyday schedule/,mỗi ngày lịch trình,Effective Daily Life & Routine relies on everyday schedule. [Lĩnh vực Đời sống hàng ngày hiệu quả dựa trên mỗi ngày lịch trình.],en,daily_life_routine,phrase,B2
9cf8af5f-861e-45a4-8bca-cdba84fc6e2d,everyday household,/everyday household/,mỗi ngày việc nhà,Effective Daily Life & Routine relies on everyday household. [Lĩnh vực Đời sống hàng ngày hiệu quả dựa trên mỗi ngày việc nhà.],en,daily_life_routine,phrase,B2
a4cd56b1-dca9-47bc-b9a2-242ffa7e95a2,everyday chore,/everyday chore/,mỗi ngày công việc vặt,Effective Daily Life & Routine relies on everyday chore. [Lĩnh vực Đời sống hàng ngày hiệu quả dựa trên mỗi ngày công việc vặt.],en,daily_life_routine,phrase,B2
60d5d628-d87b-49ae-9758-c804d2d6cb21,everyday habit,/everyday habit/,mỗi ngày thói quen,Effective Daily Life & Routine relies on everyday habit. [Lĩnh vực Đời sống hàng ngày hiệu quả dựa trên mỗi ngày thói quen.],en,daily_life_routine,phrase,B2
7a6e5e46-0d9f-43c4-8b8b-e43926796b52,everyday lifestyle,/everyday lifestyle/,mỗi ngày lối sống,Effective Daily Life & Routine relies on everyday lifestyle. [Lĩnh vực Đời sống hàng ngày hiệu quả dựa trên mỗi ngày lối sống.],en,daily_life_routine,phrase,B2
0c6bb06c-8d24-4e1c-ad93-73831a5b7a92,everyday errand,/everyday errand/,mỗi ngày việc lặt vặt,Effective Daily Life & Routine relies on everyday errand. [Lĩnh vực Đời sống hàng ngày hiệu quả dựa trên mỗi ngày việc lặt vặt.],en,daily_life_routine,phrase,B2
7cdfb718-008e-4c3f-a4fd-8cf6707065b1,everyday timetable,/everyday timetable/,mỗi ngày thời gian biểu,Effective Daily Life & Routine relies on everyday timetable. [Lĩnh vực Đời sống hàng ngày hiệu quả dựa trên mỗi ngày thời gian biểu.],en,daily_life_routine,phrase,B2
f4df6182-19ad-4a43-896c-5b401b76739f,punctual routine,/punctual routine/,đúng giờ thói quen hàng ngày,Effective Daily Life & Routine relies on punctual routine. [Lĩnh vực Đời sống hàng ngày hiệu quả dựa trên đúng giờ thói quen hàng ngày.],en,daily_life_routine,phrase,B2
63f25e15-c3d7-47a5-ba5d-5f55adb7ad73,punctual schedule,/punctual schedule/,đúng giờ lịch trình,Effective Daily Life & Routine relies on punctual schedule. [Lĩnh vực Đời sống hàng ngày hiệu quả dựa trên đúng giờ lịch trình.],en,daily_life_routine,phrase,B2
1d3e649d-af33-4bee-bb30-f41616f0c076,feeling,/ˈfiːlɪŋ/,"sự sờ mó, sự bắt mạch; sự cảm thấy; cảm giác, cảm tưởng","In Emotions & Psychology, 'feeling' is an essential term. [Trong Cảm xúc & Tâm lý, ""feeling"" là một thuật ngữ quan trọng.]",en,feelings_psychology,single_word,B1
a03254a5-9bf6-4885-992e-80096416b089,distress,/dɪˈstres/,"nỗi đau buồn, nỗi đau khổ, nỗi đau đớn; cảnh khốn cùng, cảnh túng quẫn, cảnh gieo neo","In Emotions & Psychology, 'distress' is an essential term. [Trong Cảm xúc & Tâm lý, ""distress"" là một thuật ngữ quan trọng.]",en,feelings_psychology,single_word,B1
70513dd8-ac62-46ac-a0d4-ce2ea54a4beb,emotion,/ɪˈməʊʃn/,"sự cảm động, sự xúc động, sự xúc cảm; mối xúc động, mối xúc cảm","In Emotions & Psychology, 'emotion' is an essential term. [Trong Cảm xúc & Tâm lý, ""emotion"" là một thuật ngữ quan trọng.]",en,feelings_psychology,single_word,B1
44e3c538-7808-4f9c-9767-7815733cef42,emotional,/ɪˈməʊʃənl/,"cảm động, xúc động, xúc cảm; dễ cảm động, dễ xúc động, dễ xúc cảm","In Emotions & Psychology, 'emotional' is an essential term. [Trong Cảm xúc & Tâm lý, ""emotional"" là một thuật ngữ quan trọng.]",en,feelings_psychology,single_word,B1
f3047c6c-9e97-4e71-8f4e-4a495f1c1815,emotionally,/ɪˈməʊʃənəli/,về mặt cảm xúc,"In Emotions & Psychology, 'emotionally' is an essential term. [Trong Cảm xúc & Tâm lý, ""emotionally"" là một thuật ngữ quan trọng.]",en,feelings_psychology,single_word,B1
8212bfc9-f07f-4df5-88d4-244ee4760ab4,spirit,/ˈspɪrɪt/,"tinh thần; linh hồn, tâm hồn","In Emotions & Psychology, 'spirit' is an essential term. [Trong Cảm xúc & Tâm lý, ""spirit"" là một thuật ngữ quan trọng.]",en,feelings_psychology,single_word,B1
185092bf-4c11-41f9-9e26-e1386ee80573,angry,/ˈæŋɡri/,"giận, tức giận, cáu; nhức nhối, viêm tấy","In Emotions & Psychology, 'angry' is an essential term. [Trong Cảm xúc & Tâm lý, ""angry"" là một thuật ngữ quan trọng.]",en,feelings_psychology,single_word,B1
d805140d-20d1-4022-8d7b-be3dcd37973f,fear,/fɪr/,"sự sợ, sự sợ hãi; sự kinh sợ","In Emotions & Psychology, 'fear' is an essential term. [Trong Cảm xúc & Tâm lý, ""fear"" là một thuật ngữ quan trọng.]",en,feelings_psychology,single_word,B1
a8e42047-fda4-409f-b969-887ba48a532c,feel,/fiːl/,cảm thấy,"In Emotions & Psychology, 'feel' is an essential term. [Trong Cảm xúc & Tâm lý, ""feel"" là một thuật ngữ quan trọng.]",en,feelings_psychology,single_word,B1
de7ad9fc-5f54-4627-ab8c-4b071b7d3fed,happy,/ˈhæpi/,"vui sướng, vui lòng; may mắn, tốt phúc","In Emotions & Psychology, 'happy' is an essential term. [Trong Cảm xúc & Tâm lý, ""happy"" là một thuật ngữ quan trọng.]",en,feelings_psychology,single_word,B1
d2277279-502c-44fb-b8af-66216abcdf95,hate,/heɪt/,"lòng căm thù; sự căm hờn, sự căm ghét; căm thù, căm hờn, căm ghét","In Emotions & Psychology, 'hate' is an essential term. [Trong Cảm xúc & Tâm lý, ""hate"" là một thuật ngữ quan trọng.]",en,feelings_psychology,single_word,B1
89610915-a715-40a6-aee7-020f8e364e22,love,/lʌv/,"lòng yêu, tình thương; tình yêu, mối tình, ái tình","In Emotions & Psychology, 'love' is an essential term. [Trong Cảm xúc & Tâm lý, ""love"" là một thuật ngữ quan trọng.]",en,feelings_psychology,single_word,B1
5ea75d9e-1099-47fc-938e-26995c420372,mood,/muːd/,"lối, thức; điệu","In Emotions & Psychology, 'mood' is an essential term. [Trong Cảm xúc & Tâm lý, ""mood"" là một thuật ngữ quan trọng.]",en,feelings_psychology,single_word,B1
73d258ef-ac83-4f87-9f84-f0e587064549,beloved,/bɪˈlʌvɪd/,"được yêu mến, được yêu quý; người yêu dấu; người yêu quý","In Emotions & Psychology, 'beloved' is an essential term. [Trong Cảm xúc & Tâm lý, ""beloved"" là một thuật ngữ quan trọng.]",en,feelings_psychology,single_word,B1
6ef63e0f-a2b1-4656-98f2-8cb4430d3d1b,brain,/breɪn/,bộ óc; trí tuệ; trí lực; artificial b. óc nhân tạo,"In Emotions & Psychology, 'brain' is an essential term. [Trong Cảm xúc & Tâm lý, ""brain"" là một thuật ngữ quan trọng.]",en,feelings_psychology,single_word,B1
498ede3a-fd2c-44de-ad74-c2c99fd73a5d,evoke,/ɪˈvəʊk/,"gọi lên , gợi lên; gọi ra toà trên","In Emotions & Psychology, 'evoke' is an essential term. [Trong Cảm xúc & Tâm lý, ""evoke"" là một thuật ngữ quan trọng.]",en,feelings_psychology,single_word,B1
f84530f7-2002-424c-817f-2ed3ff0d7a1a,mental,/ˈmentl/,"tính thần, tâm lý, trí tuệ","In Emotions & Psychology, 'mental' is an essential term. [Trong Cảm xúc & Tâm lý, ""mental"" là một thuật ngữ quan trọng.]",en,feelings_psychology,single_word,B1
ee554d67-3f01-4812-9389-f3e58c3491ba,mind,/maɪnd/,quan tâm // tinh thần,"In Emotions & Psychology, 'mind' is an essential term. [Trong Cảm xúc & Tâm lý, ""mind"" là một thuật ngữ quan trọng.]",en,feelings_psychology,single_word,B1
1686767d-86d7-4fd9-91a3-2475af558c01,passion,/ˈpæʃn/,"cảm xúc mạnh mẽ, tình cảm nồng nàn; sự giận dữ","In Emotions & Psychology, 'passion' is an essential term. [Trong Cảm xúc & Tâm lý, ""passion"" là một thuật ngữ quan trọng.]",en,feelings_psychology,single_word,B1
1fb136dd-213a-42f1-8667-595f00e3abff,psychological,/ˌsaɪkəˈlɑːdʒɪkl/,tâm lý học,"In Emotions & Psychology, 'psychological' is an essential term. [Trong Cảm xúc & Tâm lý, ""psychological"" là một thuật ngữ quan trọng.]",en,feelings_psychology,single_word,B1
a23d06fd-ef5d-4fed-9f74-bdc512da54a7,psychologist,/saɪˈkɑːlədʒɪst/,nhà tâm lý học,"In Emotions & Psychology, 'psychologist' is an essential term. [Trong Cảm xúc & Tâm lý, ""psychologist"" là một thuật ngữ quan trọng.]",en,feelings_psychology,single_word,B1
f7114a70-ce1f-4366-9f32-344932acf702,psychology,/saɪˈkɑːlədʒi/,tâm lý học,"In Emotions & Psychology, 'psychology' is an essential term. [Trong Cảm xúc & Tâm lý, ""psychology"" là một thuật ngữ quan trọng.]",en,feelings_psychology,single_word,B1
fcaffd52-3aea-4ff4-82d3-becc95d5bb90,sad,/sæd/,"buồn rầu, buồn bã; không xốp, chắc","In Emotions & Psychology, 'sad' is an essential term. [Trong Cảm xúc & Tâm lý, ""sad"" là một thuật ngữ quan trọng.]",en,feelings_psychology,single_word,B1
ab4db55d-4f1c-439e-86a2-bd4cf5cefa23,sadly,/ˈsædli/,"buồn bã, buồn rầu, âu sầu","In Emotions & Psychology, 'sadly' is an essential term. [Trong Cảm xúc & Tâm lý, ""sadly"" là một thuật ngữ quan trọng.]",en,feelings_psychology,single_word,B1
4a847fbe-8c32-4f3e-b026-57b904bc04f5,soul,/səʊl/,"linh hồn; tâm hồn, tâm trí","In Emotions & Psychology, 'soul' is an essential term. [Trong Cảm xúc & Tâm lý, ""soul"" là một thuật ngữ quan trọng.]",en,feelings_psychology,single_word,B1
c2820079-e34b-493f-b0a9-5fa1b872608e,spiritual,/ˈspɪrɪtʃuəl/,"tinh thần; linh hồn,  tâm hồn","In Emotions & Psychology, 'spiritual' is an essential term. [Trong Cảm xúc & Tâm lý, ""spiritual"" là một thuật ngữ quan trọng.]",en,feelings_psychology,single_word,B1
c72b55c3-369d-4da0-92f0-c5e8dbf6e07c,stress,/stres/,"ứng suất, ứng lực; basic s. ứng suất cơ sở","In Emotions & Psychology, 'stress' is an essential term. [Trong Cảm xúc & Tâm lý, ""stress"" là một thuật ngữ quan trọng.]",en,feelings_psychology,single_word,B1
d42d531a-4587-4a6e-8984-1a68bd84527b,worried,/ˈwɜːrid/,"thời quá khứ & động tính từ quá khứ của worry; bồn chồn, lo nghĩ, cảm thấy lo lắng, tỏ ra lo lắng","In Emotions & Psychology, 'worried' is an essential term. [Trong Cảm xúc & Tâm lý, ""worried"" là một thuật ngữ quan trọng.]",en,feelings_psychology,single_word,B1
dbe37a7c-537d-44f5-aaf9-fb6636f94221,worry,/ˈwɜːri/,"sự lo lắng; điều lo nghĩ; sự quấy rầy; điều làm phiền, điều khó chịu","In Emotions & Psychology, 'worry' is an essential term. [Trong Cảm xúc & Tâm lý, ""worry"" là một thuật ngữ quan trọng.]",en,feelings_psychology,single_word,B1
f3ee564d-fd43-4093-975b-2c4c8ec6fe26,afraid,/əˈfreɪd/,"sợ, hãi, hoảng, hoảng sợ","In Emotions & Psychology, 'afraid' is an essential term. [Trong Cảm xúc & Tâm lý, ""afraid"" là một thuật ngữ quan trọng.]",en,feelings_psychology,single_word,B1
20237682-0184-444e-a7a6-bf0c560e6112,aggression,/əˈɡreʃn/,"sự xâm lược, cuộc xâm lược; sự công kích","In Emotions & Psychology, 'aggression' is an essential term. [Trong Cảm xúc & Tâm lý, ""aggression"" là một thuật ngữ quan trọng.]",en,feelings_psychology,single_word,B1
c736d7bc-bd33-4b33-b05e-4f9aa5f5443c,calm,/kɑːm/,"êm đềm, lặng gió ; lặng, không nổi sóng; bình tĩnh, điềm tĩnh","In Emotions & Psychology, 'calm' is an essential term. [Trong Cảm xúc & Tâm lý, ""calm"" là một thuật ngữ quan trọng.]",en,feelings_psychology,single_word,B1
37ed9b1c-a79e-4455-bfaf-6b30004312a6,concern,/kənˈsɜːrn/,"liên quan, quan hệ","In Emotions & Psychology, 'concern' is an essential term. [Trong Cảm xúc & Tâm lý, ""concern"" là một thuật ngữ quan trọng.]",en,feelings_psychology,single_word,B1
26f73624-30a9-4887-9665-5ff562e3bb56,desperate,/ˈdespərət/,"liều mạng, liều lĩnh; không còn hy vọng, tuyệt vọng","In Emotions & Psychology, 'desperate' is an essential term. [Trong Cảm xúc & Tâm lý, ""desperate"" là một thuật ngữ quan trọng.]",en,feelings_psychology,single_word,B1
6c10a270-8bd8-403a-89e3-ed3281e10182,disadvantage,/ˌdɪsədˈvæntɪdʒ/,"sự bất lợi; thế bất lợi; sự thiệt hại, mối tổn thất","In Emotions & Psychology, 'disadvantage' is an essential term. [Trong Cảm xúc & Tâm lý, ""disadvantage"" là một thuật ngữ quan trọng.]",en,feelings_psychology,single_word,B1
088c0b8f-41b8-4eda-b41b-21a9224ef362,dream,/driːm/,"giấc mơ, giấc mộng; sự mơ mộng, sự mơ màng, sự mộng tưởng","In Emotions & Psychology, 'dream' is an essential term. [Trong Cảm xúc & Tâm lý, ""dream"" là một thuật ngữ quan trọng.]",en,feelings_psychology,single_word,B1
5e031fd1-22f7-4ae5-ae2c-7447f4883862,forgive,/fərˈɡɪv/,"tha, tha thứ; miễn nợ , miễn","In Emotions & Psychology, 'forgive' is an essential term. [Trong Cảm xúc & Tâm lý, ""forgive"" là một thuật ngữ quan trọng.]",en,feelings_psychology,single_word,B1
4e62e9b3-36bd-4576-8a60-5db262b1e255,frightened,/ˈfraɪtnd/,"hoảng sợ, khiếp đảm","In Emotions & Psychology, 'frightened' is an essential term. [Trong Cảm xúc & Tâm lý, ""frightened"" là một thuật ngữ quan trọng.]",en,feelings_psychology,single_word,B1
f676046d-0d3a-407d-9cda-da00b0d92c12,fundamental,/ˌfʌndəˈmentl/,cơ bản,"In Emotions & Psychology, 'fundamental' is an essential term. [Trong Cảm xúc & Tâm lý, ""fundamental"" là một thuật ngữ quan trọng.]",en,feelings_psychology,single_word,B1
4dab227e-d7ff-447d-bbf4-7a005e0036c3,fundamentally,/ˌfʌndəˈmentəli/,về cơ bản,"In Emotions & Psychology, 'fundamentally' is an essential term. [Trong Cảm xúc & Tâm lý, ""fundamentally"" là một thuật ngữ quan trọng.]",en,feelings_psychology,single_word,B1
d2da67ea-4c2c-4518-928f-90b0978af4b2,glove,/ɡlʌv/,"bao tay, tất tay, găng; rất thân với; cộng tác với; ăn cánh với","In Emotions & Psychology, 'glove' is an essential term. [Trong Cảm xúc & Tâm lý, ""glove"" là một thuật ngữ quan trọng.]",en,feelings_psychology,single_word,B1
7bf5ea21-4552-4c01-8705-14ef62bfb5ae,grief,/ɡriːf/,"nỗi đau buồn, nỗi sầu khổ, nỗi thương tiếc; gặp tai hoạ; thất bại","In Emotions & Psychology, 'grief' is an essential term. [Trong Cảm xúc & Tâm lý, ""grief"" là một thuật ngữ quan trọng.]",en,feelings_psychology,single_word,B1
e8195f7d-6881-4f37-a246-1b0b966f7cb8,guilt,/ɡɪlt/,"điều sai quấy, tội lỗi; sự phạm tội, sự có tội","In Emotions & Psychology, 'guilt' is an essential term. [Trong Cảm xúc & Tâm lý, ""guilt"" là một thuật ngữ quan trọng.]",en,feelings_psychology,single_word,B1
96b740f2-d87e-4d1b-a01c-8c4f1f5e9c30,horror,/ˈhɔːrər/,"sự khiếp, sự ghê rợn; điều kinh khủng; cảnh khủng khiếp","In Emotions & Psychology, 'horror' is an essential term. [Trong Cảm xúc & Tâm lý, ""horror"" là một thuật ngữ quan trọng.]",en,feelings_psychology,single_word,B1
d7b49dac-2664-4fee-8252-77ad4acf63f8,instrumental,/ˌɪnstrəˈmentl/,"dùng làm dụng cụ, dùng làm công cụ, dùng làm phương tiện; dụng cụ,  công cụ,  phương tiện","In Emotions & Psychology, 'instrumental' is an essential term. [Trong Cảm xúc & Tâm lý, ""instrumental"" là một thuật ngữ quan trọng.]",en,feelings_psychology,single_word,B1
7c84d467-a5aa-4757-90c0-aaaea9c27c5d,lovely,/ˈlʌvli/,"đẹp đẽ, xinh, đáng yêu, dễ thương, có duyên, yêu kiều; thú vị, vui thú, thích thú","In Emotions & Psychology, 'lovely' is an essential term. [Trong Cảm xúc & Tâm lý, ""lovely"" là một thuật ngữ quan trọng.]",en,feelings_psychology,single_word,B1
ada3eb18-7d34-4df6-8f5b-a85516bb4c95,memory,/ˈmeməri/,sự nhớ; bộ nhớ; bộ tích tin; acoustic m. bộ nhớ âm,"In Emotions & Psychology, 'memory' is an essential term. [Trong Cảm xúc & Tâm lý, ""memory"" là một thuật ngữ quan trọng.]",en,feelings_psychology,single_word,B1
b2a1380e-7b0d-450f-92e5-17c09d1d28be,moving,/ˈmuːvɪŋ/,"lưu động, di chuyển, chuyển động;  trượt","In Emotions & Psychology, 'moving' is an essential term. [Trong Cảm xúc & Tâm lý, ""moving"" là một thuật ngữ quan trọng.]",en,feelings_psychology,single_word,B1
4ed1de1d-e104-490c-9f5f-669b5ffa153f,opinion,/əˈpɪnjən/,"ý kiến, quan điểm; dư luận","In Emotions & Psychology, 'opinion' is an essential term. [Trong Cảm xúc & Tâm lý, ""opinion"" là một thuật ngữ quan trọng.]",en,feelings_psychology,single_word,B1
0343d0a9-aebf-4929-a88a-233b6bdedc1a,panic,/ˈpænɪk/,"cây tắc; sự hoảng sợ, sự hoang mang sợ hãi","In Emotions & Psychology, 'panic' is an essential term. [Trong Cảm xúc & Tâm lý, ""panic"" là một thuật ngữ quan trọng.]",en,feelings_psychology,single_word,B1
f76c6b17-a294-4d5d-afd5-0e3ac32694fd,emotional temperament,/emotional temperament/,cảm xúc khí chất,Effective Emotions & Psychology relies on emotional temperament. [Lĩnh vực Cảm xúc & Tâm lý hiệu quả dựa trên cảm xúc khí chất.],en,feelings_psychology,phrase,B2
10c90134-e8f4-4cff-ac9c-c6c5bc8c4749,emotional cognition,/emotional cognition/,cảm xúc nhận thức,Effective Emotions & Psychology relies on emotional cognition. [Lĩnh vực Cảm xúc & Tâm lý hiệu quả dựa trên cảm xúc nhận thức.],en,feelings_psychology,phrase,B2
826e0457-307c-4cdc-9fde-53614bf888ea,emotional empathy,/emotional empathy/,cảm xúc sự đồng cảm,Effective Emotions & Psychology relies on emotional empathy. [Lĩnh vực Cảm xúc & Tâm lý hiệu quả dựa trên cảm xúc sự đồng cảm.],en,feelings_psychology,phrase,B2
ae9e6ad3-9925-4723-b56c-fe3be1266a17,emotional resilience,/emotional resilience/,cảm xúc kiên cường,Effective Emotions & Psychology relies on emotional resilience. [Lĩnh vực Cảm xúc & Tâm lý hiệu quả dựa trên cảm xúc kiên cường.],en,feelings_psychology,phrase,B2
495d12ce-ece3-4376-8fd6-2cc5b7d4879c,emotional consciousness,/emotional consciousness/,cảm xúc ý thức,Effective Emotions & Psychology relies on emotional consciousness. [Lĩnh vực Cảm xúc & Tâm lý hiệu quả dựa trên cảm xúc ý thức.],en,feelings_psychology,phrase,B2
711b9d21-ab49-415d-9c68-927dbab1d965,emotional optimism,/emotional optimism/,cảm xúc lạc quan,Effective Emotions & Psychology relies on emotional optimism. [Lĩnh vực Cảm xúc & Tâm lý hiệu quả dựa trên cảm xúc lạc quan.],en,feelings_psychology,phrase,B2
d6bd33a3-fb39-4705-aea7-3339739445b0,emotional sentiment,/emotional sentiment/,cảm xúc tình cảm,Effective Emotions & Psychology relies on emotional sentiment. [Lĩnh vực Cảm xúc & Tâm lý hiệu quả dựa trên cảm xúc tình cảm.],en,feelings_psychology,phrase,B2
0a7c5525-5f34-475c-8b97-e1579880c5a9,emotional mindfulness,/emotional mindfulness/,cảm xúc chánh niệm,Effective Emotions & Psychology relies on emotional mindfulness. [Lĩnh vực Cảm xúc & Tâm lý hiệu quả dựa trên cảm xúc chánh niệm.],en,feelings_psychology,phrase,B2
2d97c25a-1e8d-4d69-a924-e323cc8fb1d2,psychological temperament,/psychological temperament/,tâm lý khí chất,Effective Emotions & Psychology relies on psychological temperament. [Lĩnh vực Cảm xúc & Tâm lý hiệu quả dựa trên tâm lý khí chất.],en,feelings_psychology,phrase,B2
c7dd9d3c-71ee-410a-b308-010a26dc8fad,psychological cognition,/psychological cognition/,tâm lý nhận thức,Effective Emotions & Psychology relies on psychological cognition. [Lĩnh vực Cảm xúc & Tâm lý hiệu quả dựa trên tâm lý nhận thức.],en,feelings_psychology,phrase,B2
157dd207-d8b0-4ef6-b7dc-20ff14b740a1,psychological empathy,/psychological empathy/,tâm lý sự đồng cảm,Effective Emotions & Psychology relies on psychological empathy. [Lĩnh vực Cảm xúc & Tâm lý hiệu quả dựa trên tâm lý sự đồng cảm.],en,feelings_psychology,phrase,B2
d1788c77-5767-449a-a467-e5309e132722,psychological resilience,/psychological resilience/,tâm lý kiên cường,Effective Emotions & Psychology relies on psychological resilience. [Lĩnh vực Cảm xúc & Tâm lý hiệu quả dựa trên tâm lý kiên cường.],en,feelings_psychology,phrase,B2
7352fe05-43ac-4c49-b730-5d60ed2fb439,psychological consciousness,/psychological consciousness/,tâm lý ý thức,Effective Emotions & Psychology relies on psychological consciousness. [Lĩnh vực Cảm xúc & Tâm lý hiệu quả dựa trên tâm lý ý thức.],en,feelings_psychology,phrase,B2
a9d2e624-70bc-4686-8d55-36dbfa82bfe4,psychological optimism,/psychological optimism/,tâm lý lạc quan,Effective Emotions & Psychology relies on psychological optimism. [Lĩnh vực Cảm xúc & Tâm lý hiệu quả dựa trên tâm lý lạc quan.],en,feelings_psychology,phrase,B2
221a310c-841c-4983-aba9-03eb8adf5e5b,psychological sentiment,/psychological sentiment/,tâm lý tình cảm,Effective Emotions & Psychology relies on psychological sentiment. [Lĩnh vực Cảm xúc & Tâm lý hiệu quả dựa trên tâm lý tình cảm.],en,feelings_psychology,phrase,B2
d8ab4d8d-da0e-4fb6-9fd3-4f2b693edb71,psychological mindfulness,/psychological mindfulness/,tâm lý chánh niệm,Effective Emotions & Psychology relies on psychological mindfulness. [Lĩnh vực Cảm xúc & Tâm lý hiệu quả dựa trên tâm lý chánh niệm.],en,feelings_psychology,phrase,B2
126ef3ce-da74-4716-8d4f-185484e47983,cognitive temperament,/cognitive temperament/,nhận thức khí chất,Effective Emotions & Psychology relies on cognitive temperament. [Lĩnh vực Cảm xúc & Tâm lý hiệu quả dựa trên nhận thức khí chất.],en,feelings_psychology,phrase,B2
b376e46f-9188-409a-aeec-b29aca6a4152,cognitive cognition,/cognitive cognition/,nhận thức nhận thức,Effective Emotions & Psychology relies on cognitive cognition. [Lĩnh vực Cảm xúc & Tâm lý hiệu quả dựa trên nhận thức nhận thức.],en,feelings_psychology,phrase,B2
84139221-c557-4059-b282-89ce217e3557,cognitive empathy,/cognitive empathy/,nhận thức sự đồng cảm,Effective Emotions & Psychology relies on cognitive empathy. [Lĩnh vực Cảm xúc & Tâm lý hiệu quả dựa trên nhận thức sự đồng cảm.],en,feelings_psychology,phrase,B2
8ed6cb10-be93-4124-b507-a88db2f19141,cognitive resilience,/cognitive resilience/,nhận thức kiên cường,Effective Emotions & Psychology relies on cognitive resilience. [Lĩnh vực Cảm xúc & Tâm lý hiệu quả dựa trên nhận thức kiên cường.],en,feelings_psychology,phrase,B2
9fe03cf9-3a4a-4f40-a233-324a77dca33c,cognitive consciousness,/cognitive consciousness/,nhận thức ý thức,Effective Emotions & Psychology relies on cognitive consciousness. [Lĩnh vực Cảm xúc & Tâm lý hiệu quả dựa trên nhận thức ý thức.],en,feelings_psychology,phrase,B2
3e071b9b-95ca-4e90-b8c9-e67fc18e806d,cognitive optimism,/cognitive optimism/,nhận thức lạc quan,Effective Emotions & Psychology relies on cognitive optimism. [Lĩnh vực Cảm xúc & Tâm lý hiệu quả dựa trên nhận thức lạc quan.],en,feelings_psychology,phrase,B2
93f7b03e-6f2a-45fc-8565-f1013e14e1e2,cognitive sentiment,/cognitive sentiment/,nhận thức tình cảm,Effective Emotions & Psychology relies on cognitive sentiment. [Lĩnh vực Cảm xúc & Tâm lý hiệu quả dựa trên nhận thức tình cảm.],en,feelings_psychology,phrase,B2
a976fde1-b024-4faf-a0a8-87adcbba8bd5,cognitive mindfulness,/cognitive mindfulness/,nhận thức chánh niệm,Effective Emotions & Psychology relies on cognitive mindfulness. [Lĩnh vực Cảm xúc & Tâm lý hiệu quả dựa trên nhận thức chánh niệm.],en,feelings_psychology,phrase,B2
b7840f28-83a4-4648-9c9a-9e4652243a6b,behavioral temperament,/behavioral temperament/,hành vi khí chất,Effective Emotions & Psychology relies on behavioral temperament. [Lĩnh vực Cảm xúc & Tâm lý hiệu quả dựa trên hành vi khí chất.],en,feelings_psychology,phrase,B2
15c86f29-74e5-4bed-8ecc-dffcb18e30c8,behavioral cognition,/behavioral cognition/,hành vi nhận thức,Effective Emotions & Psychology relies on behavioral cognition. [Lĩnh vực Cảm xúc & Tâm lý hiệu quả dựa trên hành vi nhận thức.],en,feelings_psychology,phrase,B2
5a0d3e83-49ba-471d-909a-fdcc052a43c6,behavioral empathy,/behavioral empathy/,hành vi sự đồng cảm,Effective Emotions & Psychology relies on behavioral empathy. [Lĩnh vực Cảm xúc & Tâm lý hiệu quả dựa trên hành vi sự đồng cảm.],en,feelings_psychology,phrase,B2
a0133518-c7dd-40ac-a9b9-77eac1726d11,behavioral resilience,/behavioral resilience/,hành vi kiên cường,Effective Emotions & Psychology relies on behavioral resilience. [Lĩnh vực Cảm xúc & Tâm lý hiệu quả dựa trên hành vi kiên cường.],en,feelings_psychology,phrase,B2
05387a71-3eb1-4c66-aabd-5d4331180a49,behavioral consciousness,/behavioral consciousness/,hành vi ý thức,Effective Emotions & Psychology relies on behavioral consciousness. [Lĩnh vực Cảm xúc & Tâm lý hiệu quả dựa trên hành vi ý thức.],en,feelings_psychology,phrase,B2
9703e296-c8f0-47a5-8ed3-f559215a6930,behavioral optimism,/behavioral optimism/,hành vi lạc quan,Effective Emotions & Psychology relies on behavioral optimism. [Lĩnh vực Cảm xúc & Tâm lý hiệu quả dựa trên hành vi lạc quan.],en,feelings_psychology,phrase,B2
8e348f7a-a751-4da1-a332-e985276d6746,behavioral sentiment,/behavioral sentiment/,hành vi tình cảm,Effective Emotions & Psychology relies on behavioral sentiment. [Lĩnh vực Cảm xúc & Tâm lý hiệu quả dựa trên hành vi tình cảm.],en,feelings_psychology,phrase,B2
81893936-169f-40a9-8d83-b2458e686d03,behavioral mindfulness,/behavioral mindfulness/,hành vi chánh niệm,Effective Emotions & Psychology relies on behavioral mindfulness. [Lĩnh vực Cảm xúc & Tâm lý hiệu quả dựa trên hành vi chánh niệm.],en,feelings_psychology,phrase,B2
8ca3e144-dd10-45e7-8c63-0f193eddb658,empathetic temperament,/empathetic temperament/,thấu cảm khí chất,Effective Emotions & Psychology relies on empathetic temperament. [Lĩnh vực Cảm xúc & Tâm lý hiệu quả dựa trên thấu cảm khí chất.],en,feelings_psychology,phrase,B2
b219057d-1118-4a98-b71a-1f183d33d25e,empathetic cognition,/empathetic cognition/,thấu cảm nhận thức,Effective Emotions & Psychology relies on empathetic cognition. [Lĩnh vực Cảm xúc & Tâm lý hiệu quả dựa trên thấu cảm nhận thức.],en,feelings_psychology,phrase,B2
3349a4b9-56d0-42ec-aabb-bd5b91ac301a,empathetic empathy,/empathetic empathy/,thấu cảm sự đồng cảm,Effective Emotions & Psychology relies on empathetic empathy. [Lĩnh vực Cảm xúc & Tâm lý hiệu quả dựa trên thấu cảm sự đồng cảm.],en,feelings_psychology,phrase,B2
f8376396-3451-4549-9ecb-f78a7c1bea58,empathetic resilience,/empathetic resilience/,thấu cảm kiên cường,Effective Emotions & Psychology relies on empathetic resilience. [Lĩnh vực Cảm xúc & Tâm lý hiệu quả dựa trên thấu cảm kiên cường.],en,feelings_psychology,phrase,B2
417ffcb8-a1aa-4a64-80b2-f1301e7c37e6,empathetic consciousness,/empathetic consciousness/,thấu cảm ý thức,Effective Emotions & Psychology relies on empathetic consciousness. [Lĩnh vực Cảm xúc & Tâm lý hiệu quả dựa trên thấu cảm ý thức.],en,feelings_psychology,phrase,B2
71d1070c-2de6-4a7b-be3f-beb5c2d39ae8,empathetic optimism,/empathetic optimism/,thấu cảm lạc quan,Effective Emotions & Psychology relies on empathetic optimism. [Lĩnh vực Cảm xúc & Tâm lý hiệu quả dựa trên thấu cảm lạc quan.],en,feelings_psychology,phrase,B2
93026aff-f471-4bd2-a92b-79fb5be7c0bf,empathetic sentiment,/empathetic sentiment/,thấu cảm tình cảm,Effective Emotions & Psychology relies on empathetic sentiment. [Lĩnh vực Cảm xúc & Tâm lý hiệu quả dựa trên thấu cảm tình cảm.],en,feelings_psychology,phrase,B2
4bd692d6-b3c4-48de-b3d9-a1c2d41736ca,empathetic mindfulness,/empathetic mindfulness/,thấu cảm chánh niệm,Effective Emotions & Psychology relies on empathetic mindfulness. [Lĩnh vực Cảm xúc & Tâm lý hiệu quả dựa trên thấu cảm chánh niệm.],en,feelings_psychology,phrase,B2
abcf77c9-be36-4177-9289-afa69e506409,introspective temperament,/introspective temperament/,nội tâm khí chất,Effective Emotions & Psychology relies on introspective temperament. [Lĩnh vực Cảm xúc & Tâm lý hiệu quả dựa trên nội tâm khí chất.],en,feelings_psychology,phrase,B2
59f2db41-15cc-4b45-a337-3e23fedb2a38,introspective cognition,/introspective cognition/,nội tâm nhận thức,Effective Emotions & Psychology relies on introspective cognition. [Lĩnh vực Cảm xúc & Tâm lý hiệu quả dựa trên nội tâm nhận thức.],en,feelings_psychology,phrase,B2
0482cde4-68cb-4eb1-b3b9-be5aebedfec9,introspective empathy,/introspective empathy/,nội tâm sự đồng cảm,Effective Emotions & Psychology relies on introspective empathy. [Lĩnh vực Cảm xúc & Tâm lý hiệu quả dựa trên nội tâm sự đồng cảm.],en,feelings_psychology,phrase,B2
1f8b6478-9679-4c3d-b9e7-6cf07b05dcec,introspective resilience,/introspective resilience/,nội tâm kiên cường,Effective Emotions & Psychology relies on introspective resilience. [Lĩnh vực Cảm xúc & Tâm lý hiệu quả dựa trên nội tâm kiên cường.],en,feelings_psychology,phrase,B2
06a65d43-7eaa-41cb-afd7-daa517901407,introspective consciousness,/introspective consciousness/,nội tâm ý thức,Effective Emotions & Psychology relies on introspective consciousness. [Lĩnh vực Cảm xúc & Tâm lý hiệu quả dựa trên nội tâm ý thức.],en,feelings_psychology,phrase,B2
a5ed32a5-dcd7-4ef1-b661-52b70808dab4,introspective optimism,/introspective optimism/,nội tâm lạc quan,Effective Emotions & Psychology relies on introspective optimism. [Lĩnh vực Cảm xúc & Tâm lý hiệu quả dựa trên nội tâm lạc quan.],en,feelings_psychology,phrase,B2
6e353864-a212-46fb-9245-81d86d45b566,introspective sentiment,/introspective sentiment/,nội tâm tình cảm,Effective Emotions & Psychology relies on introspective sentiment. [Lĩnh vực Cảm xúc & Tâm lý hiệu quả dựa trên nội tâm tình cảm.],en,feelings_psychology,phrase,B2
4c3d073e-f70c-4d82-b6d4-a8a0730d49d5,introspective mindfulness,/introspective mindfulness/,nội tâm chánh niệm,Effective Emotions & Psychology relies on introspective mindfulness. [Lĩnh vực Cảm xúc & Tâm lý hiệu quả dựa trên nội tâm chánh niệm.],en,feelings_psychology,phrase,B2
db1eb5ad-0908-42e6-bbf2-d52216600930,mental temperament,/mental temperament/,tinh thần khí chất,Effective Emotions & Psychology relies on mental temperament. [Lĩnh vực Cảm xúc & Tâm lý hiệu quả dựa trên tinh thần khí chất.],en,feelings_psychology,phrase,B2
81702860-bb4d-48db-aa4f-c93fc01ebc96,mental cognition,/mental cognition/,tinh thần nhận thức,Effective Emotions & Psychology relies on mental cognition. [Lĩnh vực Cảm xúc & Tâm lý hiệu quả dựa trên tinh thần nhận thức.],en,feelings_psychology,phrase,B2
709089cf-8ab3-41a0-8cc3-9f4c648bbb62,father,/ˈfɑːðər/,"cha, bố; người cha, người đẻ ra, người sản sinh ra","In Family & Relationships, 'father' is an essential term. [Trong Gia đình & Mối quan hệ, ""father"" là một thuật ngữ quan trọng.]",en,relationships_family,single_word,B1
5589fa46-3112-4a78-8ee2-01893b544805,mother,/ˈmʌðər/,"mẹ, mẹ đẻ; nguồn gốc, nguyên nhân; mẹ )","In Family & Relationships, 'mother' is an essential term. [Trong Gia đình & Mối quan hệ, ""mother"" là một thuật ngữ quan trọng.]",en,relationships_family,single_word,B1
567ef9cd-14ef-447e-8d52-19cb9ef27ab6,friendship,/ˈfrendʃɪp/,"tình bạn, tình hữu nghị","In Family & Relationships, 'friendship' is an essential term. [Trong Gia đình & Mối quan hệ, ""friendship"" là một thuật ngữ quan trọng.]",en,relationships_family,single_word,B1
62329a01-ae66-4119-9eed-db45456b9ae0,grandfather,/ˈɡrænfɑːðər/,ông; đồng hồ to để đứng,"In Family & Relationships, 'grandfather' is an essential term. [Trong Gia đình & Mối quan hệ, ""grandfather"" là một thuật ngữ quan trọng.]",en,relationships_family,single_word,B1
e9d05305-afa8-4302-a2c1-18e966cb79e2,grandmother,/ˈɡrænmʌðər/,"bà; nuông chiều, nâng niu","In Family & Relationships, 'grandmother' is an essential term. [Trong Gia đình & Mối quan hệ, ""grandmother"" là một thuật ngữ quan trọng.]",en,relationships_family,single_word,B1
f3307ae4-146c-427e-be97-46fd7b6dddb7,grandparent,/ˈɡrænperənt/,ông bà,"In Family & Relationships, 'grandparent' is an essential term. [Trong Gia đình & Mối quan hệ, ""grandparent"" là một thuật ngữ quan trọng.]",en,relationships_family,single_word,B1
a029eae9-ce1b-42a5-b831-f432adf6e473,marry,/ˈmæri/,"cưới , lấy; lấy vợ cho, lấy chồng cho, gả, làm lễ cưới cho ở nhà thờ","In Family & Relationships, 'marry' is an essential term. [Trong Gia đình & Mối quan hệ, ""marry"" là một thuật ngữ quan trọng.]",en,relationships_family,single_word,B1
e47cf449-244b-4334-8057-d787a23578f1,parent,/ˈperənt/,"cha; mẹ; cha mẹ; ông cha, tổ tiên","In Family & Relationships, 'parent' is an essential term. [Trong Gia đình & Mối quan hệ, ""parent"" là một thuật ngữ quan trọng.]",en,relationships_family,single_word,B1
84f51c3d-3151-469f-9f65-032492c580a4,sister,/ˈsɪstər/,"chị, em gái; bạn gái thân","In Family & Relationships, 'sister' is an essential term. [Trong Gia đình & Mối quan hệ, ""sister"" là một thuật ngữ quan trọng.]",en,relationships_family,single_word,B1
afe82118-7b4c-46de-9225-f4bddaad4a33,aunt,/ænt/,"cô, dì, thím, mợ, bác gái; trời ơi!, thật à!","In Family & Relationships, 'aunt' is an essential term. [Trong Gia đình & Mối quan hệ, ""aunt"" là một thuật ngữ quan trọng.]",en,relationships_family,single_word,B1
3b49fbba-18be-4d59-aed2-74872d51bea3,boyfriend,/ˈbɔɪfrend/,bạn trai,"In Family & Relationships, 'boyfriend' is an essential term. [Trong Gia đình & Mối quan hệ, ""boyfriend"" là một thuật ngữ quan trọng.]",en,relationships_family,single_word,B1
a85b03c5-1195-48ec-8e5a-457ad04351b4,brother,/ˈbrʌðər/,"anh; em trai; brethren) bạn cùng nghề, bạn đồng sự, bạn đồng ngũ","In Family & Relationships, 'brother' is an essential term. [Trong Gia đình & Mối quan hệ, ""brother"" là một thuật ngữ quan trọng.]",en,relationships_family,single_word,B1
d5f56ee7-2031-4334-a042-1faf9ae26970,childhood,/ˈtʃaɪldhʊd/,"tuổi thơ ấu, thời thơ ấu; trở lại thời kỳ như trẻ con; lẩm cẩm","In Family & Relationships, 'childhood' is an essential term. [Trong Gia đình & Mối quan hệ, ""childhood"" là một thuật ngữ quan trọng.]",en,relationships_family,single_word,B1
7d000f54-4a87-4e93-8172-e3eaf8402e88,friend,/frend/,"người bạn; người quen sơ, ông bạn","In Family & Relationships, 'friend' is an essential term. [Trong Gia đình & Mối quan hệ, ""friend"" là một thuật ngữ quan trọng.]",en,relationships_family,single_word,B1
f461b9af-7e08-45ee-bba1-ba79aa13293c,girlfriend,/ˈɡɜːrlfrend/,bạn gái,"In Family & Relationships, 'girlfriend' is an essential term. [Trong Gia đình & Mối quan hệ, ""girlfriend"" là một thuật ngữ quan trọng.]",en,relationships_family,single_word,B1
e62405b8-5ba1-4a86-b1d1-f7eca14d8f39,marriage,/ˈmærɪdʒ/,"sự cưới xin, sự kết hôn, hôn nhân; lễ cưới","In Family & Relationships, 'marriage' is an essential term. [Trong Gia đình & Mối quan hệ, ""marriage"" là một thuật ngữ quan trọng.]",en,relationships_family,single_word,B1
75b441a9-99d6-4ae3-bc04-ac469caf6127,parental,/pəˈrentl/,cha mẹ,"In Family & Relationships, 'parental' is an essential term. [Trong Gia đình & Mối quan hệ, ""parental"" là một thuật ngữ quan trọng.]",en,relationships_family,single_word,B1
b8dbaa8b-f1ed-4d76-92d4-beba97e73a08,uncle,/ˈʌŋkl/,chú; bác; cậu; dượng; bác,"In Family & Relationships, 'uncle' is an essential term. [Trong Gia đình & Mối quan hệ, ""uncle"" là một thuật ngữ quan trọng.]",en,relationships_family,single_word,B1
dc5adc54-50e5-4df0-9d2d-690a97b5bf5e,adopt,/əˈdɑːpt/,"nhận làm con nuôi; nhận làm bố mẹ nuôi; theo, làm theo","In Family & Relationships, 'adopt' is an essential term. [Trong Gia đình & Mối quan hệ, ""adopt"" là một thuật ngữ quan trọng.]",en,relationships_family,single_word,B1
71a5ad3b-d1f9-4245-aac9-cae08ee16cac,altogether,/ˌɔːltəˈɡeðər/,"hoàn toàn, hầu; nhìn chung, nói chung; nhìn toàn bộ","In Family & Relationships, 'altogether' is an essential term. [Trong Gia đình & Mối quan hệ, ""altogether"" là một thuật ngữ quan trọng.]",en,relationships_family,single_word,B1
1d43ffef-31b5-4b6e-a1e4-76985778ac60,child,/tʃaɪld/,con,"In Family & Relationships, 'child' is an essential term. [Trong Gia đình & Mối quan hệ, ""child"" là một thuật ngữ quan trọng.]",en,relationships_family,single_word,B1
5ae45e86-3dbf-43c1-8b9a-5fdcad794da7,couple,/ˈkʌpl/,"cơ ngẫu lực; một đôi, một cặp || làm thành đôi; exact c.  cặp khớp","In Family & Relationships, 'couple' is an essential term. [Trong Gia đình & Mối quan hệ, ""couple"" là một thuật ngữ quan trọng.]",en,relationships_family,single_word,B1
4765bfc7-6565-415a-8833-df78b7ee5d31,friendly,/ˈfrendli/,"thân mật, thân thiết, thân thiện; thuận lợi, tiện lợi","In Family & Relationships, 'friendly' is an essential term. [Trong Gia đình & Mối quan hệ, ""friendly"" là một thuật ngữ quan trọng.]",en,relationships_family,single_word,B1
5f1215f6-2b8e-4a2b-9e78-1a3a0fa9fc11,husband,/ˈhʌzbənd/,"người chồng; người quản lý, người trông nom","In Family & Relationships, 'husband' is an essential term. [Trong Gia đình & Mối quan hệ, ""husband"" là một thuật ngữ quan trọng.]",en,relationships_family,single_word,B1
dae3533b-fbe0-4e8c-81c2-8ef95cb46361,intimate,/ˈɪntɪmət/,"thân mật, mật thiết, thân tính, quen thuộc; riêng tư, riêng biệt; ấm cúng","In Family & Relationships, 'intimate' is an essential term. [Trong Gia đình & Mối quan hệ, ""intimate"" là một thuật ngữ quan trọng.]",en,relationships_family,single_word,B1
8920e715-c243-47b0-8880-57980a1b272d,relatively,/ˈrelətɪvli/,một cách tương đối,"In Family & Relationships, 'relatively' is an essential term. [Trong Gia đình & Mối quan hệ, ""relatively"" là một thuật ngữ quan trọng.]",en,relationships_family,single_word,B1
ef0c0c79-0a9e-4c3a-bf5f-c7e38b825994,together,/təˈɡeðər/,"cùng, cùng với, cùng nhau; cùng một lúc, đồng thời","In Family & Relationships, 'together' is an essential term. [Trong Gia đình & Mối quan hệ, ""together"" là một thuật ngữ quan trọng.]",en,relationships_family,single_word,B1
870327d5-525a-4305-9f02-c22724ef632d,transparent,/trænsˈpærənt/,trong suốt,"In Family & Relationships, 'transparent' is an essential term. [Trong Gia đình & Mối quan hệ, ""transparent"" là một thuật ngữ quan trọng.]",en,relationships_family,single_word,B1
d0a70ddb-be9d-4fe0-81ac-1642c933132c,wife,/waɪf/,vợ; người đàn bà; bà già,"In Family & Relationships, 'wife' is an essential term. [Trong Gia đình & Mối quan hệ, ""wife"" là một thuật ngữ quan trọng.]",en,relationships_family,single_word,B1
44e48ea6-cd90-4668-a4ae-4dcf8a367a34,add,/æd/,"cộng vào, thêm vào, bổ sung; a. together, a. up cộng lại lấy tổng","In Family & Relationships, 'add' is an essential term. [Trong Gia đình & Mối quan hệ, ""add"" là một thuật ngữ quan trọng.]",en,relationships_family,single_word,B1
00c1a5b0-8ac6-4699-89d1-c8c79bc94537,cluster,/ˈklʌstər/,"tích luỹ; tập hợp thành nhóm, nhóm theo tổ // nhóm, chùm; star c. chùm sao","In Family & Relationships, 'cluster' is an essential term. [Trong Gia đình & Mối quan hệ, ""cluster"" là một thuật ngữ quan trọng.]",en,relationships_family,single_word,B1
85861b10-30fb-4ff4-8e2f-0d42dde59f70,contrast,/ˈkɑːntræst/,"sự tương phản // đối lập, đối chiếu","In Family & Relationships, 'contrast' is an essential term. [Trong Gia đình & Mối quan hệ, ""contrast"" là một thuật ngữ quan trọng.]",en,relationships_family,single_word,B1
118deb69-81f2-4e4d-a0e1-8dc75914852c,fasten,/ˈfæsn/,"buộc chặt, trói chặt; đóng chặt","In Family & Relationships, 'fasten' is an essential term. [Trong Gia đình & Mối quan hệ, ""fasten"" là một thuật ngữ quan trọng.]",en,relationships_family,single_word,B1
a87cd478-32dd-41fc-aaa8-bdf951f44f1c,integrated,/ˈɪntɪɡreɪtɪd/,"được lấy tích phân, được hợp nhất lại; được nhóm lại","In Family & Relationships, 'integrated' is an essential term. [Trong Gia đình & Mối quan hệ, ""integrated"" là một thuật ngữ quan trọng.]",en,relationships_family,single_word,B1
c1bc4807-5af3-4355-bbf1-af1eb494786a,married,/ˈmærid/,"cưới, kết hôn, thành lập gia đình; vợ chồng","In Family & Relationships, 'married' is an essential term. [Trong Gia đình & Mối quan hệ, ""married"" là một thuật ngữ quan trọng.]",en,relationships_family,single_word,B1
ec626e6d-55b5-4baf-8cdc-d8447d155911,offspring,/ˈɔːfsprɪŋ/,"con, con cái, con cháu, con đẻ; kết quả","In Family & Relationships, 'offspring' is an essential term. [Trong Gia đình & Mối quan hệ, ""offspring"" là một thuật ngữ quan trọng.]",en,relationships_family,single_word,B1
1de2c284-055a-459e-a210-212665b2a969,romance,/ˈrəʊmæns/,những ngôn ngữ rôman; Rôman,"In Family & Relationships, 'romance' is an essential term. [Trong Gia đình & Mối quan hệ, ""romance"" là một thuật ngữ quan trọng.]",en,relationships_family,single_word,B1
73e83ac9-d19b-47fd-ad3b-958e08487b3b,romantic,/rəʊˈmæntɪk/,"tiểu thuyết, như tiểu thuyết; mơ mộng, xa thực tế, lãng mạng; viển vông, hão huyền, không thực tế, ảo tưởng","In Family & Relationships, 'romantic' is an essential term. [Trong Gia đình & Mối quan hệ, ""romantic"" là một thuật ngữ quan trọng.]",en,relationships_family,single_word,B1
b76e31b0-2d27-4352-8ea2-892ff89bc764,sibling,/ˈsɪblɪŋ/,anh  ruột,"In Family & Relationships, 'sibling' is an essential term. [Trong Gia đình & Mối quan hệ, ""sibling"" là một thuật ngữ quan trọng.]",en,relationships_family,single_word,B1
a552c568-31f9-403e-bd80-2ed11404a26e,spouse,/spaʊs/,;  chồng; vợ,"In Family & Relationships, 'spouse' is an essential term. [Trong Gia đình & Mối quan hệ, ""spouse"" là một thuật ngữ quan trọng.]",en,relationships_family,single_word,B1
8c9154d2-8c04-4be5-8ec2-33926fcf373f,widow,/ˈwɪdəʊ/,"người đàn bà goá, qu phụ; giết chồng, giết vợ ; làm cho goá ; cướp mất chồng, cướp mất vợ","In Family & Relationships, 'widow' is an essential term. [Trong Gia đình & Mối quan hệ, ""widow"" là một thuật ngữ quan trọng.]",en,relationships_family,single_word,B1
5b9f8dc5-84c3-408c-aa70-30c9e8b2d9c5,adolescent,/ˌædəˈlesnt/,"đang tuổi thanh niên, trẻ; người thanh niên","In Family & Relationships, 'adolescent' is an essential term. [Trong Gia đình & Mối quan hệ, ""adolescent"" là một thuật ngữ quan trọng.]",en,relationships_family,single_word,B1
6ed6f92c-7070-4863-b833-79472d175106,adoption,/əˈdɑːpʃn/,"sự nhận làm con nuôi; sự nhận làm bố mẹ nuôi; sự theo, sự làm theo","In Family & Relationships, 'adoption' is an essential term. [Trong Gia đình & Mối quan hệ, ""adoption"" là một thuật ngữ quan trọng.]",en,relationships_family,single_word,B1
8c47d08c-5f1f-4ca5-a614-d0359958417c,align,/əˈlaɪn/,"sắp hàng, làm cho bằng nhau","In Family & Relationships, 'align' is an essential term. [Trong Gia đình & Mối quan hệ, ""align"" là một thuật ngữ quan trọng.]",en,relationships_family,single_word,B1
ea8fa232-5b44-4ff5-8194-4dedff72d50e,alliance,/əˈlaɪəns/,"sự liên minh, khối liên minh khối đồng minh; sự thông gia","In Family & Relationships, 'alliance' is an essential term. [Trong Gia đình & Mối quan hệ, ""alliance"" là một thuật ngữ quan trọng.]",en,relationships_family,single_word,B1
6d24111f-750e-4f94-b20c-f6f1562ff7c4,ancestor,/ˈænsestər/,"ông bà, tổ tiên","In Family & Relationships, 'ancestor' is an essential term. [Trong Gia đình & Mối quan hệ, ""ancestor"" là một thuật ngữ quan trọng.]",en,relationships_family,single_word,B1
b16baf2c-8995-4a3d-8ac3-fa3a60141c31,archive,/ˈɑːrkaɪv/,"tài liệu, tài liệu lưu trữ; lưu trữ","In Family & Relationships, 'archive' is an essential term. [Trong Gia đình & Mối quan hệ, ""archive"" là một thuật ngữ quan trọng.]",en,relationships_family,single_word,B1
16e201fb-62a4-4b5d-bbda-0cf11a9bcf22,assemble,/əˈsembl/,ráp; dịch mã số,"In Family & Relationships, 'assemble' is an essential term. [Trong Gia đình & Mối quan hệ, ""assemble"" là một thuật ngữ quan trọng.]",en,relationships_family,single_word,B1
3b548938-4554-4d78-8e4c-712645b9871e,assembly,/əˈsembli/,"sự tập hợp, kết cấu; control a.  bàn điều khiển","In Family & Relationships, 'assembly' is an essential term. [Trong Gia đình & Mối quan hệ, ""assembly"" là một thuật ngữ quan trọng.]",en,relationships_family,single_word,B1
88d410fd-9d6b-4cfd-bfe2-6d858e84501d,assessment,/əˈsesmənt/,sự định giá  để đánh thuế; sự đánh giá; sự ước định; sự đánh thuế,"In Family & Relationships, 'assessment' is an essential term. [Trong Gia đình & Mối quan hệ, ""assessment"" là một thuật ngữ quan trọng.]",en,relationships_family,single_word,B1
7f494d1f-a66b-44b8-be9a-30657f75762f,familial kinship,/familial kinship/,gia đình họ hàng,Effective Family & Relationships relies on familial kinship. [Lĩnh vực Gia đình & Mối quan hệ hiệu quả dựa trên gia đình họ hàng.],en,relationships_family,phrase,B2
37d9c7f2-fa01-4157-a957-f9b2ad87f622,familial matrimony,/familial matrimony/,gia đình hôn nhân,Effective Family & Relationships relies on familial matrimony. [Lĩnh vực Gia đình & Mối quan hệ hiệu quả dựa trên gia đình hôn nhân.],en,relationships_family,phrase,B2
8235f82f-5c00-4958-9a8b-5bade4f147bb,familial parenting,/familial parenting/,gia đình nuôi dạy con,Effective Family & Relationships relies on familial parenting. [Lĩnh vực Gia đình & Mối quan hệ hiệu quả dựa trên gia đình nuôi dạy con.],en,relationships_family,phrase,B2
7e2c685d-bea0-49b5-be64-e38b80cccbe5,familial companionship,/familial companionship/,gia đình bầu bạn,Effective Family & Relationships relies on familial companionship. [Lĩnh vực Gia đình & Mối quan hệ hiệu quả dựa trên gia đình bầu bạn.],en,relationships_family,phrase,B2
bce1dc0d-592a-48dd-a3ff-35ca7f79f7dd,familial reconciliation,/familial reconciliation/,gia đình hòa giải,Effective Family & Relationships relies on familial reconciliation. [Lĩnh vực Gia đình & Mối quan hệ hiệu quả dựa trên gia đình hòa giải.],en,relationships_family,phrase,B2
458bfc82-ae2f-47bd-8fe0-4efc193fb2d1,familial lineage,/familial lineage/,gia đình dòng dõi,Effective Family & Relationships relies on familial lineage. [Lĩnh vực Gia đình & Mối quan hệ hiệu quả dựa trên gia đình dòng dõi.],en,relationships_family,phrase,B2
bc32e540-7743-45bf-9b9c-d3a3889d97e2,familial affection,/familial affection/,gia đình tình thương,Effective Family & Relationships relies on familial affection. [Lĩnh vực Gia đình & Mối quan hệ hiệu quả dựa trên gia đình tình thương.],en,relationships_family,phrase,B2
dadc7313-5220-4b4f-87a3-c0b7fdad2432,familial harmony,/familial harmony/,gia đình hòa thuận,Effective Family & Relationships relies on familial harmony. [Lĩnh vực Gia đình & Mối quan hệ hiệu quả dựa trên gia đình hòa thuận.],en,relationships_family,phrase,B2
133fdfa2-e0f4-4ff8-925e-f05ba7df963c,maternal kinship,/maternal kinship/,mẫu tử họ hàng,Effective Family & Relationships relies on maternal kinship. [Lĩnh vực Gia đình & Mối quan hệ hiệu quả dựa trên mẫu tử họ hàng.],en,relationships_family,phrase,B2
8755190c-b604-43f5-9890-19124341ca89,maternal matrimony,/maternal matrimony/,mẫu tử hôn nhân,Effective Family & Relationships relies on maternal matrimony. [Lĩnh vực Gia đình & Mối quan hệ hiệu quả dựa trên mẫu tử hôn nhân.],en,relationships_family,phrase,B2
abab3071-fafa-4fe2-88bb-34f1444de44b,maternal parenting,/maternal parenting/,mẫu tử nuôi dạy con,Effective Family & Relationships relies on maternal parenting. [Lĩnh vực Gia đình & Mối quan hệ hiệu quả dựa trên mẫu tử nuôi dạy con.],en,relationships_family,phrase,B2
e85f2965-c79f-4c1e-b324-13927b1a9486,maternal companionship,/maternal companionship/,mẫu tử bầu bạn,Effective Family & Relationships relies on maternal companionship. [Lĩnh vực Gia đình & Mối quan hệ hiệu quả dựa trên mẫu tử bầu bạn.],en,relationships_family,phrase,B2
aa90638f-4e7b-49c7-8e1c-d3260bf142de,maternal reconciliation,/maternal reconciliation/,mẫu tử hòa giải,Effective Family & Relationships relies on maternal reconciliation. [Lĩnh vực Gia đình & Mối quan hệ hiệu quả dựa trên mẫu tử hòa giải.],en,relationships_family,phrase,B2
2644e989-9f4e-4e45-a7b6-f529f0da4c74,maternal lineage,/maternal lineage/,mẫu tử dòng dõi,Effective Family & Relationships relies on maternal lineage. [Lĩnh vực Gia đình & Mối quan hệ hiệu quả dựa trên mẫu tử dòng dõi.],en,relationships_family,phrase,B2
05e7183d-2c0e-46fa-8d15-6a81731593bc,maternal affection,/maternal affection/,mẫu tử tình thương,Effective Family & Relationships relies on maternal affection. [Lĩnh vực Gia đình & Mối quan hệ hiệu quả dựa trên mẫu tử tình thương.],en,relationships_family,phrase,B2
2503faad-77b3-490c-99a7-7fdd22a672eb,maternal harmony,/maternal harmony/,mẫu tử hòa thuận,Effective Family & Relationships relies on maternal harmony. [Lĩnh vực Gia đình & Mối quan hệ hiệu quả dựa trên mẫu tử hòa thuận.],en,relationships_family,phrase,B2
34cb16d6-8cab-4a17-8073-ecc4fae714f6,paternal kinship,/paternal kinship/,phụ tử họ hàng,Effective Family & Relationships relies on paternal kinship. [Lĩnh vực Gia đình & Mối quan hệ hiệu quả dựa trên phụ tử họ hàng.],en,relationships_family,phrase,B2
d78f6544-bfde-456e-9737-faf5287bab1b,paternal matrimony,/paternal matrimony/,phụ tử hôn nhân,Effective Family & Relationships relies on paternal matrimony. [Lĩnh vực Gia đình & Mối quan hệ hiệu quả dựa trên phụ tử hôn nhân.],en,relationships_family,phrase,B2
a7e56b7a-a452-4312-b815-e7bb0725f3c1,paternal parenting,/paternal parenting/,phụ tử nuôi dạy con,Effective Family & Relationships relies on paternal parenting. [Lĩnh vực Gia đình & Mối quan hệ hiệu quả dựa trên phụ tử nuôi dạy con.],en,relationships_family,phrase,B2
a08e44d4-e103-44ae-b052-f1f767d38ad6,paternal companionship,/paternal companionship/,phụ tử bầu bạn,Effective Family & Relationships relies on paternal companionship. [Lĩnh vực Gia đình & Mối quan hệ hiệu quả dựa trên phụ tử bầu bạn.],en,relationships_family,phrase,B2
fdeaeb5e-49c9-4f60-8f73-84f93956ff93,paternal reconciliation,/paternal reconciliation/,phụ tử hòa giải,Effective Family & Relationships relies on paternal reconciliation. [Lĩnh vực Gia đình & Mối quan hệ hiệu quả dựa trên phụ tử hòa giải.],en,relationships_family,phrase,B2
08f4de97-3734-4cf5-85e9-42645f0d3273,paternal lineage,/paternal lineage/,phụ tử dòng dõi,Effective Family & Relationships relies on paternal lineage. [Lĩnh vực Gia đình & Mối quan hệ hiệu quả dựa trên phụ tử dòng dõi.],en,relationships_family,phrase,B2
991949b1-b7d2-47af-9fb4-b2b1d1cd57fb,paternal affection,/paternal affection/,phụ tử tình thương,Effective Family & Relationships relies on paternal affection. [Lĩnh vực Gia đình & Mối quan hệ hiệu quả dựa trên phụ tử tình thương.],en,relationships_family,phrase,B2
3735b10b-6b1d-4a23-8539-277e1426beda,paternal harmony,/paternal harmony/,phụ tử hòa thuận,Effective Family & Relationships relies on paternal harmony. [Lĩnh vực Gia đình & Mối quan hệ hiệu quả dựa trên phụ tử hòa thuận.],en,relationships_family,phrase,B2
955c7f9f-7688-4674-8446-4bc2460c98a0,interpersonal kinship,/interpersonal kinship/,giữa các cá nhân họ hàng,Effective Family & Relationships relies on interpersonal kinship. [Lĩnh vực Gia đình & Mối quan hệ hiệu quả dựa trên giữa các cá nhân họ hàng.],en,relationships_family,phrase,B2
417b4f10-8bbf-42cb-932a-35571a901ecf,interpersonal matrimony,/interpersonal matrimony/,giữa các cá nhân hôn nhân,Effective Family & Relationships relies on interpersonal matrimony. [Lĩnh vực Gia đình & Mối quan hệ hiệu quả dựa trên giữa các cá nhân hôn nhân.],en,relationships_family,phrase,B2
77ac7574-74ba-4018-b0b6-f902fc398bdf,interpersonal parenting,/interpersonal parenting/,giữa các cá nhân nuôi dạy con,Effective Family & Relationships relies on interpersonal parenting. [Lĩnh vực Gia đình & Mối quan hệ hiệu quả dựa trên giữa các cá nhân nuôi dạy con.],en,relationships_family,phrase,B2
1bf524b1-008a-40a2-98ed-cce4c97eb88e,interpersonal companionship,/interpersonal companionship/,giữa các cá nhân bầu bạn,Effective Family & Relationships relies on interpersonal companionship. [Lĩnh vực Gia đình & Mối quan hệ hiệu quả dựa trên giữa các cá nhân bầu bạn.],en,relationships_family,phrase,B2
4d9e426c-425a-45d5-922d-63ded1d6818f,interpersonal reconciliation,/interpersonal reconciliation/,giữa các cá nhân hòa giải,Effective Family & Relationships relies on interpersonal reconciliation. [Lĩnh vực Gia đình & Mối quan hệ hiệu quả dựa trên giữa các cá nhân hòa giải.],en,relationships_family,phrase,B2
7bd138ce-01da-419c-b673-2f80da862a62,interpersonal lineage,/interpersonal lineage/,giữa các cá nhân dòng dõi,Effective Family & Relationships relies on interpersonal lineage. [Lĩnh vực Gia đình & Mối quan hệ hiệu quả dựa trên giữa các cá nhân dòng dõi.],en,relationships_family,phrase,B2
1a83fee5-afe9-4469-a5d6-caa1b5f56f24,interpersonal affection,/interpersonal affection/,giữa các cá nhân tình thương,Effective Family & Relationships relies on interpersonal affection. [Lĩnh vực Gia đình & Mối quan hệ hiệu quả dựa trên giữa các cá nhân tình thương.],en,relationships_family,phrase,B2
53cd120a-352d-4e36-84fa-a3cd1dc163ad,interpersonal harmony,/interpersonal harmony/,giữa các cá nhân hòa thuận,Effective Family & Relationships relies on interpersonal harmony. [Lĩnh vực Gia đình & Mối quan hệ hiệu quả dựa trên giữa các cá nhân hòa thuận.],en,relationships_family,phrase,B2
c87db84e-0988-428e-873c-687395d80d57,conjugal kinship,/conjugal kinship/,vợ chồng họ hàng,Effective Family & Relationships relies on conjugal kinship. [Lĩnh vực Gia đình & Mối quan hệ hiệu quả dựa trên vợ chồng họ hàng.],en,relationships_family,phrase,B2
7844ce3d-fdee-46e1-a7e1-21138a44cc16,conjugal matrimony,/conjugal matrimony/,vợ chồng hôn nhân,Effective Family & Relationships relies on conjugal matrimony. [Lĩnh vực Gia đình & Mối quan hệ hiệu quả dựa trên vợ chồng hôn nhân.],en,relationships_family,phrase,B2
cad1e60d-b70a-4592-8953-c37471731a0d,conjugal parenting,/conjugal parenting/,vợ chồng nuôi dạy con,Effective Family & Relationships relies on conjugal parenting. [Lĩnh vực Gia đình & Mối quan hệ hiệu quả dựa trên vợ chồng nuôi dạy con.],en,relationships_family,phrase,B2
8ed7af8f-f3f2-4ec8-9e84-57d652e0cc30,conjugal companionship,/conjugal companionship/,vợ chồng bầu bạn,Effective Family & Relationships relies on conjugal companionship. [Lĩnh vực Gia đình & Mối quan hệ hiệu quả dựa trên vợ chồng bầu bạn.],en,relationships_family,phrase,B2
6bae1dd8-3278-4baa-b406-9f79195438c6,conjugal reconciliation,/conjugal reconciliation/,vợ chồng hòa giải,Effective Family & Relationships relies on conjugal reconciliation. [Lĩnh vực Gia đình & Mối quan hệ hiệu quả dựa trên vợ chồng hòa giải.],en,relationships_family,phrase,B2
b041739c-9ce7-4e52-bd9b-e266a933fae9,conjugal lineage,/conjugal lineage/,vợ chồng dòng dõi,Effective Family & Relationships relies on conjugal lineage. [Lĩnh vực Gia đình & Mối quan hệ hiệu quả dựa trên vợ chồng dòng dõi.],en,relationships_family,phrase,B2
57b23920-b4dd-4f09-b336-6750b6efe181,conjugal affection,/conjugal affection/,vợ chồng tình thương,Effective Family & Relationships relies on conjugal affection. [Lĩnh vực Gia đình & Mối quan hệ hiệu quả dựa trên vợ chồng tình thương.],en,relationships_family,phrase,B2
0bd6e0e9-65c9-4187-9a77-9e0303a22a00,conjugal harmony,/conjugal harmony/,vợ chồng hòa thuận,Effective Family & Relationships relies on conjugal harmony. [Lĩnh vực Gia đình & Mối quan hệ hiệu quả dựa trên vợ chồng hòa thuận.],en,relationships_family,phrase,B2
a81d4c54-49cb-4920-ae5e-3cdde69f334d,fraternal kinship,/fraternal kinship/,huynh đệ họ hàng,Effective Family & Relationships relies on fraternal kinship. [Lĩnh vực Gia đình & Mối quan hệ hiệu quả dựa trên huynh đệ họ hàng.],en,relationships_family,phrase,B2
0c2196ce-b701-47cf-ab7c-fe76ee1e1dee,fraternal matrimony,/fraternal matrimony/,huynh đệ hôn nhân,Effective Family & Relationships relies on fraternal matrimony. [Lĩnh vực Gia đình & Mối quan hệ hiệu quả dựa trên huynh đệ hôn nhân.],en,relationships_family,phrase,B2
77ad58f4-2b16-4a16-9fef-96cc37bf8720,fraternal parenting,/fraternal parenting/,huynh đệ nuôi dạy con,Effective Family & Relationships relies on fraternal parenting. [Lĩnh vực Gia đình & Mối quan hệ hiệu quả dựa trên huynh đệ nuôi dạy con.],en,relationships_family,phrase,B2
790dcace-518a-4db3-a516-570592388f34,fraternal companionship,/fraternal companionship/,huynh đệ bầu bạn,Effective Family & Relationships relies on fraternal companionship. [Lĩnh vực Gia đình & Mối quan hệ hiệu quả dựa trên huynh đệ bầu bạn.],en,relationships_family,phrase,B2
eb212d6d-edde-4934-8531-aec727ac7fae,fraternal reconciliation,/fraternal reconciliation/,huynh đệ hòa giải,Effective Family & Relationships relies on fraternal reconciliation. [Lĩnh vực Gia đình & Mối quan hệ hiệu quả dựa trên huynh đệ hòa giải.],en,relationships_family,phrase,B2
e6c2a3ec-a47f-4af9-a9cc-5a6ccea358a8,fraternal lineage,/fraternal lineage/,huynh đệ dòng dõi,Effective Family & Relationships relies on fraternal lineage. [Lĩnh vực Gia đình & Mối quan hệ hiệu quả dựa trên huynh đệ dòng dõi.],en,relationships_family,phrase,B2
66dbff15-9e18-4703-ab82-4b491636deca,fraternal affection,/fraternal affection/,huynh đệ tình thương,Effective Family & Relationships relies on fraternal affection. [Lĩnh vực Gia đình & Mối quan hệ hiệu quả dựa trên huynh đệ tình thương.],en,relationships_family,phrase,B2
b045e9f0-d12b-4685-aa34-9f4f725d2ad2,fraternal harmony,/fraternal harmony/,huynh đệ hòa thuận,Effective Family & Relationships relies on fraternal harmony. [Lĩnh vực Gia đình & Mối quan hệ hiệu quả dựa trên huynh đệ hòa thuận.],en,relationships_family,phrase,B2
cb0df88a-b21d-4e6b-a8f3-f5c080e03d5b,harmonious kinship,/harmonious kinship/,hòa thuận họ hàng,Effective Family & Relationships relies on harmonious kinship. [Lĩnh vực Gia đình & Mối quan hệ hiệu quả dựa trên hòa thuận họ hàng.],en,relationships_family,phrase,B2
95018150-9945-4faa-aa14-6c8637ab1c8b,harmonious matrimony,/harmonious matrimony/,hòa thuận hôn nhân,Effective Family & Relationships relies on harmonious matrimony. [Lĩnh vực Gia đình & Mối quan hệ hiệu quả dựa trên hòa thuận hôn nhân.],en,relationships_family,phrase,B2
e0550cf9-d8d1-4677-8fca-f22f7d6de5f6,street,/striːt/,"phố, đường phố; hàng phố","In Urban Life & Housing, 'street' is an essential term. [Trong Đô thị & Nhà ở, ""street"" là một thuật ngữ quan trọng.]",en,urban_housing,single_word,B1
a3cddf1c-809c-4877-a2d6-e1442b28c6d2,suburb,/ˈsʌbɜːrb/,ngoại ô,"In Urban Life & Housing, 'suburb' is an essential term. [Trong Đô thị & Nhà ở, ""suburb"" là một thuật ngữ quan trọng.]",en,urban_housing,single_word,B1
3687ba10-acd9-4a06-8caf-daa33ef863cf,suburban,/səˈbɜːrbən/,ngoại ô,"In Urban Life & Housing, 'suburban' is an essential term. [Trong Đô thị & Nhà ở, ""suburban"" là một thuật ngữ quan trọng.]",en,urban_housing,single_word,B1
26a52d09-eed3-4e93-9554-94288d6e305d,downtown,/ˌdaʊnˈtaʊn/,"khu buôn bán kinh doanh; khu buôn bán kinh doanh, ở khu buôn bán kinh doanh","In Urban Life & Housing, 'downtown' is an essential term. [Trong Đô thị & Nhà ở, ""downtown"" là một thuật ngữ quan trọng.]",en,urban_housing,single_word,B1
94c470b8-022d-486e-91ab-a6a8a6c45187,town,/taʊn/,"thành phố, thị xã; dân thành phố, bà con hàng phố","In Urban Life & Housing, 'town' is an essential term. [Trong Đô thị & Nhà ở, ""town"" là một thuật ngữ quan trọng.]",en,urban_housing,single_word,B1
98f182aa-1912-47dd-bd14-3fb5c6b069aa,district,/ˈdɪstrɪkt/,"địa hạt, khu vực, quận, huyện, khu; vùng, miền","In Urban Life & Housing, 'district' is an essential term. [Trong Đô thị & Nhà ở, ""district"" là một thuật ngữ quan trọng.]",en,urban_housing,single_word,B1
a7590f30-5d54-493a-8933-0d3e05a67b0e,urban,/ˈɜːrbən/,"thành phố,  thành thị; ở thành phố, ở thành thị","In Urban Life & Housing, 'urban' is an essential term. [Trong Đô thị & Nhà ở, ""urban"" là một thuật ngữ quan trọng.]",en,urban_housing,single_word,B1
f0411a16-4f55-4bee-af20-330e1ed4fddd,area,/ˈeriə/,diện tích; effective a. diện tích hữu hiệu,"In Urban Life & Housing, 'area' is an essential term. [Trong Đô thị & Nhà ở, ""area"" là một thuật ngữ quan trọng.]",en,urban_housing,single_word,B1
501d7aed-43b2-4f7e-8948-a2f680efc8d3,building,/ˈbɪldɪŋ/,"kiến trúc; sự xây dựng; công trình kiến trúc, công trình xây dựng","In Urban Life & Housing, 'building' is an essential term. [Trong Đô thị & Nhà ở, ""building"" là một thuật ngữ quan trọng.]",en,urban_housing,single_word,B1
cd3d35b4-ad5a-4b1d-b17f-fd7aca4a09df,city,/ˈsɪti/,"thành phố, thành thị, đô thị; dân thành thị","In Urban Life & Housing, 'city' is an essential term. [Trong Đô thị & Nhà ở, ""city"" là một thuật ngữ quan trọng.]",en,urban_housing,single_word,B1
89b6a89e-23fc-436d-9790-573ab84e32d8,differently,/ˈdɪfrəntli/,"khác, khác nhau, khác biệt","In Urban Life & Housing, 'differently' is an essential term. [Trong Đô thị & Nhà ở, ""differently"" là một thuật ngữ quan trọng.]",en,urban_housing,single_word,B1
f3a0cd89-cf4e-4d3f-b2a5-d4113fa5a02c,electricity,/ɪˌlekˈtrɪsəti/,điện,"In Urban Life & Housing, 'electricity' is an essential term. [Trong Đô thị & Nhà ở, ""electricity"" là một thuật ngữ quan trọng.]",en,urban_housing,single_word,B1
06a14c2b-506c-4267-994f-2b2b5a8f072f,neighbourhood,/ˈneɪbərhʊd/,lân cận; n. of a curve lân cận của một đường cong,"In Urban Life & Housing, 'neighbourhood' is an essential term. [Trong Đô thị & Nhà ở, ""neighbourhood"" là một thuật ngữ quan trọng.]",en,urban_housing,single_word,B1
7e3a5934-d264-4239-8e67-490cd2fc6f8a,rent,/rent/,tô; land r.  địa tô,"In Urban Life & Housing, 'rent' is an essential term. [Trong Đô thị & Nhà ở, ""rent"" là một thuật ngữ quan trọng.]",en,urban_housing,single_word,B1
f8c22519-5307-4a59-8bec-e0da6f24b765,residence,/ˈrezɪdəns/,"sự ở, sự cư trú, sự trú ngụ; chỗ ở, nơi cư trú, nhà ở","In Urban Life & Housing, 'residence' is an essential term. [Trong Đô thị & Nhà ở, ""residence"" là một thuật ngữ quan trọng.]",en,urban_housing,single_word,B1
7e19a81c-9dcf-4274-92fe-f776a107da41,warehouse,/ˈwerhaʊs/,kho hàng; cửa hàng,"In Urban Life & Housing, 'warehouse' is an essential term. [Trong Đô thị & Nhà ở, ""warehouse"" là một thuật ngữ quan trọng.]",en,urban_housing,single_word,B1
74d717ea-7775-4648-b521-2c659d140339,atrocity,/əˈtrɑːsəti/,"tính hung bạo, sự tàn ác, sự tàn bạo; hành động hung ác, hành động tàn bạo","In Urban Life & Housing, 'atrocity' is an essential term. [Trong Đô thị & Nhà ở, ""atrocity"" là một thuật ngữ quan trọng.]",en,urban_housing,single_word,B1
cb0d53b0-d554-44f2-8657-9f1a00477f39,broad,/brɔːd/,rộng,"In Urban Life & Housing, 'broad' is an essential term. [Trong Đô thị & Nhà ở, ""broad"" là một thuật ngữ quan trọng.]",en,urban_housing,single_word,B1
c69a46c5-40a6-4575-8f01-27d50dc13624,broadband,/ˈbrɔːdbænd/,dải sóng rộng,"In Urban Life & Housing, 'broadband' is an essential term. [Trong Đô thị & Nhà ở, ""broadband"" là một thuật ngữ quan trọng.]",en,urban_housing,single_word,B1
0804f84a-970d-42f8-9b6a-19e7cc3bf79d,broadly,/ˈbrɔːdli/,"rộng, rộng rãi; chung, đại khái, đại thể","In Urban Life & Housing, 'broadly' is an essential term. [Trong Đô thị & Nhà ở, ""broadly"" là một thuật ngữ quan trọng.]",en,urban_housing,single_word,B1
d1785c7b-6031-446c-89e1-e35711b7a32e,capacity,/kəˈpæsəti/,"dung lượng, dung tích, năng lực, công suất, khả năng, khả năng thông qua; bearing c. tải dung","In Urban Life & Housing, 'capacity' is an essential term. [Trong Đô thị & Nhà ở, ""capacity"" là một thuật ngữ quan trọng.]",en,urban_housing,single_word,B1
b389717d-3126-4552-a9a4-bc1a6e0d1f8c,centre,/ˈsentər/,"điểm giữa, tâm; trung tâm; trung khu; trung ương; nhân vật trung tâm","In Urban Life & Housing, 'centre' is an essential term. [Trong Đô thị & Nhà ở, ""centre"" là một thuật ngữ quan trọng.]",en,urban_housing,single_word,B1
faf8aee4-b032-453b-a7b4-01ca450a943d,current,/ˈkɜːrənt/,dòng || hiện hành; action c. dòng tác dụng,"In Urban Life & Housing, 'current' is an essential term. [Trong Đô thị & Nhà ở, ""current"" là một thuật ngữ quan trọng.]",en,urban_housing,single_word,B1
0641976b-4da2-4fab-849a-7b36fe2add0a,currently,/ˈkɜːrəntli/,"hiện thời, hiện nay","In Urban Life & Housing, 'currently' is an essential term. [Trong Đô thị & Nhà ở, ""currently"" là một thuật ngữ quan trọng.]",en,urban_housing,single_word,B1
d8733b3c-749e-483b-b462-29aa0e97a69e,different,/ˈdɪfrənt/,khác nhau,"In Urban Life & Housing, 'different' is an essential term. [Trong Đô thị & Nhà ở, ""different"" là một thuật ngữ quan trọng.]",en,urban_housing,single_word,B1
5defdb6f-fec7-4553-b03a-358b810aa005,differentiate,/ˌdɪfəˈrenʃieɪt/,phân biệt; lấy vi phân,"In Urban Life & Housing, 'differentiate' is an essential term. [Trong Đô thị & Nhà ở, ""differentiate"" là một thuật ngữ quan trọng.]",en,urban_housing,single_word,B1
7da8af8b-b8bb-44ab-904d-f89ad21c3606,flat,/flæt/,phẳng; bẹt; concircularly f. phẳng đồng viên,"In Urban Life & Housing, 'flat' is an essential term. [Trong Đô thị & Nhà ở, ""flat"" là một thuật ngữ quan trọng.]",en,urban_housing,single_word,B1
797e1c8f-5486-4be5-869e-738dd614bfec,housing,/ˈhaʊzɪŋ/,sự cho ở; sự cất vào kho; sự lùa  vào chuồng,"In Urban Life & Housing, 'housing' is an essential term. [Trong Đô thị & Nhà ở, ""housing"" là một thuật ngữ quan trọng.]",en,urban_housing,single_word,B1
2125f72a-acd6-488f-a10f-8bf30969b9fc,inflation,/ɪnˈfleɪʃn/,Lạm phát.,"In Urban Life & Housing, 'inflation' is an essential term. [Trong Đô thị & Nhà ở, ""inflation"" là một thuật ngữ quan trọng.]",en,urban_housing,single_word,B1
23d10991-5b42-4548-b787-57721a912244,inherent,/ɪnˈherənt/,sẵn có không tách được; không bỏ được,"In Urban Life & Housing, 'inherent' is an essential term. [Trong Đô thị & Nhà ở, ""inherent"" là một thuật ngữ quan trọng.]",en,urban_housing,single_word,B1
99926369-293c-4947-b18a-a9f0600a7b71,live,/laɪv/,"sống, tồn tại // hoạt; sinh thực","In Urban Life & Housing, 'live' is an essential term. [Trong Đô thị & Nhà ở, ""live"" là một thuật ngữ quan trọng.]",en,urban_housing,single_word,B1
580255cd-e7d1-47bc-a3ce-ecfd2ff56e72,lively,/ˈlaɪvli/,"sống, sinh động, giống như thật; vui vẻ; hoạt bát hăng hái, năng nổ, sôi nổi","In Urban Life & Housing, 'lively' is an essential term. [Trong Đô thị & Nhà ở, ""lively"" là một thuật ngữ quan trọng.]",en,urban_housing,single_word,B1
f48e45d8-4f60-41c9-b5aa-96abd75d620c,municipal,/mjuːˈnɪsɪpl/,"thành phố,  đô thị,  thị xã; luật lệ riêng của một nước","In Urban Life & Housing, 'municipal' is an essential term. [Trong Đô thị & Nhà ở, ""municipal"" là một thuật ngữ quan trọng.]",en,urban_housing,single_word,B1
e42833e6-4246-4699-b724-f92a23c11b68,park,/pɑːrk/,"vườn hoa, công viên; bâi","In Urban Life & Housing, 'park' is an essential term. [Trong Đô thị & Nhà ở, ""park"" là một thuật ngữ quan trọng.]",en,urban_housing,single_word,B1
7f9a1f05-1726-4525-9aa9-5bd329aa5592,patrol,/pəˈtrəʊl/,đội tuần tra; việc tuần tra; cuộc bay tác chiến thường xuyên,"In Urban Life & Housing, 'patrol' is an essential term. [Trong Đô thị & Nhà ở, ""patrol"" là một thuật ngữ quan trọng.]",en,urban_housing,single_word,B1
5cc1d97a-da27-4cfb-8616-afd0133e217d,population,/ˌpɑːpjuˈleɪʃn/,dân số; tập hợp; continuous p.  tập hợp liên tục,"In Urban Life & Housing, 'population' is an essential term. [Trong Đô thị & Nhà ở, ""population"" là một thuật ngữ quan trọng.]",en,urban_housing,single_word,B1
e2073a3e-4484-42eb-a824-46916c796b9e,property,/ˈprɑːpərti/,tính chất; thuộc tính;  tài sản; quyền sở hữu; absolute p. of a surface tính chất nội tại của một mặt,"In Urban Life & Housing, 'property' is an essential term. [Trong Đô thị & Nhà ở, ""property"" là một thuật ngữ quan trọng.]",en,urban_housing,single_word,B1
d330aeee-898e-4a11-bbf0-e8934eecbb15,rental,/ˈrentl/,tiền cho thuê ; lợi tức cho thuê ; lợi tức thu tô; tiền thuê,"In Urban Life & Housing, 'rental' is an essential term. [Trong Đô thị & Nhà ở, ""rental"" là một thuật ngữ quan trọng.]",en,urban_housing,single_word,B1
ea5ce6a7-fcdd-4c86-814f-41c363c2fbd4,road,/rəʊd/,con đường; đường sắt,"In Urban Life & Housing, 'road' is an essential term. [Trong Đô thị & Nhà ở, ""road"" là một thuật ngữ quan trọng.]",en,urban_housing,single_word,B1
8e3f03cd-6636-4718-aa73-eade3d438af4,arena,/əˈriːnə/,"trường đấu; trường đấu tranh, vũ đài, phạm vi hoạt động","In Urban Life & Housing, 'arena' is an essential term. [Trong Đô thị & Nhà ở, ""arena"" là một thuật ngữ quan trọng.]",en,urban_housing,single_word,B1
1ea2608e-086e-4a16-a516-c1f5c358ee6e,bishop,/ˈbɪʃəp/,"giám mục; quân ""giám mục""","In Urban Life & Housing, 'bishop' is an essential term. [Trong Đô thị & Nhà ở, ""bishop"" là một thuật ngữ quan trọng.]",en,urban_housing,single_word,B1
bc66da49-025e-4603-9a20-9c6ca1b22312,brick,/brɪk/,"gạch; bánh, thỏi, cục","In Urban Life & Housing, 'brick' is an essential term. [Trong Đô thị & Nhà ở, ""brick"" là một thuật ngữ quan trọng.]",en,urban_housing,single_word,B1
b83cf00b-6a5a-4190-97e1-dfad729c7f88,camp,/kæmp/,"trại, chỗ cắm trại, hạ trại; chỗ đóng quân, chỗ đóng trại","In Urban Life & Housing, 'camp' is an essential term. [Trong Đô thị & Nhà ở, ""camp"" là một thuật ngữ quan trọng.]",en,urban_housing,single_word,B1
01156650-7357-4a1e-aa75-cea175782195,central,/ˈsentrəl/,trung tâm,"In Urban Life & Housing, 'central' is an essential term. [Trong Đô thị & Nhà ở, ""central"" là một thuật ngữ quan trọng.]",en,urban_housing,single_word,B1
04ea6849-0597-4d3f-81e9-c4fc256463c8,civic,/ˈsɪvɪk/,công dân; cảnh sát,"In Urban Life & Housing, 'civic' is an essential term. [Trong Đô thị & Nhà ở, ""civic"" là một thuật ngữ quan trọng.]",en,urban_housing,single_word,B1
00dd7eef-756e-468e-95bc-99ed51daf5e3,construct,/kənˈstrʌkt/,"xây dựng, dựng","In Urban Life & Housing, 'construct' is an essential term. [Trong Đô thị & Nhà ở, ""construct"" là một thuật ngữ quan trọng.]",en,urban_housing,single_word,B1
293a41be-f904-4812-a249-8c210b136981,construction,/kənˈstrʌkʃn/,sự xây dựng;  phép dựng hình; c. of function sự xây dựng một hàm,"In Urban Life & Housing, 'construction' is an essential term. [Trong Đô thị & Nhà ở, ""construction"" là một thuật ngữ quan trọng.]",en,urban_housing,single_word,B1
abbf82d0-e055-4c29-8ff2-751c0ee938b2,council,/ˈkaʊnsl/,hội đồng,"In Urban Life & Housing, 'council' is an essential term. [Trong Đô thị & Nhà ở, ""council"" là một thuật ngữ quan trọng.]",en,urban_housing,single_word,B1
5b9f03cc-f63e-4e12-9c2e-3ced97404a4e,downstairs,/ˌdaʊnˈsterz/,"ở dưới nhàn, ở tầng dưới; xuống cầu thang, xuống gác","In Urban Life & Housing, 'downstairs' is an essential term. [Trong Đô thị & Nhà ở, ""downstairs"" là một thuật ngữ quan trọng.]",en,urban_housing,single_word,B1
e8fdae42-cb84-4a7a-af40-48933ebb1871,edge,/edʒ/,cạnh biên; e. of a dihedral angle cạnh của một góc nhị diện,"In Urban Life & Housing, 'edge' is an essential term. [Trong Đô thị & Nhà ở, ""edge"" là một thuật ngữ quan trọng.]",en,urban_housing,single_word,B1
d0280c5a-1111-452a-9021-9bfa2cd82f8e,urban architecture,/urban architecture/,đô thị kiến trúc,Effective Urban Life & Housing relies on urban architecture. [Lĩnh vực Đô thị & Nhà ở hiệu quả dựa trên đô thị kiến trúc.],en,urban_housing,phrase,B2
c873de0c-f67a-4e84-a1f5-4ee881bc6186,urban metropolis,/urban metropolis/,đô thị đô thị lớn,Effective Urban Life & Housing relies on urban metropolis. [Lĩnh vực Đô thị & Nhà ở hiệu quả dựa trên đô thị đô thị lớn.],en,urban_housing,phrase,B2
11599e80-3cb0-487f-b856-dcab32c6675c,urban neighborhood,/urban neighborhood/,đô thị khu phố,Effective Urban Life & Housing relies on urban neighborhood. [Lĩnh vực Đô thị & Nhà ở hiệu quả dựa trên đô thị khu phố.],en,urban_housing,phrase,B2
359d1219-d025-42a2-829f-319dd99b5b0d,urban skyscraper,/urban skyscraper/,đô thị tòa nhà chọc trời,Effective Urban Life & Housing relies on urban skyscraper. [Lĩnh vực Đô thị & Nhà ở hiệu quả dựa trên đô thị tòa nhà chọc trời.],en,urban_housing,phrase,B2
97c5cda4-71bb-4c28-b1c4-0c62e2b5db05,urban infrastructure,/urban infrastructure/,đô thị cơ sở hạ tầng,Effective Urban Life & Housing relies on urban infrastructure. [Lĩnh vực Đô thị & Nhà ở hiệu quả dựa trên đô thị cơ sở hạ tầng.],en,urban_housing,phrase,B2
a03c55c9-3b33-4f60-a641-5ddde33f439d,urban dwelling,/urban dwelling/,đô thị nhà ở,Effective Urban Life & Housing relies on urban dwelling. [Lĩnh vực Đô thị & Nhà ở hiệu quả dựa trên đô thị nhà ở.],en,urban_housing,phrase,B2
7e47e849-eced-46c2-9dad-04ddedfe8da5,urban tenancy,/urban tenancy/,đô thị thuê nhà,Effective Urban Life & Housing relies on urban tenancy. [Lĩnh vực Đô thị & Nhà ở hiệu quả dựa trên đô thị thuê nhà.],en,urban_housing,phrase,B2
74f46eba-2898-4d81-8996-33290d9eb46d,urban development,/urban development/,đô thị phát triển đô thị,Effective Urban Life & Housing relies on urban development. [Lĩnh vực Đô thị & Nhà ở hiệu quả dựa trên đô thị phát triển đô thị.],en,urban_housing,phrase,B2
0b3e09f2-5efb-47e3-a790-a18cfcf2bb8d,metropolitan architecture,/metropolitan architecture/,vùng đô thị kiến trúc,Effective Urban Life & Housing relies on metropolitan architecture. [Lĩnh vực Đô thị & Nhà ở hiệu quả dựa trên vùng đô thị kiến trúc.],en,urban_housing,phrase,B2
46c224f6-2951-49bc-bbe0-7a8b25aaf63b,metropolitan metropolis,/metropolitan metropolis/,vùng đô thị đô thị lớn,Effective Urban Life & Housing relies on metropolitan metropolis. [Lĩnh vực Đô thị & Nhà ở hiệu quả dựa trên vùng đô thị đô thị lớn.],en,urban_housing,phrase,B2
7cdd0488-c0e8-4609-be5d-59c648425852,metropolitan neighborhood,/metropolitan neighborhood/,vùng đô thị khu phố,Effective Urban Life & Housing relies on metropolitan neighborhood. [Lĩnh vực Đô thị & Nhà ở hiệu quả dựa trên vùng đô thị khu phố.],en,urban_housing,phrase,B2
5f18580b-2dfe-4b8f-a373-d17ff5b167b6,metropolitan skyscraper,/metropolitan skyscraper/,vùng đô thị tòa nhà chọc trời,Effective Urban Life & Housing relies on metropolitan skyscraper. [Lĩnh vực Đô thị & Nhà ở hiệu quả dựa trên vùng đô thị tòa nhà chọc trời.],en,urban_housing,phrase,B2
ae7d10da-59cb-43d2-a92f-873e417ea611,metropolitan infrastructure,/metropolitan infrastructure/,vùng đô thị cơ sở hạ tầng,Effective Urban Life & Housing relies on metropolitan infrastructure. [Lĩnh vực Đô thị & Nhà ở hiệu quả dựa trên vùng đô thị cơ sở hạ tầng.],en,urban_housing,phrase,B2
d4bb0a33-3612-40e5-96f0-74efb786c9c2,metropolitan dwelling,/metropolitan dwelling/,vùng đô thị nhà ở,Effective Urban Life & Housing relies on metropolitan dwelling. [Lĩnh vực Đô thị & Nhà ở hiệu quả dựa trên vùng đô thị nhà ở.],en,urban_housing,phrase,B2
37a26315-c88f-41e0-a845-1fe1e7031d49,metropolitan tenancy,/metropolitan tenancy/,vùng đô thị thuê nhà,Effective Urban Life & Housing relies on metropolitan tenancy. [Lĩnh vực Đô thị & Nhà ở hiệu quả dựa trên vùng đô thị thuê nhà.],en,urban_housing,phrase,B2
2e8a0b38-2091-45fb-83cd-28c7c45bd3da,metropolitan development,/metropolitan development/,vùng đô thị phát triển đô thị,Effective Urban Life & Housing relies on metropolitan development. [Lĩnh vực Đô thị & Nhà ở hiệu quả dựa trên vùng đô thị phát triển đô thị.],en,urban_housing,phrase,B2
d43c4a1f-b702-4aba-8d72-3b89d16991b7,residential architecture,/residential architecture/,dân cư kiến trúc,Effective Urban Life & Housing relies on residential architecture. [Lĩnh vực Đô thị & Nhà ở hiệu quả dựa trên dân cư kiến trúc.],en,urban_housing,phrase,B2
b1b1245b-ed9f-4b7b-af0b-d762c7b6551b,residential metropolis,/residential metropolis/,dân cư đô thị lớn,Effective Urban Life & Housing relies on residential metropolis. [Lĩnh vực Đô thị & Nhà ở hiệu quả dựa trên dân cư đô thị lớn.],en,urban_housing,phrase,B2
dcbe7a14-657e-421d-9e8f-77708b2c50e0,residential neighborhood,/residential neighborhood/,dân cư khu phố,Effective Urban Life & Housing relies on residential neighborhood. [Lĩnh vực Đô thị & Nhà ở hiệu quả dựa trên dân cư khu phố.],en,urban_housing,phrase,B2
fcc3dc7f-4db6-4cc9-9f1e-6dbbe5b3c8c2,residential skyscraper,/residential skyscraper/,dân cư tòa nhà chọc trời,Effective Urban Life & Housing relies on residential skyscraper. [Lĩnh vực Đô thị & Nhà ở hiệu quả dựa trên dân cư tòa nhà chọc trời.],en,urban_housing,phrase,B2
86076752-dcb7-4487-a6f9-6680806bfe12,residential infrastructure,/residential infrastructure/,dân cư cơ sở hạ tầng,Effective Urban Life & Housing relies on residential infrastructure. [Lĩnh vực Đô thị & Nhà ở hiệu quả dựa trên dân cư cơ sở hạ tầng.],en,urban_housing,phrase,B2
adcdffe4-aafd-43d3-b546-a1436261fc7a,residential dwelling,/residential dwelling/,dân cư nhà ở,Effective Urban Life & Housing relies on residential dwelling. [Lĩnh vực Đô thị & Nhà ở hiệu quả dựa trên dân cư nhà ở.],en,urban_housing,phrase,B2
f4a23576-84de-4238-ba4d-6091ee875096,residential tenancy,/residential tenancy/,dân cư thuê nhà,Effective Urban Life & Housing relies on residential tenancy. [Lĩnh vực Đô thị & Nhà ở hiệu quả dựa trên dân cư thuê nhà.],en,urban_housing,phrase,B2
304982f0-30a0-4f39-80b6-c6161cb88f20,residential development,/residential development/,dân cư phát triển đô thị,Effective Urban Life & Housing relies on residential development. [Lĩnh vực Đô thị & Nhà ở hiệu quả dựa trên dân cư phát triển đô thị.],en,urban_housing,phrase,B2
e132456f-450a-466d-9cf6-c789568fc47d,architectural architecture,/architectural architecture/,kiến trúc kiến trúc,Effective Urban Life & Housing relies on architectural architecture. [Lĩnh vực Đô thị & Nhà ở hiệu quả dựa trên kiến trúc kiến trúc.],en,urban_housing,phrase,B2
befc9459-e258-4482-8498-7987a2a18098,architectural metropolis,/architectural metropolis/,kiến trúc đô thị lớn,Effective Urban Life & Housing relies on architectural metropolis. [Lĩnh vực Đô thị & Nhà ở hiệu quả dựa trên kiến trúc đô thị lớn.],en,urban_housing,phrase,B2
31677036-cdb6-44aa-9f91-5577c66cf44b,architectural neighborhood,/architectural neighborhood/,kiến trúc khu phố,Effective Urban Life & Housing relies on architectural neighborhood. [Lĩnh vực Đô thị & Nhà ở hiệu quả dựa trên kiến trúc khu phố.],en,urban_housing,phrase,B2
caac0578-7d5f-4de5-8c1c-161163aaeb79,architectural skyscraper,/architectural skyscraper/,kiến trúc tòa nhà chọc trời,Effective Urban Life & Housing relies on architectural skyscraper. [Lĩnh vực Đô thị & Nhà ở hiệu quả dựa trên kiến trúc tòa nhà chọc trời.],en,urban_housing,phrase,B2
386a0619-6e48-4f1d-8db2-0927ad5752b4,architectural infrastructure,/architectural infrastructure/,kiến trúc cơ sở hạ tầng,Effective Urban Life & Housing relies on architectural infrastructure. [Lĩnh vực Đô thị & Nhà ở hiệu quả dựa trên kiến trúc cơ sở hạ tầng.],en,urban_housing,phrase,B2
b76af113-2cb1-414a-94e2-bbc73157f643,architectural dwelling,/architectural dwelling/,kiến trúc nhà ở,Effective Urban Life & Housing relies on architectural dwelling. [Lĩnh vực Đô thị & Nhà ở hiệu quả dựa trên kiến trúc nhà ở.],en,urban_housing,phrase,B2
b2faeead-55fe-44be-bea2-bc3e9b0fdee9,architectural tenancy,/architectural tenancy/,kiến trúc thuê nhà,Effective Urban Life & Housing relies on architectural tenancy. [Lĩnh vực Đô thị & Nhà ở hiệu quả dựa trên kiến trúc thuê nhà.],en,urban_housing,phrase,B2
d73ae5be-213c-49bd-9538-c9252b9549fc,architectural development,/architectural development/,kiến trúc phát triển đô thị,Effective Urban Life & Housing relies on architectural development. [Lĩnh vực Đô thị & Nhà ở hiệu quả dựa trên kiến trúc phát triển đô thị.],en,urban_housing,phrase,B2
836a8480-c4b0-4d0f-81c5-1ed9abbffee3,municipal architecture,/municipal architecture/,thành phố kiến trúc,Effective Urban Life & Housing relies on municipal architecture. [Lĩnh vực Đô thị & Nhà ở hiệu quả dựa trên thành phố kiến trúc.],en,urban_housing,phrase,B2
d28ab6c8-0392-4847-a5a7-29a7d78bfacc,municipal metropolis,/municipal metropolis/,thành phố đô thị lớn,Effective Urban Life & Housing relies on municipal metropolis. [Lĩnh vực Đô thị & Nhà ở hiệu quả dựa trên thành phố đô thị lớn.],en,urban_housing,phrase,B2
17d1a434-cfd5-440b-b6a5-caf216497e71,municipal neighborhood,/municipal neighborhood/,thành phố khu phố,Effective Urban Life & Housing relies on municipal neighborhood. [Lĩnh vực Đô thị & Nhà ở hiệu quả dựa trên thành phố khu phố.],en,urban_housing,phrase,B2
1cd02c3c-6d70-4c48-b761-d3c029220f55,municipal skyscraper,/municipal skyscraper/,thành phố tòa nhà chọc trời,Effective Urban Life & Housing relies on municipal skyscraper. [Lĩnh vực Đô thị & Nhà ở hiệu quả dựa trên thành phố tòa nhà chọc trời.],en,urban_housing,phrase,B2
dd0898b4-1f53-461b-93a4-e0bc7126fc35,municipal infrastructure,/municipal infrastructure/,thành phố cơ sở hạ tầng,Effective Urban Life & Housing relies on municipal infrastructure. [Lĩnh vực Đô thị & Nhà ở hiệu quả dựa trên thành phố cơ sở hạ tầng.],en,urban_housing,phrase,B2
d949eadc-8e2a-4df1-861e-96c8e72303f7,municipal dwelling,/municipal dwelling/,thành phố nhà ở,Effective Urban Life & Housing relies on municipal dwelling. [Lĩnh vực Đô thị & Nhà ở hiệu quả dựa trên thành phố nhà ở.],en,urban_housing,phrase,B2
943561f5-e06d-45ef-a354-72ec6956c8f7,municipal tenancy,/municipal tenancy/,thành phố thuê nhà,Effective Urban Life & Housing relies on municipal tenancy. [Lĩnh vực Đô thị & Nhà ở hiệu quả dựa trên thành phố thuê nhà.],en,urban_housing,phrase,B2
da8ecd01-8296-4255-8fdc-f844a7b6bd53,municipal development,/municipal development/,thành phố phát triển đô thị,Effective Urban Life & Housing relies on municipal development. [Lĩnh vực Đô thị & Nhà ở hiệu quả dựa trên thành phố phát triển đô thị.],en,urban_housing,phrase,B2
38cd9ee9-b72f-4e6a-b3a6-d53a3d5b626a,suburban architecture,/suburban architecture/,ngoại ô kiến trúc,Effective Urban Life & Housing relies on suburban architecture. [Lĩnh vực Đô thị & Nhà ở hiệu quả dựa trên ngoại ô kiến trúc.],en,urban_housing,phrase,B2
bcca38a4-ad08-40e1-954f-9ba1a0912073,suburban metropolis,/suburban metropolis/,ngoại ô đô thị lớn,Effective Urban Life & Housing relies on suburban metropolis. [Lĩnh vực Đô thị & Nhà ở hiệu quả dựa trên ngoại ô đô thị lớn.],en,urban_housing,phrase,B2
33ab76b9-4013-41fc-b037-937b872ac7bc,suburban neighborhood,/suburban neighborhood/,ngoại ô khu phố,Effective Urban Life & Housing relies on suburban neighborhood. [Lĩnh vực Đô thị & Nhà ở hiệu quả dựa trên ngoại ô khu phố.],en,urban_housing,phrase,B2
7718cc8c-edad-486c-9334-69e085a01295,suburban skyscraper,/suburban skyscraper/,ngoại ô tòa nhà chọc trời,Effective Urban Life & Housing relies on suburban skyscraper. [Lĩnh vực Đô thị & Nhà ở hiệu quả dựa trên ngoại ô tòa nhà chọc trời.],en,urban_housing,phrase,B2
7418d70b-fa30-4eb3-b2f3-53b317125e9a,suburban infrastructure,/suburban infrastructure/,ngoại ô cơ sở hạ tầng,Effective Urban Life & Housing relies on suburban infrastructure. [Lĩnh vực Đô thị & Nhà ở hiệu quả dựa trên ngoại ô cơ sở hạ tầng.],en,urban_housing,phrase,B2
7fdc8fba-1bad-414e-a538-0b8b42e2c87b,suburban dwelling,/suburban dwelling/,ngoại ô nhà ở,Effective Urban Life & Housing relies on suburban dwelling. [Lĩnh vực Đô thị & Nhà ở hiệu quả dựa trên ngoại ô nhà ở.],en,urban_housing,phrase,B2
c5a73e8b-6ce3-4fd7-8b2f-9528798bc504,suburban tenancy,/suburban tenancy/,ngoại ô thuê nhà,Effective Urban Life & Housing relies on suburban tenancy. [Lĩnh vực Đô thị & Nhà ở hiệu quả dựa trên ngoại ô thuê nhà.],en,urban_housing,phrase,B2
2c58a73c-2045-4f6e-921b-b73db0bd81ed,suburban development,/suburban development/,ngoại ô phát triển đô thị,Effective Urban Life & Housing relies on suburban development. [Lĩnh vực Đô thị & Nhà ở hiệu quả dựa trên ngoại ô phát triển đô thị.],en,urban_housing,phrase,B2
c23b9f47-b604-4bc5-8605-86a4a48d64d5,infrastructural architecture,/infrastructural architecture/,hạ tầng kiến trúc,Effective Urban Life & Housing relies on infrastructural architecture. [Lĩnh vực Đô thị & Nhà ở hiệu quả dựa trên hạ tầng kiến trúc.],en,urban_housing,phrase,B2
97f0c5f8-09a3-423e-91d2-b9a1a98af446,infrastructural metropolis,/infrastructural metropolis/,hạ tầng đô thị lớn,Effective Urban Life & Housing relies on infrastructural metropolis. [Lĩnh vực Đô thị & Nhà ở hiệu quả dựa trên hạ tầng đô thị lớn.],en,urban_housing,phrase,B2
133efc6d-8d99-4df2-b4fd-7f548f1fa103,cargo,/ˈkɑːrɡəʊ/,hàng hoá,"In Transport & Logistics, 'cargo' is an essential term. [Trong Giao thông & Vận tải, ""cargo"" là một thuật ngữ quan trọng.]",en,transport_logistics,single_word,B1
f7358c99-71f2-4521-96f1-3ad85f24b4cc,transport,/ˈtrænspɔːrt/,vận tải,"In Transport & Logistics, 'transport' is an essential term. [Trong Giao thông & Vận tải, ""transport"" là một thuật ngữ quan trọng.]",en,transport_logistics,single_word,B1
7c621f38-9986-49aa-9746-3837f7cafc8d,transportation,/ˌtrænspərˈteɪʃn/,"sự vận tải, sư vận chuyển","In Transport & Logistics, 'transportation' is an essential term. [Trong Giao thông & Vận tải, ""transportation"" là một thuật ngữ quan trọng.]",en,transport_logistics,single_word,B1
e75a93cf-c552-4e8e-9454-ef8b64df5347,wheel,/wiːl/,bánh   & ); hệ thống bánh xe,"In Transport & Logistics, 'wheel' is an essential term. [Trong Giao thông & Vận tải, ""wheel"" là một thuật ngữ quan trọng.]",en,transport_logistics,single_word,B1
17b22b43-f919-46b2-ac95-691a7ec83468,railway,/ˈreɪlweɪ/,"đường sắt, đường xe lửa, đường ray; đường sắt","In Transport & Logistics, 'railway' is an essential term. [Trong Giao thông & Vận tải, ""railway"" là một thuật ngữ quan trọng.]",en,transport_logistics,single_word,B1
d5e6d3e2-a074-4c22-af81-f169f9261ff9,ship,/ʃɪp/,"tàu thuỷ, tàu; máy bay, phi cơ","In Transport & Logistics, 'ship' is an essential term. [Trong Giao thông & Vận tải, ""ship"" là một thuật ngữ quan trọng.]",en,transport_logistics,single_word,B1
8d85b192-7ff7-4fbc-bebb-4cf351a84602,traffic,/ˈtræfɪk/,"sự đi lại, sự giao thông; sự vận tải, sự chuyên chở","In Transport & Logistics, 'traffic' is an essential term. [Trong Giao thông & Vận tải, ""traffic"" là một thuật ngữ quan trọng.]",en,transport_logistics,single_word,B1
2e8031d1-9b73-4ee1-a401-85c36568495b,trailer,/ˈtreɪlər/,"người lần theo dấu vết, người theo dò; xe moóc, toa moóc","In Transport & Logistics, 'trailer' is an essential term. [Trong Giao thông & Vận tải, ""trailer"" là một thuật ngữ quan trọng.]",en,transport_logistics,single_word,B1
dc604f53-ba1a-4adb-a016-a793f9f33a57,vehicle,/ˈviːəkl/,"xe, xe cộ; vật truyền, phương tiện truyền bá","In Transport & Logistics, 'vehicle' is an essential term. [Trong Giao thông & Vận tải, ""vehicle"" là một thuật ngữ quan trọng.]",en,transport_logistics,single_word,B1
ff245be1-dc2b-43ef-8e46-b99c5438c792,carbon,/ˈkɑːrbən/,"than, cacbon  [hóa]","In Transport & Logistics, 'carbon' is an essential term. [Trong Giao thông & Vận tải, ""carbon"" là một thuật ngữ quan trọng.]",en,transport_logistics,single_word,B1
d7635596-c65f-4a88-bed9-bd9be5801703,carpet,/ˈkɑːrpɪt/,tấm thảm; thảm,"In Transport & Logistics, 'carpet' is an essential term. [Trong Giao thông & Vận tải, ""carpet"" là một thuật ngữ quan trọng.]",en,transport_logistics,single_word,B1
7e7be375-f9ee-4f18-87cc-2e73e8dd2be5,motorcycle,/ˈməʊtərsaɪkl/,"đi xe mô tô, lái xe mô tô","In Transport & Logistics, 'motorcycle' is an essential term. [Trong Giao thông & Vận tải, ""motorcycle"" là một thuật ngữ quan trọng.]",en,transport_logistics,single_word,B1
d5167d22-71c7-4f9d-9c88-2fc35523f3c2,shipping,/ˈʃɪpɪŋ/,sự xếp hàng xuống tàu; sự chở hàng bằng tàu; tàu,"In Transport & Logistics, 'shipping' is an essential term. [Trong Giao thông & Vận tải, ""shipping"" là một thuật ngữ quan trọng.]",en,transport_logistics,single_word,B1
5f4f6a7e-b957-4506-8b89-6b58b070e7ef,station,/ˈsteɪʃn/,"ga, ma trận; water-power s. nhà máy thuỷ điện","In Transport & Logistics, 'station' is an essential term. [Trong Giao thông & Vận tải, ""station"" là một thuật ngữ quan trọng.]",en,transport_logistics,single_word,B1
2ec2a91c-1af5-48ff-8b78-12700b47de89,strain,/streɪn/,biến dạng; finite s. biến dạng hữu hạn,"In Transport & Logistics, 'strain' is an essential term. [Trong Giao thông & Vận tải, ""strain"" là một thuật ngữ quan trọng.]",en,transport_logistics,single_word,B1
bf3147b6-ef6e-40ae-872b-d598d1f474e5,abuse,/əˈbjuːs/,"sự lạm dụng, sự lộng hành; thói xấu, hủ tục","In Transport & Logistics, 'abuse' is an essential term. [Trong Giao thông & Vận tải, ""abuse"" là một thuật ngữ quan trọng.]",en,transport_logistics,single_word,B1
9a798acc-c64a-4db8-9a87-1ad3e97f78f7,bicycle,/ˈbaɪsɪkl/,xe đạp; đi xe đạp,"In Transport & Logistics, 'bicycle' is an essential term. [Trong Giao thông & Vận tải, ""bicycle"" là một thuật ngữ quan trọng.]",en,transport_logistics,single_word,B1
26d8d70e-c959-4090-ade5-0c55e60af73f,bridge,/brɪdʒ/,cầu; suspension b.  cầu treo,"In Transport & Logistics, 'bridge' is an essential term. [Trong Giao thông & Vận tải, ""bridge"" là một thuật ngữ quan trọng.]",en,transport_logistics,single_word,B1
5e442193-a4ee-452a-ac29-d64dca2d1430,bush,/bʊʃ/,"bụi cây, bụi rậm; rừng cây bụi","In Transport & Logistics, 'bush' is an essential term. [Trong Giao thông & Vận tải, ""bush"" là một thuật ngữ quan trọng.]",en,transport_logistics,single_word,B1
adb6a8b1-f22a-4eea-b136-494cec44234d,busy,/ˈbɪzi/,bận [điện thoại],"In Transport & Logistics, 'busy' is an essential term. [Trong Giao thông & Vận tải, ""busy"" là một thuật ngữ quan trọng.]",en,transport_logistics,single_word,B1
ed88388e-fc71-4a3b-8701-53a73de2a0e2,card,/kɑːrd/,"tấm bìa, phiếu tính có lỗ; bảng;  quân bài; correetion c. bảng sửa chữa","In Transport & Logistics, 'card' is an essential term. [Trong Giao thông & Vận tải, ""card"" là một thuật ngữ quan trọng.]",en,transport_logistics,single_word,B1
9d153854-5eb4-484b-b5e0-675e7544f5cb,carrot,/ˈkærət/,cây cà rốt; củ cà rốt; tóc đỏ hoe; người tóc đỏ hoe,"In Transport & Logistics, 'carrot' is an essential term. [Trong Giao thông & Vận tải, ""carrot"" là một thuật ngữ quan trọng.]",en,transport_logistics,single_word,B1
487c58fb-4d98-4c75-ab76-877a5cf17b5e,carry,/ˈkæri/,"số mang sang hàng tiếp theo, sự chuyển sang // mang sang; accumulative c. số mang sang được tích luỹ","In Transport & Logistics, 'carry' is an essential term. [Trong Giao thông & Vận tải, ""carry"" là một thuật ngữ quan trọng.]",en,transport_logistics,single_word,B1
9615746c-9f8c-4fae-828c-5e6bef9953f8,carve,/kɑːrv/,"khắc, tạc, chạm, đục; tạo, tạo thành","In Transport & Logistics, 'carve' is an essential term. [Trong Giao thông & Vận tải, ""carve"" là một thuật ngữ quan trọng.]",en,transport_logistics,single_word,B1
94a19319-f440-4884-b659-26169aa6a656,discard,/dɪˈskɑːrd/,chui,"In Transport & Logistics, 'discard' is an essential term. [Trong Giao thông & Vận tải, ""discard"" là một thuật ngữ quan trọng.]",en,transport_logistics,single_word,B1
fa2f1c85-bbdd-416c-b4e3-7b1f97fb2e95,lorry,/ˈlɔːri/,xe tải  motor lorry); toa chở hàng,"In Transport & Logistics, 'lorry' is an essential term. [Trong Giao thông & Vận tải, ""lorry"" là một thuật ngữ quan trọng.]",en,transport_logistics,single_word,B1
19f68b99-19b4-485d-baad-1ce240954928,membership,/ˈmembərʃɪp/,"[sự, tính] thuộc về","In Transport & Logistics, 'membership' is an essential term. [Trong Giao thông & Vận tải, ""membership"" là một thuật ngữ quan trọng.]",en,transport_logistics,single_word,B1
104dd1bf-b359-4f4f-af3c-287929a0fc3d,move,/muːv/,chuyển động; đi;  nước đi; chane m.  nước đi ngẫu nhiên,"In Transport & Logistics, 'move' is an essential term. [Trong Giao thông & Vận tải, ""move"" là một thuật ngữ quan trọng.]",en,transport_logistics,single_word,B1
859ce530-0a7d-4848-9fae-3da55dfe9dff,movement,/ˈmuːvmənt/,"sự chuyển động, sự di chuyển","In Transport & Logistics, 'movement' is an essential term. [Trong Giao thông & Vận tải, ""movement"" là một thuật ngữ quan trọng.]",en,transport_logistics,single_word,B1
a7517d2a-b0a6-4842-a221-e767ee0dc9bb,navigation,/ˌnævɪˈɡeɪʃn/,"hàng hải, hàng hải học; đạo hàng, môn dẫn đường","In Transport & Logistics, 'navigation' is an essential term. [Trong Giao thông & Vận tải, ""navigation"" là một thuật ngữ quan trọng.]",en,transport_logistics,single_word,B1
8d8f909a-52cf-4ae7-bc54-b04fc38bbfe6,ownership,/ˈəʊnərʃɪp/,quyền sở hữu,"In Transport & Logistics, 'ownership' is an essential term. [Trong Giao thông & Vận tải, ""ownership"" là một thuật ngữ quan trọng.]",en,transport_logistics,single_word,B1
631ed395-da7b-422a-8885-59af99aa67cd,rail,/reɪl/,"tay vịn ; bao lơn, lan can, thành ; lá chắn; hàng rào,  hàng rào chấn song","In Transport & Logistics, 'rail' is an essential term. [Trong Giao thông & Vận tải, ""rail"" là một thuật ngữ quan trọng.]",en,transport_logistics,single_word,B1
ccdf8f16-ad27-4c43-8261-e0ce80fc4807,remove,/rɪˈmuːv/,"bỏ đi, khử","In Transport & Logistics, 'remove' is an essential term. [Trong Giao thông & Vận tải, ""remove"" là một thuật ngữ quan trọng.]",en,transport_logistics,single_word,B1
a2d2ae79-ffb0-4798-bf30-feb67dc2cb58,restraint,/rɪˈstreɪnt/,"sự giới hạn, sự hạn chế","In Transport & Logistics, 'restraint' is an essential term. [Trong Giao thông & Vận tải, ""restraint"" là một thuật ngữ quan trọng.]",en,transport_logistics,single_word,B1
547a1699-3aa9-43bb-9d71-6d150a905516,robust,/rəʊˈbʌst/,"khoẻ mạnh, tráng kiện, cường tráng; làm mạnh khoẻ; đòi hỏi sức mạnh","In Transport & Logistics, 'robust' is an essential term. [Trong Giao thông & Vận tải, ""robust"" là một thuật ngữ quan trọng.]",en,transport_logistics,single_word,B1
79d820b4-6ae6-4850-b8e7-f960c57a3e03,route,/ruːt/,"hành trình, con đường","In Transport & Logistics, 'route' is an essential term. [Trong Giao thông & Vận tải, ""route"" là một thuật ngữ quan trọng.]",en,transport_logistics,single_word,B1
05bd81b4-ba48-4046-b589-42025b2b9b70,sail,/seɪl/,"buồm; tàu, thuyền","In Transport & Logistics, 'sail' is an essential term. [Trong Giao thông & Vận tải, ""sail"" là một thuật ngữ quan trọng.]",en,transport_logistics,single_word,B1
669b8c19-11ff-4651-8a92-734df74a6ad6,scary,/ˈskeri/,"làm sợ hãi, làm kinh hãi, làm khiếp sợ, nhát như cáy","In Transport & Logistics, 'scary' is an essential term. [Trong Giao thông & Vận tải, ""scary"" là một thuật ngữ quan trọng.]",en,transport_logistics,single_word,B1
f27ca6a7-9d7e-4553-9ac4-67ecf5ef4279,sponsorship,/ˈspɑːnsərʃɪp/,"trách nhiệm của cha đỡ đầu, trách nhiệm của mẹ đỡ đầu","In Transport & Logistics, 'sponsorship' is an essential term. [Trong Giao thông & Vận tải, ""sponsorship"" là một thuật ngữ quan trọng.]",en,transport_logistics,single_word,B1
06c9710c-16fe-4bee-9bc4-c64903b65042,steer,/stɪr/,lái; hướng  về,"In Transport & Logistics, 'steer' is an essential term. [Trong Giao thông & Vận tải, ""steer"" là một thuật ngữ quan trọng.]",en,transport_logistics,single_word,B1
9535a284-3fe8-411c-b6ba-67682119c52d,track,/træk/,"vết, đường; digit t.  vết của chữ số","In Transport & Logistics, 'track' is an essential term. [Trong Giao thông & Vận tải, ""track"" là một thuật ngữ quan trọng.]",en,transport_logistics,single_word,B1
28139b3c-c48c-4318-85b7-ee045216481c,trail,/treɪl/,"vạch, vệt dài; vết, dấu vết","In Transport & Logistics, 'trail' is an essential term. [Trong Giao thông & Vận tải, ""trail"" là một thuật ngữ quan trọng.]",en,transport_logistics,single_word,B1
33ce2b59-4dc8-4c4d-8a2f-b4541a21ec35,train,/treɪn/,xe lửa; đoàn; đoàn tuỳ tùng,"In Transport & Logistics, 'train' is an essential term. [Trong Giao thông & Vận tải, ""train"" là một thuật ngữ quan trọng.]",en,transport_logistics,single_word,B1
b0c6faab-db83-49fd-94ae-7e3bb922be89,training,/ˈtreɪnɪŋ/,"sự dạy dỗ, sự rèn luyện; sự đào tạo; sự tập dượt","In Transport & Logistics, 'training' is an essential term. [Trong Giao thông & Vận tải, ""training"" là một thuật ngữ quan trọng.]",en,transport_logistics,single_word,B1
04332c00-f21a-4c04-b65e-fd8a1a87bf78,truck,/trʌk/,"sự trao đổi, sự đổi chác; đồ linh tinh, hàng vặt","In Transport & Logistics, 'truck' is an essential term. [Trong Giao thông & Vận tải, ""truck"" là một thuật ngữ quan trọng.]",en,transport_logistics,single_word,B1
503aad7e-10ef-454f-af7c-6cebbd0b5aed,worship,/ˈwɜːrʃɪp/,"sự thờ cúng, sự cúng bái; sự tôn kính, sự suy tôn, sự tôn sùng","In Transport & Logistics, 'worship' is an essential term. [Trong Giao thông & Vận tải, ""worship"" là một thuật ngữ quan trọng.]",en,transport_logistics,single_word,B1
a9517827-6fec-4a56-b95d-1c17b0a0a53a,anchor,/ˈæŋkər/,"cái neo, mỏ neo; neo sắt, mấu neo","In Transport & Logistics, 'anchor' is an essential term. [Trong Giao thông & Vận tải, ""anchor"" là một thuật ngữ quan trọng.]",en,transport_logistics,single_word,B1
e16e3273-dcf2-4680-b8d7-7e301d8676fd,creep,/kriːp/,rão; từ biến,"In Transport & Logistics, 'creep' is an essential term. [Trong Giao thông & Vận tải, ""creep"" là một thuật ngữ quan trọng.]",en,transport_logistics,single_word,B1
be153576-637b-4a15-b5e2-ebee2fba630a,deck,/dek/,cỗ bài,"In Transport & Logistics, 'deck' is an essential term. [Trong Giao thông & Vận tải, ""deck"" là một thuật ngữ quan trọng.]",en,transport_logistics,single_word,B1
72a7cdc7-3e53-4bb2-8ab9-7ba2402346d3,engine,/ˈendʒɪn/,"máy, môtơ, động cơ, cơ cấu, dụng cụ; explosion e. động cơ đốt trong, máy nổ","In Transport & Logistics, 'engine' is an essential term. [Trong Giao thông & Vận tải, ""engine"" là một thuật ngữ quan trọng.]",en,transport_logistics,single_word,B1
84053696-68f8-4d2f-9214-7fc3c857d698,logistic logistics,/logistic logistics/,hậu cần hậu cần,Effective Transport & Logistics relies on logistic logistics. [Lĩnh vực Giao thông & Vận tải hiệu quả dựa trên hậu cần hậu cần.],en,transport_logistics,phrase,B2
50e2c4a2-e3f1-4397-bf8d-4f65e07e63fb,logistic freight,/logistic freight/,hậu cần hàng hóa,Effective Transport & Logistics relies on logistic freight. [Lĩnh vực Giao thông & Vận tải hiệu quả dựa trên hậu cần hàng hóa.],en,transport_logistics,phrase,B2
ebda1ad6-6763-4dd3-bb59-bf8859a2f55b,logistic warehousing,/logistic warehousing/,hậu cần kho bãi,Effective Transport & Logistics relies on logistic warehousing. [Lĩnh vực Giao thông & Vận tải hiệu quả dựa trên hậu cần kho bãi.],en,transport_logistics,phrase,B2
9e879672-fbef-452c-a7cf-afb50a9d9cfe,logistic fleet,/logistic fleet/,hậu cần đội xe,Effective Transport & Logistics relies on logistic fleet. [Lĩnh vực Giao thông & Vận tải hiệu quả dựa trên hậu cần đội xe.],en,transport_logistics,phrase,B2
bf6068d4-238a-4101-9413-d5140ad69c77,logistic terminal,/logistic terminal/,hậu cần nhà ga,Effective Transport & Logistics relies on logistic terminal. [Lĩnh vực Giao thông & Vận tải hiệu quả dựa trên hậu cần nhà ga.],en,transport_logistics,phrase,B2
e9c9b6e3-9746-44d2-9d5e-e33b078b99aa,logistic navigation,/logistic navigation/,hậu cần định vị hàng hải,Effective Transport & Logistics relies on logistic navigation. [Lĩnh vực Giao thông & Vận tải hiệu quả dựa trên hậu cần định vị hàng hải.],en,transport_logistics,phrase,B2
168a6ebc-b494-4500-89a1-02eb4f082e89,logistic cargo,/logistic cargo/,hậu cần kiện hàng,Effective Transport & Logistics relies on logistic cargo. [Lĩnh vực Giao thông & Vận tải hiệu quả dựa trên hậu cần kiện hàng.],en,transport_logistics,phrase,B2
7a84517a-c9c8-4702-90f3-e6cbd7fe82d7,logistic delivery,/logistic delivery/,hậu cần giao hàng,Effective Transport & Logistics relies on logistic delivery. [Lĩnh vực Giao thông & Vận tải hiệu quả dựa trên hậu cần giao hàng.],en,transport_logistics,phrase,B2
36578d50-8132-4acc-992d-b83ea006a799,transit logistics,/transit logistics/,quá cảnh hậu cần,Effective Transport & Logistics relies on transit logistics. [Lĩnh vực Giao thông & Vận tải hiệu quả dựa trên quá cảnh hậu cần.],en,transport_logistics,phrase,B2
f3d21c76-9c37-4dbb-a962-df7f7bf05188,transit freight,/transit freight/,quá cảnh hàng hóa,Effective Transport & Logistics relies on transit freight. [Lĩnh vực Giao thông & Vận tải hiệu quả dựa trên quá cảnh hàng hóa.],en,transport_logistics,phrase,B2
d71d6744-7b00-4058-a988-85c273db0ff0,transit warehousing,/transit warehousing/,quá cảnh kho bãi,Effective Transport & Logistics relies on transit warehousing. [Lĩnh vực Giao thông & Vận tải hiệu quả dựa trên quá cảnh kho bãi.],en,transport_logistics,phrase,B2
c6a0c2c6-6e2b-4c85-83e1-441a059d661b,transit fleet,/transit fleet/,quá cảnh đội xe,Effective Transport & Logistics relies on transit fleet. [Lĩnh vực Giao thông & Vận tải hiệu quả dựa trên quá cảnh đội xe.],en,transport_logistics,phrase,B2
1b6e51f5-0792-4855-8f50-4d926f7b440c,transit terminal,/transit terminal/,quá cảnh nhà ga,Effective Transport & Logistics relies on transit terminal. [Lĩnh vực Giao thông & Vận tải hiệu quả dựa trên quá cảnh nhà ga.],en,transport_logistics,phrase,B2
59b02439-55ff-4134-85e5-f6446e418d45,transit navigation,/transit navigation/,quá cảnh định vị hàng hải,Effective Transport & Logistics relies on transit navigation. [Lĩnh vực Giao thông & Vận tải hiệu quả dựa trên quá cảnh định vị hàng hải.],en,transport_logistics,phrase,B2
861491f5-50f5-4a59-bc6a-7e0bb8c9053a,transit cargo,/transit cargo/,quá cảnh kiện hàng,Effective Transport & Logistics relies on transit cargo. [Lĩnh vực Giao thông & Vận tải hiệu quả dựa trên quá cảnh kiện hàng.],en,transport_logistics,phrase,B2
6fedae63-c7c5-4207-8ce4-af90b7cb3f3a,transit delivery,/transit delivery/,quá cảnh giao hàng,Effective Transport & Logistics relies on transit delivery. [Lĩnh vực Giao thông & Vận tải hiệu quả dựa trên quá cảnh giao hàng.],en,transport_logistics,phrase,B2
c7ca2479-55b9-4336-897c-ed2592496e8c,freight logistics,/freight logistics/,vận chuyển hàng hậu cần,Effective Transport & Logistics relies on freight logistics. [Lĩnh vực Giao thông & Vận tải hiệu quả dựa trên vận chuyển hàng hậu cần.],en,transport_logistics,phrase,B2
3cb7e641-7a99-4514-bcf4-9c5946235bcb,freight freight,/freight freight/,vận chuyển hàng hàng hóa,Effective Transport & Logistics relies on freight freight. [Lĩnh vực Giao thông & Vận tải hiệu quả dựa trên vận chuyển hàng hàng hóa.],en,transport_logistics,phrase,B2
9f0bce69-4311-4339-b470-3849eb037eb2,freight warehousing,/freight warehousing/,vận chuyển hàng kho bãi,Effective Transport & Logistics relies on freight warehousing. [Lĩnh vực Giao thông & Vận tải hiệu quả dựa trên vận chuyển hàng kho bãi.],en,transport_logistics,phrase,B2
d52db9c5-dae9-4f52-9111-e5ae584c57f5,freight fleet,/freight fleet/,vận chuyển hàng đội xe,Effective Transport & Logistics relies on freight fleet. [Lĩnh vực Giao thông & Vận tải hiệu quả dựa trên vận chuyển hàng đội xe.],en,transport_logistics,phrase,B2
6971880e-1057-445b-9c46-8f1b764684ce,freight terminal,/freight terminal/,vận chuyển hàng nhà ga,Effective Transport & Logistics relies on freight terminal. [Lĩnh vực Giao thông & Vận tải hiệu quả dựa trên vận chuyển hàng nhà ga.],en,transport_logistics,phrase,B2
221afc08-a6f6-44b1-839b-abc43a9edbd4,freight navigation,/freight navigation/,vận chuyển hàng định vị hàng hải,Effective Transport & Logistics relies on freight navigation. [Lĩnh vực Giao thông & Vận tải hiệu quả dựa trên vận chuyển hàng định vị hàng hải.],en,transport_logistics,phrase,B2
d3eec84a-07f2-4f75-9e09-ef12c4f12b70,freight cargo,/freight cargo/,vận chuyển hàng kiện hàng,Effective Transport & Logistics relies on freight cargo. [Lĩnh vực Giao thông & Vận tải hiệu quả dựa trên vận chuyển hàng kiện hàng.],en,transport_logistics,phrase,B2
935e577e-dbc2-4e94-9451-ed5a96b24995,freight delivery,/freight delivery/,vận chuyển hàng giao hàng,Effective Transport & Logistics relies on freight delivery. [Lĩnh vực Giao thông & Vận tải hiệu quả dựa trên vận chuyển hàng giao hàng.],en,transport_logistics,phrase,B2
c52f8e8c-ae29-4be4-9645-dbe40a90bcab,maritime logistics,/maritime logistics/,hàng hải hậu cần,Effective Transport & Logistics relies on maritime logistics. [Lĩnh vực Giao thông & Vận tải hiệu quả dựa trên hàng hải hậu cần.],en,transport_logistics,phrase,B2
c214820c-e6fb-41cd-a2eb-ab064491e02b,maritime freight,/maritime freight/,hàng hải hàng hóa,Effective Transport & Logistics relies on maritime freight. [Lĩnh vực Giao thông & Vận tải hiệu quả dựa trên hàng hải hàng hóa.],en,transport_logistics,phrase,B2
8d92b5d1-75ae-4390-96ed-751cd48585df,maritime warehousing,/maritime warehousing/,hàng hải kho bãi,Effective Transport & Logistics relies on maritime warehousing. [Lĩnh vực Giao thông & Vận tải hiệu quả dựa trên hàng hải kho bãi.],en,transport_logistics,phrase,B2
c11b89f1-3ecc-4310-98a8-c0923c23b4a1,maritime fleet,/maritime fleet/,hàng hải đội xe,Effective Transport & Logistics relies on maritime fleet. [Lĩnh vực Giao thông & Vận tải hiệu quả dựa trên hàng hải đội xe.],en,transport_logistics,phrase,B2
a0aff2b8-517e-4040-b7cb-47f6d9e6faf4,maritime terminal,/maritime terminal/,hàng hải nhà ga,Effective Transport & Logistics relies on maritime terminal. [Lĩnh vực Giao thông & Vận tải hiệu quả dựa trên hàng hải nhà ga.],en,transport_logistics,phrase,B2
c29f0609-9ae1-47b8-af01-4fb8e7091b49,maritime navigation,/maritime navigation/,hàng hải định vị hàng hải,Effective Transport & Logistics relies on maritime navigation. [Lĩnh vực Giao thông & Vận tải hiệu quả dựa trên hàng hải định vị hàng hải.],en,transport_logistics,phrase,B2
c42770c9-226b-4784-af3d-e06810326222,maritime cargo,/maritime cargo/,hàng hải kiện hàng,Effective Transport & Logistics relies on maritime cargo. [Lĩnh vực Giao thông & Vận tải hiệu quả dựa trên hàng hải kiện hàng.],en,transport_logistics,phrase,B2
d62988ec-a195-47c3-b093-3e6def7d6baa,maritime delivery,/maritime delivery/,hàng hải giao hàng,Effective Transport & Logistics relies on maritime delivery. [Lĩnh vực Giao thông & Vận tải hiệu quả dựa trên hàng hải giao hàng.],en,transport_logistics,phrase,B2
0460d257-a49e-4428-8c45-a45c29f066fb,vehicular logistics,/vehicular logistics/,xe cộ hậu cần,Effective Transport & Logistics relies on vehicular logistics. [Lĩnh vực Giao thông & Vận tải hiệu quả dựa trên xe cộ hậu cần.],en,transport_logistics,phrase,B2
93b28284-de43-4e54-8e67-d73da83c032d,vehicular freight,/vehicular freight/,xe cộ hàng hóa,Effective Transport & Logistics relies on vehicular freight. [Lĩnh vực Giao thông & Vận tải hiệu quả dựa trên xe cộ hàng hóa.],en,transport_logistics,phrase,B2
3377047b-7f43-4483-82a0-0398ef739b26,vehicular warehousing,/vehicular warehousing/,xe cộ kho bãi,Effective Transport & Logistics relies on vehicular warehousing. [Lĩnh vực Giao thông & Vận tải hiệu quả dựa trên xe cộ kho bãi.],en,transport_logistics,phrase,B2
d912e8a3-47fa-47a2-b04f-2048b07ed950,vehicular fleet,/vehicular fleet/,xe cộ đội xe,Effective Transport & Logistics relies on vehicular fleet. [Lĩnh vực Giao thông & Vận tải hiệu quả dựa trên xe cộ đội xe.],en,transport_logistics,phrase,B2
e3fa762c-a00c-4ac5-81b3-1bec5081e54e,vehicular terminal,/vehicular terminal/,xe cộ nhà ga,Effective Transport & Logistics relies on vehicular terminal. [Lĩnh vực Giao thông & Vận tải hiệu quả dựa trên xe cộ nhà ga.],en,transport_logistics,phrase,B2
f8a18396-0d5b-4a24-8e38-4b75918801f9,vehicular navigation,/vehicular navigation/,xe cộ định vị hàng hải,Effective Transport & Logistics relies on vehicular navigation. [Lĩnh vực Giao thông & Vận tải hiệu quả dựa trên xe cộ định vị hàng hải.],en,transport_logistics,phrase,B2
9027303c-f5e9-4eb6-b2c5-fb8e88f53fc3,vehicular cargo,/vehicular cargo/,xe cộ kiện hàng,Effective Transport & Logistics relies on vehicular cargo. [Lĩnh vực Giao thông & Vận tải hiệu quả dựa trên xe cộ kiện hàng.],en,transport_logistics,phrase,B2
c431c3ce-4409-4044-8859-4ccfda0c2104,vehicular delivery,/vehicular delivery/,xe cộ giao hàng,Effective Transport & Logistics relies on vehicular delivery. [Lĩnh vực Giao thông & Vận tải hiệu quả dựa trên xe cộ giao hàng.],en,transport_logistics,phrase,B2
e537c52d-75f9-4051-899f-7951aec9d558,railway logistics,/railway logistics/,đường sắt hậu cần,Effective Transport & Logistics relies on railway logistics. [Lĩnh vực Giao thông & Vận tải hiệu quả dựa trên đường sắt hậu cần.],en,transport_logistics,phrase,B2
2d5e0906-e69a-4f20-9679-1b58037eb671,railway freight,/railway freight/,đường sắt hàng hóa,Effective Transport & Logistics relies on railway freight. [Lĩnh vực Giao thông & Vận tải hiệu quả dựa trên đường sắt hàng hóa.],en,transport_logistics,phrase,B2
1543d443-3717-4143-b025-b4e877fb9d37,railway warehousing,/railway warehousing/,đường sắt kho bãi,Effective Transport & Logistics relies on railway warehousing. [Lĩnh vực Giao thông & Vận tải hiệu quả dựa trên đường sắt kho bãi.],en,transport_logistics,phrase,B2
f6136b55-e70c-4e25-9abd-ff02de92dd22,railway fleet,/railway fleet/,đường sắt đội xe,Effective Transport & Logistics relies on railway fleet. [Lĩnh vực Giao thông & Vận tải hiệu quả dựa trên đường sắt đội xe.],en,transport_logistics,phrase,B2
84feda73-78dc-4517-a340-f3d47455f890,railway terminal,/railway terminal/,đường sắt nhà ga,Effective Transport & Logistics relies on railway terminal. [Lĩnh vực Giao thông & Vận tải hiệu quả dựa trên đường sắt nhà ga.],en,transport_logistics,phrase,B2
87392fd4-47e8-479d-bb97-f1e3797b911d,railway navigation,/railway navigation/,đường sắt định vị hàng hải,Effective Transport & Logistics relies on railway navigation. [Lĩnh vực Giao thông & Vận tải hiệu quả dựa trên đường sắt định vị hàng hải.],en,transport_logistics,phrase,B2
b9a67e83-bb64-40f7-b8e1-e83e9cb89762,railway cargo,/railway cargo/,đường sắt kiện hàng,Effective Transport & Logistics relies on railway cargo. [Lĩnh vực Giao thông & Vận tải hiệu quả dựa trên đường sắt kiện hàng.],en,transport_logistics,phrase,B2
ac16d630-63b2-472d-a200-8efaa8fe7522,railway delivery,/railway delivery/,đường sắt giao hàng,Effective Transport & Logistics relies on railway delivery. [Lĩnh vực Giao thông & Vận tải hiệu quả dựa trên đường sắt giao hàng.],en,transport_logistics,phrase,B2
26efb790-2f00-4f8d-839a-465cb89d0616,automated logistics,/automated logistics/,tự động hậu cần,Effective Transport & Logistics relies on automated logistics. [Lĩnh vực Giao thông & Vận tải hiệu quả dựa trên tự động hậu cần.],en,transport_logistics,phrase,B2
9b1a5aaa-dbda-422a-a82e-b75fa23e88f4,automated freight,/automated freight/,tự động hàng hóa,Effective Transport & Logistics relies on automated freight. [Lĩnh vực Giao thông & Vận tải hiệu quả dựa trên tự động hàng hóa.],en,transport_logistics,phrase,B2
ad6f314c-ad91-4d20-af23-837959e1d942,give,/ɡɪv/,"cho, biếu, tặng, ban; cho, sinh ra, đem lại","In Essential Phrasal Verbs, 'give' is an essential term. [Trong Động từ cụm thông dụng, ""give"" là một thuật ngữ quan trọng.]",en,phrasal_verbs_core,single_word,B1
1ce667b3-7d7d-456d-95ff-0c47fd8de577,input,/ˈɪnpʊt/,Đầu vào.,"In Essential Phrasal Verbs, 'input' is an essential term. [Trong Động từ cụm thông dụng, ""input"" là một thuật ngữ quan trọng.]",en,phrasal_verbs_core,single_word,B1
98611b0e-3c86-403a-a3e5-35076f02000d,standing,/ˈstændɪŋ/,"đứng, bất động // vị trí","In Essential Phrasal Verbs, 'standing' is an essential term. [Trong Động từ cụm thông dụng, ""standing"" là một thuật ngữ quan trọng.]",en,phrasal_verbs_core,single_word,B1
975d24ca-b80a-40ea-acbe-61e279eacc71,bring,/brɪŋ/,"cầm lại, đem lại, mang lại, xách lại, đưa lại; đưa ra","In Essential Phrasal Verbs, 'bring' is an essential term. [Trong Động từ cụm thông dụng, ""bring"" là một thuật ngữ quan trọng.]",en,phrasal_verbs_core,single_word,B1
71270283-fa22-4556-92b1-dacb052c1494,category,/ˈkætəɡɔːri/,"phạm trù, hạng mục; c. of sets phạm trù tập hợp","In Essential Phrasal Verbs, 'category' is an essential term. [Trong Động từ cụm thông dụng, ""category"" là một thuật ngữ quan trọng.]",en,phrasal_verbs_core,single_word,B1
aeceab1e-7dc1-4b90-b5a5-85b622ac488a,fall,/fɔːl/,"sự rơi; cột nước, bậc nước, thác nước; free f. sự rơi tự do","In Essential Phrasal Verbs, 'fall' is an essential term. [Trong Động từ cụm thông dụng, ""fall"" là một thuật ngữ quan trọng.]",en,phrasal_verbs_core,single_word,B1
db5483ab-61bd-475e-9f04-51e5a2cb75d7,forget,/fərˈɡet/,"quên, không nhớ đến; coi thường, coi nhẹ","In Essential Phrasal Verbs, 'forget' is an essential term. [Trong Động từ cụm thông dụng, ""forget"" là một thuật ngữ quan trọng.]",en,phrasal_verbs_core,single_word,B1
8a33519f-5a26-4495-9fb3-6c15f9891e60,gather,/ˈɡæðər/,tập trung tích luỹ,"In Essential Phrasal Verbs, 'gather' is an essential term. [Trong Động từ cụm thông dụng, ""gather"" là một thuật ngữ quan trọng.]",en,phrasal_verbs_core,single_word,B1
f4518b06-0883-4c34-add0-0b3824900dfd,go,/ɡəʊ/,"đi, chuyển động","In Essential Phrasal Verbs, 'go' is an essential term. [Trong Động từ cụm thông dụng, ""go"" là một thuật ngữ quan trọng.]",en,phrasal_verbs_core,single_word,B1
3c564cb5-1e95-4f8a-b4a8-afc3909d3ff2,gold,/ɡəʊld/,vàng; tiền vàng,"In Essential Phrasal Verbs, 'gold' is an essential term. [Trong Động từ cụm thông dụng, ""gold"" là một thuật ngữ quan trọng.]",en,phrasal_verbs_core,single_word,B1
7f6ca43b-7392-45ed-a581-e2f49bde0b0c,golden,/ˈɡəʊldən/,"bằng vàng; có vàng, nhiều vàng","In Essential Phrasal Verbs, 'golden' is an essential term. [Trong Động từ cụm thông dụng, ""golden"" là một thuật ngữ quan trọng.]",en,phrasal_verbs_core,single_word,B1
d9a11be0-7a17-4e14-8720-f987113c79e7,good,/ɡʊd/,tốt,"In Essential Phrasal Verbs, 'good' is an essential term. [Trong Động từ cụm thông dụng, ""good"" là một thuật ngữ quan trọng.]",en,phrasal_verbs_core,single_word,B1
3431d241-2d9c-481d-a06f-f5127d3e398c,goodness,/ˈɡʊdnəs/,tính chất tốt; g. of fit  sự phù hợp,"In Essential Phrasal Verbs, 'goodness' is an essential term. [Trong Động từ cụm thông dụng, ""goodness"" là một thuật ngữ quan trọng.]",en,phrasal_verbs_core,single_word,B1
c24c4145-9ea6-4bee-93b8-488e2b9e21cb,governance,/ˈɡʌvərnəns/,"sự cai trị, sự thống trị; sự cai quản; nhiệm vụ cai quản","In Essential Phrasal Verbs, 'governance' is an essential term. [Trong Động từ cụm thông dụng, ""governance"" là một thuật ngữ quan trọng.]",en,phrasal_verbs_core,single_word,B1
4d494436-b50c-4fe3-8519-c8fec6798e6d,governor,/ˈɡʌvərnər/,"[bộ, cái] điều khiển, cái ổn định; speed g. bộ điều chỉnh tốc độ","In Essential Phrasal Verbs, 'governor' is an essential term. [Trong Động từ cụm thông dụng, ""governor"" là một thuật ngữ quan trọng.]",en,phrasal_verbs_core,single_word,B1
f85cf87a-5149-4567-82f8-8f3b8a6cfd3b,hold,/həʊld/,"giữ, chiếm; cố định","In Essential Phrasal Verbs, 'hold' is an essential term. [Trong Động từ cụm thông dụng, ""hold"" là một thuật ngữ quan trọng.]",en,phrasal_verbs_core,single_word,B1
4704a9c4-f85f-4987-9738-faf54f490ea2,intake,/ˈɪnteɪk/,điểm lấy nước vào; sự lấy vào; vật lấy vào; lượng lấy vào,"In Essential Phrasal Verbs, 'intake' is an essential term. [Trong Động từ cụm thông dụng, ""intake"" là một thuật ngữ quan trọng.]",en,phrasal_verbs_core,single_word,B1
013df56e-2a16-4134-ac73-1d0d8264f9f8,keep,/kiːp/,giữ; theo ; tiến hành  k. on tiếp tục,"In Essential Phrasal Verbs, 'keep' is an essential term. [Trong Động từ cụm thông dụng, ""keep"" là một thuật ngữ quan trọng.]",en,phrasal_verbs_core,single_word,B1
c0944828-562a-45e1-8dbf-4f65336c4d1e,look,/lʊk/,"nhìn, quan sát","In Essential Phrasal Verbs, 'look' is an essential term. [Trong Động từ cụm thông dụng, ""look"" là một thuật ngữ quan trọng.]",en,phrasal_verbs_core,single_word,B1
63138b87-3fd8-446c-a32a-1f410cdd4361,outstanding,/aʊtˈstændɪŋ/,nổi tiếng;  chưa trả hết; quá hạn,"In Essential Phrasal Verbs, 'outstanding' is an essential term. [Trong Động từ cụm thông dụng, ""outstanding"" là một thuật ngữ quan trọng.]",en,phrasal_verbs_core,single_word,B1
b9bf445d-3dc4-4d06-a456-b440299259f8,overturn,/ˌəʊvərˈtɜːrn/,"sự lật đổ, sự đảo lộn[,ouvə'tə:n]; lật đổ, lật nhào, đạp đổ","In Essential Phrasal Verbs, 'overturn' is an essential term. [Trong Động từ cụm thông dụng, ""overturn"" là một thuật ngữ quan trọng.]",en,phrasal_verbs_core,single_word,B1
a93115b0-96e8-4254-accd-f560c9453823,return,/rɪˈtɜːrn/,quay lại;  làm lưu thông vốn; expected r.  thu nhập trung bình,"In Essential Phrasal Verbs, 'return' is an essential term. [Trong Động từ cụm thông dụng, ""return"" là một thuật ngữ quan trọng.]",en,phrasal_verbs_core,single_word,B1
36169f80-60ca-444a-ba38-2ef2aa107b03,set,/set/,tập hợp; s. of equations hệ phương trình,"In Essential Phrasal Verbs, 'set' is an essential term. [Trong Động từ cụm thông dụng, ""set"" là một thuật ngữ quan trọng.]",en,phrasal_verbs_core,single_word,B1
142376c8-76ed-4cd3-a3d1-11d5bcb3a799,settle,/ˈsetl/,"ghế tủ; giải quyết, ổn định tư tưởng, dàn xếp, hoà giải","In Essential Phrasal Verbs, 'settle' is an essential term. [Trong Động từ cụm thông dụng, ""settle"" là một thuật ngữ quan trọng.]",en,phrasal_verbs_core,single_word,B1
7dfde8fc-aa00-4c66-9040-7b935bd33201,settler,/ˈsetlər/,"người giải quyết; người thực dân, người đến lập nghiệp ở thuộc địa","In Essential Phrasal Verbs, 'settler' is an essential term. [Trong Động từ cụm thông dụng, ""settler"" là một thuật ngữ quan trọng.]",en,phrasal_verbs_core,single_word,B1
8d831aa5-603d-423a-a5ed-f4e5ed3499e6,stand,/stænd/,đứng; đặt để; ở s. for thay cho,"In Essential Phrasal Verbs, 'stand' is an essential term. [Trong Động từ cụm thông dụng, ""stand"" là một thuật ngữ quan trọng.]",en,phrasal_verbs_core,single_word,B1
15729566-af3f-46af-b8f0-06820e295991,take,/teɪk/,lấy to t. an expresion into another biến đổi một biểu thức thành; một biểu thức khác; to t. a logarithm lấy lôga; to t. notice chú ý; to t.,"In Essential Phrasal Verbs, 'take' is an essential term. [Trong Động từ cụm thông dụng, ""take"" là một thuật ngữ quan trọng.]",en,phrasal_verbs_core,single_word,B1
6fdf9ee4-83fa-4946-89d2-6d5376214130,turnover,/ˈtɜːrnəʊvər/,"vòng quay, sự tròn xoay","In Essential Phrasal Verbs, 'turnover' is an essential term. [Trong Động từ cụm thông dụng, ""turnover"" là một thuật ngữ quan trọng.]",en,phrasal_verbs_core,single_word,B1
94dcf4de-8b0e-49f7-83c7-c831e2e9eb64,undertake,/ˌʌndərˈteɪk/,"làm, định làm; nhận làm, cam kết","In Essential Phrasal Verbs, 'undertake' is an essential term. [Trong Động từ cụm thông dụng, ""undertake"" là một thuật ngữ quan trọng.]",en,phrasal_verbs_core,single_word,B1
1f19dcc6-65a3-4586-9404-1fab6d58c054,uphold,/ʌpˈhəʊld/,"nâng lên; ngước  lên; giưng cao; đỡ, chống, chống đỡ","In Essential Phrasal Verbs, 'uphold' is an essential term. [Trong Động từ cụm thông dụng, ""uphold"" là một thuật ngữ quan trọng.]",en,phrasal_verbs_core,single_word,B1
a69cd0b9-a675-41a9-af4b-ba4d59c05242,wisdom,/ˈwɪzdəm/,"tính khôn ngoan; sự từng tri, sự lịch duyệt","In Essential Phrasal Verbs, 'wisdom' is an essential term. [Trong Động từ cụm thông dụng, ""wisdom"" là một thuật ngữ quan trọng.]",en,phrasal_verbs_core,single_word,B1
c1fe1b43-951a-4c0c-a4a1-fc3f81bf75f0,wise,/waɪz/,"khôn, khôn ngoan; có kinh nghiệm, từng tri, hiểu biết, lịch duyệt","In Essential Phrasal Verbs, 'wise' is an essential term. [Trong Động từ cụm thông dụng, ""wise"" là một thuật ngữ quan trọng.]",en,phrasal_verbs_core,single_word,B1
0391b004-7570-48e2-901f-8d481bdbc867,ago,/əˈɡəʊ/,"trước đây, về trước","In Essential Phrasal Verbs, 'ago' is an essential term. [Trong Động từ cụm thông dụng, ""ago"" là một thuật ngữ quan trọng.]",en,phrasal_verbs_core,single_word,B1
9bfbe4b4-3cc4-465d-9e38-70fffa658718,asset,/ˈæset/,Tài sản.,"In Essential Phrasal Verbs, 'asset' is an essential term. [Trong Động từ cụm thông dụng, ""asset"" là một thuật ngữ quan trọng.]",en,phrasal_verbs_core,single_word,B1
500f14a4-659b-4804-9a2b-a1583a2e83f7,break,/breɪk/,"làm vỡ, đứt, dời ra; b. off ngắt","In Essential Phrasal Verbs, 'break' is an essential term. [Trong Động từ cụm thông dụng, ""break"" là một thuật ngữ quan trọng.]",en,phrasal_verbs_core,single_word,B1
31944c50-7802-4ba6-8d55-e160bf447ec2,breakdown,/ˈbreɪkdaʊn/,"đánh xuyên/thủng; hư hỏng, sư cố; đứt; suy giảm; đánh xuyên/thủng","In Essential Phrasal Verbs, 'breakdown' is an essential term. [Trong Động từ cụm thông dụng, ""breakdown"" là một thuật ngữ quan trọng.]",en,phrasal_verbs_core,single_word,B1
81388229-d08b-4450-a4d1-3e54b2bc3fb8,breakthrough,/ˈbreɪkθruː/,sự chọc thủng phòng tuyến,"In Essential Phrasal Verbs, 'breakthrough' is an essential term. [Trong Động từ cụm thông dụng, ""breakthrough"" là một thuật ngữ quan trọng.]",en,phrasal_verbs_core,single_word,B1
3066cc15-af94-48da-8a56-6ab27f22afd1,budget,/ˈbʌdʒɪt/,ngân sách,"In Essential Phrasal Verbs, 'budget' is an essential term. [Trong Động từ cụm thông dụng, ""budget"" là một thuật ngữ quan trọng.]",en,phrasal_verbs_core,single_word,B1
3b0c8abb-c0d8-4524-856e-e8752dd82abd,build,/bɪld/,"xây dựng, thiết kế","In Essential Phrasal Verbs, 'build' is an essential term. [Trong Động từ cụm thông dụng, ""build"" là một thuật ngữ quan trọng.]",en,phrasal_verbs_core,single_word,B1
6f66fd7a-3601-45ca-a04b-6e75798e98d0,call,/kɔːl/,"gọi, gọi là // sự gọi; incoming c.  tiếng gọi vào","In Essential Phrasal Verbs, 'call' is an essential term. [Trong Động từ cụm thông dụng, ""call"" là một thuật ngữ quan trọng.]",en,phrasal_verbs_core,single_word,B1
c9b78dbe-d58c-4d7f-89e3-47a50878129a,come,/kʌm/,"đến, tới, đi đến, đi tới, đi lại; sắp đến, sắp tới","In Essential Phrasal Verbs, 'come' is an essential term. [Trong Động từ cụm thông dụng, ""come"" là một thuật ngữ quan trọng.]",en,phrasal_verbs_core,single_word,B1
97dcb0dd-6cec-46e3-933b-fd3251d65093,comedy,/ˈkɑːmədi/,"kịch vui, hài kịch; thể kịch nói thông thường","In Essential Phrasal Verbs, 'comedy' is an essential term. [Trong Động từ cụm thông dụng, ""comedy"" là một thuật ngữ quan trọng.]",en,phrasal_verbs_core,single_word,B1
a55d8a4c-660d-44f0-9ec4-8bf0e81b7cdb,critically,/ˈkrɪtɪkli/,"chỉ trích, trách cứ; trầm trọng","In Essential Phrasal Verbs, 'critically' is an essential term. [Trong Động từ cụm thông dụng, ""critically"" là một thuật ngữ quan trọng.]",en,phrasal_verbs_core,single_word,B1
5afec22f-d905-48a0-8664-d01dbfe353c1,dispute,/dɪˈspjuːt/,"cuộc bàn cãi, cuộc tranh luận; cuộc tranh chấp","In Essential Phrasal Verbs, 'dispute' is an essential term. [Trong Động từ cụm thông dụng, ""dispute"" là một thuật ngữ quan trọng.]",en,phrasal_verbs_core,single_word,B1
4a50e701-7a54-4977-933c-c1591bd154b6,dramatically,/drəˈmætɪkli/,đột ngột,"In Essential Phrasal Verbs, 'dramatically' is an essential term. [Trong Động từ cụm thông dụng, ""dramatically"" là một thuật ngữ quan trọng.]",en,phrasal_verbs_core,single_word,B1
7aff8107-0482-4f63-8d57-d704907ec5cb,ego,/ˈiːɡəʊ/,cái tôi,"In Essential Phrasal Verbs, 'ego' is an essential term. [Trong Động từ cụm thông dụng, ""ego"" là một thuật ngữ quan trọng.]",en,phrasal_verbs_core,single_word,B1
9fa12f80-d722-4f25-a9ee-d73c9ec51d5e,freeze,/friːz/,làm đông đặc; làm định tĩnh,"In Essential Phrasal Verbs, 'freeze' is an essential term. [Trong Động từ cụm thông dụng, ""freeze"" là một thuật ngữ quan trọng.]",en,phrasal_verbs_core,single_word,B1
bb319194-be64-4f9b-ae72-5a2074368e36,get,/ɡet/,được; tính,"In Essential Phrasal Verbs, 'get' is an essential term. [Trong Động từ cụm thông dụng, ""get"" là một thuật ngữ quan trọng.]",en,phrasal_verbs_core,single_word,B1
e368a63d-9648-4bdb-910f-fe6547b4b57c,god,/ɡɑːd/,"thần; Chúa, trời, thượng đế","In Essential Phrasal Verbs, 'god' is an essential term. [Trong Động từ cụm thông dụng, ""god"" là một thuật ngữ quan trọng.]",en,phrasal_verbs_core,single_word,B1
f4a9574e-6946-4fab-98eb-c80e34270dd3,goodbye,/ˌɡʊdˈbaɪ/,tạm biệt,"In Essential Phrasal Verbs, 'goodbye' is an essential term. [Trong Động từ cụm thông dụng, ""goodbye"" là một thuật ngữ quan trọng.]",en,phrasal_verbs_core,single_word,B1
a01bf777-a045-4841-a8df-6b5f2c109d58,bring forward,/bring forward/,mang về phía trước,Effective Essential Phrasal Verbs relies on bring forward. [Lĩnh vực Động từ cụm thông dụng hiệu quả dựa trên mang về phía trước.],en,phrasal_verbs_core,phrase,B2
83b9aa2c-77ff-4224-abfd-8eececd0fcdc,bring out,/bring out/,mang ra ngoài,Effective Essential Phrasal Verbs relies on bring out. [Lĩnh vực Động từ cụm thông dụng hiệu quả dựa trên mang ra ngoài.],en,phrasal_verbs_core,phrase,B2
30b5055b-97ce-4aa2-b647-61647b6bfbcd,bring up,/bring up/,mang lên,Effective Essential Phrasal Verbs relies on bring up. [Lĩnh vực Động từ cụm thông dụng hiệu quả dựa trên mang lên.],en,phrasal_verbs_core,phrase,B2
0c65196b-29c2-4549-8dcb-831b742eada7,bring through,/bring through/,mang đến cùng,Effective Essential Phrasal Verbs relies on bring through. [Lĩnh vực Động từ cụm thông dụng hiệu quả dựa trên mang đến cùng.],en,phrasal_verbs_core,phrase,B2
c30e5661-51d5-462e-b2a7-562a3a2228fe,bring together,/bring together/,mang cùng nhau,Effective Essential Phrasal Verbs relies on bring together. [Lĩnh vực Động từ cụm thông dụng hiệu quả dựa trên mang cùng nhau.],en,phrasal_verbs_core,phrase,B2
86d4f588-af07-4c4d-8e32-a90e2d75475b,bring about,/bring about/,mang lại,Effective Essential Phrasal Verbs relies on bring about. [Lĩnh vực Động từ cụm thông dụng hiệu quả dựa trên mang lại.],en,phrasal_verbs_core,phrase,B2
44ebb491-c897-4752-accd-7a62c31afbe3,bring ahead,/bring ahead/,mang phía trước,Effective Essential Phrasal Verbs relies on bring ahead. [Lĩnh vực Động từ cụm thông dụng hiệu quả dựa trên mang phía trước.],en,phrasal_verbs_core,phrase,B2
27f0fd14-7bd2-49a7-99df-2f2bb99d418f,bring back,/bring back/,mang trở lại,Effective Essential Phrasal Verbs relies on bring back. [Lĩnh vực Động từ cụm thông dụng hiệu quả dựa trên mang trở lại.],en,phrasal_verbs_core,phrase,B2
2d3d620b-b73d-4894-819a-f3cea714a193,take forward,/take forward/,tiếp nhận về phía trước,Effective Essential Phrasal Verbs relies on take forward. [Lĩnh vực Động từ cụm thông dụng hiệu quả dựa trên tiếp nhận về phía trước.],en,phrasal_verbs_core,phrase,B2
795f6630-6e85-443b-b79c-e2fb7cb68708,take out,/take out/,tiếp nhận ra ngoài,Effective Essential Phrasal Verbs relies on take out. [Lĩnh vực Động từ cụm thông dụng hiệu quả dựa trên tiếp nhận ra ngoài.],en,phrasal_verbs_core,phrase,B2
585d3483-f725-4e6c-be9b-aadb22a1398c,take up,/take up/,tiếp nhận lên,Effective Essential Phrasal Verbs relies on take up. [Lĩnh vực Động từ cụm thông dụng hiệu quả dựa trên tiếp nhận lên.],en,phrasal_verbs_core,phrase,B2
f1ccdabb-550e-43f1-a733-c54ee996f9a6,take through,/take through/,tiếp nhận đến cùng,Effective Essential Phrasal Verbs relies on take through. [Lĩnh vực Động từ cụm thông dụng hiệu quả dựa trên tiếp nhận đến cùng.],en,phrasal_verbs_core,phrase,B2
7c25c337-717a-45ec-b17e-49053f3dabee,take together,/take together/,tiếp nhận cùng nhau,Effective Essential Phrasal Verbs relies on take together. [Lĩnh vực Động từ cụm thông dụng hiệu quả dựa trên tiếp nhận cùng nhau.],en,phrasal_verbs_core,phrase,B2
e03b09bd-d3ae-4288-ae46-6c9f4be29a2f,take about,/take about/,tiếp nhận lại,Effective Essential Phrasal Verbs relies on take about. [Lĩnh vực Động từ cụm thông dụng hiệu quả dựa trên tiếp nhận lại.],en,phrasal_verbs_core,phrase,B2
363a1085-c149-49e2-bf9f-fc46c2a42536,take ahead,/take ahead/,tiếp nhận phía trước,Effective Essential Phrasal Verbs relies on take ahead. [Lĩnh vực Động từ cụm thông dụng hiệu quả dựa trên tiếp nhận phía trước.],en,phrasal_verbs_core,phrase,B2
7f4d8de9-17e3-4671-bd0b-b0bbf4a33b21,take back,/take back/,tiếp nhận trở lại,Effective Essential Phrasal Verbs relies on take back. [Lĩnh vực Động từ cụm thông dụng hiệu quả dựa trên tiếp nhận trở lại.],en,phrasal_verbs_core,phrase,B2
6976383a-4aa7-4def-a0b6-527a3b421072,turn forward,/turn forward/,chuyển về phía trước,Effective Essential Phrasal Verbs relies on turn forward. [Lĩnh vực Động từ cụm thông dụng hiệu quả dựa trên chuyển về phía trước.],en,phrasal_verbs_core,phrase,B2
0012b85d-3084-4ffe-8a21-801b2b0df335,turn out,/turn out/,chuyển ra ngoài,Effective Essential Phrasal Verbs relies on turn out. [Lĩnh vực Động từ cụm thông dụng hiệu quả dựa trên chuyển ra ngoài.],en,phrasal_verbs_core,phrase,B2
debdcc03-24d6-4937-b8cc-35d435007329,turn up,/turn up/,chuyển lên,Effective Essential Phrasal Verbs relies on turn up. [Lĩnh vực Động từ cụm thông dụng hiệu quả dựa trên chuyển lên.],en,phrasal_verbs_core,phrase,B2
ecd0ee68-3f91-4fb3-aefc-cad9034e80f1,turn through,/turn through/,chuyển đến cùng,Effective Essential Phrasal Verbs relies on turn through. [Lĩnh vực Động từ cụm thông dụng hiệu quả dựa trên chuyển đến cùng.],en,phrasal_verbs_core,phrase,B2
8657b9da-e435-40a0-ae53-bb438a653132,turn together,/turn together/,chuyển cùng nhau,Effective Essential Phrasal Verbs relies on turn together. [Lĩnh vực Động từ cụm thông dụng hiệu quả dựa trên chuyển cùng nhau.],en,phrasal_verbs_core,phrase,B2
fdef7d9e-ca81-4a30-b2a9-4e596ee3e8ef,turn about,/turn about/,chuyển lại,Effective Essential Phrasal Verbs relies on turn about. [Lĩnh vực Động từ cụm thông dụng hiệu quả dựa trên chuyển lại.],en,phrasal_verbs_core,phrase,B2
c3efe7ae-c8e2-412e-900b-2369af0d8086,turn ahead,/turn ahead/,chuyển phía trước,Effective Essential Phrasal Verbs relies on turn ahead. [Lĩnh vực Động từ cụm thông dụng hiệu quả dựa trên chuyển phía trước.],en,phrasal_verbs_core,phrase,B2
89bce73f-65c8-4aab-aaa1-e4c08fd98182,turn back,/turn back/,chuyển trở lại,Effective Essential Phrasal Verbs relies on turn back. [Lĩnh vực Động từ cụm thông dụng hiệu quả dựa trên chuyển trở lại.],en,phrasal_verbs_core,phrase,B2
2f3f6570-4a10-48c5-9cc6-32729461a22f,look forward,/look forward/,tìm về phía trước,Effective Essential Phrasal Verbs relies on look forward. [Lĩnh vực Động từ cụm thông dụng hiệu quả dựa trên tìm về phía trước.],en,phrasal_verbs_core,phrase,B2
20443e76-c2d0-4575-9801-8b38f2512a06,look out,/look out/,tìm ra ngoài,Effective Essential Phrasal Verbs relies on look out. [Lĩnh vực Động từ cụm thông dụng hiệu quả dựa trên tìm ra ngoài.],en,phrasal_verbs_core,phrase,B2
02c01cfa-1055-40a7-9748-8f9743f90e1b,look up,/look up/,tìm lên,Effective Essential Phrasal Verbs relies on look up. [Lĩnh vực Động từ cụm thông dụng hiệu quả dựa trên tìm lên.],en,phrasal_verbs_core,phrase,B2
4742f7fc-15ae-4d66-b29f-d55b9b7ff53c,look through,/look through/,tìm đến cùng,Effective Essential Phrasal Verbs relies on look through. [Lĩnh vực Động từ cụm thông dụng hiệu quả dựa trên tìm đến cùng.],en,phrasal_verbs_core,phrase,B2
35c2b8ea-ab5b-4ee0-863b-496d60c89e81,look together,/look together/,tìm cùng nhau,Effective Essential Phrasal Verbs relies on look together. [Lĩnh vực Động từ cụm thông dụng hiệu quả dựa trên tìm cùng nhau.],en,phrasal_verbs_core,phrase,B2
81f07b3e-d087-44d7-b111-55d79e9c67fe,look about,/look about/,tìm lại,Effective Essential Phrasal Verbs relies on look about. [Lĩnh vực Động từ cụm thông dụng hiệu quả dựa trên tìm lại.],en,phrasal_verbs_core,phrase,B2
3aee5696-2b59-416f-a834-dfda3501e49c,look ahead,/look ahead/,tìm phía trước,Effective Essential Phrasal Verbs relies on look ahead. [Lĩnh vực Động từ cụm thông dụng hiệu quả dựa trên tìm phía trước.],en,phrasal_verbs_core,phrase,B2
6be69e70-c93f-4d98-9cc2-d76da7b41624,look back,/look back/,tìm trở lại,Effective Essential Phrasal Verbs relies on look back. [Lĩnh vực Động từ cụm thông dụng hiệu quả dựa trên tìm trở lại.],en,phrasal_verbs_core,phrase,B2
d7e28e6b-d806-4112-8fea-88f53c43602b,set forward,/set forward/,thiết lập về phía trước,Effective Essential Phrasal Verbs relies on set forward. [Lĩnh vực Động từ cụm thông dụng hiệu quả dựa trên thiết lập về phía trước.],en,phrasal_verbs_core,phrase,B2
9939ea55-0f5c-46ae-8da9-7faf74d80494,set out,/set out/,thiết lập ra ngoài,Effective Essential Phrasal Verbs relies on set out. [Lĩnh vực Động từ cụm thông dụng hiệu quả dựa trên thiết lập ra ngoài.],en,phrasal_verbs_core,phrase,B2
1f1b8e1e-6a43-4023-94e6-27180c6c96a4,set up,/set up/,thiết lập lên,Effective Essential Phrasal Verbs relies on set up. [Lĩnh vực Động từ cụm thông dụng hiệu quả dựa trên thiết lập lên.],en,phrasal_verbs_core,phrase,B2
d34c0dc8-a67f-4870-be61-b083fda6ddb7,set through,/set through/,thiết lập đến cùng,Effective Essential Phrasal Verbs relies on set through. [Lĩnh vực Động từ cụm thông dụng hiệu quả dựa trên thiết lập đến cùng.],en,phrasal_verbs_core,phrase,B2
6781dd6a-3f0a-4af0-abd7-b3a44afb5278,set together,/set together/,thiết lập cùng nhau,Effective Essential Phrasal Verbs relies on set together. [Lĩnh vực Động từ cụm thông dụng hiệu quả dựa trên thiết lập cùng nhau.],en,phrasal_verbs_core,phrase,B2
d7432a66-fd9c-4307-8aeb-e4d9652d8ccf,set about,/set about/,thiết lập lại,Effective Essential Phrasal Verbs relies on set about. [Lĩnh vực Động từ cụm thông dụng hiệu quả dựa trên thiết lập lại.],en,phrasal_verbs_core,phrase,B2
55899a30-13a7-4bca-bfec-d51058669092,set ahead,/set ahead/,thiết lập phía trước,Effective Essential Phrasal Verbs relies on set ahead. [Lĩnh vực Động từ cụm thông dụng hiệu quả dựa trên thiết lập phía trước.],en,phrasal_verbs_core,phrase,B2
49d862db-e918-423f-ab69-f1d844433bd4,set back,/set back/,thiết lập trở lại,Effective Essential Phrasal Verbs relies on set back. [Lĩnh vực Động từ cụm thông dụng hiệu quả dựa trên thiết lập trở lại.],en,phrasal_verbs_core,phrase,B2
73260e3e-7c50-4243-87cb-75a22718279e,carry forward,/carry forward/,thực hiện về phía trước,Effective Essential Phrasal Verbs relies on carry forward. [Lĩnh vực Động từ cụm thông dụng hiệu quả dựa trên thực hiện về phía trước.],en,phrasal_verbs_core,phrase,B2
71607237-3142-4f71-9546-8601f1f483a5,carry out,/carry out/,thực hiện ra ngoài,Effective Essential Phrasal Verbs relies on carry out. [Lĩnh vực Động từ cụm thông dụng hiệu quả dựa trên thực hiện ra ngoài.],en,phrasal_verbs_core,phrase,B2
941600e2-7622-412d-a2c7-3df37c922065,carry up,/carry up/,thực hiện lên,Effective Essential Phrasal Verbs relies on carry up. [Lĩnh vực Động từ cụm thông dụng hiệu quả dựa trên thực hiện lên.],en,phrasal_verbs_core,phrase,B2
0ff00a40-a02d-4162-9b13-4c8a47503c80,carry through,/carry through/,thực hiện đến cùng,Effective Essential Phrasal Verbs relies on carry through. [Lĩnh vực Động từ cụm thông dụng hiệu quả dựa trên thực hiện đến cùng.],en,phrasal_verbs_core,phrase,B2
adc63b17-6601-4f17-bc6e-9bbe1f0e3d4b,carry together,/carry together/,thực hiện cùng nhau,Effective Essential Phrasal Verbs relies on carry together. [Lĩnh vực Động từ cụm thông dụng hiệu quả dựa trên thực hiện cùng nhau.],en,phrasal_verbs_core,phrase,B2
d02365f9-2924-4d5e-b0d7-4715a1ff475b,carry about,/carry about/,thực hiện lại,Effective Essential Phrasal Verbs relies on carry about. [Lĩnh vực Động từ cụm thông dụng hiệu quả dựa trên thực hiện lại.],en,phrasal_verbs_core,phrase,B2
24114d0d-984b-4dc2-aca8-4ae4c511166b,carry ahead,/carry ahead/,thực hiện phía trước,Effective Essential Phrasal Verbs relies on carry ahead. [Lĩnh vực Động từ cụm thông dụng hiệu quả dựa trên thực hiện phía trước.],en,phrasal_verbs_core,phrase,B2
e3d37451-6058-4865-959c-71aabc31c03f,carry back,/carry back/,thực hiện trở lại,Effective Essential Phrasal Verbs relies on carry back. [Lĩnh vực Động từ cụm thông dụng hiệu quả dựa trên thực hiện trở lại.],en,phrasal_verbs_core,phrase,B2
8a9981d6-2c33-420d-9044-921f8f8fc24f,come forward,/come forward/,đạt được về phía trước,Effective Essential Phrasal Verbs relies on come forward. [Lĩnh vực Động từ cụm thông dụng hiệu quả dựa trên đạt được về phía trước.],en,phrasal_verbs_core,phrase,B2
051993f4-bf77-4bf0-995e-40e0cbd82149,come out,/come out/,đạt được ra ngoài,Effective Essential Phrasal Verbs relies on come out. [Lĩnh vực Động từ cụm thông dụng hiệu quả dựa trên đạt được ra ngoài.],en,phrasal_verbs_core,phrase,B2
b5210fb7-6f5c-4b0b-931f-240e29e7f15d,methodology,/ˌmeθəˈdɑːlədʒi/,Phương pháp luận.,"In Academic Collocations, 'methodology' is an essential term. [Trong Cụm từ học thuật ăn điểm, ""methodology"" là một thuật ngữ quan trọng.]",en,collocations_academic,single_word,B1
bf3db4ad-21b6-4e7f-ab72-1a942931e41d,concept,/ˈkɑːnsept/,"khái niệm, quan niệm; absolute c. khái niệm tuyệt đối","In Academic Collocations, 'concept' is an essential term. [Trong Cụm từ học thuật ăn điểm, ""concept"" là một thuật ngữ quan trọng.]",en,collocations_academic,single_word,B1
96fec868-4277-4d89-af7a-abace732f343,effect,/ɪˈfekt/,"tác dụng, hiệu quả, hiệu ứng, ảnh hưởng; curvature e. hiệu ứng độ cong","In Academic Collocations, 'effect' is an essential term. [Trong Cụm từ học thuật ăn điểm, ""effect"" là một thuật ngữ quan trọng.]",en,collocations_academic,single_word,B1
6efbd525-548a-420e-8c74-e49815b6b94b,effective,/ɪˈfektɪv/,"hữu hiệu, có hiệu quả","In Academic Collocations, 'effective' is an essential term. [Trong Cụm từ học thuật ăn điểm, ""effective"" là một thuật ngữ quan trọng.]",en,collocations_academic,single_word,B1
1cda4f34-896f-491d-b1e4-39cecfea3eb1,effectively,/ɪˈfektɪvli/,"một cách hữu hiệu, một cách hiệu quả","In Academic Collocations, 'effectively' is an essential term. [Trong Cụm từ học thuật ăn điểm, ""effectively"" là một thuật ngữ quan trọng.]",en,collocations_academic,single_word,B1
7efd62ce-ae8d-47a4-b263-948184136ebe,effectiveness,/ɪˈfektɪvnəs/,"tính hữu hiệu, tính hiệu quả","In Academic Collocations, 'effectiveness' is an essential term. [Trong Cụm từ học thuật ăn điểm, ""effectiveness"" là một thuật ngữ quan trọng.]",en,collocations_academic,single_word,B1
2c6b63c1-cb76-46f5-a108-8c72e1a572ae,impact,/ˈɪmpækt/,"va, va chạm; plastic i. va chạm dẻo","In Academic Collocations, 'impact' is an essential term. [Trong Cụm từ học thuật ăn điểm, ""impact"" là một thuật ngữ quan trọng.]",en,collocations_academic,single_word,B1
320d0b33-c563-4f6e-875a-1a6ada1a04ff,process,/ˈprɑːses/,"quá trình, phương pháp, cách p. with in dependent increments; quá trình với gia số độc lập","In Academic Collocations, 'process' is an essential term. [Trong Cụm từ học thuật ăn điểm, ""process"" là một thuật ngữ quan trọng.]",en,collocations_academic,single_word,B1
7f453028-b539-44b5-b253-aae3e5615ad2,processor,/ˈprɑːsesər/,"máy chế biến, máy xử lý; bộ xử lý trong máy tính","In Academic Collocations, 'processor' is an essential term. [Trong Cụm từ học thuật ăn điểm, ""processor"" là một thuật ngữ quan trọng.]",en,collocations_academic,single_word,B1
6544cb3d-6d2c-40eb-bc5b-51fc8338f79a,significant,/sɪɡˈnɪfɪkənt/,"có nghĩa, có ỹ nghĩa, đáng kể","In Academic Collocations, 'significant' is an essential term. [Trong Cụm từ học thuật ăn điểm, ""significant"" là một thuật ngữ quan trọng.]",en,collocations_academic,single_word,B1
72df57d1-4d23-4541-b9ab-52962f06ecf4,significantly,/sɪɡˈnɪfɪkəntli/,"theo một cách truyền đạt có ý nghĩa đặc biệt; đáng kể; tới một mức độ quan trọng, tới một mức độ to lớn","In Academic Collocations, 'significantly' is an essential term. [Trong Cụm từ học thuật ăn điểm, ""significantly"" là một thuật ngữ quan trọng.]",en,collocations_academic,single_word,B1
5bb3c3c3-17f4-4339-a27f-ba9b747c1a42,conception,/kənˈsepʃn/,"khái niệm, quan niệm","In Academic Collocations, 'conception' is an essential term. [Trong Cụm từ học thuật ăn điểm, ""conception"" là một thuật ngữ quan trọng.]",en,collocations_academic,single_word,B1
d04357bf-2da9-487a-aeb2-a18c1d0882ed,evidence,/ˈevɪdəns/,sự rõ ràng,"In Academic Collocations, 'evidence' is an essential term. [Trong Cụm từ học thuật ăn điểm, ""evidence"" là một thuật ngữ quan trọng.]",en,collocations_academic,single_word,B1
d9667faf-b314-4e8d-8eff-a8ddda389d2b,factor,/ˈfæktər/,"nhana tử, nhân tố, thừa số, hệ số; f. of a polynomial nhân tử của một đa thức","In Academic Collocations, 'factor' is an essential term. [Trong Cụm từ học thuật ăn điểm, ""factor"" là một thuật ngữ quan trọng.]",en,collocations_academic,single_word,B1
bd768962-e233-43b3-8004-1795f50bab9a,factory,/ˈfæktri/,"nhà máy, xưởng; automatic f.  nhà máy tự động","In Academic Collocations, 'factory' is an essential term. [Trong Cụm từ học thuật ăn điểm, ""factory"" là một thuật ngữ quan trọng.]",en,collocations_academic,single_word,B1
52514c82-8172-4202-8174-c98945aea2fc,issue,/ˈɪʃuː/,sự phát ra; sự phát hành; sự đưa ra; số báo ; số lượng cho ra,"In Academic Collocations, 'issue' is an essential term. [Trong Cụm từ học thuật ăn điểm, ""issue"" là một thuật ngữ quan trọng.]",en,collocations_academic,single_word,B1
e5c78bca-3189-4ef9-91c9-71ecd89eea73,method,/ˈmeθəd/,"phương pháp; m. of approximation phương pháp [gần đúng, xấp xỉ]","In Academic Collocations, 'method' is an essential term. [Trong Cụm từ học thuật ăn điểm, ""method"" là một thuật ngữ quan trọng.]",en,collocations_academic,single_word,B1
087cf31a-8239-49d5-8b82-6afd1713b84c,principle,/ˈprɪnsəpl/,nguyên lý; nguyên tắc; định luật; p. of abstraction nguyên tắc trừu tượng hoá,"In Academic Collocations, 'principle' is an essential term. [Trong Cụm từ học thuật ăn điểm, ""principle"" là một thuật ngữ quan trọng.]",en,collocations_academic,single_word,B1
d8923957-6bba-4793-80a3-8992892faca5,processing,/ˈprɑːsesɪŋ/,"xử lý, gia công; date p.  xử lý các dữ kiện","In Academic Collocations, 'processing' is an essential term. [Trong Cụm từ học thuật ăn điểm, ""processing"" là một thuật ngữ quan trọng.]",en,collocations_academic,single_word,B1
e046017c-b9ee-4e4f-9782-b4007d7788b3,result,/rɪˈzʌlt/,"kết quả, thành tựu","In Academic Collocations, 'result' is an essential term. [Trong Cụm từ học thuật ăn điểm, ""result"" là một thuật ngữ quan trọng.]",en,collocations_academic,single_word,B1
18256961-a8b3-4e87-9e96-aacdd03145a3,role,/rəʊl/,"vai, vai trò","In Academic Collocations, 'role' is an essential term. [Trong Cụm từ học thuật ăn điểm, ""role"" là một thuật ngữ quan trọng.]",en,collocations_academic,single_word,B1
8df2a203-e426-4a09-bfbc-fb475b2cc960,tissue,/ˈtɪʃuː/,"vải mỏng; mớ, tràng, dây","In Academic Collocations, 'tissue' is an essential term. [Trong Cụm từ học thuật ăn điểm, ""tissue"" là một thuật ngữ quan trọng.]",en,collocations_academic,single_word,B1
9670fbbb-6e9d-4667-bbde-d88ea39a3f8d,division,/dɪˈvɪʒn/,phép chia; d. by a decimal chia một số thập phân,"In Academic Collocations, 'division' is an essential term. [Trong Cụm từ học thuật ăn điểm, ""division"" là một thuật ngữ quan trọng.]",en,collocations_academic,single_word,B1
5d508e9c-0e04-423b-a461-ecb5538a9e0c,implication,/ˌɪmplɪˈkeɪʃn/,"phép tất suy, sự kéo theo; i. of events  sự kéo theo các sự kiện","In Academic Collocations, 'implication' is an essential term. [Trong Cụm từ học thuật ăn điểm, ""implication"" là một thuật ngữ quan trọng.]",en,collocations_academic,single_word,B1
a8ba040f-f0e2-4f98-9685-490efec1f2d8,outcome,/ˈaʊtkʌm/,"Kết cục, kết quả.","In Academic Collocations, 'outcome' is an essential term. [Trong Cụm từ học thuật ăn điểm, ""outcome"" là một thuật ngữ quan trọng.]",en,collocations_academic,single_word,B1
3bcb932e-6c62-47a5-aeb0-f4417560973c,succeed,/səkˈsiːd/,"kế tiếp, tiếp theo; kế nghiệp; nối ngôi, kế vị","In Academic Collocations, 'succeed' is an essential term. [Trong Cụm từ học thuật ăn điểm, ""succeed"" là một thuật ngữ quan trọng.]",en,collocations_academic,single_word,B1
561e6494-9949-45c1-af9c-e3284bd88e94,video,/ˈvɪdiəʊ/,truyền hình; dùng trong truyền hình; truyền hình,"In Academic Collocations, 'video' is an essential term. [Trong Cụm từ học thuật ăn điểm, ""video"" là một thuật ngữ quan trọng.]",en,collocations_academic,single_word,B1
a9d4a572-b3b5-4413-8053-26dff3ff15b9,accumulation,/əˌkjuːmjəˈleɪʃn/,"sự tích luỹ; sự tụ, điểm tụ","In Academic Collocations, 'accumulation' is an essential term. [Trong Cụm từ học thuật ăn điểm, ""accumulation"" là một thuật ngữ quan trọng.]",en,collocations_academic,single_word,B1
5e1db19b-fa99-4103-825b-b2a978db5583,action,/ˈækʃn/,"tác dụng, tác động; brake a. tác dụng hãm","In Academic Collocations, 'action' is an essential term. [Trong Cụm từ học thuật ăn điểm, ""action"" là một thuật ngữ quan trọng.]",en,collocations_academic,single_word,B1
5ad21980-fd74-4788-802d-c55c40c22ef3,adaptation,/ˌædæpˈteɪʃn/,sự thích nghi,"In Academic Collocations, 'adaptation' is an essential term. [Trong Cụm từ học thuật ăn điểm, ""adaptation"" là một thuật ngữ quan trọng.]",en,collocations_academic,single_word,B1
913ea2b4-5297-465e-a328-3f109e4c9b17,advanced,/ədˈvænst/,"cấp cao, tiên tiến","In Academic Collocations, 'advanced' is an essential term. [Trong Cụm từ học thuật ăn điểm, ""advanced"" là một thuật ngữ quan trọng.]",en,collocations_academic,single_word,B1
58b92db6-12e9-4acc-86aa-34d9062d7cd0,adverse,/ədˈvɜːrs/,"đối địch, thù địch, nghịch lại, chống đối; bất lợi, có hại","In Academic Collocations, 'adverse' is an essential term. [Trong Cụm từ học thuật ăn điểm, ""adverse"" là một thuật ngữ quan trọng.]",en,collocations_academic,single_word,B1
f6ce5d95-48d2-4233-89f4-c8de15db5747,amendment,/əˈmendmənt/,sự cải tà quy chánh; sự sửa đổi cho tốt hơn; sự cải thiện; sự bồi bổ cho tốt hơn,"In Academic Collocations, 'amendment' is an essential term. [Trong Cụm từ học thuật ăn điểm, ""amendment"" là một thuật ngữ quan trọng.]",en,collocations_academic,single_word,B1
72c3ed33-d3d6-4ede-a1e5-61ce6058d5a2,animation,/ˌænɪˈmeɪʃn/,hoạt động tính,"In Academic Collocations, 'animation' is an essential term. [Trong Cụm từ học thuật ăn điểm, ""animation"" là một thuật ngữ quan trọng.]",en,collocations_academic,single_word,B1
6bb5b15b-e147-4760-8ea0-f87d38312c88,architecture,/ˈɑːrkɪtektʃər/,kiến trúc; cấu trúc,"In Academic Collocations, 'architecture' is an essential term. [Trong Cụm từ học thuật ăn điểm, ""architecture"" là một thuật ngữ quan trọng.]",en,collocations_academic,single_word,B1
4defdfed-18df-4c73-a9a6-2277584eec3e,beneficial,/ˌbenɪˈfɪʃl/,có ích; có lợi; tốt; sinh hoa lợi,"In Academic Collocations, 'beneficial' is an essential term. [Trong Cụm từ học thuật ăn điểm, ""beneficial"" là một thuật ngữ quan trọng.]",en,collocations_academic,single_word,B1
6accd490-0bc6-4771-90a7-0c16eb8b23cd,beneficiary,/ˌbenɪˈfɪʃieri/,người hưởng hoa lợi; cha cố giữ tài sản của nhà chung,"In Academic Collocations, 'beneficiary' is an essential term. [Trong Cụm từ học thuật ăn điểm, ""beneficiary"" là một thuật ngữ quan trọng.]",en,collocations_academic,single_word,B1
7ad12f54-7a4c-47fc-8b12-084c51cbf045,bet,/bet/,đánh cuộc,"In Academic Collocations, 'bet' is an essential term. [Trong Cụm từ học thuật ăn điểm, ""bet"" là một thuật ngữ quan trọng.]",en,collocations_academic,single_word,B1
e9080307-dd00-41f5-a02b-23d82814749b,birth,/bɜːrθ/,sự sinh đẻ; sự ra đời; ngày thành lập,"In Academic Collocations, 'birth' is an essential term. [Trong Cụm từ học thuật ăn điểm, ""birth"" là một thuật ngữ quan trọng.]",en,collocations_academic,single_word,B1
1247cd81-c8a3-4669-a0c6-3205d231038b,calculation,/ˌkælkjuˈleɪʃn/,"sự tính toán, phép tính; automatic c. tính toán tự động","In Academic Collocations, 'calculation' is an essential term. [Trong Cụm từ học thuật ăn điểm, ""calculation"" là một thuật ngữ quan trọng.]",en,collocations_academic,single_word,B1
624b2f4a-f722-42ef-ab49-1db02a6edbc7,capitalist,/ˈkæpɪtəlɪst/,"nhà tư bản; nhà tư bản nhỏ, tiểu chủ","In Academic Collocations, 'capitalist' is an essential term. [Trong Cụm từ học thuật ăn điểm, ""capitalist"" là một thuật ngữ quan trọng.]",en,collocations_academic,single_word,B1
1639d4b0-1ffb-4fc3-bdac-7a2b5f8f7aff,change,/tʃeɪndʒ/,"sự thay đổi, sự biến đổi // thay đổi, biến đối; the signs changesthay đổi dấu","In Academic Collocations, 'change' is an essential term. [Trong Cụm từ học thuật ăn điểm, ""change"" là một thuật ngữ quan trọng.]",en,collocations_academic,single_word,B1
1bb4bbaa-da0a-490f-9592-1a7663616452,chemistry,/ˈkemɪstri/,"ngành hoá học; môn hoá học, hoá học","In Academic Collocations, 'chemistry' is an essential term. [Trong Cụm từ học thuật ăn điểm, ""chemistry"" là một thuật ngữ quan trọng.]",en,collocations_academic,single_word,B1
f4b03130-378b-4282-8138-b088b98630d0,closure,/ˈkləʊʒər/,cái bao đóng; integral c. bao đóng nguyên,"In Academic Collocations, 'closure' is an essential term. [Trong Cụm từ học thuật ăn điểm, ""closure"" là một thuật ngữ quan trọng.]",en,collocations_academic,single_word,B1
94736703-13e1-4a08-a2cd-e34c20c0141a,cognitive,/ˈkɑːɡnətɪv/,"liên quan đến nhận thức; dựa trên hiểu biết, kinh nghiệm","In Academic Collocations, 'cognitive' is an essential term. [Trong Cụm từ học thuật ăn điểm, ""cognitive"" là một thuật ngữ quan trọng.]",en,collocations_academic,single_word,B1
df223690-022d-4c77-ae16-613495728798,colour,/ˈkʌlər/,màu = color,"In Academic Collocations, 'colour' is an essential term. [Trong Cụm từ học thuật ăn điểm, ""colour"" là một thuật ngữ quan trọng.]",en,collocations_academic,single_word,B1
5e4692ee-5567-48f0-b8c9-00ca19925863,comparison,/kəmˈpærɪsn/,so sánh,"In Academic Collocations, 'comparison' is an essential term. [Trong Cụm từ học thuật ăn điểm, ""comparison"" là một thuật ngữ quan trọng.]",en,collocations_academic,single_word,B1
a3dd82b1-5fb4-4315-a9df-8c7063d424a9,compensate,/ˈkɑːmpenseɪt/,"bù, bồi thường, bổ chính","In Academic Collocations, 'compensate' is an essential term. [Trong Cụm từ học thuật ăn điểm, ""compensate"" là một thuật ngữ quan trọng.]",en,collocations_academic,single_word,B1
a9cee4fa-d745-4140-9aa8-68a37f377091,completion,/kəmˈpliːʃn/,"sự bổ sung, sự làm cho đầy đủ; sự mở rộng; c. of space sự bổ sung một không gian","In Academic Collocations, 'completion' is an essential term. [Trong Cụm từ học thuật ăn điểm, ""completion"" là một thuật ngữ quan trọng.]",en,collocations_academic,single_word,B1
fa14a6a8-40fc-447c-a3c3-0e00df13ce79,conclude,/kənˈkluːd/,"kết luận, kết thúc","In Academic Collocations, 'conclude' is an essential term. [Trong Cụm từ học thuật ăn điểm, ""conclude"" là một thuật ngữ quan trọng.]",en,collocations_academic,single_word,B1
d2819156-b6e3-491b-a9d1-f2f1c65f1e2d,empirical evidence,/empirical evidence/,thực nghiệm bằng chứng,Effective Academic Collocations relies on empirical evidence. [Lĩnh vực Cụm từ học thuật ăn điểm hiệu quả dựa trên thực nghiệm bằng chứng.],en,collocations_academic,phrase,B2
64d8ae10-ad1a-44b7-a2da-5d3dca9c818c,empirical analysis,/empirical analysis/,thực nghiệm phân tích,Effective Academic Collocations relies on empirical analysis. [Lĩnh vực Cụm từ học thuật ăn điểm hiệu quả dựa trên thực nghiệm phân tích.],en,collocations_academic,phrase,B2
a926efd3-5d61-40a1-b923-cf0882632653,empirical framework,/empirical framework/,thực nghiệm khung lý thuyết,Effective Academic Collocations relies on empirical framework. [Lĩnh vực Cụm từ học thuật ăn điểm hiệu quả dựa trên thực nghiệm khung lý thuyết.],en,collocations_academic,phrase,B2
85b67eef-c5e2-49a3-a4fb-c1085716f150,empirical finding,/empirical finding/,thực nghiệm phát hiện,Effective Academic Collocations relies on empirical finding. [Lĩnh vực Cụm từ học thuật ăn điểm hiệu quả dựa trên thực nghiệm phát hiện.],en,collocations_academic,phrase,B2
983703bb-c459-4484-83f8-816cc67e12db,empirical methodology,/empirical methodology/,thực nghiệm phương pháp luận,Effective Academic Collocations relies on empirical methodology. [Lĩnh vực Cụm từ học thuật ăn điểm hiệu quả dựa trên thực nghiệm phương pháp luận.],en,collocations_academic,phrase,B2
d00eb25a-6508-4b21-bcc1-e5801eb7118d,empirical hypothesis,/empirical hypothesis/,thực nghiệm giả thuyết,Effective Academic Collocations relies on empirical hypothesis. [Lĩnh vực Cụm từ học thuật ăn điểm hiệu quả dựa trên thực nghiệm giả thuyết.],en,collocations_academic,phrase,B2
18e8be03-c111-4dfa-a76c-bed72a4c4efc,empirical literature,/empirical literature/,thực nghiệm tài liệu tham khảo,Effective Academic Collocations relies on empirical literature. [Lĩnh vực Cụm từ học thuật ăn điểm hiệu quả dựa trên thực nghiệm tài liệu tham khảo.],en,collocations_academic,phrase,B2
59d4b23e-8978-4abf-8ec8-e204b7de8b76,empirical perspective,/empirical perspective/,thực nghiệm góc nhìn,Effective Academic Collocations relies on empirical perspective. [Lĩnh vực Cụm từ học thuật ăn điểm hiệu quả dựa trên thực nghiệm góc nhìn.],en,collocations_academic,phrase,B2
92d5ddcb-a87d-42b7-80fc-b31622836320,academic evidence,/academic evidence/,học thuật bằng chứng,Effective Academic Collocations relies on academic evidence. [Lĩnh vực Cụm từ học thuật ăn điểm hiệu quả dựa trên học thuật bằng chứng.],en,collocations_academic,phrase,B2
2f3f719f-68e5-489d-b3a6-c1c6604a5f67,academic analysis,/academic analysis/,học thuật phân tích,Effective Academic Collocations relies on academic analysis. [Lĩnh vực Cụm từ học thuật ăn điểm hiệu quả dựa trên học thuật phân tích.],en,collocations_academic,phrase,B2
d035d19d-ab52-4df8-b8f6-410f9a93efca,academic framework,/academic framework/,học thuật khung lý thuyết,Effective Academic Collocations relies on academic framework. [Lĩnh vực Cụm từ học thuật ăn điểm hiệu quả dựa trên học thuật khung lý thuyết.],en,collocations_academic,phrase,B2
68521498-5d92-49b0-ad5e-72a744f589f4,academic finding,/academic finding/,học thuật phát hiện,Effective Academic Collocations relies on academic finding. [Lĩnh vực Cụm từ học thuật ăn điểm hiệu quả dựa trên học thuật phát hiện.],en,collocations_academic,phrase,B2
1626c650-62b3-4429-b544-eec8400b3d28,academic methodology,/academic methodology/,học thuật phương pháp luận,Effective Academic Collocations relies on academic methodology. [Lĩnh vực Cụm từ học thuật ăn điểm hiệu quả dựa trên học thuật phương pháp luận.],en,collocations_academic,phrase,B2
2e04f969-8e61-4529-8830-305787e6cd32,academic hypothesis,/academic hypothesis/,học thuật giả thuyết,Effective Academic Collocations relies on academic hypothesis. [Lĩnh vực Cụm từ học thuật ăn điểm hiệu quả dựa trên học thuật giả thuyết.],en,collocations_academic,phrase,B2
d44a5f0f-b6a0-47aa-9583-d826737306d8,academic literature,/academic literature/,học thuật tài liệu tham khảo,Effective Academic Collocations relies on academic literature. [Lĩnh vực Cụm từ học thuật ăn điểm hiệu quả dựa trên học thuật tài liệu tham khảo.],en,collocations_academic,phrase,B2
835b9a06-3d62-4baa-9885-7cfc2299623f,academic perspective,/academic perspective/,học thuật góc nhìn,Effective Academic Collocations relies on academic perspective. [Lĩnh vực Cụm từ học thuật ăn điểm hiệu quả dựa trên học thuật góc nhìn.],en,collocations_academic,phrase,B2
6afe979d-e1ab-40de-9011-41981e3a6ce2,critical evidence,/critical evidence/,phản biện bằng chứng,Effective Academic Collocations relies on critical evidence. [Lĩnh vực Cụm từ học thuật ăn điểm hiệu quả dựa trên phản biện bằng chứng.],en,collocations_academic,phrase,B2
3875b86d-3246-4109-9692-2a866bb35e34,critical analysis,/critical analysis/,phản biện phân tích,Effective Academic Collocations relies on critical analysis. [Lĩnh vực Cụm từ học thuật ăn điểm hiệu quả dựa trên phản biện phân tích.],en,collocations_academic,phrase,B2
a4f796b2-7860-43b9-982f-e67ba839e679,critical framework,/critical framework/,phản biện khung lý thuyết,Effective Academic Collocations relies on critical framework. [Lĩnh vực Cụm từ học thuật ăn điểm hiệu quả dựa trên phản biện khung lý thuyết.],en,collocations_academic,phrase,B2
1e3b2d38-c4f2-4b3a-a5fa-64c09440ecad,critical finding,/critical finding/,phản biện phát hiện,Effective Academic Collocations relies on critical finding. [Lĩnh vực Cụm từ học thuật ăn điểm hiệu quả dựa trên phản biện phát hiện.],en,collocations_academic,phrase,B2
11b53c8b-9fb6-4186-8a6d-91494e6081c3,critical methodology,/critical methodology/,phản biện phương pháp luận,Effective Academic Collocations relies on critical methodology. [Lĩnh vực Cụm từ học thuật ăn điểm hiệu quả dựa trên phản biện phương pháp luận.],en,collocations_academic,phrase,B2
593078a9-4eeb-48ae-aad6-91402bd65666,critical hypothesis,/critical hypothesis/,phản biện giả thuyết,Effective Academic Collocations relies on critical hypothesis. [Lĩnh vực Cụm từ học thuật ăn điểm hiệu quả dựa trên phản biện giả thuyết.],en,collocations_academic,phrase,B2
b767532c-3056-494c-9363-fd739fcf60c5,critical literature,/critical literature/,phản biện tài liệu tham khảo,Effective Academic Collocations relies on critical literature. [Lĩnh vực Cụm từ học thuật ăn điểm hiệu quả dựa trên phản biện tài liệu tham khảo.],en,collocations_academic,phrase,B2
fc9494df-a1d4-416c-bc7f-de3689d25cbe,critical perspective,/critical perspective/,phản biện góc nhìn,Effective Academic Collocations relies on critical perspective. [Lĩnh vực Cụm từ học thuật ăn điểm hiệu quả dựa trên phản biện góc nhìn.],en,collocations_academic,phrase,B2
6e429768-c471-49a8-8f2d-79863942d884,statistical evidence,/statistical evidence/,thống kê bằng chứng,Effective Academic Collocations relies on statistical evidence. [Lĩnh vực Cụm từ học thuật ăn điểm hiệu quả dựa trên thống kê bằng chứng.],en,collocations_academic,phrase,B2
a2fa4092-d13e-4e3b-8568-39a810860402,statistical analysis,/statistical analysis/,thống kê phân tích,Effective Academic Collocations relies on statistical analysis. [Lĩnh vực Cụm từ học thuật ăn điểm hiệu quả dựa trên thống kê phân tích.],en,collocations_academic,phrase,B2
3527ae2c-1294-4a18-aa14-9c8131f7d67d,statistical framework,/statistical framework/,thống kê khung lý thuyết,Effective Academic Collocations relies on statistical framework. [Lĩnh vực Cụm từ học thuật ăn điểm hiệu quả dựa trên thống kê khung lý thuyết.],en,collocations_academic,phrase,B2
a84af5d0-0812-4a7d-9e45-236e0c2ccdd7,statistical finding,/statistical finding/,thống kê phát hiện,Effective Academic Collocations relies on statistical finding. [Lĩnh vực Cụm từ học thuật ăn điểm hiệu quả dựa trên thống kê phát hiện.],en,collocations_academic,phrase,B2
6f5a598a-78d0-4bc6-ac15-a598db494113,statistical methodology,/statistical methodology/,thống kê phương pháp luận,Effective Academic Collocations relies on statistical methodology. [Lĩnh vực Cụm từ học thuật ăn điểm hiệu quả dựa trên thống kê phương pháp luận.],en,collocations_academic,phrase,B2
75017303-d295-415f-8c7f-dcff98474408,statistical hypothesis,/statistical hypothesis/,thống kê giả thuyết,Effective Academic Collocations relies on statistical hypothesis. [Lĩnh vực Cụm từ học thuật ăn điểm hiệu quả dựa trên thống kê giả thuyết.],en,collocations_academic,phrase,B2
8357e5be-7ade-479a-88ae-10ee96d8a033,statistical literature,/statistical literature/,thống kê tài liệu tham khảo,Effective Academic Collocations relies on statistical literature. [Lĩnh vực Cụm từ học thuật ăn điểm hiệu quả dựa trên thống kê tài liệu tham khảo.],en,collocations_academic,phrase,B2
143a7b1e-318e-4372-bd48-56a59286699c,statistical perspective,/statistical perspective/,thống kê góc nhìn,Effective Academic Collocations relies on statistical perspective. [Lĩnh vực Cụm từ học thuật ăn điểm hiệu quả dựa trên thống kê góc nhìn.],en,collocations_academic,phrase,B2
a1209a3f-8fc4-422c-8991-872b3e23cd40,significant evidence,/significant evidence/,đáng kể bằng chứng,Effective Academic Collocations relies on significant evidence. [Lĩnh vực Cụm từ học thuật ăn điểm hiệu quả dựa trên đáng kể bằng chứng.],en,collocations_academic,phrase,B2
38e7fc16-321b-4935-b5a8-e350cd5640eb,significant analysis,/significant analysis/,đáng kể phân tích,Effective Academic Collocations relies on significant analysis. [Lĩnh vực Cụm từ học thuật ăn điểm hiệu quả dựa trên đáng kể phân tích.],en,collocations_academic,phrase,B2
6744e812-4e07-436e-9486-979da40587a5,significant framework,/significant framework/,đáng kể khung lý thuyết,Effective Academic Collocations relies on significant framework. [Lĩnh vực Cụm từ học thuật ăn điểm hiệu quả dựa trên đáng kể khung lý thuyết.],en,collocations_academic,phrase,B2
605f3f06-7bc0-4ca2-8d1c-c0748e34b343,significant finding,/significant finding/,đáng kể phát hiện,Effective Academic Collocations relies on significant finding. [Lĩnh vực Cụm từ học thuật ăn điểm hiệu quả dựa trên đáng kể phát hiện.],en,collocations_academic,phrase,B2
54d9b908-1fd7-45a1-9ea4-2c90089cd444,significant methodology,/significant methodology/,đáng kể phương pháp luận,Effective Academic Collocations relies on significant methodology. [Lĩnh vực Cụm từ học thuật ăn điểm hiệu quả dựa trên đáng kể phương pháp luận.],en,collocations_academic,phrase,B2
965f7c0c-dc3b-4f0a-b3ed-d2f181732dbb,significant hypothesis,/significant hypothesis/,đáng kể giả thuyết,Effective Academic Collocations relies on significant hypothesis. [Lĩnh vực Cụm từ học thuật ăn điểm hiệu quả dựa trên đáng kể giả thuyết.],en,collocations_academic,phrase,B2
a6bf04ef-3e5f-4422-9742-4292987abea4,significant literature,/significant literature/,đáng kể tài liệu tham khảo,Effective Academic Collocations relies on significant literature. [Lĩnh vực Cụm từ học thuật ăn điểm hiệu quả dựa trên đáng kể tài liệu tham khảo.],en,collocations_academic,phrase,B2
46e757f6-3ad5-49c1-8428-54080bf4a265,significant perspective,/significant perspective/,đáng kể góc nhìn,Effective Academic Collocations relies on significant perspective. [Lĩnh vực Cụm từ học thuật ăn điểm hiệu quả dựa trên đáng kể góc nhìn.],en,collocations_academic,phrase,B2
99a73b4f-d2bb-47aa-8f8f-3cf68fb8131c,preliminary evidence,/preliminary evidence/,sơ bộ bằng chứng,Effective Academic Collocations relies on preliminary evidence. [Lĩnh vực Cụm từ học thuật ăn điểm hiệu quả dựa trên sơ bộ bằng chứng.],en,collocations_academic,phrase,B2
95ec3994-f967-4284-8490-eb94ecbd98a6,preliminary analysis,/preliminary analysis/,sơ bộ phân tích,Effective Academic Collocations relies on preliminary analysis. [Lĩnh vực Cụm từ học thuật ăn điểm hiệu quả dựa trên sơ bộ phân tích.],en,collocations_academic,phrase,B2
a920e972-df49-43ad-bdc6-4a1b7100b145,preliminary framework,/preliminary framework/,sơ bộ khung lý thuyết,Effective Academic Collocations relies on preliminary framework. [Lĩnh vực Cụm từ học thuật ăn điểm hiệu quả dựa trên sơ bộ khung lý thuyết.],en,collocations_academic,phrase,B2
b0568563-3ec1-46f4-a40b-4606744ace6c,preliminary finding,/preliminary finding/,sơ bộ phát hiện,Effective Academic Collocations relies on preliminary finding. [Lĩnh vực Cụm từ học thuật ăn điểm hiệu quả dựa trên sơ bộ phát hiện.],en,collocations_academic,phrase,B2
137db189-6062-4896-aab9-d44ff8a80eb5,preliminary methodology,/preliminary methodology/,sơ bộ phương pháp luận,Effective Academic Collocations relies on preliminary methodology. [Lĩnh vực Cụm từ học thuật ăn điểm hiệu quả dựa trên sơ bộ phương pháp luận.],en,collocations_academic,phrase,B2
99b5339c-c20f-455f-8697-c7836c5217f9,preliminary hypothesis,/preliminary hypothesis/,sơ bộ giả thuyết,Effective Academic Collocations relies on preliminary hypothesis. [Lĩnh vực Cụm từ học thuật ăn điểm hiệu quả dựa trên sơ bộ giả thuyết.],en,collocations_academic,phrase,B2
cf5944f8-3a9c-432c-9316-691524b576a4,preliminary literature,/preliminary literature/,sơ bộ tài liệu tham khảo,Effective Academic Collocations relies on preliminary literature. [Lĩnh vực Cụm từ học thuật ăn điểm hiệu quả dựa trên sơ bộ tài liệu tham khảo.],en,collocations_academic,phrase,B2
d5e28a5e-72d0-45c3-8554-a4200a4f88ac,preliminary perspective,/preliminary perspective/,sơ bộ góc nhìn,Effective Academic Collocations relies on preliminary perspective. [Lĩnh vực Cụm từ học thuật ăn điểm hiệu quả dựa trên sơ bộ góc nhìn.],en,collocations_academic,phrase,B2
c998c4e6-1a90-4fe3-97b0-a0afc3bcbee8,systematic evidence,/systematic evidence/,hệ thống bằng chứng,Effective Academic Collocations relies on systematic evidence. [Lĩnh vực Cụm từ học thuật ăn điểm hiệu quả dựa trên hệ thống bằng chứng.],en,collocations_academic,phrase,B2
e5f385b4-5d8f-4c5d-a9b4-66ea24a05828,systematic analysis,/systematic analysis/,hệ thống phân tích,Effective Academic Collocations relies on systematic analysis. [Lĩnh vực Cụm từ học thuật ăn điểm hiệu quả dựa trên hệ thống phân tích.],en,collocations_academic,phrase,B2
375a2b4e-2da1-4057-9b8d-7701925347c5,face,/feɪs/,"mặt, diện; bề mặt; f. of simplex mặt của đơn hình","In Idioms & Expressions, 'face' is an essential term. [Trong Thành ngữ thực tế, ""face"" là một thuật ngữ quan trọng.]",en,idioms_expressions,single_word,B1
f0f237e2-6bbb-4544-81ee-c944c7f4662b,head,/hed/,"đầu phần trên, phần trước; đề mục; cột trước; contact h.  đầu tiếp xúc , đầu công tắc","In Idioms & Expressions, 'head' is an essential term. [Trong Thành ngữ thực tế, ""head"" là một thuật ngữ quan trọng.]",en,idioms_expressions,single_word,B1
b9482ba9-59ef-42f9-b970-7393b11557ff,interface,/ˈɪntərfeɪs/,"mặt phân cách, mặt phân giới","In Idioms & Expressions, 'interface' is an essential term. [Trong Thành ngữ thực tế, ""interface"" là một thuật ngữ quan trọng.]",en,idioms_expressions,single_word,B1
b2d2681a-e95e-4487-8ce5-cc43545553dc,phrase,/freɪz/,nhóm từ; thành ngữ,"In Idioms & Expressions, 'phrase' is an essential term. [Trong Thành ngữ thực tế, ""phrase"" là một thuật ngữ quan trọng.]",en,idioms_expressions,single_word,B1
240a3928-7c84-4265-9f4f-a897c15c75a4,sword,/sɔːrd/,"gươm, kiếm; chiến tranh; sự phân định bằng chiến tranh","In Idioms & Expressions, 'sword' is an essential term. [Trong Thành ngữ thực tế, ""sword"" là một thuật ngữ quan trọng.]",en,idioms_expressions,single_word,B1
0c26e3c2-18a5-4fb8-b368-395fe3de56af,deadline,/ˈdedlaɪn/,"đường giới hạn không được vượt qua; hạn cuối cùng ; thời điểm phải làm xong cái gì, thời hạn cuối cùng","In Idioms & Expressions, 'deadline' is an essential term. [Trong Thành ngữ thực tế, ""deadline"" là một thuật ngữ quan trọng.]",en,idioms_expressions,single_word,B1
742528e6-dd20-4893-acd4-d3ff868f8720,eye,/aɪ/,"mắt || nhìn, xem; electric  e. con mắt điện; quang tử","In Idioms & Expressions, 'eye' is an essential term. [Trong Thành ngữ thực tế, ""eye"" là một thuật ngữ quan trọng.]",en,idioms_expressions,single_word,B1
9aac4249-a680-4e0e-ac4e-b92805d5681f,gesture,/ˈdʒestʃər/,"điệu bộ, cử chỉ, động tác; hành động dễ gợi sự đáp lại; hành động để tỏ thiện ý","In Idioms & Expressions, 'gesture' is an essential term. [Trong Thành ngữ thực tế, ""gesture"" là một thuật ngữ quan trọng.]",en,idioms_expressions,single_word,B1
130027ed-baba-4b60-99c4-9b497a71165a,halfway,/ˌhæfˈweɪ/,"nằm ở giữa với hai khoảng cách bằng nhau; nửa đường; nửa chừng; nửa chừng, nửa vời, không triệt để; thoả hiệp","In Idioms & Expressions, 'halfway' is an essential term. [Trong Thành ngữ thực tế, ""halfway"" là một thuật ngữ quan trọng.]",en,idioms_expressions,single_word,B1
1b5a0d27-1e50-4c87-b888-58ccb4ba3e4b,hand,/hænd/,bàn tay;  người chơi;  kim đồng hồ; conter h. kim máy đếm,"In Idioms & Expressions, 'hand' is an essential term. [Trong Thành ngữ thực tế, ""hand"" là một thuật ngữ quan trọng.]",en,idioms_expressions,single_word,B1
84de1f97-ef06-44ec-ad07-cb88997d359e,handful,/ˈhændfʊl/,"nhúm,  nắm;  ít; người khó chịu, việc khó chịu","In Idioms & Expressions, 'handful' is an essential term. [Trong Thành ngữ thực tế, ""handful"" là một thuật ngữ quan trọng.]",en,idioms_expressions,single_word,B1
ae180bab-b888-417a-b7ab-837af357ec0d,handle,/ˈhændl/,"cán, tay cầm, tay lái // điều khiển; sử dụng quay lại","In Idioms & Expressions, 'handle' is an essential term. [Trong Thành ngữ thực tế, ""handle"" là một thuật ngữ quan trọng.]",en,idioms_expressions,single_word,B1
511049d7-490f-4f4c-873b-150758ae6d4e,handling,/ˈhændlɪŋ/,"điều khiển, xử lý, chỉnh lý; data h. chỉnh lý các dữ kiện","In Idioms & Expressions, 'handling' is an essential term. [Trong Thành ngữ thực tế, ""handling"" là một thuật ngữ quan trọng.]",en,idioms_expressions,single_word,B1
e9673650-82b9-4cbc-a248-0e40799d021a,headache,/ˈhedeɪk/,chứng nhức đầu; vấn đề hắc búa,"In Idioms & Expressions, 'headache' is an essential term. [Trong Thành ngữ thực tế, ""headache"" là một thuật ngữ quan trọng.]",en,idioms_expressions,single_word,B1
8c9a9ead-1f03-4d75-8df5-6f899ad430e2,intelligence,/ɪnˈtelɪdʒəns/,"thông minh, tri thức","In Idioms & Expressions, 'intelligence' is an essential term. [Trong Thành ngữ thực tế, ""intelligence"" là một thuật ngữ quan trọng.]",en,idioms_expressions,single_word,B1
889d2d77-d227-413a-bce4-3b7277431710,intelligent,/ɪnˈtelɪdʒənt/,thông minh,"In Idioms & Expressions, 'intelligent' is an essential term. [Trong Thành ngữ thực tế, ""intelligent"" là một thuật ngữ quan trọng.]",en,idioms_expressions,single_word,B1
4c480630-074f-4e0d-8c56-895e0861c534,line,/laɪn/,đường; tuyến; dòng; băng truyền l. at infinity đường thẳng ở vô tận; l. of action đường tác dụng,"In Idioms & Expressions, 'line' is an essential term. [Trong Thành ngữ thực tế, ""line"" là một thuật ngữ quan trọng.]",en,idioms_expressions,single_word,B1
9421ca1a-13a1-417e-ba91-07e6484dfe1e,linear,/ˈlɪniər/,"nét kẻ, thuộc đường kẻ,  đường vạch; dài, hẹp và đều nét","In Idioms & Expressions, 'linear' is an essential term. [Trong Thành ngữ thực tế, ""linear"" là một thuật ngữ quan trọng.]",en,idioms_expressions,single_word,B1
688e8009-1b43-46df-aef0-0416d2eccfac,metaphor,/ˈmetəfər/,phép ẩn dụ,"In Idioms & Expressions, 'metaphor' is an essential term. [Trong Thành ngữ thực tế, ""metaphor"" là một thuật ngữ quan trọng.]",en,idioms_expressions,single_word,B1
e51f1b18-81b9-4993-a747-09cede16dcd5,outline,/ˈaʊtlaɪn/,"nét ngoài, đường nét; hình dáng, hình bóng","In Idioms & Expressions, 'outline' is an essential term. [Trong Thành ngữ thực tế, ""outline"" là một thuật ngữ quan trọng.]",en,idioms_expressions,single_word,B1
e783e8e3-35b0-4122-a7ee-fc663da8cf74,point,/pɔɪnt/,"điểm; vị trí at a p.  một điểm; p. at infinity điểm ở vô tận; p. of accumulation điểm tụ, điểm giới hạn","In Idioms & Expressions, 'point' is an essential term. [Trong Thành ngữ thực tế, ""point"" là một thuật ngữ quan trọng.]",en,idioms_expressions,single_word,B1
aadccc49-5d0f-483d-ba5f-7635253f221d,speak,/spiːk/,"nói; nói với, nói chuyện, nói lên","In Idioms & Expressions, 'speak' is an essential term. [Trong Thành ngữ thực tế, ""speak"" là một thuật ngữ quan trọng.]",en,idioms_expressions,single_word,B1
6f3dd964-e62d-41f2-a989-3c6be511d2a4,speaker,/ˈspiːkər/,"người nói, người diễn thuyết; người thuyết minh","In Idioms & Expressions, 'speaker' is an essential term. [Trong Thành ngữ thực tế, ""speaker"" là một thuật ngữ quan trọng.]",en,idioms_expressions,single_word,B1
70f309ae-67d7-4112-9a1d-24f2c89d0bbc,talk,/tɔːk/,"lời nói; cuộc chuyện trò, cuộc mạn đàm","In Idioms & Expressions, 'talk' is an essential term. [Trong Thành ngữ thực tế, ""talk"" là một thuật ngữ quan trọng.]",en,idioms_expressions,single_word,B1
a887aff1-8116-4a3b-b261-c7ac836e6fbd,tell,/tel/,"nói, nói với, nói lên, nói ra; nói cho biết, bảo","In Idioms & Expressions, 'tell' is an essential term. [Trong Thành ngữ thực tế, ""tell"" là một thuật ngữ quan trọng.]",en,idioms_expressions,single_word,B1
6e1d3415-9fe9-4800-b5cd-4531e166a8ff,viewpoint,/ˈvjuːpɔɪnt/,"chỗ đứng nhìn tốt, chỗ dễ nhìn; quan điểm, điểm nhìn","In Idioms & Expressions, 'viewpoint' is an essential term. [Trong Thành ngữ thực tế, ""viewpoint"" là một thuật ngữ quan trọng.]",en,idioms_expressions,single_word,B1
ada9c965-3e57-46da-a263-49e7b88ecf39,voice,/vɔɪs/,"tiếng, tiếng nói, giọng nói  & ); ý kiến; lời, lời nói; sự bày tỏ, sự phát biểu","In Idioms & Expressions, 'voice' is an essential term. [Trong Thành ngữ thực tế, ""voice"" là một thuật ngữ quan trọng.]",en,idioms_expressions,single_word,B1
f275c4f3-6fef-467e-96b3-79ac09c7dfb6,accent,/ˈæksent/,dấu phẩy,"In Idioms & Expressions, 'accent' is an essential term. [Trong Thành ngữ thực tế, ""accent"" là một thuật ngữ quan trọng.]",en,idioms_expressions,single_word,B1
08c43e1c-dc2f-47fc-9ad0-648ddb831124,ahead,/əˈhed/,"trước, về phía trước, ở thẳng phía trước; nhanh về phía trước, lên trước; hơn, vượt","In Idioms & Expressions, 'ahead' is an essential term. [Trong Thành ngữ thực tế, ""ahead"" là một thuật ngữ quan trọng.]",en,idioms_expressions,single_word,B1
29ae2bca-ddd1-49f1-a336-e5e31fe26bb9,always,/ˈɔːlweɪz/,"luôn luôn, lúc nào cũng, bao giờ cũng, mãi mãi, hoài; đôi khi, đôi lúc, thỉnh thoảng","In Idioms & Expressions, 'always' is an essential term. [Trong Thành ngữ thực tế, ""always"" là một thuật ngữ quan trọng.]",en,idioms_expressions,single_word,B1
30e57e88-82dd-424e-86e2-8957d21e807b,anyway,/ˈeniweɪ/,"thế nào cũng được, cách nào cũng được; dầu sao chăng nữa, dù thế nào đi nữa","In Idioms & Expressions, 'anyway' is an essential term. [Trong Thành ngữ thực tế, ""anyway"" là một thuật ngữ quan trọng.]",en,idioms_expressions,single_word,B1
79b4790b-e14b-459c-8b51-2240933d2cdb,away,/əˈweɪ/,"xa, xa cách, rời xa, xa ra, đi; biến đi, mất đi, hết đi","In Idioms & Expressions, 'away' is an essential term. [Trong Thành ngữ thực tế, ""away"" là một thuật ngữ quan trọng.]",en,idioms_expressions,single_word,B1
6f2abf59-c177-43a6-82c8-c066f412b3d9,base,/beɪs/,"cơ sở, nền, đáy, cơ số; b. of point cơ sở tại một điểm","In Idioms & Expressions, 'base' is an essential term. [Trong Thành ngữ thực tế, ""base"" là một thuật ngữ quan trọng.]",en,idioms_expressions,single_word,B1
273366bc-05de-4241-87b9-5ed69c8201ac,bow,/baʊ/,cái cung; vĩ,"In Idioms & Expressions, 'bow' is an essential term. [Trong Thành ngữ thực tế, ""bow"" là một thuật ngữ quan trọng.]",en,idioms_expressions,single_word,B1
43cea8f7-807c-4baf-bfa1-2d79279f9c5e,counterpart,/ˈkaʊntərpɑːrt/,"tương ứng, đối tác","In Idioms & Expressions, 'counterpart' is an essential term. [Trong Thành ngữ thực tế, ""counterpart"" là một thuật ngữ quan trọng.]",en,idioms_expressions,single_word,B1
52007784-3a32-420b-afbb-0bf24d18a1ac,crack,/kræk/,"làm nứt, làm nứt thành khe","In Idioms & Expressions, 'crack' is an essential term. [Trong Thành ngữ thực tế, ""crack"" là một thuật ngữ quan trọng.]",en,idioms_expressions,single_word,B1
e4166e81-fda5-49c2-8c23-cbe21740031a,decline,/dɪˈklaɪn/,"sự sụt, sự suy tàn, sự suy sụp, sự tàn tạ; bệnh gầy mòn, sự sụt sức","In Idioms & Expressions, 'decline' is an essential term. [Trong Thành ngữ thực tế, ""decline"" là một thuật ngữ quan trọng.]",en,idioms_expressions,single_word,B1
c585c52b-f56a-4432-ab2b-72f7fa6196ec,define,/dɪˈfaɪn/,"định nghĩa, xác định","In Idioms & Expressions, 'define' is an essential term. [Trong Thành ngữ thực tế, ""define"" là một thuật ngữ quan trọng.]",en,idioms_expressions,single_word,B1
e9a40370-ea5a-463e-bda5-ff4e538dc9d1,department,/dɪˈpɑːrtmənt/,"cục; sở; ty; ban; khoa; gian hàng, khu bày hàng","In Idioms & Expressions, 'department' is an essential term. [Trong Thành ngữ thực tế, ""department"" là một thuật ngữ quan trọng.]",en,idioms_expressions,single_word,B1
f83c3f69-57b6-4c92-9212-0eabe8e64e8a,departure,/dɪˈpɑːrtʃər/,"độ lệch, độ sai; sự thay đổi kinh độ","In Idioms & Expressions, 'departure' is an essential term. [Trong Thành ngữ thực tế, ""departure"" là một thuật ngữ quan trọng.]",en,idioms_expressions,single_word,B1
96d6388b-be00-45b5-ae00-dbd08bd34a6b,discipline,/ˈdɪsəplɪn/,kỷ luật; sự rèn luyện trí óc,"In Idioms & Expressions, 'discipline' is an essential term. [Trong Thành ngữ thực tế, ""discipline"" là một thuật ngữ quan trọng.]",en,idioms_expressions,single_word,B1
2befeefd-0c50-4e78-8fa9-4ab16fe901c1,fool,/fuːl/,"món hoa quả nấu; người khờ dại, người ngu xuẩn, người xuẩn ngốc","In Idioms & Expressions, 'fool' is an essential term. [Trong Thành ngữ thực tế, ""fool"" là một thuật ngữ quan trọng.]",en,idioms_expressions,single_word,B1
f0e128a9-87e9-4f77-8681-79e204f7014b,forever,/fərˈevər/,"mãi mãi, vĩnh viễn","In Idioms & Expressions, 'forever' is an essential term. [Trong Thành ngữ thực tế, ""forever"" là một thuật ngữ quan trọng.]",en,idioms_expressions,single_word,B1
c598087b-5e3c-4efd-87dd-66c963f0896a,handy,/ˈhændi/,"thuận tiện, tiện tay, vừa tầm tay; dễ cầm, dễ sử dụng","In Idioms & Expressions, 'handy' is an essential term. [Trong Thành ngữ thực tế, ""handy"" là một thuật ngữ quan trọng.]",en,idioms_expressions,single_word,B1
dfc079a1-4f35-4400-85be-ccb5a492fcb1,headquarters,/ˈhedkwɔːrtərz/,"sự chỉ huy, tổng hành dinh","In Idioms & Expressions, 'headquarters' is an essential term. [Trong Thành ngữ thực tế, ""headquarters"" là một thuật ngữ quan trọng.]",en,idioms_expressions,single_word,B1
335fbf5d-0938-423e-a213-7fa51e030d8b,heart,/hɑːrt/,tim; lồng ngực,"In Idioms & Expressions, 'heart' is an essential term. [Trong Thành ngữ thực tế, ""heart"" là một thuật ngữ quan trọng.]",en,idioms_expressions,single_word,B1
53749985-b7b6-4da0-afde-b2e84553a2d0,highway,/ˈhaɪweɪ/,"đường cái, quốc lộ; con đường chính","In Idioms & Expressions, 'highway' is an essential term. [Trong Thành ngữ thực tế, ""highway"" là một thuật ngữ quan trọng.]",en,idioms_expressions,single_word,B1
17393dd1-7406-4137-b176-87ffd90b9ae5,horn,/hɔːrn/,"sừng ; gạc hươu, nai...); râu,  anten , mào, lông","In Idioms & Expressions, 'horn' is an essential term. [Trong Thành ngữ thực tế, ""horn"" là một thuật ngữ quan trọng.]",en,idioms_expressions,single_word,B1
07341a02-b057-433b-8238-6435a01e5e1a,inclined,/ɪnˈklaɪnd/,"bị nghiêng, bị lệch","In Idioms & Expressions, 'inclined' is an essential term. [Trong Thành ngữ thực tế, ""inclined"" là một thuật ngữ quan trọng.]",en,idioms_expressions,single_word,B1
2b8a7b00-c7dc-4eea-b623-8a9c77d4c3a4,matter,/ˈmætər/,"vật chất; chất; thực chất; nội dung as a m. of fact thực tế, thực; vậy, thực chất là","In Idioms & Expressions, 'matter' is an essential term. [Trong Thành ngữ thực tế, ""matter"" là một thuật ngữ quan trọng.]",en,idioms_expressions,single_word,B1
90fc666d-acb2-46b6-8800-7e54012927cf,clear insight,/clear insight/,rõ ràng sự thấu suốt,Effective Idioms & Expressions relies on clear insight. [Lĩnh vực Thành ngữ thực tế hiệu quả dựa trên rõ ràng sự thấu suốt.],en,idioms_expressions,phrase,B2
610c58d0-071b-4548-b4ac-5744e8444ed9,clear clarity,/clear clarity/,rõ ràng sự sáng tỏ,Effective Idioms & Expressions relies on clear clarity. [Lĩnh vực Thành ngữ thực tế hiệu quả dựa trên rõ ràng sự sáng tỏ.],en,idioms_expressions,phrase,B2
01d680db-7cc7-4f84-b5da-930bb45c630e,clear wisdom,/clear wisdom/,rõ ràng sự khôn ngoan,Effective Idioms & Expressions relies on clear wisdom. [Lĩnh vực Thành ngữ thực tế hiệu quả dựa trên rõ ràng sự khôn ngoan.],en,idioms_expressions,phrase,B2
cff5af57-d990-4936-a93d-d422e6d9f6b6,clear balance,/clear balance/,rõ ràng sự cân bằng,Effective Idioms & Expressions relies on clear balance. [Lĩnh vực Thành ngữ thực tế hiệu quả dựa trên rõ ràng sự cân bằng.],en,idioms_expressions,phrase,B2
86b39186-197a-4f44-bc39-9b92becab6d5,clear perspective,/clear perspective/,rõ ràng tầm nhìn,Effective Idioms & Expressions relies on clear perspective. [Lĩnh vực Thành ngữ thực tế hiệu quả dựa trên rõ ràng tầm nhìn.],en,idioms_expressions,phrase,B2
3279d337-44d7-4680-ac13-294dfa90ff28,clear understanding,/clear understanding/,rõ ràng sự hiểu biết,Effective Idioms & Expressions relies on clear understanding. [Lĩnh vực Thành ngữ thực tế hiệu quả dựa trên rõ ràng sự hiểu biết.],en,idioms_expressions,phrase,B2
233e6856-04f6-439e-94c8-3c2c78c797ef,clear truth,/clear truth/,rõ ràng chân lý,Effective Idioms & Expressions relies on clear truth. [Lĩnh vực Thành ngữ thực tế hiệu quả dựa trên rõ ràng chân lý.],en,idioms_expressions,phrase,B2
d46b4e20-6445-4e07-9ec8-d136efce6242,clear direction,/clear direction/,rõ ràng hướng đi,Effective Idioms & Expressions relies on clear direction. [Lĩnh vực Thành ngữ thực tế hiệu quả dựa trên rõ ràng hướng đi.],en,idioms_expressions,phrase,B2
9729cddd-4036-4d56-bc6e-7a2131c068cd,deep insight,/deep insight/,sâu sắc sự thấu suốt,Effective Idioms & Expressions relies on deep insight. [Lĩnh vực Thành ngữ thực tế hiệu quả dựa trên sâu sắc sự thấu suốt.],en,idioms_expressions,phrase,B2
d2a6333c-5ddc-4329-9763-b2de37de2e7e,deep clarity,/deep clarity/,sâu sắc sự sáng tỏ,Effective Idioms & Expressions relies on deep clarity. [Lĩnh vực Thành ngữ thực tế hiệu quả dựa trên sâu sắc sự sáng tỏ.],en,idioms_expressions,phrase,B2
83e52f8c-d472-46f2-8a9e-aa9c2148eea3,deep wisdom,/deep wisdom/,sâu sắc sự khôn ngoan,Effective Idioms & Expressions relies on deep wisdom. [Lĩnh vực Thành ngữ thực tế hiệu quả dựa trên sâu sắc sự khôn ngoan.],en,idioms_expressions,phrase,B2
62bbef67-659e-4a63-b556-d67b1e35c0c8,deep balance,/deep balance/,sâu sắc sự cân bằng,Effective Idioms & Expressions relies on deep balance. [Lĩnh vực Thành ngữ thực tế hiệu quả dựa trên sâu sắc sự cân bằng.],en,idioms_expressions,phrase,B2
db5b78ac-eb8b-4b2d-9c8c-5fac1671c512,deep perspective,/deep perspective/,sâu sắc tầm nhìn,Effective Idioms & Expressions relies on deep perspective. [Lĩnh vực Thành ngữ thực tế hiệu quả dựa trên sâu sắc tầm nhìn.],en,idioms_expressions,phrase,B2
5df03984-d490-49c4-a4d9-baf9bf271823,deep understanding,/deep understanding/,sâu sắc sự hiểu biết,Effective Idioms & Expressions relies on deep understanding. [Lĩnh vực Thành ngữ thực tế hiệu quả dựa trên sâu sắc sự hiểu biết.],en,idioms_expressions,phrase,B2
19a718c9-2cae-4883-95df-f63e771ee966,deep truth,/deep truth/,sâu sắc chân lý,Effective Idioms & Expressions relies on deep truth. [Lĩnh vực Thành ngữ thực tế hiệu quả dựa trên sâu sắc chân lý.],en,idioms_expressions,phrase,B2
035c2b47-9057-4fae-b369-d7b3e4166490,deep direction,/deep direction/,sâu sắc hướng đi,Effective Idioms & Expressions relies on deep direction. [Lĩnh vực Thành ngữ thực tế hiệu quả dựa trên sâu sắc hướng đi.],en,idioms_expressions,phrase,B2
c58a6153-e5a5-4b13-bf7a-4971b7044796,sharp insight,/sharp insight/,sắc bén sự thấu suốt,Effective Idioms & Expressions relies on sharp insight. [Lĩnh vực Thành ngữ thực tế hiệu quả dựa trên sắc bén sự thấu suốt.],en,idioms_expressions,phrase,B2
c2634eb4-5c04-4a2c-b174-947f12291760,sharp clarity,/sharp clarity/,sắc bén sự sáng tỏ,Effective Idioms & Expressions relies on sharp clarity. [Lĩnh vực Thành ngữ thực tế hiệu quả dựa trên sắc bén sự sáng tỏ.],en,idioms_expressions,phrase,B2
8bcc5d44-36d6-4457-a725-e2b4ecb1a56d,sharp wisdom,/sharp wisdom/,sắc bén sự khôn ngoan,Effective Idioms & Expressions relies on sharp wisdom. [Lĩnh vực Thành ngữ thực tế hiệu quả dựa trên sắc bén sự khôn ngoan.],en,idioms_expressions,phrase,B2
6b7b5784-f829-4050-87c4-8c16afdce66d,sharp balance,/sharp balance/,sắc bén sự cân bằng,Effective Idioms & Expressions relies on sharp balance. [Lĩnh vực Thành ngữ thực tế hiệu quả dựa trên sắc bén sự cân bằng.],en,idioms_expressions,phrase,B2
3b305388-dca3-4df4-b44a-2c29208d2f0d,sharp perspective,/sharp perspective/,sắc bén tầm nhìn,Effective Idioms & Expressions relies on sharp perspective. [Lĩnh vực Thành ngữ thực tế hiệu quả dựa trên sắc bén tầm nhìn.],en,idioms_expressions,phrase,B2
f00ec0a5-4fde-492f-b5ad-95e8b8d2102a,sharp understanding,/sharp understanding/,sắc bén sự hiểu biết,Effective Idioms & Expressions relies on sharp understanding. [Lĩnh vực Thành ngữ thực tế hiệu quả dựa trên sắc bén sự hiểu biết.],en,idioms_expressions,phrase,B2
5b915ce4-b4b2-4ed0-a304-c43bfaec8c71,sharp truth,/sharp truth/,sắc bén chân lý,Effective Idioms & Expressions relies on sharp truth. [Lĩnh vực Thành ngữ thực tế hiệu quả dựa trên sắc bén chân lý.],en,idioms_expressions,phrase,B2
06d1b2cf-cefb-49e0-951e-6d88cbde4190,sharp direction,/sharp direction/,sắc bén hướng đi,Effective Idioms & Expressions relies on sharp direction. [Lĩnh vực Thành ngữ thực tế hiệu quả dựa trên sắc bén hướng đi.],en,idioms_expressions,phrase,B2
00211bf9-3d62-4a08-815f-3d37600d7605,golden insight,/golden insight/,quý giá sự thấu suốt,Effective Idioms & Expressions relies on golden insight. [Lĩnh vực Thành ngữ thực tế hiệu quả dựa trên quý giá sự thấu suốt.],en,idioms_expressions,phrase,B2
c44250b4-7dc3-4138-bb45-f1348dd2ed88,golden clarity,/golden clarity/,quý giá sự sáng tỏ,Effective Idioms & Expressions relies on golden clarity. [Lĩnh vực Thành ngữ thực tế hiệu quả dựa trên quý giá sự sáng tỏ.],en,idioms_expressions,phrase,B2
f3bece92-5f26-4e2e-8832-15cf45751d03,golden wisdom,/golden wisdom/,quý giá sự khôn ngoan,Effective Idioms & Expressions relies on golden wisdom. [Lĩnh vực Thành ngữ thực tế hiệu quả dựa trên quý giá sự khôn ngoan.],en,idioms_expressions,phrase,B2
25714a76-8fb4-49ad-a928-431f37f9a0c2,golden balance,/golden balance/,quý giá sự cân bằng,Effective Idioms & Expressions relies on golden balance. [Lĩnh vực Thành ngữ thực tế hiệu quả dựa trên quý giá sự cân bằng.],en,idioms_expressions,phrase,B2
60c2a392-dc94-48f3-ba93-24fa72f9ea75,golden perspective,/golden perspective/,quý giá tầm nhìn,Effective Idioms & Expressions relies on golden perspective. [Lĩnh vực Thành ngữ thực tế hiệu quả dựa trên quý giá tầm nhìn.],en,idioms_expressions,phrase,B2
a377eddb-e734-4f9c-a28c-2e2724e17052,golden understanding,/golden understanding/,quý giá sự hiểu biết,Effective Idioms & Expressions relies on golden understanding. [Lĩnh vực Thành ngữ thực tế hiệu quả dựa trên quý giá sự hiểu biết.],en,idioms_expressions,phrase,B2
9447f989-fa6b-4114-be63-0c1ce12bfcd0,golden truth,/golden truth/,quý giá chân lý,Effective Idioms & Expressions relies on golden truth. [Lĩnh vực Thành ngữ thực tế hiệu quả dựa trên quý giá chân lý.],en,idioms_expressions,phrase,B2
f9e7bf6c-099c-4e5a-855d-b1e3066ffe79,golden direction,/golden direction/,quý giá hướng đi,Effective Idioms & Expressions relies on golden direction. [Lĩnh vực Thành ngữ thực tế hiệu quả dựa trên quý giá hướng đi.],en,idioms_expressions,phrase,B2
34e7333a-ebab-4cc4-b88d-87d875a0df14,broad insight,/broad insight/,bao quát sự thấu suốt,Effective Idioms & Expressions relies on broad insight. [Lĩnh vực Thành ngữ thực tế hiệu quả dựa trên bao quát sự thấu suốt.],en,idioms_expressions,phrase,B2
657585c0-f078-47cb-8633-e9e443fb5953,broad clarity,/broad clarity/,bao quát sự sáng tỏ,Effective Idioms & Expressions relies on broad clarity. [Lĩnh vực Thành ngữ thực tế hiệu quả dựa trên bao quát sự sáng tỏ.],en,idioms_expressions,phrase,B2
36bfed34-844f-4c21-a349-a3586a720151,broad wisdom,/broad wisdom/,bao quát sự khôn ngoan,Effective Idioms & Expressions relies on broad wisdom. [Lĩnh vực Thành ngữ thực tế hiệu quả dựa trên bao quát sự khôn ngoan.],en,idioms_expressions,phrase,B2
b0413d22-92da-4137-afb3-8f52788a5eea,broad balance,/broad balance/,bao quát sự cân bằng,Effective Idioms & Expressions relies on broad balance. [Lĩnh vực Thành ngữ thực tế hiệu quả dựa trên bao quát sự cân bằng.],en,idioms_expressions,phrase,B2
26b7c7bd-c66c-454d-976a-b8246e09c5e4,broad perspective,/broad perspective/,bao quát tầm nhìn,Effective Idioms & Expressions relies on broad perspective. [Lĩnh vực Thành ngữ thực tế hiệu quả dựa trên bao quát tầm nhìn.],en,idioms_expressions,phrase,B2
ce08ca59-9f4b-42f1-a2c4-2b91c9580939,broad understanding,/broad understanding/,bao quát sự hiểu biết,Effective Idioms & Expressions relies on broad understanding. [Lĩnh vực Thành ngữ thực tế hiệu quả dựa trên bao quát sự hiểu biết.],en,idioms_expressions,phrase,B2
eeba1a07-b1b9-471e-a2b2-ea680dc9a3ba,broad truth,/broad truth/,bao quát chân lý,Effective Idioms & Expressions relies on broad truth. [Lĩnh vực Thành ngữ thực tế hiệu quả dựa trên bao quát chân lý.],en,idioms_expressions,phrase,B2
044c5ccd-4b26-4ef0-9f32-1052ed99002a,broad direction,/broad direction/,bao quát hướng đi,Effective Idioms & Expressions relies on broad direction. [Lĩnh vực Thành ngữ thực tế hiệu quả dựa trên bao quát hướng đi.],en,idioms_expressions,phrase,B2
c4d6ba9b-10ec-45b2-b2ef-2d554baeacef,practical insight,/practical insight/,thực tế sự thấu suốt,Effective Idioms & Expressions relies on practical insight. [Lĩnh vực Thành ngữ thực tế hiệu quả dựa trên thực tế sự thấu suốt.],en,idioms_expressions,phrase,B2
ea77a931-cc2f-4c1c-8f9f-86d95ddba7c7,practical clarity,/practical clarity/,thực tế sự sáng tỏ,Effective Idioms & Expressions relies on practical clarity. [Lĩnh vực Thành ngữ thực tế hiệu quả dựa trên thực tế sự sáng tỏ.],en,idioms_expressions,phrase,B2
fb8eca2a-8e4b-4bf2-9dae-e83bdc40e9ad,practical wisdom,/practical wisdom/,thực tế sự khôn ngoan,Effective Idioms & Expressions relies on practical wisdom. [Lĩnh vực Thành ngữ thực tế hiệu quả dựa trên thực tế sự khôn ngoan.],en,idioms_expressions,phrase,B2
a206ba8b-5b0d-46df-9eb8-6ec1827a6358,practical balance,/practical balance/,thực tế sự cân bằng,Effective Idioms & Expressions relies on practical balance. [Lĩnh vực Thành ngữ thực tế hiệu quả dựa trên thực tế sự cân bằng.],en,idioms_expressions,phrase,B2
7f532f2d-ac52-4f40-919b-9d364a746394,practical perspective,/practical perspective/,thực tế tầm nhìn,Effective Idioms & Expressions relies on practical perspective. [Lĩnh vực Thành ngữ thực tế hiệu quả dựa trên thực tế tầm nhìn.],en,idioms_expressions,phrase,B2
32bb6e2d-5654-4189-82f1-928ccc5e43a7,practical understanding,/practical understanding/,thực tế sự hiểu biết,Effective Idioms & Expressions relies on practical understanding. [Lĩnh vực Thành ngữ thực tế hiệu quả dựa trên thực tế sự hiểu biết.],en,idioms_expressions,phrase,B2
24182b28-ef1b-4e0d-9597-b8ff06a70ebf,practical truth,/practical truth/,thực tế chân lý,Effective Idioms & Expressions relies on practical truth. [Lĩnh vực Thành ngữ thực tế hiệu quả dựa trên thực tế chân lý.],en,idioms_expressions,phrase,B2
6fdfe782-4c99-4089-8b2f-4ed6a0ac632d,practical direction,/practical direction/,thực tế hướng đi,Effective Idioms & Expressions relies on practical direction. [Lĩnh vực Thành ngữ thực tế hiệu quả dựa trên thực tế hướng đi.],en,idioms_expressions,phrase,B2
9ccd7797-fd3a-4bd7-8cf2-ea8219abf28c,vital insight,/vital insight/,sống còn sự thấu suốt,Effective Idioms & Expressions relies on vital insight. [Lĩnh vực Thành ngữ thực tế hiệu quả dựa trên sống còn sự thấu suốt.],en,idioms_expressions,phrase,B2
537752e3-38f6-42a3-b7f9-2af25b6472fd,vital clarity,/vital clarity/,sống còn sự sáng tỏ,Effective Idioms & Expressions relies on vital clarity. [Lĩnh vực Thành ngữ thực tế hiệu quả dựa trên sống còn sự sáng tỏ.],en,idioms_expressions,phrase,B2
2952b905-e887-4e53-859a-565731580487,payment,/ˈpeɪmənt/,"sự trả tiền, sự nộp tiền; số tiền trả; việc trả công, việc thưởng phạt","In Finance & Banking, 'payment' is an essential term. [Trong Tài chính & Ngân hàng, ""payment"" là một thuật ngữ quan trọng.]",en,finance_banking,single_word,B1
ce371e87-c0e0-4f2d-9cf2-f808f36c327c,account,/əˈkaʊnt/,"kể đến, tính đến","In Finance & Banking, 'account' is an essential term. [Trong Tài chính & Ngân hàng, ""account"" là một thuật ngữ quan trọng.]",en,finance_banking,single_word,B1
c94d7d8b-91d1-42b6-aeb7-c496fd4ac313,fund,/fʌnd/,quỹ,"In Finance & Banking, 'fund' is an essential term. [Trong Tài chính & Ngân hàng, ""fund"" là một thuật ngữ quan trọng.]",en,finance_banking,single_word,B1
94ae61cd-e819-4634-b25b-70390a7d756f,investment,/ɪnˈvestmənt/,vốn đầu tư; sự hùn,"In Finance & Banking, 'investment' is an essential term. [Trong Tài chính & Ngân hàng, ""investment"" là một thuật ngữ quan trọng.]",en,finance_banking,single_word,B1
9f4495ce-35de-4dca-acba-c953688247ca,investor,/ɪnˈvestər/,người hùn,"In Finance & Banking, 'investor' is an essential term. [Trong Tài chính & Ngân hàng, ""investor"" là một thuật ngữ quan trọng.]",en,finance_banking,single_word,B1
098cf2d1-ad1c-4bc7-866b-c6c8b794d8ff,loan,/ləʊn/,kt vay,"In Finance & Banking, 'loan' is an essential term. [Trong Tài chính & Ngân hàng, ""loan"" là một thuật ngữ quan trọng.]",en,finance_banking,single_word,B1
6a9934de-71b7-4534-881a-cffb31822fb9,spend,/spend/,tiêu,"In Finance & Banking, 'spend' is an essential term. [Trong Tài chính & Ngân hàng, ""spend"" là một thuật ngữ quan trọng.]",en,finance_banking,single_word,B1
3a63dbe2-0d90-4aec-b93e-243b812e6081,taxpayer,/ˈtækspeɪər/,người đóng thuế,"In Finance & Banking, 'taxpayer' is an essential term. [Trong Tài chính & Ngân hàng, ""taxpayer"" là một thuật ngữ quan trọng.]",en,finance_banking,single_word,B1
d4551b86-57f8-4372-8f2b-dfb16773c54c,accountant,/əˈkaʊntənt/,"nhân viên kế toán, người giữ sổ sách kế toán; người có trách nhiệm báo cáo về sổ sách kế toán; người bị can về một vụ tiền nong kế toán","In Finance & Banking, 'accountant' is an essential term. [Trong Tài chính & Ngân hàng, ""accountant"" là một thuật ngữ quan trọng.]",en,finance_banking,single_word,B1
cfe0426e-527d-4d73-baf2-5580448234bd,bank,/bæŋk/,Ngân hàng,"In Finance & Banking, 'bank' is an essential term. [Trong Tài chính & Ngân hàng, ""bank"" là một thuật ngữ quan trọng.]",en,finance_banking,single_word,B1
9400dfc4-5c1a-4619-8a5a-2169e5fed1db,cash,/kæʃ/,tiền mặt,"In Finance & Banking, 'cash' is an essential term. [Trong Tài chính & Ngân hàng, ""cash"" là một thuật ngữ quan trọng.]",en,finance_banking,single_word,B1
f9eacf4c-7092-42e2-8043-30078d8025d3,credit,/ˈkredɪt/,"tín dụng, sự cho vay, cho vay on c. nợ, mua chịu; bán chịu","In Finance & Banking, 'credit' is an essential term. [Trong Tài chính & Ngân hàng, ""credit"" là một thuật ngữ quan trọng.]",en,finance_banking,single_word,B1
9fd03c8b-d5e3-41eb-95a7-c489365ceb39,currency,/ˈkɜːrənsi/,"Tiền mặt, tiền tệ","In Finance & Banking, 'currency' is an essential term. [Trong Tài chính & Ngân hàng, ""currency"" là một thuật ngữ quan trọng.]",en,finance_banking,single_word,B1
613cfa1c-3428-4c1e-ad0e-c6e636cb4f2a,debt,/det/,món nợ; national d. quốc trái,"In Finance & Banking, 'debt' is an essential term. [Trong Tài chính & Ngân hàng, ""debt"" là một thuật ngữ quan trọng.]",en,finance_banking,single_word,B1
bb005bd4-fff1-448e-b30d-220a52aaf153,finance,/ˈfaɪnæns/,tài chính,"In Finance & Banking, 'finance' is an essential term. [Trong Tài chính & Ngân hàng, ""finance"" là một thuật ngữ quan trọng.]",en,finance_banking,single_word,B1
7e29d424-40f1-43b3-b2a3-55213034023d,funding,/ˈfʌndɪŋ/,"Đổi nợ, đảo nợ; cấp vồn, tài trợ.","In Finance & Banking, 'funding' is an essential term. [Trong Tài chính & Ngân hàng, ""funding"" là một thuật ngữ quan trọng.]",en,finance_banking,single_word,B1
7412759f-6b96-45ba-9d3e-adcf5946d46b,fundraising,/ˈfʌndreɪzɪŋ/,gây quỹ,"In Finance & Banking, 'fundraising' is an essential term. [Trong Tài chính & Ngân hàng, ""fundraising"" là một thuật ngữ quan trọng.]",en,finance_banking,single_word,B1
461360bd-688a-4867-8788-8b0f176b27a5,interested,/ˈɪntrəstɪd/,"có quan tâm, thích thú, có chú ý; có lợi ích riêng; có liên quan, có dính dáng; có cổ phần, có vốn đầu tư","In Finance & Banking, 'interested' is an essential term. [Trong Tài chính & Ngân hàng, ""interested"" là một thuật ngữ quan trọng.]",en,finance_banking,single_word,B1
e6e5db6c-d93f-4669-a680-f12ba0166162,invest,/ɪnˈvest/,hùn ; đầu tư,"In Finance & Banking, 'invest' is an essential term. [Trong Tài chính & Ngân hàng, ""invest"" là một thuật ngữ quan trọng.]",en,finance_banking,single_word,B1
d931291f-59af-4904-82b4-76902888be8c,pay,/peɪ/,"trả, trả giá p. in thu vào; p. off trả tiền; p. out trả","In Finance & Banking, 'pay' is an essential term. [Trong Tài chính & Ngân hàng, ""pay"" là một thuật ngữ quan trọng.]",en,finance_banking,single_word,B1
ab18419d-b7b4-40c0-81e5-c292e9d71711,shareholder,/ˈʃerhəʊldər/,Cổ đông.,"In Finance & Banking, 'shareholder' is an essential term. [Trong Tài chính & Ngân hàng, ""shareholder"" là một thuật ngữ quan trọng.]",en,finance_banking,single_word,B1
21495cb1-43da-4a69-8382-9e6b56d7bc29,spending,/ˈspendɪŋ/,chi tiêu,"In Finance & Banking, 'spending' is an essential term. [Trong Tài chính & Ngân hàng, ""spending"" là một thuật ngữ quan trọng.]",en,finance_banking,single_word,B1
70184fe0-8ee5-461a-8836-3a2e585029a0,wealth,/welθ/,"sự giàu có, sự giàu sang; tính chất có nhiều, sự phong phú","In Finance & Banking, 'wealth' is an essential term. [Trong Tài chính & Ngân hàng, ""wealth"" là một thuật ngữ quan trọng.]",en,finance_banking,single_word,B1
4885d5af-0097-4953-ae72-da1a08537d43,wealthy,/ˈwelθi/,"giàu, giàu có; phong phú","In Finance & Banking, 'wealthy' is an essential term. [Trong Tài chính & Ngân hàng, ""wealthy"" là một thuật ngữ quan trọng.]",en,finance_banking,single_word,B1
8d0c1852-96e0-4a6b-82d5-cb45ceabdd5a,accountability,/əˌkaʊntəˈbɪləti/,tính chất khả tính,"In Finance & Banking, 'accountability' is an essential term. [Trong Tài chính & Ngân hàng, ""accountability"" là một thuật ngữ quan trọng.]",en,finance_banking,single_word,B1
7c9dd80e-3b35-4197-8922-9e2de6b4a876,accountable,/əˈkaʊntəbl/,"chịu trách nhiệm, có trách nhiệm phải giải thích; có thể nói rõ được, có thể giải thích được","In Finance & Banking, 'accountable' is an essential term. [Trong Tài chính & Ngân hàng, ""accountable"" là một thuật ngữ quan trọng.]",en,finance_banking,single_word,B1
cdc87da5-a39d-4369-b3c4-bee5a9b2f1e0,bonus,/ˈbəʊnəs/,tiền thưởng; tiền các,"In Finance & Banking, 'bonus' is an essential term. [Trong Tài chính & Ngân hàng, ""bonus"" là một thuật ngữ quan trọng.]",en,finance_banking,single_word,B1
35679a3b-607a-4aef-a983-4c0f1bb0f5d8,capital,/ˈkæpɪtl/,"vốn, tư bản // chính, quan trọng; circulating c.  vốn luân chuyển, tư bản lưu thông","In Finance & Banking, 'capital' is an essential term. [Trong Tài chính & Ngân hàng, ""capital"" là một thuật ngữ quan trọng.]",en,finance_banking,single_word,B1
701d93e7-77d8-4aa4-96bd-4bec8e0bef85,deposit,/dɪˈpɑːzɪt/,gửi tiền  // món tiền gửi,"In Finance & Banking, 'deposit' is an essential term. [Trong Tài chính & Ngân hàng, ""deposit"" là một thuật ngữ quan trọng.]",en,finance_banking,single_word,B1
42a820b3-a16e-4ea7-a3ed-a99ffe47e5be,interest,/ˈɪntrəst/,lãi; compound i. lãi kép,"In Finance & Banking, 'interest' is an essential term. [Trong Tài chính & Ngân hàng, ""interest"" là một thuật ngữ quan trọng.]",en,finance_banking,single_word,B1
1ef688b0-b693-4ce8-8614-3ee1d1359e38,interesting,/ˈɪntrəstɪŋ/,"làm quan tâm, làm chú ý; có thai, có mang","In Finance & Banking, 'interesting' is an essential term. [Trong Tài chính & Ngân hàng, ""interesting"" là một thuật ngữ quan trọng.]",en,finance_banking,single_word,B1
35688330-f540-4f01-90d9-4c960eaf80d8,investigate,/ɪnˈvestɪɡeɪt/,điều tra nghiên cứu,"In Finance & Banking, 'investigate' is an essential term. [Trong Tài chính & Ngân hàng, ""investigate"" là một thuật ngữ quan trọng.]",en,finance_banking,single_word,B1
71d37ccd-1de5-4941-bb46-7d329ac990f9,investigation,/ɪnˌvestɪˈɡeɪʃn/,"sự nghiên, sự điều tra","In Finance & Banking, 'investigation' is an essential term. [Trong Tài chính & Ngân hàng, ""investigation"" là một thuật ngữ quan trọng.]",en,finance_banking,single_word,B1
6285e338-bce3-404b-ae9e-abfa79f017b7,investigator,/ɪnˈvestɪɡeɪtər/,người điều tra nghiên cứu,"In Finance & Banking, 'investigator' is an essential term. [Trong Tài chính & Ngân hàng, ""investigator"" là một thuật ngữ quan trọng.]",en,finance_banking,single_word,B1
cd3e283a-81db-448b-99de-fec39c023d8e,money,/ˈmʌni/,"tiền, tổng số tiền; hard m.  tiền vay","In Finance & Banking, 'money' is an essential term. [Trong Tài chính & Ngân hàng, ""money"" là một thuật ngữ quan trọng.]",en,finance_banking,single_word,B1
e8ddfd71-80ac-4d9c-a053-328b1e8504b6,mortgage,/ˈmɔːrɡɪdʒ/,văn tự thế chấp; sự thế chấp; to apply for/take out a mortgage,"In Finance & Banking, 'mortgage' is an essential term. [Trong Tài chính & Ngân hàng, ""mortgage"" là một thuật ngữ quan trọng.]",en,finance_banking,single_word,B1
67884f10-7c9d-4ce3-9649-032b56cacd8a,save,/seɪv/,tiết kiệm,"In Finance & Banking, 'save' is an essential term. [Trong Tài chính & Ngân hàng, ""save"" là một thuật ngữ quan trọng.]",en,finance_banking,single_word,B1
7d78b19f-6792-4a02-b5a4-9c10280ad3af,share,/ʃer/,phần; cổ phần; ordinary s. cổ phần thông thường,"In Finance & Banking, 'share' is an essential term. [Trong Tài chính & Ngân hàng, ""share"" là một thuật ngữ quan trọng.]",en,finance_banking,single_word,B1
de72b2c7-d804-494a-8a3e-c61f36e1d9e7,suspend,/səˈspend/,"treo lơ lửng; đình chỉ, hoãn; treo giò","In Finance & Banking, 'suspend' is an essential term. [Trong Tài chính & Ngân hàng, ""suspend"" là một thuật ngữ quan trọng.]",en,finance_banking,single_word,B1
dcdf3d57-7853-4c9b-a700-0d1a287ef205,withdraw,/wɪðˈdrɔː/,"rút, rút khỏi; rút, rút lui","In Finance & Banking, 'withdraw' is an essential term. [Trong Tài chính & Ngân hàng, ""withdraw"" là một thuật ngữ quan trọng.]",en,finance_banking,single_word,B1
1ad9ec15-f9e4-4266-a3f5-8d8f5ab57ad6,withdrawal,/wɪðˈdrɔːəl/,sự rút khỏi; sự rút ra,"In Finance & Banking, 'withdrawal' is an essential term. [Trong Tài chính & Ngân hàng, ""withdrawal"" là một thuật ngữ quan trọng.]",en,finance_banking,single_word,B1
cdebeaf7-bc9b-4a03-8f9e-4a1a0a2073eb,worthwhile,/ˌwɜːrθˈwaɪl/,"quan trọng, thú vị hoặc đáng bỏ thời gian, tiền của hoặc nỗ lực; đáng giá; bõ công","In Finance & Banking, 'worthwhile' is an essential term. [Trong Tài chính & Ngân hàng, ""worthwhile"" là một thuật ngữ quan trọng.]",en,finance_banking,single_word,B1
e2007cb3-2c73-4486-a234-3a03167143b1,bid,/bɪd/,Đấu thầu.,"In Finance & Banking, 'bid' is an essential term. [Trong Tài chính & Ngân hàng, ""bid"" là một thuật ngữ quan trọng.]",en,finance_banking,single_word,B1
5c95de1a-2aec-4ae6-9ab9-9eed69231b40,buy,/baɪ/,mua,"In Finance & Banking, 'buy' is an essential term. [Trong Tài chính & Ngân hàng, ""buy"" là một thuật ngữ quan trọng.]",en,finance_banking,single_word,B1
54674f5b-55b3-429b-8fa1-5a7967d423ec,club,/klʌb/,"dùi cui, gậy tày; gậy","In Finance & Banking, 'club' is an essential term. [Trong Tài chính & Ngân hàng, ""club"" là một thuật ngữ quan trọng.]",en,finance_banking,single_word,B1
994d75d6-22f2-4fce-8582-08dc33a6c952,compelling,/kəmˈpelɪŋ/,"hấp dẫn, thuyết phục","In Finance & Banking, 'compelling' is an essential term. [Trong Tài chính & Ngân hàng, ""compelling"" là một thuật ngữ quan trọng.]",en,finance_banking,single_word,B1
7074c075-6678-4ac5-b09a-ddf71a647204,contribution,/ˌkɑːntrɪˈbjuːʃn/,sự đóng góp;  thuế,"In Finance & Banking, 'contribution' is an essential term. [Trong Tài chính & Ngân hàng, ""contribution"" là một thuật ngữ quan trọng.]",en,finance_banking,single_word,B1
789aaa65-9ced-4cf4-b19a-f663b9c84a34,enthusiast,/ɪnˈθuːziæst/,"người hăng hái, người có nhiệt tình; người say mê","In Finance & Banking, 'enthusiast' is an essential term. [Trong Tài chính & Ngân hàng, ""enthusiast"" là một thuật ngữ quan trọng.]",en,finance_banking,single_word,B1
28d92d76-d143-4e8e-b0e0-c779dddab758,expenditure,/ɪkˈspendɪtʃər/,"sự tiêu dùng, sự sử dụng","In Finance & Banking, 'expenditure' is an essential term. [Trong Tài chính & Ngân hàng, ""expenditure"" là một thuật ngữ quan trọng.]",en,finance_banking,single_word,B1
94f89d36-40ee-4d63-a6ed-4e071e202317,expense,/ɪkˈspens/,"tiêu dùng, sử dụng, tiền phí tổn at the same e. cùng giá","In Finance & Banking, 'expense' is an essential term. [Trong Tài chính & Ngân hàng, ""expense"" là một thuật ngữ quan trọng.]",en,finance_banking,single_word,B1
1c790a3e-134b-4efe-9276-c1c3c9ee8863,monetary reserve,/monetary reserve/,tiền tệ dự trữ,Effective Finance & Banking relies on monetary reserve. [Lĩnh vực Tài chính & Ngân hàng hiệu quả dựa trên tiền tệ dự trữ.],en,finance_banking,phrase,B2
7939cc19-da3e-4475-bb5e-c4f45d11ffa7,monetary banking,/monetary banking/,tiền tệ ngân hàng,Effective Finance & Banking relies on monetary banking. [Lĩnh vực Tài chính & Ngân hàng hiệu quả dựa trên tiền tệ ngân hàng.],en,finance_banking,phrase,B2
01a03bbf-552e-46c9-8ae2-6cdd45c73d17,monetary liquidity,/monetary liquidity/,tiền tệ thanh khoản,Effective Finance & Banking relies on monetary liquidity. [Lĩnh vực Tài chính & Ngân hàng hiệu quả dựa trên tiền tệ thanh khoản.],en,finance_banking,phrase,B2
af297ab0-76df-4a36-bee9-912a0b2153c4,monetary capital,/monetary capital/,tiền tệ vốn,Effective Finance & Banking relies on monetary capital. [Lĩnh vực Tài chính & Ngân hàng hiệu quả dựa trên tiền tệ vốn.],en,finance_banking,phrase,B2
fd2eb8aa-54eb-425e-9dd3-d5ed8a01ffb8,monetary asset,/monetary asset/,tiền tệ tài sản,Effective Finance & Banking relies on monetary asset. [Lĩnh vực Tài chính & Ngân hàng hiệu quả dựa trên tiền tệ tài sản.],en,finance_banking,phrase,B2
3b41dc11-7fa3-4259-9589-89f91c3ff58a,monetary credit,/monetary credit/,tiền tệ tín dụng,Effective Finance & Banking relies on monetary credit. [Lĩnh vực Tài chính & Ngân hàng hiệu quả dựa trên tiền tệ tín dụng.],en,finance_banking,phrase,B2
0a84005c-2382-4617-bcbb-f071928901fc,monetary debt,/monetary debt/,tiền tệ khoản nợ,Effective Finance & Banking relies on monetary debt. [Lĩnh vực Tài chính & Ngân hàng hiệu quả dựa trên tiền tệ khoản nợ.],en,finance_banking,phrase,B2
f6991089-9f46-460c-9961-f4b91cdcd069,monetary investment,/monetary investment/,tiền tệ đầu tư,Effective Finance & Banking relies on monetary investment. [Lĩnh vực Tài chính & Ngân hàng hiệu quả dựa trên tiền tệ đầu tư.],en,finance_banking,phrase,B2
24ec2cf7-8f08-4738-bc36-e71d151f5cb5,fiscal reserve,/fiscal reserve/,tài khóa dự trữ,Effective Finance & Banking relies on fiscal reserve. [Lĩnh vực Tài chính & Ngân hàng hiệu quả dựa trên tài khóa dự trữ.],en,finance_banking,phrase,B2
f5a693a6-397e-472c-9e0c-cfb76674a1da,fiscal banking,/fiscal banking/,tài khóa ngân hàng,Effective Finance & Banking relies on fiscal banking. [Lĩnh vực Tài chính & Ngân hàng hiệu quả dựa trên tài khóa ngân hàng.],en,finance_banking,phrase,B2
37f6b696-7f56-4c0e-8ee0-cb0c92597192,fiscal liquidity,/fiscal liquidity/,tài khóa thanh khoản,Effective Finance & Banking relies on fiscal liquidity. [Lĩnh vực Tài chính & Ngân hàng hiệu quả dựa trên tài khóa thanh khoản.],en,finance_banking,phrase,B2
962c435b-bffb-49c4-b00a-98a880420966,fiscal capital,/fiscal capital/,tài khóa vốn,Effective Finance & Banking relies on fiscal capital. [Lĩnh vực Tài chính & Ngân hàng hiệu quả dựa trên tài khóa vốn.],en,finance_banking,phrase,B2
cacb608e-a4ff-4c0f-9a17-e9e606facf50,fiscal asset,/fiscal asset/,tài khóa tài sản,Effective Finance & Banking relies on fiscal asset. [Lĩnh vực Tài chính & Ngân hàng hiệu quả dựa trên tài khóa tài sản.],en,finance_banking,phrase,B2
f009dca5-46d3-49e9-9d9f-9a60016eadb4,fiscal credit,/fiscal credit/,tài khóa tín dụng,Effective Finance & Banking relies on fiscal credit. [Lĩnh vực Tài chính & Ngân hàng hiệu quả dựa trên tài khóa tín dụng.],en,finance_banking,phrase,B2
a11fd1d1-de8f-465f-b18c-54656e123540,fiscal debt,/fiscal debt/,tài khóa khoản nợ,Effective Finance & Banking relies on fiscal debt. [Lĩnh vực Tài chính & Ngân hàng hiệu quả dựa trên tài khóa khoản nợ.],en,finance_banking,phrase,B2
a75a5f09-844a-42f3-96ca-c7d3609c2054,fiscal investment,/fiscal investment/,tài khóa đầu tư,Effective Finance & Banking relies on fiscal investment. [Lĩnh vực Tài chính & Ngân hàng hiệu quả dựa trên tài khóa đầu tư.],en,finance_banking,phrase,B2
0691d6ff-4932-4faa-abe7-a0952786aae5,commercial reserve,/commercial reserve/,thương mại dự trữ,Effective Finance & Banking relies on commercial reserve. [Lĩnh vực Tài chính & Ngân hàng hiệu quả dựa trên thương mại dự trữ.],en,finance_banking,phrase,B2
91126cd3-2bf9-4b16-ad42-ff83cb06aa90,commercial banking,/commercial banking/,thương mại ngân hàng,Effective Finance & Banking relies on commercial banking. [Lĩnh vực Tài chính & Ngân hàng hiệu quả dựa trên thương mại ngân hàng.],en,finance_banking,phrase,B2
6cf5bd23-3c2f-45d5-b24e-f8e4f69471a0,commercial liquidity,/commercial liquidity/,thương mại thanh khoản,Effective Finance & Banking relies on commercial liquidity. [Lĩnh vực Tài chính & Ngân hàng hiệu quả dựa trên thương mại thanh khoản.],en,finance_banking,phrase,B2
c897954f-285e-40cc-a0fd-b4bb295ec35c,commercial capital,/commercial capital/,thương mại vốn,Effective Finance & Banking relies on commercial capital. [Lĩnh vực Tài chính & Ngân hàng hiệu quả dựa trên thương mại vốn.],en,finance_banking,phrase,B2
bb638a18-3d94-4f44-ba77-4fd4b49df573,commercial asset,/commercial asset/,thương mại tài sản,Effective Finance & Banking relies on commercial asset. [Lĩnh vực Tài chính & Ngân hàng hiệu quả dựa trên thương mại tài sản.],en,finance_banking,phrase,B2
ada4a533-b7fc-42c6-82e0-3c7ba39e801b,commercial credit,/commercial credit/,thương mại tín dụng,Effective Finance & Banking relies on commercial credit. [Lĩnh vực Tài chính & Ngân hàng hiệu quả dựa trên thương mại tín dụng.],en,finance_banking,phrase,B2
3035e1ce-fc77-4d5c-ada8-ff73ae77bd85,commercial debt,/commercial debt/,thương mại khoản nợ,Effective Finance & Banking relies on commercial debt. [Lĩnh vực Tài chính & Ngân hàng hiệu quả dựa trên thương mại khoản nợ.],en,finance_banking,phrase,B2
7ee36b92-57be-4686-a54c-d68cd488378f,commercial investment,/commercial investment/,thương mại đầu tư,Effective Finance & Banking relies on commercial investment. [Lĩnh vực Tài chính & Ngân hàng hiệu quả dựa trên thương mại đầu tư.],en,finance_banking,phrase,B2
cea8611e-24c7-4f3e-b42b-37b9be07e56b,corporate reserve,/corporate reserve/,doanh nghiệp dự trữ,Effective Finance & Banking relies on corporate reserve. [Lĩnh vực Tài chính & Ngân hàng hiệu quả dựa trên doanh nghiệp dự trữ.],en,finance_banking,phrase,B2
6c9837a4-419f-45d4-8bc3-56b215ccbf20,corporate banking,/corporate banking/,doanh nghiệp ngân hàng,Effective Finance & Banking relies on corporate banking. [Lĩnh vực Tài chính & Ngân hàng hiệu quả dựa trên doanh nghiệp ngân hàng.],en,finance_banking,phrase,B2
50a61a8f-8e6d-44a5-8dbd-8bfd54037b80,corporate liquidity,/corporate liquidity/,doanh nghiệp thanh khoản,Effective Finance & Banking relies on corporate liquidity. [Lĩnh vực Tài chính & Ngân hàng hiệu quả dựa trên doanh nghiệp thanh khoản.],en,finance_banking,phrase,B2
d8841190-ae06-4e19-b667-70dd1355222f,corporate capital,/corporate capital/,doanh nghiệp vốn,Effective Finance & Banking relies on corporate capital. [Lĩnh vực Tài chính & Ngân hàng hiệu quả dựa trên doanh nghiệp vốn.],en,finance_banking,phrase,B2
1858c3e2-b17f-49cf-9252-91accb354d35,corporate asset,/corporate asset/,doanh nghiệp tài sản,Effective Finance & Banking relies on corporate asset. [Lĩnh vực Tài chính & Ngân hàng hiệu quả dựa trên doanh nghiệp tài sản.],en,finance_banking,phrase,B2
c8992215-08a4-4bbd-8eb1-3e9590ff51f2,corporate credit,/corporate credit/,doanh nghiệp tín dụng,Effective Finance & Banking relies on corporate credit. [Lĩnh vực Tài chính & Ngân hàng hiệu quả dựa trên doanh nghiệp tín dụng.],en,finance_banking,phrase,B2
ef73bcb9-8f3c-4c88-96cc-18f595d3c854,corporate debt,/corporate debt/,doanh nghiệp khoản nợ,Effective Finance & Banking relies on corporate debt. [Lĩnh vực Tài chính & Ngân hàng hiệu quả dựa trên doanh nghiệp khoản nợ.],en,finance_banking,phrase,B2
19ed2741-9e59-4d31-9aac-ab56b852523f,corporate investment,/corporate investment/,doanh nghiệp đầu tư,Effective Finance & Banking relies on corporate investment. [Lĩnh vực Tài chính & Ngân hàng hiệu quả dựa trên doanh nghiệp đầu tư.],en,finance_banking,phrase,B2
663bd9d9-81ff-4361-9182-b0cda2483794,financial reserve,/financial reserve/,tài chính dự trữ,Effective Finance & Banking relies on financial reserve. [Lĩnh vực Tài chính & Ngân hàng hiệu quả dựa trên tài chính dự trữ.],en,finance_banking,phrase,B2
8deaf758-a550-4f28-8389-a129bb73b926,financial banking,/financial banking/,tài chính ngân hàng,Effective Finance & Banking relies on financial banking. [Lĩnh vực Tài chính & Ngân hàng hiệu quả dựa trên tài chính ngân hàng.],en,finance_banking,phrase,B2
951598cb-9a5b-425e-b773-0d77e32a8791,financial liquidity,/financial liquidity/,tài chính thanh khoản,Effective Finance & Banking relies on financial liquidity. [Lĩnh vực Tài chính & Ngân hàng hiệu quả dựa trên tài chính thanh khoản.],en,finance_banking,phrase,B2
f7a7914b-338c-4435-86c4-7c21234e4620,financial capital,/financial capital/,tài chính vốn,Effective Finance & Banking relies on financial capital. [Lĩnh vực Tài chính & Ngân hàng hiệu quả dựa trên tài chính vốn.],en,finance_banking,phrase,B2
87ea3d43-69d2-4248-b491-93eed4b250be,financial asset,/financial asset/,tài chính tài sản,Effective Finance & Banking relies on financial asset. [Lĩnh vực Tài chính & Ngân hàng hiệu quả dựa trên tài chính tài sản.],en,finance_banking,phrase,B2
eb55767f-a75a-4cc3-9607-8026aa0f4949,financial credit,/financial credit/,tài chính tín dụng,Effective Finance & Banking relies on financial credit. [Lĩnh vực Tài chính & Ngân hàng hiệu quả dựa trên tài chính tín dụng.],en,finance_banking,phrase,B2
5158d72c-1fe0-444c-95c4-94eb73bb507c,financial debt,/financial debt/,tài chính khoản nợ,Effective Finance & Banking relies on financial debt. [Lĩnh vực Tài chính & Ngân hàng hiệu quả dựa trên tài chính khoản nợ.],en,finance_banking,phrase,B2
49dbacc4-8e3e-4a69-9c78-fa431f301461,financial investment,/financial investment/,tài chính đầu tư,Effective Finance & Banking relies on financial investment. [Lĩnh vực Tài chính & Ngân hàng hiệu quả dựa trên tài chính đầu tư.],en,finance_banking,phrase,B2
ac80b42a-c1c7-4af4-bbef-48daa1d3ff98,central reserve,/central reserve/,trung ương dự trữ,Effective Finance & Banking relies on central reserve. [Lĩnh vực Tài chính & Ngân hàng hiệu quả dựa trên trung ương dự trữ.],en,finance_banking,phrase,B2
6392258d-73e6-450a-bde1-73aa18f27179,central banking,/central banking/,trung ương ngân hàng,Effective Finance & Banking relies on central banking. [Lĩnh vực Tài chính & Ngân hàng hiệu quả dựa trên trung ương ngân hàng.],en,finance_banking,phrase,B2
2f04d1e3-fbf3-4b84-bc5e-8be087ae1f92,central liquidity,/central liquidity/,trung ương thanh khoản,Effective Finance & Banking relies on central liquidity. [Lĩnh vực Tài chính & Ngân hàng hiệu quả dựa trên trung ương thanh khoản.],en,finance_banking,phrase,B2
4642ff45-df46-4acb-9ffe-3049c09e5d40,central capital,/central capital/,trung ương vốn,Effective Finance & Banking relies on central capital. [Lĩnh vực Tài chính & Ngân hàng hiệu quả dựa trên trung ương vốn.],en,finance_banking,phrase,B2
ba97f288-1297-4f8a-8ac0-af3d10a6a264,central asset,/central asset/,trung ương tài sản,Effective Finance & Banking relies on central asset. [Lĩnh vực Tài chính & Ngân hàng hiệu quả dựa trên trung ương tài sản.],en,finance_banking,phrase,B2
644bd935-f376-440f-a053-353f3f9702e3,central credit,/central credit/,trung ương tín dụng,Effective Finance & Banking relies on central credit. [Lĩnh vực Tài chính & Ngân hàng hiệu quả dựa trên trung ương tín dụng.],en,finance_banking,phrase,B2
312c74dd-5998-4251-92fd-7d8cd5f4eae4,central debt,/central debt/,trung ương khoản nợ,Effective Finance & Banking relies on central debt. [Lĩnh vực Tài chính & Ngân hàng hiệu quả dựa trên trung ương khoản nợ.],en,finance_banking,phrase,B2
8dc02c0f-71c4-4920-b183-e02e2ac7f9c8,central investment,/central investment/,trung ương đầu tư,Effective Finance & Banking relies on central investment. [Lĩnh vực Tài chính & Ngân hàng hiệu quả dựa trên trung ương đầu tư.],en,finance_banking,phrase,B2
6624a12b-0bd9-4c80-bb8b-a1c2e9fc91f1,international reserve,/international reserve/,quốc tế dự trữ,Effective Finance & Banking relies on international reserve. [Lĩnh vực Tài chính & Ngân hàng hiệu quả dựa trên quốc tế dự trữ.],en,finance_banking,phrase,B2
b6bb23e9-6d52-405f-a36a-897ad722b0db,international banking,/international banking/,quốc tế ngân hàng,Effective Finance & Banking relies on international banking. [Lĩnh vực Tài chính & Ngân hàng hiệu quả dựa trên quốc tế ngân hàng.],en,finance_banking,phrase,B2
ba483ad5-22d5-46bd-a564-2ecbb7865c66,resource,/ˈriːsɔːrs/,"phương kế; nguồn, tài nguyên","In Energy & Resources, 'resource' is an essential term. [Trong Năng lượng & Tài nguyên, ""resource"" là một thuật ngữ quan trọng.]",en,energy_resources,single_word,B1
d43fb1a8-86f3-4d43-82e8-ac6eb811d313,fuel,/ˈfjuːəl/,"chất đốt, nhiên liệu; cái khích động","In Energy & Resources, 'fuel' is an essential term. [Trong Năng lượng & Tài nguyên, ""fuel"" là một thuật ngữ quan trọng.]",en,energy_resources,single_word,B1
71fdb3f6-10f3-4728-8d5b-f599061f3fd3,generate,/ˈdʒenəreɪt/,"tạo , phát sinh ra","In Energy & Resources, 'generate' is an essential term. [Trong Năng lượng & Tài nguyên, ""generate"" là một thuật ngữ quan trọng.]",en,energy_resources,single_word,B1
bd7ccff2-3577-47a1-8d11-94c589ad96f3,battery,/ˈbætəri/,"bộ, bộ pin, bộ ắc quy","In Energy & Resources, 'battery' is an essential term. [Trong Năng lượng & Tài nguyên, ""battery"" là một thuật ngữ quan trọng.]",en,energy_resources,single_word,B1
1fd15524-e2cc-40bb-be7e-5ce0efa6af68,boil,/bɔɪl/,"nhọt, đinh; sự sôi; điểm sôi","In Energy & Resources, 'boil' is an essential term. [Trong Năng lượng & Tài nguyên, ""boil"" là một thuật ngữ quan trọng.]",en,energy_resources,single_word,B1
66daad69-1cdf-40c1-bd7b-396f60d8350f,coal,/kəʊl/,than đá; viên than đá,"In Energy & Resources, 'coal' is an essential term. [Trong Năng lượng & Tài nguyên, ""coal"" là một thuật ngữ quan trọng.]",en,energy_resources,single_word,B1
6681e0d1-c3c3-4bf3-8fee-b4331a37cf9f,electric,/ɪˈlektrɪk/,"điện, có điện, phát điện; làm náo động, làm sôi nổi","In Energy & Resources, 'electric' is an essential term. [Trong Năng lượng & Tài nguyên, ""electric"" là một thuật ngữ quan trọng.]",en,energy_resources,single_word,B1
73205e99-d8c2-405a-9c5d-9758f8921ce7,electrical,/ɪˈlektrɪkl/,điện,"In Energy & Resources, 'electrical' is an essential term. [Trong Năng lượng & Tài nguyên, ""electrical"" là một thuật ngữ quan trọng.]",en,energy_resources,single_word,B1
459389ad-de2e-4413-95c5-b48ada55caea,lamp,/læmp/,đền; cold cathode i. đền âm cực lạnh,"In Energy & Resources, 'lamp' is an essential term. [Trong Năng lượng & Tài nguyên, ""lamp"" là một thuật ngữ quan trọng.]",en,energy_resources,single_word,B1
d7b967fc-d44e-404d-af9a-80d07f3bc88a,nuclear,/ˈnuːkliər/,"hạch, hạt nhân","In Energy & Resources, 'nuclear' is an essential term. [Trong Năng lượng & Tài nguyên, ""nuclear"" là một thuật ngữ quan trọng.]",en,energy_resources,single_word,B1
a3198cce-e5a5-43e9-b0fc-58ea3b2d069f,burn,/bɜːrn/,đốt cháy,"In Energy & Resources, 'burn' is an essential term. [Trong Năng lượng & Tài nguyên, ""burn"" là một thuật ngữ quan trọng.]",en,energy_resources,single_word,B1
28eefc5c-b66b-4909-bdd9-0cad402ebfa8,lighting,/ˈlaɪtɪŋ/,"sự thắp đèn, sự chăng đèn; thuật bố trí ánh sáng","In Energy & Resources, 'lighting' is an essential term. [Trong Năng lượng & Tài nguyên, ""lighting"" là một thuật ngữ quan trọng.]",en,energy_resources,single_word,B1
04b07f9b-3dc1-4ec0-a824-dabbbf516135,soil,/sɔɪl/,"đất; vết bẩn, vết nhơ","In Energy & Resources, 'soil' is an essential term. [Trong Năng lượng & Tài nguyên, ""soil"" là một thuật ngữ quan trọng.]",en,energy_resources,single_word,B1
32237db2-568d-44f8-b41f-f539c0005a5d,spotlight,/ˈspɑːtlaɪt/,đèn sân khấu; sự nổi bật trong công chúng; địa vị nổi bật,"In Energy & Resources, 'spotlight' is an essential term. [Trong Năng lượng & Tài nguyên, ""spotlight"" là một thuật ngữ quan trọng.]",en,energy_resources,single_word,B1
aefb293d-cef1-4989-9d03-969d1431cfb8,utility,/juːˈtɪləti/,ích lợi,"In Energy & Resources, 'utility' is an essential term. [Trong Năng lượng & Tài nguyên, ""utility"" là một thuật ngữ quan trọng.]",en,energy_resources,single_word,B1
675700cb-c0bd-40db-a370-034d5caae99b,coalition,/ˌkəʊəˈlɪʃn/,"sự liên minh, sự hợp tác","In Energy & Resources, 'coalition' is an essential term. [Trong Năng lượng & Tài nguyên, ""coalition"" là một thuật ngữ quan trọng.]",en,energy_resources,single_word,B1
f656e113-f738-4112-9895-449464c50f6d,delight,/dɪˈlaɪt/,"sự vui thích, sự vui sướng; điều thích thú, niềm khoái cảm","In Energy & Resources, 'delight' is an essential term. [Trong Năng lượng & Tài nguyên, ""delight"" là một thuật ngữ quan trọng.]",en,energy_resources,single_word,B1
a9164d46-ccf0-41b6-b879-3c7c26096257,delighted,/dɪˈlaɪtɪd/,"vui mừng, hài lòng","In Energy & Resources, 'delighted' is an essential term. [Trong Năng lượng & Tài nguyên, ""delighted"" là một thuật ngữ quan trọng.]",en,energy_resources,single_word,B1
5f50eefa-5ac0-4f41-b11f-3ba8ce6a2f88,emission,/ɪˈmɪʃn/,"sự truyền, sự phát hành , sự phát xạ","In Energy & Resources, 'emission' is an essential term. [Trong Năng lượng & Tài nguyên, ""emission"" là một thuật ngữ quan trọng.]",en,energy_resources,single_word,B1
45a1a3fa-7126-431b-834b-c88b77520b27,fire,/ˈfaɪər/,"lửa, ánh lửa; sự cháy, hoả hoạn, sự cháy nhà","In Energy & Resources, 'fire' is an essential term. [Trong Năng lượng & Tài nguyên, ""fire"" là một thuật ngữ quan trọng.]",en,energy_resources,single_word,B1
44ea636c-b6e4-4669-9b79-621a91fc7ddb,gas,/ɡæs/,khí; ideal g. khí lý tưởng,"In Energy & Resources, 'gas' is an essential term. [Trong Năng lượng & Tài nguyên, ""gas"" là một thuật ngữ quan trọng.]",en,energy_resources,single_word,B1
faf9da70-ca64-4a5b-b248-db189c504897,heat,/hiːt/,"nhiệt, nhiệt năng // làm nóng, nung; latent h.  ẩn nhiệt","In Energy & Resources, 'heat' is an essential term. [Trong Năng lượng & Tài nguyên, ""heat"" là một thuật ngữ quan trọng.]",en,energy_resources,single_word,B1
9a5ccafc-b79c-4583-9506-3d6176b7da83,highlight,/ˈhaɪlaɪt/,"chỗ nổi bật nhất, chỗ đẹp nhất, chỗ sáng nhất; <snh> điểm nổi bật nhất, vị trí nổi bật nhất, sự việc nổi bật nhất, nét nổi bật nhất","In Energy & Resources, 'highlight' is an essential term. [Trong Năng lượng & Tài nguyên, ""highlight"" là một thuật ngữ quan trọng.]",en,energy_resources,single_word,B1
e23cc06e-7efe-4e77-bab8-b2241d33bc4c,light,/laɪt/,"ánh sáng, nguồn sáng; đền // nhẹ, yếu // chiếu sáng to bring to l.; làm sáng tỏ; to come to l. được rõ, được thấy; phát hiện được","In Energy & Resources, 'light' is an essential term. [Trong Năng lượng & Tài nguyên, ""light"" là một thuật ngữ quan trọng.]",en,energy_resources,single_word,B1
df9fde41-070a-453e-bbca-7d0c79dea424,metal,/ˈmetl/,kim loại,"In Energy & Resources, 'metal' is an essential term. [Trong Năng lượng & Tài nguyên, ""metal"" là một thuật ngữ quan trọng.]",en,energy_resources,single_word,B1
15b74b1d-8a09-4b6a-a583-5234ff539109,oil,/ɔɪl/,dầu; tranh sơn dầu,"In Energy & Resources, 'oil' is an essential term. [Trong Năng lượng & Tài nguyên, ""oil"" là một thuật ngữ quan trọng.]",en,energy_resources,single_word,B1
5cd0141f-b0f0-4cd3-91e0-14e60579d3bb,plug,/plʌɡ/,"cái phíc; cái phíc hai đầu, cái chốt","In Energy & Resources, 'plug' is an essential term. [Trong Năng lượng & Tài nguyên, ""plug"" là một thuật ngữ quan trọng.]",en,energy_resources,single_word,B1
54368f10-3724-47eb-9777-f355aac7fedd,ray,/reɪ/,tia; nửa đường thẳng; anode r.  tia dương cực,"In Energy & Resources, 'ray' is an essential term. [Trong Năng lượng & Tài nguyên, ""ray"" là một thuật ngữ quan trọng.]",en,energy_resources,single_word,B1
a3d91fad-f011-4cc7-a93c-9abbeab7fb02,rocket,/ˈrɑːkɪt/,"cải lông; pháo hoa, pháo sáng, pháo thăng thiên","In Energy & Resources, 'rocket' is an essential term. [Trong Năng lượng & Tài nguyên, ""rocket"" là một thuật ngữ quan trọng.]",en,energy_resources,single_word,B1
2d480afb-1a43-4409-8a6f-8216e00416b6,slight,/slaɪt/,yếu,"In Energy & Resources, 'slight' is an essential term. [Trong Năng lượng & Tài nguyên, ""slight"" là một thuật ngữ quan trọng.]",en,energy_resources,single_word,B1
3a33edd3-4e2e-4f55-8a77-64815930daee,slightly,/ˈslaɪtli/,"mỏng mảnh, yếu ớt; qua, sơ, hơi","In Energy & Resources, 'slightly' is an essential term. [Trong Năng lượng & Tài nguyên, ""slightly"" là một thuật ngữ quan trọng.]",en,energy_resources,single_word,B1
69a61e85-a490-4ec5-a21f-ebf26ae2cedf,source,/sɔːrs/,"nguồn sông, nguồi suối; nguồn, nguồn gốc","In Energy & Resources, 'source' is an essential term. [Trong Năng lượng & Tài nguyên, ""source"" là một thuật ngữ quan trọng.]",en,energy_resources,single_word,B1
2b25fa48-5e80-4032-9ef1-2e51c0ae9f76,spoil,/spɔɪl/,"chiến lợi phẩm; lợi lộc, quyền lợi","In Energy & Resources, 'spoil' is an essential term. [Trong Năng lượng & Tài nguyên, ""spoil"" là một thuật ngữ quan trọng.]",en,energy_resources,single_word,B1
c0f7f0db-073d-47f6-854a-25b2f34b0cbd,star,/stɑːr/,"sao, hình sao, dấu sao (; fixed s.s.  định tinh","In Energy & Resources, 'star' is an essential term. [Trong Năng lượng & Tài nguyên, ""star"" là một thuật ngữ quan trọng.]",en,energy_resources,single_word,B1
cba1e226-01da-4b0b-9b2d-fefcf1d33f48,toilet,/ˈtɔɪlət/,"sự trang điểm; bàn phấn, bàn trang điểm","In Energy & Resources, 'toilet' is an essential term. [Trong Năng lượng & Tài nguyên, ""toilet"" là một thuật ngữ quan trọng.]",en,energy_resources,single_word,B1
824f288f-a477-434d-99dd-0983553445e5,wind,/wɪnd/,"gió; phưng gió, phía gió thổi","In Energy & Resources, 'wind' is an essential term. [Trong Năng lượng & Tài nguyên, ""wind"" là một thuật ngữ quan trọng.]",en,energy_resources,single_word,B1
9aca279a-02ec-4fcf-9396-316c1dea81fa,ash,/æʃ/,số nhiều) tro; tàn; tro hoả táng,"In Energy & Resources, 'ash' is an essential term. [Trong Năng lượng & Tài nguyên, ""ash"" là một thuật ngữ quan trọng.]",en,energy_resources,single_word,B1
cfa5ef4b-48d1-453d-a2c7-66db26d039c2,bacteria,/bækˈtɪriə/,vi khuẩn,"In Energy & Resources, 'bacteria' is an essential term. [Trong Năng lượng & Tài nguyên, ""bacteria"" là một thuật ngữ quan trọng.]",en,energy_resources,single_word,B1
862a9be3-f59d-454e-9594-02b8bd31e7b1,cable,/ˈkeɪbl/,"cơ, dây cáp; suspension c. dây cáp treo","In Energy & Resources, 'cable' is an essential term. [Trong Năng lượng & Tài nguyên, ""cable"" là một thuật ngữ quan trọng.]",en,energy_resources,single_word,B1
c8afea16-ca27-41ed-9b08-312f5b8e2649,candle,/ˈkændl/,nến,"In Energy & Resources, 'candle' is an essential term. [Trong Năng lượng & Tài nguyên, ""candle"" là một thuật ngữ quan trọng.]",en,energy_resources,single_word,B1
33f3f950-c94f-43af-8d20-82039f0ad4cf,consume,/kənˈsuːm/,tiêu dùng,"In Energy & Resources, 'consume' is an essential term. [Trong Năng lượng & Tài nguyên, ""consume"" là một thuật ngữ quan trọng.]",en,energy_resources,single_word,B1
3b221671-73db-416f-a98f-81d44c2567ba,dam,/dæm/,vật mẹ; ma quỷ,"In Energy & Resources, 'dam' is an essential term. [Trong Năng lượng & Tài nguyên, ""dam"" là một thuật ngữ quan trọng.]",en,energy_resources,single_word,B1
1bd4a37a-5681-4793-85b6-4cb2d8fd892c,directory,/dəˈrektəri/,"danh mục, thư mục, danh bạ; mục lục","In Energy & Resources, 'directory' is an essential term. [Trong Năng lượng & Tài nguyên, ""directory"" là một thuật ngữ quan trọng.]",en,energy_resources,single_word,B1
003c218b-377c-4756-a317-89b1dcb8bf2f,flame,/fleɪm/,ngọn lửa,"In Energy & Resources, 'flame' is an essential term. [Trong Năng lượng & Tài nguyên, ""flame"" là một thuật ngữ quan trọng.]",en,energy_resources,single_word,B1
3c4930ad-0825-4e3e-b941-1028b9c73744,grain,/ɡreɪn/,hạt,"In Energy & Resources, 'grain' is an essential term. [Trong Năng lượng & Tài nguyên, ""grain"" là một thuật ngữ quan trọng.]",en,energy_resources,single_word,B1
d94738fd-19f5-4ddc-a91f-5f284cac11b3,laser,/ˈleɪzər/,<kỹ> la-de,"In Energy & Resources, 'laser' is an essential term. [Trong Năng lượng & Tài nguyên, ""laser"" là một thuật ngữ quan trọng.]",en,energy_resources,single_word,B1
ea32cb59-43c8-4e4a-9df9-659b49cd7320,oxygen,/ˈɑːksɪdʒən/,Oxy,"In Energy & Resources, 'oxygen' is an essential term. [Trong Năng lượng & Tài nguyên, ""oxygen"" là một thuật ngữ quan trọng.]",en,energy_resources,single_word,B1
c72f8332-4fec-4e28-8f78-59579ffa5e04,pipeline,/ˈpaɪplaɪn/,ống dẫn dầu; nguồn hàng vận chuyển liên tục,"In Energy & Resources, 'pipeline' is an essential term. [Trong Năng lượng & Tài nguyên, ""pipeline"" là một thuật ngữ quan trọng.]",en,energy_resources,single_word,B1
598c459f-d893-4ef4-9d5b-1204341eaa6c,smoke,/sməʊk/,khói; hơi thuốc,"In Energy & Resources, 'smoke' is an essential term. [Trong Năng lượng & Tài nguyên, ""smoke"" là một thuật ngữ quan trọng.]",en,energy_resources,single_word,B1
db6256b7-2d85-4552-88d6-fc5ae29c5c03,steam,/stiːm/,"hơi nước; nghị lực, sức cố gắng","In Energy & Resources, 'steam' is an essential term. [Trong Năng lượng & Tài nguyên, ""steam"" là một thuật ngữ quan trọng.]",en,energy_resources,single_word,B1
fac95fea-e54c-4e8f-aeb4-f9ba5d5ef1f5,renewable energy,/renewable energy/,tái tạo năng lượng,Effective Energy & Resources relies on renewable energy. [Lĩnh vực Năng lượng & Tài nguyên hiệu quả dựa trên tái tạo năng lượng.],en,energy_resources,phrase,B2
7b2ce3c0-c0ff-47e2-84dc-9c3afe00110b,renewable power,/renewable power/,tái tạo công suất,Effective Energy & Resources relies on renewable power. [Lĩnh vực Năng lượng & Tài nguyên hiệu quả dựa trên tái tạo công suất.],en,energy_resources,phrase,B2
38ba7824-afbd-439e-91a8-062e58cd9c13,renewable generation,/renewable generation/,tái tạo phát điện,Effective Energy & Resources relies on renewable generation. [Lĩnh vực Năng lượng & Tài nguyên hiệu quả dựa trên tái tạo phát điện.],en,energy_resources,phrase,B2
fd96187d-8646-49d0-8500-8add1987d858,renewable resource,/renewable resource/,tái tạo tài nguyên,Effective Energy & Resources relies on renewable resource. [Lĩnh vực Năng lượng & Tài nguyên hiệu quả dựa trên tái tạo tài nguyên.],en,energy_resources,phrase,B2
f29d7e37-5b07-4df2-af9b-1ff751c69b2a,renewable grid,/renewable grid/,tái tạo lưới điện,Effective Energy & Resources relies on renewable grid. [Lĩnh vực Năng lượng & Tài nguyên hiệu quả dựa trên tái tạo lưới điện.],en,energy_resources,phrase,B2
db7a512a-e68f-4804-80f4-55d99494ea14,renewable capacity,/renewable capacity/,tái tạo sản lượng,Effective Energy & Resources relies on renewable capacity. [Lĩnh vực Năng lượng & Tài nguyên hiệu quả dựa trên tái tạo sản lượng.],en,energy_resources,phrase,B2
3dae20ce-f254-41ed-90e4-3fd92a3d0edc,renewable supply,/renewable supply/,tái tạo nguồn cung,Effective Energy & Resources relies on renewable supply. [Lĩnh vực Năng lượng & Tài nguyên hiệu quả dựa trên tái tạo nguồn cung.],en,energy_resources,phrase,B2
9a7f7a64-0bbf-4b56-ab67-c037679fd8fd,renewable efficiency,/renewable efficiency/,tái tạo hiệu suất,Effective Energy & Resources relies on renewable efficiency. [Lĩnh vực Năng lượng & Tài nguyên hiệu quả dựa trên tái tạo hiệu suất.],en,energy_resources,phrase,B2
3b42aca8-39ac-4a85-879b-378189c5d00f,solar energy,/solar energy/,mặt trời năng lượng,Effective Energy & Resources relies on solar energy. [Lĩnh vực Năng lượng & Tài nguyên hiệu quả dựa trên mặt trời năng lượng.],en,energy_resources,phrase,B2
cc834dab-e52c-4589-96f5-4d6086f776f3,solar power,/solar power/,mặt trời công suất,Effective Energy & Resources relies on solar power. [Lĩnh vực Năng lượng & Tài nguyên hiệu quả dựa trên mặt trời công suất.],en,energy_resources,phrase,B2
ff963346-7494-4e87-acbe-16ada5f87acf,solar generation,/solar generation/,mặt trời phát điện,Effective Energy & Resources relies on solar generation. [Lĩnh vực Năng lượng & Tài nguyên hiệu quả dựa trên mặt trời phát điện.],en,energy_resources,phrase,B2
37dc51c4-91b2-4500-b0f2-e20ba340c8d3,solar resource,/solar resource/,mặt trời tài nguyên,Effective Energy & Resources relies on solar resource. [Lĩnh vực Năng lượng & Tài nguyên hiệu quả dựa trên mặt trời tài nguyên.],en,energy_resources,phrase,B2
ab7743c2-0b87-4035-8c91-1d6f161b7343,solar grid,/solar grid/,mặt trời lưới điện,Effective Energy & Resources relies on solar grid. [Lĩnh vực Năng lượng & Tài nguyên hiệu quả dựa trên mặt trời lưới điện.],en,energy_resources,phrase,B2
7de86a97-2f50-4e89-85a7-e611c13be358,solar capacity,/solar capacity/,mặt trời sản lượng,Effective Energy & Resources relies on solar capacity. [Lĩnh vực Năng lượng & Tài nguyên hiệu quả dựa trên mặt trời sản lượng.],en,energy_resources,phrase,B2
cd8c4178-f9a7-46c7-be4e-35c78221299f,solar supply,/solar supply/,mặt trời nguồn cung,Effective Energy & Resources relies on solar supply. [Lĩnh vực Năng lượng & Tài nguyên hiệu quả dựa trên mặt trời nguồn cung.],en,energy_resources,phrase,B2
129301fb-73ce-43e3-908c-ef7e766dd6aa,solar efficiency,/solar efficiency/,mặt trời hiệu suất,Effective Energy & Resources relies on solar efficiency. [Lĩnh vực Năng lượng & Tài nguyên hiệu quả dựa trên mặt trời hiệu suất.],en,energy_resources,phrase,B2
95a41ffd-78dd-4fce-99d2-9a53ba82afe8,geothermal energy,/geothermal energy/,địa nhiệt năng lượng,Effective Energy & Resources relies on geothermal energy. [Lĩnh vực Năng lượng & Tài nguyên hiệu quả dựa trên địa nhiệt năng lượng.],en,energy_resources,phrase,B2
0b676730-298b-449d-be2e-93edc4995557,geothermal power,/geothermal power/,địa nhiệt công suất,Effective Energy & Resources relies on geothermal power. [Lĩnh vực Năng lượng & Tài nguyên hiệu quả dựa trên địa nhiệt công suất.],en,energy_resources,phrase,B2
7f20bfdf-a1e3-41ab-b26c-c81ac4c6acd1,geothermal generation,/geothermal generation/,địa nhiệt phát điện,Effective Energy & Resources relies on geothermal generation. [Lĩnh vực Năng lượng & Tài nguyên hiệu quả dựa trên địa nhiệt phát điện.],en,energy_resources,phrase,B2
937082a7-779c-4b22-9841-021f536dcaee,geothermal resource,/geothermal resource/,địa nhiệt tài nguyên,Effective Energy & Resources relies on geothermal resource. [Lĩnh vực Năng lượng & Tài nguyên hiệu quả dựa trên địa nhiệt tài nguyên.],en,energy_resources,phrase,B2
d68435de-2faa-4be4-9ee1-cc74f5d8949b,geothermal grid,/geothermal grid/,địa nhiệt lưới điện,Effective Energy & Resources relies on geothermal grid. [Lĩnh vực Năng lượng & Tài nguyên hiệu quả dựa trên địa nhiệt lưới điện.],en,energy_resources,phrase,B2
b6147206-4d0d-4290-beee-1a0d197653b4,geothermal capacity,/geothermal capacity/,địa nhiệt sản lượng,Effective Energy & Resources relies on geothermal capacity. [Lĩnh vực Năng lượng & Tài nguyên hiệu quả dựa trên địa nhiệt sản lượng.],en,energy_resources,phrase,B2
05407506-ba92-4024-bf28-4861dac9eaec,geothermal supply,/geothermal supply/,địa nhiệt nguồn cung,Effective Energy & Resources relies on geothermal supply. [Lĩnh vực Năng lượng & Tài nguyên hiệu quả dựa trên địa nhiệt nguồn cung.],en,energy_resources,phrase,B2
4e8772be-0b19-43fa-8729-d52ac9d8579f,geothermal efficiency,/geothermal efficiency/,địa nhiệt hiệu suất,Effective Energy & Resources relies on geothermal efficiency. [Lĩnh vực Năng lượng & Tài nguyên hiệu quả dựa trên địa nhiệt hiệu suất.],en,energy_resources,phrase,B2
0d1d9688-bd50-490a-8647-4a5561535ff4,hydroelectric energy,/hydroelectric energy/,thủy điện năng lượng,Effective Energy & Resources relies on hydroelectric energy. [Lĩnh vực Năng lượng & Tài nguyên hiệu quả dựa trên thủy điện năng lượng.],en,energy_resources,phrase,B2
34fdb7d0-5687-4745-9d28-6e37a568e8ca,hydroelectric power,/hydroelectric power/,thủy điện công suất,Effective Energy & Resources relies on hydroelectric power. [Lĩnh vực Năng lượng & Tài nguyên hiệu quả dựa trên thủy điện công suất.],en,energy_resources,phrase,B2
d8379a1a-708d-473a-82a1-005d25e8a17b,hydroelectric generation,/hydroelectric generation/,thủy điện phát điện,Effective Energy & Resources relies on hydroelectric generation. [Lĩnh vực Năng lượng & Tài nguyên hiệu quả dựa trên thủy điện phát điện.],en,energy_resources,phrase,B2
410ebc01-3f0a-475f-988c-5bfc2befcf9a,hydroelectric resource,/hydroelectric resource/,thủy điện tài nguyên,Effective Energy & Resources relies on hydroelectric resource. [Lĩnh vực Năng lượng & Tài nguyên hiệu quả dựa trên thủy điện tài nguyên.],en,energy_resources,phrase,B2
ee4ea4ba-a20c-4181-ba99-fffe543ad048,hydroelectric grid,/hydroelectric grid/,thủy điện lưới điện,Effective Energy & Resources relies on hydroelectric grid. [Lĩnh vực Năng lượng & Tài nguyên hiệu quả dựa trên thủy điện lưới điện.],en,energy_resources,phrase,B2
c0a145e6-c1bb-428d-950c-d91671dada53,hydroelectric capacity,/hydroelectric capacity/,thủy điện sản lượng,Effective Energy & Resources relies on hydroelectric capacity. [Lĩnh vực Năng lượng & Tài nguyên hiệu quả dựa trên thủy điện sản lượng.],en,energy_resources,phrase,B2
357b6cb3-107e-43d4-96b4-bf044769f848,hydroelectric supply,/hydroelectric supply/,thủy điện nguồn cung,Effective Energy & Resources relies on hydroelectric supply. [Lĩnh vực Năng lượng & Tài nguyên hiệu quả dựa trên thủy điện nguồn cung.],en,energy_resources,phrase,B2
c0e1cee3-bb17-45f7-ae60-cff0a6c389bb,hydroelectric efficiency,/hydroelectric efficiency/,thủy điện hiệu suất,Effective Energy & Resources relies on hydroelectric efficiency. [Lĩnh vực Năng lượng & Tài nguyên hiệu quả dựa trên thủy điện hiệu suất.],en,energy_resources,phrase,B2
44c470b9-4700-42a4-a4c9-7db18db7cc9b,nuclear energy,/nuclear energy/,hạt nhân năng lượng,Effective Energy & Resources relies on nuclear energy. [Lĩnh vực Năng lượng & Tài nguyên hiệu quả dựa trên hạt nhân năng lượng.],en,energy_resources,phrase,B2
83ad4bdb-87ff-465e-b263-2a7f34ce80e8,nuclear power,/nuclear power/,hạt nhân công suất,Effective Energy & Resources relies on nuclear power. [Lĩnh vực Năng lượng & Tài nguyên hiệu quả dựa trên hạt nhân công suất.],en,energy_resources,phrase,B2
a6ed2970-297f-440b-bf69-6774aeb1b0b9,nuclear generation,/nuclear generation/,hạt nhân phát điện,Effective Energy & Resources relies on nuclear generation. [Lĩnh vực Năng lượng & Tài nguyên hiệu quả dựa trên hạt nhân phát điện.],en,energy_resources,phrase,B2
f0d0519b-b6c7-4816-9d3e-42d5f5d72a08,nuclear resource,/nuclear resource/,hạt nhân tài nguyên,Effective Energy & Resources relies on nuclear resource. [Lĩnh vực Năng lượng & Tài nguyên hiệu quả dựa trên hạt nhân tài nguyên.],en,energy_resources,phrase,B2
ad455c77-e6ad-4fd3-855b-d3ae47ea9307,nuclear grid,/nuclear grid/,hạt nhân lưới điện,Effective Energy & Resources relies on nuclear grid. [Lĩnh vực Năng lượng & Tài nguyên hiệu quả dựa trên hạt nhân lưới điện.],en,energy_resources,phrase,B2
dfa52d18-7892-4cd6-8d36-a03cf0950dd2,nuclear capacity,/nuclear capacity/,hạt nhân sản lượng,Effective Energy & Resources relies on nuclear capacity. [Lĩnh vực Năng lượng & Tài nguyên hiệu quả dựa trên hạt nhân sản lượng.],en,energy_resources,phrase,B2
5bf21d32-7b5e-454b-810f-a5973f66a038,nuclear supply,/nuclear supply/,hạt nhân nguồn cung,Effective Energy & Resources relies on nuclear supply. [Lĩnh vực Năng lượng & Tài nguyên hiệu quả dựa trên hạt nhân nguồn cung.],en,energy_resources,phrase,B2
808e41ed-a12d-4797-b110-bedb2505a490,nuclear efficiency,/nuclear efficiency/,hạt nhân hiệu suất,Effective Energy & Resources relies on nuclear efficiency. [Lĩnh vực Năng lượng & Tài nguyên hiệu quả dựa trên hạt nhân hiệu suất.],en,energy_resources,phrase,B2
34d4be80-7616-464c-9232-2f099ca1f559,fossil energy,/fossil energy/,hóa thạch năng lượng,Effective Energy & Resources relies on fossil energy. [Lĩnh vực Năng lượng & Tài nguyên hiệu quả dựa trên hóa thạch năng lượng.],en,energy_resources,phrase,B2
da208418-a549-4095-aaa9-afa8eacfce24,fossil power,/fossil power/,hóa thạch công suất,Effective Energy & Resources relies on fossil power. [Lĩnh vực Năng lượng & Tài nguyên hiệu quả dựa trên hóa thạch công suất.],en,energy_resources,phrase,B2
a06bc9ad-1439-434e-b693-d356bca9fed9,fossil generation,/fossil generation/,hóa thạch phát điện,Effective Energy & Resources relies on fossil generation. [Lĩnh vực Năng lượng & Tài nguyên hiệu quả dựa trên hóa thạch phát điện.],en,energy_resources,phrase,B2
4c4dd489-6c33-4181-b2e2-fa34826171c7,fossil resource,/fossil resource/,hóa thạch tài nguyên,Effective Energy & Resources relies on fossil resource. [Lĩnh vực Năng lượng & Tài nguyên hiệu quả dựa trên hóa thạch tài nguyên.],en,energy_resources,phrase,B2
d1dd4cd0-1887-4c80-afd6-28c4f7cafe47,fossil grid,/fossil grid/,hóa thạch lưới điện,Effective Energy & Resources relies on fossil grid. [Lĩnh vực Năng lượng & Tài nguyên hiệu quả dựa trên hóa thạch lưới điện.],en,energy_resources,phrase,B2
e4132fd5-0538-43de-ae6d-4cc4074284ee,fossil capacity,/fossil capacity/,hóa thạch sản lượng,Effective Energy & Resources relies on fossil capacity. [Lĩnh vực Năng lượng & Tài nguyên hiệu quả dựa trên hóa thạch sản lượng.],en,energy_resources,phrase,B2
9ff85da1-ba08-47c9-8180-4459f9656a8e,fossil supply,/fossil supply/,hóa thạch nguồn cung,Effective Energy & Resources relies on fossil supply. [Lĩnh vực Năng lượng & Tài nguyên hiệu quả dựa trên hóa thạch nguồn cung.],en,energy_resources,phrase,B2
27910239-2b95-4427-a6a9-39d0fd864c50,fossil efficiency,/fossil efficiency/,hóa thạch hiệu suất,Effective Energy & Resources relies on fossil efficiency. [Lĩnh vực Năng lượng & Tài nguyên hiệu quả dựa trên hóa thạch hiệu suất.],en,energy_resources,phrase,B2
241fa652-e7e8-4ba8-a169-ab2e11e229e3,thermal energy,/thermal energy/,nhiệt năng năng lượng,Effective Energy & Resources relies on thermal energy. [Lĩnh vực Năng lượng & Tài nguyên hiệu quả dựa trên nhiệt năng năng lượng.],en,energy_resources,phrase,B2
1fdb1935-46f8-43ef-937f-dd5621b4d755,thermal power,/thermal power/,nhiệt năng công suất,Effective Energy & Resources relies on thermal power. [Lĩnh vực Năng lượng & Tài nguyên hiệu quả dựa trên nhiệt năng công suất.],en,energy_resources,phrase,B2
0f87cc09-98fe-4486-b52c-0d563aedd506,ancient,/ˈeɪnʃənt/,"xưa, cổ; lá cờ, cờ hiệu; người cầm cờ hiệu","In History & Heritage, 'ancient' is an essential term. [Trong Lịch sử & Di sản, ""ancient"" là một thuật ngữ quan trọng.]",en,history_heritage,single_word,B1
36a70022-c1ed-43cb-8b75-bf7ef4b02826,warrior,/ˈwɔːriər/,"quân nhân, chiến sĩ;  chính phủ","In History & Heritage, 'warrior' is an essential term. [Trong Lịch sử & Di sản, ""warrior"" là một thuật ngữ quan trọng.]",en,history_heritage,single_word,B1
bebfc12b-a626-46d1-aad6-0e0b115c6eb4,backwards,/ˈbækwərdz/,"backward; xuôi ngược, tới lui","In History & Heritage, 'backwards' is an essential term. [Trong Lịch sử & Di sản, ""backwards"" là một thuật ngữ quan trọng.]",en,history_heritage,single_word,B1
5e31e767-4eea-4a0c-a1fb-3cfb2252c2d2,discourage,/dɪsˈkɜːrɪdʒ/,"làm mất hết can đảm, làm chán nản, làm ngã lòng, làm nản lòng; can ngăn","In History & Heritage, 'discourage' is an essential term. [Trong Lịch sử & Di sản, ""discourage"" là một thuật ngữ quan trọng.]",en,history_heritage,single_word,B1
25b8804a-a383-498d-9111-d58cd25847cc,engagement,/ɪnˈɡeɪdʒmənt/,"sự hứa hẹn, sự ước hẹn, sự cam kết, sự ràng buộc, sự hứa hôn; sự hứa gặp","In History & Heritage, 'engagement' is an essential term. [Trong Lịch sử & Di sản, ""engagement"" là một thuật ngữ quan trọng.]",en,history_heritage,single_word,B1
37631e32-8e5d-4a4c-b94b-fc78d071e7f0,eventually,/ɪˈventʃuəli/,"cuối cùng, tính cho cùng","In History & Heritage, 'eventually' is an essential term. [Trong Lịch sử & Di sản, ""eventually"" là một thuật ngữ quan trọng.]",en,history_heritage,single_word,B1
3e4a6496-9a83-49ed-ab33-8f0a5130c860,memorial,/məˈmɔːriəl/,"kỷ niệm; để ghi nhớ, để kỷ niệm; ký ức","In History & Heritage, 'memorial' is an essential term. [Trong Lịch sử & Di sản, ""memorial"" là một thuật ngữ quan trọng.]",en,history_heritage,single_word,B1
0744b8b7-789f-4be2-959f-c877cae536de,stage,/steɪdʒ/,tầng; cấp; mắt; s. of regulation  cấp điều khiển,"In History & Heritage, 'stage' is an essential term. [Trong Lịch sử & Di sản, ""stage"" là một thuật ngữ quan trọng.]",en,history_heritage,single_word,B1
1e96a672-4be7-437b-bc86-d75edeccc7d8,teenage,/ˈtiːneɪdʒ/,"thanh thiếu niên; cho thanh thiếu niên; ở tuổi thanh thiếu niên, có tính cách của tuổi thanh thiếu niên","In History & Heritage, 'teenage' is an essential term. [Trong Lịch sử & Di sản, ""teenage"" là một thuật ngữ quan trọng.]",en,history_heritage,single_word,B1
1b3b95c2-7895-4471-b2fb-3c16f387c2c0,warming,/ˈwɔːrmɪŋ/,"sự làm ấm, sự hâm, sự hơ, sự sưởi ấm; trận đòn, trận roi","In History & Heritage, 'warming' is an essential term. [Trong Lịch sử & Di sản, ""warming"" là một thuật ngữ quan trọng.]",en,history_heritage,single_word,B1
7d21a7b7-36c5-4452-ad2b-b78877b30020,afterwards,/ˈæftərwərdz/,"sau này, về sau, sau đấy, rồi thì","In History & Heritage, 'afterwards' is an essential term. [Trong Lịch sử & Di sản, ""afterwards"" là một thuật ngữ quan trọng.]",en,history_heritage,single_word,B1
451a0ade-5a1c-47fe-bce0-3386dd266b70,aged,/eɪdʒd/,làm cho già đi; già đi,"In History & Heritage, 'aged' is an essential term. [Trong Lịch sử & Di sản, ""aged"" là một thuật ngữ quan trọng.]",en,history_heritage,single_word,B1
b762e57b-60db-4265-b449-10b52703401f,awkward,/ˈɔːkwərd/,"vụng về; lúng túng, ngượng ngịu","In History & Heritage, 'awkward' is an essential term. [Trong Lịch sử & Di sản, ""awkward"" là một thuật ngữ quan trọng.]",en,history_heritage,single_word,B1
b50255d4-4848-4ee7-a10c-906c6e707591,battle,/ˈbætl/,trận đánh; cuộc chiến đấu; chiến thuật,"In History & Heritage, 'battle' is an essential term. [Trong Lịch sử & Di sản, ""battle"" là một thuật ngữ quan trọng.]",en,history_heritage,single_word,B1
5d92eb4b-b858-4537-beaa-9f22cd8ebc46,battlefield,/ˈbætlfiːld/,chiến trường,"In History & Heritage, 'battlefield' is an essential term. [Trong Lịch sử & Di sản, ""battlefield"" là một thuật ngữ quan trọng.]",en,history_heritage,single_word,B1
1abe4ee7-5a1e-424f-84d1-343a858f47e4,century,/ˈsentʃəri/,"trăm năm, thế kỷ; trăm","In History & Heritage, 'century' is an essential term. [Trong Lịch sử & Di sản, ""century"" là một thuật ngữ quan trọng.]",en,history_heritage,single_word,B1
361f838f-8ce5-43e2-be54-6a8df5e20b05,downwards,/ˈdaʊnwərdz/,"xuống, đi xuống, trở xuống; xuôi","In History & Heritage, 'downwards' is an essential term. [Trong Lịch sử & Di sản, ""downwards"" là một thuật ngữ quan trọng.]",en,history_heritage,single_word,B1
d0303255-0416-4f6d-9ba2-571c8c13887e,encourage,/ɪnˈkɜːrɪdʒ/,"làm can đảm, làm mạnh dạn; khuyến khích, cổ vũ, động viên","In History & Heritage, 'encourage' is an essential term. [Trong Lịch sử & Di sản, ""encourage"" là một thuật ngữ quan trọng.]",en,history_heritage,single_word,B1
ad326abd-8caa-4c62-8303-72731dcde62d,encouragement,/ɪnˈkɜːrɪdʒmənt/,"sự làm can đảm, sự làm mạnh dạn; sự khuyến khích, sự cổ vũ, sự động viên","In History & Heritage, 'encouragement' is an essential term. [Trong Lịch sử & Di sản, ""encouragement"" là một thuật ngữ quan trọng.]",en,history_heritage,single_word,B1
700bc36f-7bd2-4cae-bd5c-f2a3f596e6ee,fold,/fəʊld/,gấp uốn,"In History & Heritage, 'fold' is an essential term. [Trong Lịch sử & Di sản, ""fold"" là một thuật ngữ quan trọng.]",en,history_heritage,single_word,B1
84f64dfd-2db6-42d8-a2e8-11cff26a0631,folding,/ˈfəʊldɪŋ/,sự tạo nếp; sự gấp nếp,"In History & Heritage, 'folding' is an essential term. [Trong Lịch sử & Di sản, ""folding"" là một thuật ngữ quan trọng.]",en,history_heritage,single_word,B1
019f29a3-b524-4995-b034-19f1a11f71e0,footage,/ˈfʊtɪdʒ/,chiều dài tính bằng phút; cảnh,"In History & Heritage, 'footage' is an essential term. [Trong Lịch sử & Di sản, ""footage"" là một thuật ngữ quan trọng.]",en,history_heritage,single_word,B1
878c873c-89ec-4713-bc88-0f91e3357861,forward,/ˈfɔːrwərd/,"về phía trước, đi trước, vượt trước","In History & Heritage, 'forward' is an essential term. [Trong Lịch sử & Di sản, ""forward"" là một thuật ngữ quan trọng.]",en,history_heritage,single_word,B1
bd111f21-37d6-494c-b3ed-9c21fde55a3f,historic,/hɪˈstɔːrɪk/,có tính chất lịch sử; được ghi vào lịch sử,"In History & Heritage, 'historic' is an essential term. [Trong Lịch sử & Di sản, ""historic"" là một thuật ngữ quan trọng.]",en,history_heritage,single_word,B1
5b8d1664-7acc-4d0c-8397-551802ee4ab4,historical,/hɪˈstɔːrɪkl/,"lịch sử,  lịch sử; có liên quan đến lịch sử","In History & Heritage, 'historical' is an essential term. [Trong Lịch sử & Di sản, ""historical"" là một thuật ngữ quan trọng.]",en,history_heritage,single_word,B1
3071d814-453a-4a4c-a121-c3ef62db2a5b,hostage,/ˈhɑːstɪdʒ/,"con tin; đồ thế, đồ đảm bảo","In History & Heritage, 'hostage' is an essential term. [Trong Lịch sử & Di sản, ""hostage"" là một thuật ngữ quan trọng.]",en,history_heritage,single_word,B1
a7714d88-ad60-4194-bcf0-dfec51d7c24f,imagery,/ˈɪmɪdʒəri/,"hình ảnh; tượng hình; hình chạm, đồ khắc","In History & Heritage, 'imagery' is an essential term. [Trong Lịch sử & Di sản, ""imagery"" là một thuật ngữ quan trọng.]",en,history_heritage,single_word,B1
91bd6be3-c1d3-4818-bfec-5802d52a5ed0,making,/ˈmeɪkɪŋ/,"sự làm, sự chế tạo; cách làm, cách chế tạo; sự tiến bộ, sự thành công, sự lớn lên; nguyên nhân tiến bộ, nguyên nhân thành công","In History & Heritage, 'making' is an essential term. [Trong Lịch sử & Di sản, ""making"" là một thuật ngữ quan trọng.]",en,history_heritage,single_word,B1
ba3092c7-f6eb-4162-b619-7e8f50870340,monument,/ˈmɑːnjumənt/,"vật kỷ niệm, đài kỷ niệm, bia kỷ niệm, công trình kỷ niệm; lâu đài","In History & Heritage, 'monument' is an essential term. [Trong Lịch sử & Di sản, ""monument"" là một thuật ngữ quan trọng.]",en,history_heritage,single_word,B1
bc79ce77-dcd7-4bf0-9c3d-076ad5a70123,myth,/mɪθ/,"thần thoại; chuyện hoang đường, vật hoang đường; chuyện tưởng tượng, vật tưởng tượng","In History & Heritage, 'myth' is an essential term. [Trong Lịch sử & Di sản, ""myth"" là một thuật ngữ quan trọng.]",en,history_heritage,single_word,B1
083e7be9-59f3-459c-979a-a35d74fd753f,old,/əʊld/,"già; già giặn, có kinh nghiệm, lão luyện","In History & Heritage, 'old' is an essential term. [Trong Lịch sử & Di sản, ""old"" là một thuật ngữ quan trọng.]",en,history_heritage,single_word,B1
3448a607-aa7e-480a-9213-118951024ee9,original,/əˈrɪdʒənl/,gốc; nguyên thủy; nguyên bản; o. of a set under a transformation nguyên bản của một tập hợp trong một phép biến đổi,"In History & Heritage, 'original' is an essential term. [Trong Lịch sử & Di sản, ""original"" là một thuật ngữ quan trọng.]",en,history_heritage,single_word,B1
8b8282a2-9f7c-4d53-b473-30dfe1eee731,originally,/əˈrɪdʒənəli/,"với tính chất gốc; về nguồn gốc; bắt đầu, khởi đầu, từ lúc bắt đầu","In History & Heritage, 'originally' is an essential term. [Trong Lịch sử & Di sản, ""originally"" là một thuật ngữ quan trọng.]",en,history_heritage,single_word,B1
2e38fd52-12ad-400b-bfb0-aceb56eec302,parking,/ˈpɑːrkɪŋ/,sự đỗ xe,"In History & Heritage, 'parking' is an essential term. [Trong Lịch sử & Di sản, ""parking"" là một thuật ngữ quan trọng.]",en,history_heritage,single_word,B1
26aa460f-2560-43ae-a643-dd2a4f3da686,smoking,/ˈsməʊkɪŋ/,"sự hút thuốc; hành động hút thuốc, thói quen hút thuốc","In History & Heritage, 'smoking' is an essential term. [Trong Lịch sử & Di sản, ""smoking"" là một thuật ngữ quan trọng.]",en,history_heritage,single_word,B1
16782bb2-0720-4244-bae9-ff9998d014c7,teenager,/ˈtiːneɪdʒər/,Cách viết khác : teener,"In History & Heritage, 'teenager' is an essential term. [Trong Lịch sử & Di sản, ""teenager"" là một thuật ngữ quan trọng.]",en,history_heritage,single_word,B1
163ced36-993f-4d2f-87be-7a48dc225694,thinking,/ˈθɪŋkɪŋ/,"sự suy nghĩ, sự nghĩ ngợi, sự trầm tư; tư tưởng, ý nghĩ, ý kiến","In History & Heritage, 'thinking' is an essential term. [Trong Lịch sử & Di sản, ""thinking"" là một thuật ngữ quan trọng.]",en,history_heritage,single_word,B1
17f16b68-93a6-4fb8-955d-92b68f5308ff,tragedy,/ˈtrædʒədi/,"bi kịch; tấn bi kịch, tấn thảm kịch","In History & Heritage, 'tragedy' is an essential term. [Trong Lịch sử & Di sản, ""tragedy"" là một thuật ngữ quan trọng.]",en,history_heritage,single_word,B1
9baf7fcf-1254-4c95-bc1f-59c8d7a7df9c,unfold,/ʌnˈfəʊld/,"mở ra, trải ra; bày tỏ, để lộ, bộc lộ","In History & Heritage, 'unfold' is an essential term. [Trong Lịch sử & Di sản, ""unfold"" là một thuật ngữ quan trọng.]",en,history_heritage,single_word,B1
ca65e4cf-b1ca-455c-bda7-4072badd8325,upwards,/ˈʌpwərdz/,"đi lên, hướng lên, lên; lên, hướng lên, đi lên, về phía trên","In History & Heritage, 'upwards' is an essential term. [Trong Lịch sử & Di sản, ""upwards"" là một thuật ngữ quan trọng.]",en,history_heritage,single_word,B1
b0a5b27f-b467-47f5-8b07-23aaf5b055fd,usage,/ˈjuːsɪdʒ/,sự sử dụng,"In History & Heritage, 'usage' is an essential term. [Trong Lịch sử & Di sản, ""usage"" là một thuật ngữ quan trọng.]",en,history_heritage,single_word,B1
d0289b62-b5c5-433d-a527-e9a1072f3690,villager,/ˈvɪlɪdʒər/,"dân làng, dân nông thôn","In History & Heritage, 'villager' is an essential term. [Trong Lịch sử & Di sản, ""villager"" là một thuật ngữ quan trọng.]",en,history_heritage,single_word,B1
12491125-de08-4eea-8a09-edf30d12a0ea,war,/wɔːr/,chiến tranh; đấu tranh,"In History & Heritage, 'war' is an essential term. [Trong Lịch sử & Di sản, ""war"" là một thuật ngữ quan trọng.]",en,history_heritage,single_word,B1
03f1cf9c-7964-4e65-9ce3-36e656c4ce3f,warfare,/ˈwɔːrfer/,chiến tranh,"In History & Heritage, 'warfare' is an essential term. [Trong Lịch sử & Di sản, ""warfare"" là một thuật ngữ quan trọng.]",en,history_heritage,single_word,B1
c0af8e0f-b21f-4aba-a4ed-a09a3c7bb250,warm,/wɔːrm/,ấm; làm cho ấm; ấm,"In History & Heritage, 'warm' is an essential term. [Trong Lịch sử & Di sản, ""warm"" là một thuật ngữ quan trọng.]",en,history_heritage,single_word,B1
9d1690f0-f299-4d5f-bba8-42187ed68018,warning,/ˈwɔːrnɪŋ/,"sự báo trước; lời báo trước; dấu hiệu báo trước; lời cảnh cáo, lời răn","In History & Heritage, 'warning' is an essential term. [Trong Lịch sử & Di sản, ""warning"" là một thuật ngữ quan trọng.]",en,history_heritage,single_word,B1
e68414d5-41b0-4bb1-8c5c-628187388d87,advantage,/ədˈvæntɪdʒ/,"sự thuận lợi, hoàn cảnh thuận lợi; mối lợi; thế lợi","In History & Heritage, 'advantage' is an essential term. [Trong Lịch sử & Di sản, ""advantage"" là một thuật ngữ quan trọng.]",en,history_heritage,single_word,B1
1ffcdf03-8775-484f-8a08-e1a93723dd25,age,/eɪdʒ/,"tuổi; tuổi già, tuổi tác","In History & Heritage, 'age' is an essential term. [Trong Lịch sử & Di sản, ""age"" là một thuật ngữ quan trọng.]",en,history_heritage,single_word,B1
bcec0145-048a-4244-bcff-301d98c6ffca,agency,/ˈeɪdʒənsi/,"tác dụng, lực; sự môi giới, sự trung gian","In History & Heritage, 'agency' is an essential term. [Trong Lịch sử & Di sản, ""agency"" là một thuật ngữ quan trọng.]",en,history_heritage,single_word,B1
40aef579-dbd1-4082-b3b8-bc7e43a0ee62,agenda,/əˈdʒendə/,"đề tài thảo luận, chương trình nghị sự, nghị trình","In History & Heritage, 'agenda' is an essential term. [Trong Lịch sử & Di sản, ""agenda"" là một thuật ngữ quan trọng.]",en,history_heritage,single_word,B1
51e0094c-cb1e-4c1f-8edf-95084375a965,ancient monument,/ancient monument/,cổ đại di tích,Effective History & Heritage relies on ancient monument. [Lĩnh vực Lịch sử & Di sản hiệu quả dựa trên cổ đại di tích.],en,history_heritage,phrase,B2
e4b88ee9-01ed-42f2-ad98-f8b8970703af,ancient heritage,/ancient heritage/,cổ đại di sản,Effective History & Heritage relies on ancient heritage. [Lĩnh vực Lịch sử & Di sản hiệu quả dựa trên cổ đại di sản.],en,history_heritage,phrase,B2
031aa499-8471-45cc-a125-41baa603cf00,ancient artifact,/ancient artifact/,cổ đại hiện vật,Effective History & Heritage relies on ancient artifact. [Lĩnh vực Lịch sử & Di sản hiệu quả dựa trên cổ đại hiện vật.],en,history_heritage,phrase,B2
6c99f245-765d-400d-bb70-ab122f8edc67,ancient dynasty,/ancient dynasty/,cổ đại triều đại,Effective History & Heritage relies on ancient dynasty. [Lĩnh vực Lịch sử & Di sản hiệu quả dựa trên cổ đại triều đại.],en,history_heritage,phrase,B2
a4588d22-adbf-4837-b76d-652c5e7c3f7b,ancient chronicle,/ancient chronicle/,cổ đại biên niên sử,Effective History & Heritage relies on ancient chronicle. [Lĩnh vực Lịch sử & Di sản hiệu quả dựa trên cổ đại biên niên sử.],en,history_heritage,phrase,B2
c005fdb1-3cb3-47ae-a9f2-a55c240430f7,ancient civilization,/ancient civilization/,cổ đại văn minh,Effective History & Heritage relies on ancient civilization. [Lĩnh vực Lịch sử & Di sản hiệu quả dựa trên cổ đại văn minh.],en,history_heritage,phrase,B2
5fea6d4c-5c88-4113-b8e6-b8ad3bc558d8,ancient archive,/ancient archive/,cổ đại văn khố,Effective History & Heritage relies on ancient archive. [Lĩnh vực Lịch sử & Di sản hiệu quả dựa trên cổ đại văn khố.],en,history_heritage,phrase,B2
30debf48-a784-44fb-a80a-4ace6546caaa,ancient relic,/ancient relic/,cổ đại cổ vật,Effective History & Heritage relies on ancient relic. [Lĩnh vực Lịch sử & Di sản hiệu quả dựa trên cổ đại cổ vật.],en,history_heritage,phrase,B2
df68c738-3452-49f2-8226-1f796f16578b,medieval monument,/medieval monument/,trung cổ di tích,Effective History & Heritage relies on medieval monument. [Lĩnh vực Lịch sử & Di sản hiệu quả dựa trên trung cổ di tích.],en,history_heritage,phrase,B2
a7ea4a69-7bb2-4fa8-a14e-13be60833530,medieval heritage,/medieval heritage/,trung cổ di sản,Effective History & Heritage relies on medieval heritage. [Lĩnh vực Lịch sử & Di sản hiệu quả dựa trên trung cổ di sản.],en,history_heritage,phrase,B2
b71e5861-9ada-457e-a557-a09f7eda48ba,medieval artifact,/medieval artifact/,trung cổ hiện vật,Effective History & Heritage relies on medieval artifact. [Lĩnh vực Lịch sử & Di sản hiệu quả dựa trên trung cổ hiện vật.],en,history_heritage,phrase,B2
45a4c1cf-ed19-4f4d-8844-06a57e23ab8f,medieval dynasty,/medieval dynasty/,trung cổ triều đại,Effective History & Heritage relies on medieval dynasty. [Lĩnh vực Lịch sử & Di sản hiệu quả dựa trên trung cổ triều đại.],en,history_heritage,phrase,B2
5dd2847e-ffc2-4555-90c0-544cfc65d395,medieval chronicle,/medieval chronicle/,trung cổ biên niên sử,Effective History & Heritage relies on medieval chronicle. [Lĩnh vực Lịch sử & Di sản hiệu quả dựa trên trung cổ biên niên sử.],en,history_heritage,phrase,B2
73a91f4b-95ef-4fb5-b150-70c908d9999e,medieval civilization,/medieval civilization/,trung cổ văn minh,Effective History & Heritage relies on medieval civilization. [Lĩnh vực Lịch sử & Di sản hiệu quả dựa trên trung cổ văn minh.],en,history_heritage,phrase,B2
49c4449c-9034-46a5-888a-5816687d2f33,medieval archive,/medieval archive/,trung cổ văn khố,Effective History & Heritage relies on medieval archive. [Lĩnh vực Lịch sử & Di sản hiệu quả dựa trên trung cổ văn khố.],en,history_heritage,phrase,B2
ce101124-cebc-4e89-92b7-9f1974d8f0a3,medieval relic,/medieval relic/,trung cổ cổ vật,Effective History & Heritage relies on medieval relic. [Lĩnh vực Lịch sử & Di sản hiệu quả dựa trên trung cổ cổ vật.],en,history_heritage,phrase,B2
13253227-0f1d-410c-85c6-d5853e7ea26a,historical monument,/historical monument/,lịch sử di tích,Effective History & Heritage relies on historical monument. [Lĩnh vực Lịch sử & Di sản hiệu quả dựa trên lịch sử di tích.],en,history_heritage,phrase,B2
731b5219-df73-4035-8b93-467940a887b8,historical heritage,/historical heritage/,lịch sử di sản,Effective History & Heritage relies on historical heritage. [Lĩnh vực Lịch sử & Di sản hiệu quả dựa trên lịch sử di sản.],en,history_heritage,phrase,B2
dc189b3b-ac53-465c-867f-8674e0083ea7,historical artifact,/historical artifact/,lịch sử hiện vật,Effective History & Heritage relies on historical artifact. [Lĩnh vực Lịch sử & Di sản hiệu quả dựa trên lịch sử hiện vật.],en,history_heritage,phrase,B2
4071a212-9c16-4800-9b4c-1316e912c675,historical dynasty,/historical dynasty/,lịch sử triều đại,Effective History & Heritage relies on historical dynasty. [Lĩnh vực Lịch sử & Di sản hiệu quả dựa trên lịch sử triều đại.],en,history_heritage,phrase,B2
2e078103-dd6f-4081-91ca-da2d9212a191,historical chronicle,/historical chronicle/,lịch sử biên niên sử,Effective History & Heritage relies on historical chronicle. [Lĩnh vực Lịch sử & Di sản hiệu quả dựa trên lịch sử biên niên sử.],en,history_heritage,phrase,B2
256fdd42-7281-4a06-93aa-834fe3f6de82,historical civilization,/historical civilization/,lịch sử văn minh,Effective History & Heritage relies on historical civilization. [Lĩnh vực Lịch sử & Di sản hiệu quả dựa trên lịch sử văn minh.],en,history_heritage,phrase,B2
82a714b6-3ff4-46b6-845d-8b18d2cfccb8,historical archive,/historical archive/,lịch sử văn khố,Effective History & Heritage relies on historical archive. [Lĩnh vực Lịch sử & Di sản hiệu quả dựa trên lịch sử văn khố.],en,history_heritage,phrase,B2
c6068c96-1d15-4066-8aa6-c26372dfe0bb,historical relic,/historical relic/,lịch sử cổ vật,Effective History & Heritage relies on historical relic. [Lĩnh vực Lịch sử & Di sản hiệu quả dựa trên lịch sử cổ vật.],en,history_heritage,phrase,B2
e822cfd7-2737-471c-ab8c-8f6fcf959677,archaeological monument,/archaeological monument/,khảo cổ di tích,Effective History & Heritage relies on archaeological monument. [Lĩnh vực Lịch sử & Di sản hiệu quả dựa trên khảo cổ di tích.],en,history_heritage,phrase,B2
c0696359-7b86-4b9f-ab35-1cd5137a8350,archaeological heritage,/archaeological heritage/,khảo cổ di sản,Effective History & Heritage relies on archaeological heritage. [Lĩnh vực Lịch sử & Di sản hiệu quả dựa trên khảo cổ di sản.],en,history_heritage,phrase,B2
d63d537e-a36a-4cf7-a854-c275771376b7,archaeological artifact,/archaeological artifact/,khảo cổ hiện vật,Effective History & Heritage relies on archaeological artifact. [Lĩnh vực Lịch sử & Di sản hiệu quả dựa trên khảo cổ hiện vật.],en,history_heritage,phrase,B2
f72d4a04-797b-42d0-9433-3804eeedfc4c,archaeological dynasty,/archaeological dynasty/,khảo cổ triều đại,Effective History & Heritage relies on archaeological dynasty. [Lĩnh vực Lịch sử & Di sản hiệu quả dựa trên khảo cổ triều đại.],en,history_heritage,phrase,B2
c07eecf6-97a7-4826-a3ee-b2b963173e0f,archaeological chronicle,/archaeological chronicle/,khảo cổ biên niên sử,Effective History & Heritage relies on archaeological chronicle. [Lĩnh vực Lịch sử & Di sản hiệu quả dựa trên khảo cổ biên niên sử.],en,history_heritage,phrase,B2
dff148cf-089b-487a-91d9-3bc56598aeda,archaeological civilization,/archaeological civilization/,khảo cổ văn minh,Effective History & Heritage relies on archaeological civilization. [Lĩnh vực Lịch sử & Di sản hiệu quả dựa trên khảo cổ văn minh.],en,history_heritage,phrase,B2
34d2b34f-5108-4ad2-bd8b-2f158e8522ba,archaeological archive,/archaeological archive/,khảo cổ văn khố,Effective History & Heritage relies on archaeological archive. [Lĩnh vực Lịch sử & Di sản hiệu quả dựa trên khảo cổ văn khố.],en,history_heritage,phrase,B2
ee8c330d-1153-4001-996d-f719ceb9db9c,archaeological relic,/archaeological relic/,khảo cổ cổ vật,Effective History & Heritage relies on archaeological relic. [Lĩnh vực Lịch sử & Di sản hiệu quả dựa trên khảo cổ cổ vật.],en,history_heritage,phrase,B2
ad61b469-84e8-48c3-bb2d-8ac49f027194,ancestral monument,/ancestral monument/,tổ tiên di tích,Effective History & Heritage relies on ancestral monument. [Lĩnh vực Lịch sử & Di sản hiệu quả dựa trên tổ tiên di tích.],en,history_heritage,phrase,B2
5351f928-4bef-44b7-a7b0-168c930dc42f,ancestral heritage,/ancestral heritage/,tổ tiên di sản,Effective History & Heritage relies on ancestral heritage. [Lĩnh vực Lịch sử & Di sản hiệu quả dựa trên tổ tiên di sản.],en,history_heritage,phrase,B2
e343230b-960e-4815-b388-d8dee1a5d187,ancestral artifact,/ancestral artifact/,tổ tiên hiện vật,Effective History & Heritage relies on ancestral artifact. [Lĩnh vực Lịch sử & Di sản hiệu quả dựa trên tổ tiên hiện vật.],en,history_heritage,phrase,B2
1cf3f2aa-a76e-4495-a536-62b5581137d0,ancestral dynasty,/ancestral dynasty/,tổ tiên triều đại,Effective History & Heritage relies on ancestral dynasty. [Lĩnh vực Lịch sử & Di sản hiệu quả dựa trên tổ tiên triều đại.],en,history_heritage,phrase,B2
4a83bb1b-c4d1-4101-a1ea-b35d7ba09203,ancestral chronicle,/ancestral chronicle/,tổ tiên biên niên sử,Effective History & Heritage relies on ancestral chronicle. [Lĩnh vực Lịch sử & Di sản hiệu quả dựa trên tổ tiên biên niên sử.],en,history_heritage,phrase,B2
1f036b50-b2ff-4b3e-81d6-c43f1b1bbd4c,ancestral civilization,/ancestral civilization/,tổ tiên văn minh,Effective History & Heritage relies on ancestral civilization. [Lĩnh vực Lịch sử & Di sản hiệu quả dựa trên tổ tiên văn minh.],en,history_heritage,phrase,B2
226cd288-b334-4e06-806c-f37825afd3fd,ancestral archive,/ancestral archive/,tổ tiên văn khố,Effective History & Heritage relies on ancestral archive. [Lĩnh vực Lịch sử & Di sản hiệu quả dựa trên tổ tiên văn khố.],en,history_heritage,phrase,B2
5f948c68-49fb-46e4-9413-eaf639dc3d03,ancestral relic,/ancestral relic/,tổ tiên cổ vật,Effective History & Heritage relies on ancestral relic. [Lĩnh vực Lịch sử & Di sản hiệu quả dựa trên tổ tiên cổ vật.],en,history_heritage,phrase,B2
e708163d-da0f-401e-91fc-7a7a57e8b248,monumental monument,/monumental monument/,đồ sộ di tích,Effective History & Heritage relies on monumental monument. [Lĩnh vực Lịch sử & Di sản hiệu quả dựa trên đồ sộ di tích.],en,history_heritage,phrase,B2
3fb621ec-58dc-4ff2-bb23-d56556d39dce,monumental heritage,/monumental heritage/,đồ sộ di sản,Effective History & Heritage relies on monumental heritage. [Lĩnh vực Lịch sử & Di sản hiệu quả dựa trên đồ sộ di sản.],en,history_heritage,phrase,B2
9ba22975-6679-4e78-bca6-fc264d9c5603,monumental artifact,/monumental artifact/,đồ sộ hiện vật,Effective History & Heritage relies on monumental artifact. [Lĩnh vực Lịch sử & Di sản hiệu quả dựa trên đồ sộ hiện vật.],en,history_heritage,phrase,B2
52d0dd2c-7ea1-48d0-91ee-542c2b1ea46d,monumental dynasty,/monumental dynasty/,đồ sộ triều đại,Effective History & Heritage relies on monumental dynasty. [Lĩnh vực Lịch sử & Di sản hiệu quả dựa trên đồ sộ triều đại.],en,history_heritage,phrase,B2
c6514d78-7b88-4272-99de-21dac9830e3f,monumental chronicle,/monumental chronicle/,đồ sộ biên niên sử,Effective History & Heritage relies on monumental chronicle. [Lĩnh vực Lịch sử & Di sản hiệu quả dựa trên đồ sộ biên niên sử.],en,history_heritage,phrase,B2
40a566d7-95ee-4b37-90d0-d8dfe3c643f4,monumental civilization,/monumental civilization/,đồ sộ văn minh,Effective History & Heritage relies on monumental civilization. [Lĩnh vực Lịch sử & Di sản hiệu quả dựa trên đồ sộ văn minh.],en,history_heritage,phrase,B2
c606659e-712b-4d31-990a-40bfdd71d477,monumental archive,/monumental archive/,đồ sộ văn khố,Effective History & Heritage relies on monumental archive. [Lĩnh vực Lịch sử & Di sản hiệu quả dựa trên đồ sộ văn khố.],en,history_heritage,phrase,B2
f3233c1c-12ae-4acf-b5ce-c76e4fe03e16,monumental relic,/monumental relic/,đồ sộ cổ vật,Effective History & Heritage relies on monumental relic. [Lĩnh vực Lịch sử & Di sản hiệu quả dựa trên đồ sộ cổ vật.],en,history_heritage,phrase,B2
6b6065f0-e879-41ee-91ad-164b0dfca860,traditional monument,/traditional monument/,truyền thống di tích,Effective History & Heritage relies on traditional monument. [Lĩnh vực Lịch sử & Di sản hiệu quả dựa trên truyền thống di tích.],en,history_heritage,phrase,B2
9ab7b6bc-88b6-4919-ab7d-aa5fdfb20a99,traditional heritage,/traditional heritage/,truyền thống di sản,Effective History & Heritage relies on traditional heritage. [Lĩnh vực Lịch sử & Di sản hiệu quả dựa trên truyền thống di sản.],en,history_heritage,phrase,B2
e0f4e7be-425b-4499-aae6-f8acbf97b817,philosophy,/fəˈlɑːsəfi/,"triết học, triết lý; tính bình thản trong mọi hoàn cảnh; triết lý sống","In Philosophy & Ethics, 'philosophy' is an essential term. [Trong Triết học & Đạo đức, ""philosophy"" là một thuật ngữ quan trọng.]",en,philosophy_ethics,single_word,B1
e537db76-5381-4f8b-9f59-0271aa6cf328,ethic,/ˈeθɪk/,"đạo đức,  luân thường đạo lý; hợp với luân thường đạo lý, đúng với nguyên tắc xử thế ; đúng nội quy","In Philosophy & Ethics, 'ethic' is an essential term. [Trong Triết học & Đạo đức, ""ethic"" là một thuật ngữ quan trọng.]",en,philosophy_ethics,single_word,B1
fbbe4f1d-4c62-4064-9f5b-f9215d39151a,ethical,/ˈeθɪkl/,"đạo đức,  luân thường đạo lý; hợp với luân thường đạo lý, đúng với nguyên tắc xử thế ; đúng nội quy","In Philosophy & Ethics, 'ethical' is an essential term. [Trong Triết học & Đạo đức, ""ethical"" là một thuật ngữ quan trọng.]",en,philosophy_ethics,single_word,B1
64d7d40a-f75e-4383-90f5-5e8aa17dcec9,morality,/məˈræləti/,"đạo đức; đạo lý, đạo nghĩa","In Philosophy & Ethics, 'morality' is an essential term. [Trong Triết học & Đạo đức, ""morality"" là một thuật ngữ quan trọng.]",en,philosophy_ethics,single_word,B1
ffe22db8-6083-4d50-98c0-f6d9391fc7d9,reasoning,/ˈriːzənɪŋ/,"lý luận, lập luận, lý lẽ; sự tranh luận, sự cãi lý","In Philosophy & Ethics, 'reasoning' is an essential term. [Trong Triết học & Đạo đức, ""reasoning"" là một thuật ngữ quan trọng.]",en,philosophy_ethics,single_word,B1
851bb091-ab8f-414a-865c-6189eda84a36,devil,/ˈdevl/,"ma, quỷ; điều quái gỡ, điều ghê gớm, điều khủng khiếp","In Philosophy & Ethics, 'devil' is an essential term. [Trong Triết học & Đạo đức, ""devil"" là một thuật ngữ quan trọng.]",en,philosophy_ethics,single_word,B1
e595ee8e-c3eb-4df2-9ff4-175ca235fd00,evil,/ˈiːvl/,"xấu, ác, có hại; one","In Philosophy & Ethics, 'evil' is an essential term. [Trong Triết học & Đạo đức, ""evil"" là một thuật ngữ quan trọng.]",en,philosophy_ethics,single_word,B1
784ae4d7-3471-4060-830c-bbfe20fab4fc,logical,/ˈlɑːdʒɪkl/,lôgic,"In Philosophy & Ethics, 'logical' is an essential term. [Trong Triết học & Đạo đức, ""logical"" là một thuật ngữ quan trọng.]",en,philosophy_ethics,single_word,B1
9ef5f09b-98f5-4b1a-95fb-b5ae14890115,meaning,/ˈmiːnɪŋ/,ý nghĩa; ỹ nghĩa; geometric m. ý nghĩa hình học,"In Philosophy & Ethics, 'meaning' is an essential term. [Trong Triết học & Đạo đức, ""meaning"" là một thuật ngữ quan trọng.]",en,philosophy_ethics,single_word,B1
aa120142-2c48-48c6-b5fb-33bc21599d8d,moral,/ˈmɔːrəl/,"đạo đức,  luân lý,  phẩm hạnh; có đạo đức, hợp đạo đức","In Philosophy & Ethics, 'moral' is an essential term. [Trong Triết học & Đạo đức, ""moral"" là một thuật ngữ quan trọng.]",en,philosophy_ethics,single_word,B1
c09c9492-40ad-4569-8210-7f1d63c5b69a,reasonably,/ˈriːznəbli/,hợp lý; vừa phải; chấp nhận được hoặc tạm được; vừa vừa hoặc kha khá,"In Philosophy & Ethics, 'reasonably' is an essential term. [Trong Triết học & Đạo đức, ""reasonably"" là một thuật ngữ quan trọng.]",en,philosophy_ethics,single_word,B1
7f4b8fd6-97b1-416a-8d6b-465c0df5d396,value,/ˈvæljuː/,giá trị; v. of a game  Giá trị của trò chơi,"In Philosophy & Ethics, 'value' is an essential term. [Trong Triết học & Đạo đức, ""value"" là một thuật ngữ quan trọng.]",en,philosophy_ethics,single_word,B1
51308562-4af7-4327-9244-c91830f1f7cc,virtue,/ˈvɜːrtʃuː/,"đức, đức hạnh; đức tính, tính tốt","In Philosophy & Ethics, 'virtue' is an essential term. [Trong Triết học & Đạo đức, ""virtue"" là một thuật ngữ quan trọng.]",en,philosophy_ethics,single_word,B1
81252bab-967a-4b03-8e14-859c9d6fd358,exist,/ɪɡˈzɪst/,"tồn tại, có, hiện hành","In Philosophy & Ethics, 'exist' is an essential term. [Trong Triết học & Đạo đức, ""exist"" là một thuật ngữ quan trọng.]",en,philosophy_ethics,single_word,B1
c7df3872-95a8-4d4c-aad5-8cf924f64035,existence,/ɪɡˈzɪstəns/,sự tồn tại; unique e.  tồn tại duy nhất,"In Philosophy & Ethics, 'existence' is an essential term. [Trong Triết học & Đạo đức, ""existence"" là một thuật ngữ quan trọng.]",en,philosophy_ethics,single_word,B1
2186aeb1-60dd-4401-bdfa-b09c618d39b6,goods,/ɡʊdz/,"hàng hoá; sportg., g. in stock hàng hiện có","In Philosophy & Ethics, 'goods' is an essential term. [Trong Triết học & Đạo đức, ""goods"" là một thuật ngữ quan trọng.]",en,philosophy_ethics,single_word,B1
e95349d3-ed7e-4481-8f25-c60a344b6fb0,idea,/aɪˈdiːə/,khái niệm; tư tưởng; ý,"In Philosophy & Ethics, 'idea' is an essential term. [Trong Triết học & Đạo đức, ""idea"" là một thuật ngữ quan trọng.]",en,philosophy_ethics,single_word,B1
3bebf0a1-0f5c-4a13-aa54-b6dbef6c8ce4,ideal,/aɪˈdiːəl/,iđêan; lý tưởng; admissible i. iđêan chấp nhận được,"In Philosophy & Ethics, 'ideal' is an essential term. [Trong Triết học & Đạo đức, ""ideal"" là một thuật ngữ quan trọng.]",en,philosophy_ethics,single_word,B1
440cd37d-b7b4-480f-a57a-39453c3fe5d6,ideological,/ˌaɪdiəˈlɑːdʒɪkl/,tư tưởng,"In Philosophy & Ethics, 'ideological' is an essential term. [Trong Triết học & Đạo đức, ""ideological"" là một thuật ngữ quan trọng.]",en,philosophy_ethics,single_word,B1
82989699-f31a-4197-b2dd-8e8caf0390a9,justification,/ˌdʒʌstɪfɪˈkeɪʃn/,"sự bào chữa, sự biện hộ, sự chứng minh là đúng; lý lẽ bào chữa; sự sắp chữ cho đúng hàng đúng chỗ","In Philosophy & Ethics, 'justification' is an essential term. [Trong Triết học & Đạo đức, ""justification"" là một thuật ngữ quan trọng.]",en,philosophy_ethics,single_word,B1
3096ee93-54c1-41ee-8841-4dbb83c3e3f3,logic,/ˈlɑːdʒɪk/,lôgic; Aristotelian l. lôgic Arixtôt,"In Philosophy & Ethics, 'logic' is an essential term. [Trong Triết học & Đạo đức, ""logic"" là một thuật ngữ quan trọng.]",en,philosophy_ethics,single_word,B1
74507c7b-609a-4acf-82ed-55554a57b9a1,meaningful,/ˈmiːnɪŋfl/,"đầy ý nghĩa, có ý nghĩa","In Philosophy & Ethics, 'meaningful' is an essential term. [Trong Triết học & Đạo đức, ""meaningful"" là một thuật ngữ quan trọng.]",en,philosophy_ethics,single_word,B1
07bbe5d4-7348-4518-b96b-2cf3d87bd18e,natural,/ˈnætʃrəl/,tự nhiên,"In Philosophy & Ethics, 'natural' is an essential term. [Trong Triết học & Đạo đức, ""natural"" là một thuật ngữ quan trọng.]",en,philosophy_ethics,single_word,B1
07d55ca8-aa68-480e-9efd-7542d2d27c5f,reason,/ˈriːzn/,"lý do by r. of do chỗ, bởi vì","In Philosophy & Ethics, 'reason' is an essential term. [Trong Triết học & Đạo đức, ""reason"" là một thuật ngữ quan trọng.]",en,philosophy_ethics,single_word,B1
ddfcbdfc-164f-449a-998d-2b5cf7d59d98,reasonable,/ˈriːznəbl/,"có lý, hợp lý; biết lẽ phải, biết điều; vừa phải, phải chăng","In Philosophy & Ethics, 'reasonable' is an essential term. [Trong Triết học & Đạo đức, ""reasonable"" là một thuật ngữ quan trọng.]",en,philosophy_ethics,single_word,B1
598b1828-5da7-4949-8824-048e25f705b1,synthesis,/ˈsɪnθəsɪs/,"[phép, sự] tổng hợp; logical s. tổng hợp lôgíc","In Philosophy & Ethics, 'synthesis' is an essential term. [Trong Triết học & Đạo đức, ""synthesis"" là một thuật ngữ quan trọng.]",en,philosophy_ethics,single_word,B1
5b1115d1-29d1-48b7-b2cb-db9f957258f1,truth,/truːθ/,"sự thật, lẽ phải, chân lý; sự đúng đắn, sự chính xác","In Philosophy & Ethics, 'truth' is an essential term. [Trong Triết học & Đạo đức, ""truth"" là một thuật ngữ quan trọng.]",en,philosophy_ethics,single_word,B1
ff5d0b57-f2a1-41cd-8afe-633f91013d6e,balance,/ˈbæləns/,cái cân; sự cân bằng; quả lắc đồng hồ; đối trọng: cán cân thanh toán; dynamic b. cân động lực,"In Philosophy & Ethics, 'balance' is an essential term. [Trong Triết học & Đạo đức, ""balance"" là một thuật ngữ quan trọng.]",en,philosophy_ethics,single_word,B1
fd0107d4-0841-428a-be49-676eb8c696f8,condemn,/kənˈdem/,"kết án, kết tội, xử, xử phạt; chỉ trích, chê trách, lên án, quy tội","In Philosophy & Ethics, 'condemn' is an essential term. [Trong Triết học & Đạo đức, ""condemn"" là một thuật ngữ quan trọng.]",en,philosophy_ethics,single_word,B1
1842567a-6e62-4b9f-a495-eddb5a2c481f,cynical,/ˈsɪnɪkl/,"nhà khuyến nho; người hoài nghi, người yếm thế","In Philosophy & Ethics, 'cynical' is an essential term. [Trong Triết học & Đạo đức, ""cynical"" là một thuật ngữ quan trọng.]",en,philosophy_ethics,single_word,B1
67fa7b7e-133c-4ae2-be24-ad94c8589a41,enhance,/ɪnˈhæns/,"làm tăng, nâng cao, đề cao, làm nổi bật; tăng","In Philosophy & Ethics, 'enhance' is an essential term. [Trong Triết học & Đạo đức, ""enhance"" là một thuật ngữ quan trọng.]",en,philosophy_ethics,single_word,B1
92fe065a-28e0-45c6-9664-91164bf88799,equivalent,/ɪˈkwɪvələnt/,"tương đương; almost e. gần tương đương, hầu tương đương","In Philosophy & Ethics, 'equivalent' is an essential term. [Trong Triết học & Đạo đức, ""equivalent"" là một thuật ngữ quan trọng.]",en,philosophy_ethics,single_word,B1
a46400e4-03d0-45bb-be28-41dfbfdcc667,expectation,/ˌekspekˈteɪʃn/,kỳ vọng; e. of life  kỳ vọng sinh tồn,"In Philosophy & Ethics, 'expectation' is an essential term. [Trong Triết học & Đạo đức, ""expectation"" là một thuật ngữ quan trọng.]",en,philosophy_ethics,single_word,B1
b5bc2e28-3ad3-46a5-b9e1-60a213eb34ca,foundation,/faʊnˈdeɪʃn/,"cơ sở, nền móng; f. of geometry cơ sở hình học","In Philosophy & Ethics, 'foundation' is an essential term. [Trong Triết học & Đạo đức, ""foundation"" là một thuật ngữ quan trọng.]",en,philosophy_ethics,single_word,B1
3d3de139-f8bb-4207-a3a3-9e08c3d7a68e,illusion,/ɪˈluːʒn/,"ảo tưởng; ảo giác, ảo ảnh","In Philosophy & Ethics, 'illusion' is an essential term. [Trong Triết học & Đạo đức, ""illusion"" là một thuật ngữ quan trọng.]",en,philosophy_ethics,single_word,B1
9e9403f6-b4b3-4c14-9fe4-1b2c1bbcfd52,integrity,/ɪnˈteɡrəti/,tính nguyên,"In Philosophy & Ethics, 'integrity' is an essential term. [Trong Triết học & Đạo đức, ""integrity"" là một thuật ngữ quan trọng.]",en,philosophy_ethics,single_word,B1
8f1cb08a-4e73-46d1-9817-95219813e9fe,just,/dʒʌst/,"đúng, chính xác; chính là j. in case trong mọi trường hợp; it is j. the; case đó chính là trường hợp","In Philosophy & Ethics, 'just' is an essential term. [Trong Triết học & Đạo đức, ""just"" là một thuật ngữ quan trọng.]",en,philosophy_ethics,single_word,B1
bb0c9719-90a9-4fba-878a-2e93a7d6725f,mineral,/ˈmɪnərəl/,khoáng; vô cơ,"In Philosophy & Ethics, 'mineral' is an essential term. [Trong Triết học & Đạo đức, ""mineral"" là một thuật ngữ quan trọng.]",en,philosophy_ethics,single_word,B1
50463269-faa5-4b7f-81b8-08171b15dba1,nonsense,/ˈnɑːnsens/,"lời nói vô lý, lời nói vô nghĩa; chuyện vô lý; lời nói càn, lời nói bậy; hành động ngu dại, hành động bậy bạ","In Philosophy & Ethics, 'nonsense' is an essential term. [Trong Triết học & Đạo đức, ""nonsense"" là một thuật ngữ quan trọng.]",en,philosophy_ethics,single_word,B1
8c9426df-111c-4690-8d36-e64a559a3c6e,notion,/ˈnəʊʃn/,"khái niệm, quan niệm; defined  khái niệm được định nghĩa","In Philosophy & Ethics, 'notion' is an essential term. [Trong Triết học & Đạo đức, ""notion"" là một thuật ngữ quan trọng.]",en,philosophy_ethics,single_word,B1
24740419-4a7c-48d2-86c4-2f3de25854b7,perception,/pərˈsepʃn/,sự nhận thức; tri giác,"In Philosophy & Ethics, 'perception' is an essential term. [Trong Triết học & Đạo đức, ""perception"" là một thuật ngữ quan trọng.]",en,philosophy_ethics,single_word,B1
945e2fb8-fdf3-4fe3-8401-718db8d663bd,persuade,/pərˈsweɪd/,làm cho tin; thuyết phục,"In Philosophy & Ethics, 'persuade' is an essential term. [Trong Triết học & Đạo đức, ""persuade"" là một thuật ngữ quan trọng.]",en,philosophy_ethics,single_word,B1
a6085167-1239-47f4-b604-b8f688faef39,premise,/ˈpremɪs/,tiền đề; những cái kể trên;  tài sản kể trên,"In Philosophy & Ethics, 'premise' is an essential term. [Trong Triết học & Đạo đức, ""premise"" là một thuật ngữ quan trọng.]",en,philosophy_ethics,single_word,B1
a39d5809-cd3a-4161-81b6-e1e50cb57b1f,reality,/riˈæləti/,"tính thực, thực tế","In Philosophy & Ethics, 'reality' is an essential term. [Trong Triết học & Đạo đức, ""reality"" là một thuật ngữ quan trọng.]",en,philosophy_ethics,single_word,B1
cbf88cc3-0dee-4aef-a8a1-f83ede18b5bd,religion,/rɪˈlɪdʒən/,"tôn giáo, đạo; sự tín ngưỡng, sự tu hành; sự sùng bái; việc có nghĩa vụ phải làm","In Philosophy & Ethics, 'religion' is an essential term. [Trong Triết học & Đạo đức, ""religion"" là một thuật ngữ quan trọng.]",en,philosophy_ethics,single_word,B1
bc4980bc-9191-4ae7-8afc-65b2f60b5072,sensible,/ˈsensəbl/,"có thể cảm giác được, có thể cảm thấy được; dễ nhận thấy","In Philosophy & Ethics, 'sensible' is an essential term. [Trong Triết học & Đạo đức, ""sensible"" là một thuật ngữ quan trọng.]",en,philosophy_ethics,single_word,B1
ceeb9d15-8e0c-4dfa-8b04-4f8c28aed7af,simulate,/ˈsɪmjuleɪt/,"mô hình hoá, phỏng theo","In Philosophy & Ethics, 'simulate' is an essential term. [Trong Triết học & Đạo đức, ""simulate"" là một thuật ngữ quan trọng.]",en,philosophy_ethics,single_word,B1
eaee8bd3-a061-4522-9b3b-00b8d36e8719,theoretical,/ˌθiːəˈretɪkl/,lý thuyết; có tính chất lý thuyết,"In Philosophy & Ethics, 'theoretical' is an essential term. [Trong Triết học & Đạo đức, ""theoretical"" là một thuật ngữ quan trọng.]",en,philosophy_ethics,single_word,B1
8dd950db-3644-4b94-9977-275c03aa58e6,trust,/trʌst/,"sự tin tưởng;  từ rớt, tín dụng","In Philosophy & Ethics, 'trust' is an essential term. [Trong Triết học & Đạo đức, ""trust"" là một thuật ngữ quan trọng.]",en,philosophy_ethics,single_word,B1
3e88cfca-3d42-432d-ba2a-a78885ff8594,abstract,/ˈæbstrækt/,"trừu tượng; tóm tắt, trích yếu","In Philosophy & Ethics, 'abstract' is an essential term. [Trong Triết học & Đạo đức, ""abstract"" là một thuật ngữ quan trọng.]",en,philosophy_ethics,single_word,B1
bb69872d-e920-49ab-9102-b2c8cf753da6,philosophical principle,/philosophical principle/,triết học nguyên tắc,Effective Philosophy & Ethics relies on philosophical principle. [Lĩnh vực Triết học & Đạo đức hiệu quả dựa trên triết học nguyên tắc.],en,philosophy_ethics,phrase,B2
6f99bde3-3931-44f9-9911-f45065d7fd24,philosophical doctrine,/philosophical doctrine/,triết học học thuyết,Effective Philosophy & Ethics relies on philosophical doctrine. [Lĩnh vực Triết học & Đạo đức hiệu quả dựa trên triết học học thuyết.],en,philosophy_ethics,phrase,B2
d7c79b40-1bba-4532-a4b7-774080debc4e,philosophical virtue,/philosophical virtue/,triết học đức hạnh,Effective Philosophy & Ethics relies on philosophical virtue. [Lĩnh vực Triết học & Đạo đức hiệu quả dựa trên triết học đức hạnh.],en,philosophy_ethics,phrase,B2
ca150722-8e3b-4bc6-bc42-2e554f6e76b2,philosophical reasoning,/philosophical reasoning/,triết học suy luận,Effective Philosophy & Ethics relies on philosophical reasoning. [Lĩnh vực Triết học & Đạo đức hiệu quả dựa trên triết học suy luận.],en,philosophy_ethics,phrase,B2
d8c8cbe9-4ac9-4b60-9797-96cd7f704c44,philosophical paradox,/philosophical paradox/,triết học nghịch lý,Effective Philosophy & Ethics relies on philosophical paradox. [Lĩnh vực Triết học & Đạo đức hiệu quả dựa trên triết học nghịch lý.],en,philosophy_ethics,phrase,B2
321e0867-30c3-475e-82bc-4662e2b440ee,philosophical ethics,/philosophical ethics/,triết học đạo đức học,Effective Philosophy & Ethics relies on philosophical ethics. [Lĩnh vực Triết học & Đạo đức hiệu quả dựa trên triết học đạo đức học.],en,philosophy_ethics,phrase,B2
5ecf98ed-cafe-40e9-afea-dfbfd836b485,philosophical truth,/philosophical truth/,triết học chân lý,Effective Philosophy & Ethics relies on philosophical truth. [Lĩnh vực Triết học & Đạo đức hiệu quả dựa trên triết học chân lý.],en,philosophy_ethics,phrase,B2
f4b8aa9d-128f-4103-850e-70bc235acabc,philosophical wisdom,/philosophical wisdom/,triết học sự thông thái,Effective Philosophy & Ethics relies on philosophical wisdom. [Lĩnh vực Triết học & Đạo đức hiệu quả dựa trên triết học sự thông thái.],en,philosophy_ethics,phrase,B2
29bfd15b-1c05-4979-a601-843ac8435b8a,ethical principle,/ethical principle/,đạo đức nguyên tắc,Effective Philosophy & Ethics relies on ethical principle. [Lĩnh vực Triết học & Đạo đức hiệu quả dựa trên đạo đức nguyên tắc.],en,philosophy_ethics,phrase,B2
ffcdc260-d428-450d-82e7-77f28c3f2313,ethical doctrine,/ethical doctrine/,đạo đức học thuyết,Effective Philosophy & Ethics relies on ethical doctrine. [Lĩnh vực Triết học & Đạo đức hiệu quả dựa trên đạo đức học thuyết.],en,philosophy_ethics,phrase,B2
64d30ad9-2795-4112-bf7e-c43f35563751,ethical virtue,/ethical virtue/,đạo đức đức hạnh,Effective Philosophy & Ethics relies on ethical virtue. [Lĩnh vực Triết học & Đạo đức hiệu quả dựa trên đạo đức đức hạnh.],en,philosophy_ethics,phrase,B2
2981e637-e52d-40d9-a828-7c4691d48245,ethical reasoning,/ethical reasoning/,đạo đức suy luận,Effective Philosophy & Ethics relies on ethical reasoning. [Lĩnh vực Triết học & Đạo đức hiệu quả dựa trên đạo đức suy luận.],en,philosophy_ethics,phrase,B2
c09808fe-61b2-42f1-a602-ee84b2cdbca4,ethical paradox,/ethical paradox/,đạo đức nghịch lý,Effective Philosophy & Ethics relies on ethical paradox. [Lĩnh vực Triết học & Đạo đức hiệu quả dựa trên đạo đức nghịch lý.],en,philosophy_ethics,phrase,B2
02acdb26-bf30-4efc-8249-db710703912f,ethical ethics,/ethical ethics/,đạo đức đạo đức học,Effective Philosophy & Ethics relies on ethical ethics. [Lĩnh vực Triết học & Đạo đức hiệu quả dựa trên đạo đức đạo đức học.],en,philosophy_ethics,phrase,B2
f77cb5fe-baf0-4f97-9f58-7fd973fecf95,ethical truth,/ethical truth/,đạo đức chân lý,Effective Philosophy & Ethics relies on ethical truth. [Lĩnh vực Triết học & Đạo đức hiệu quả dựa trên đạo đức chân lý.],en,philosophy_ethics,phrase,B2
c789c901-6450-444a-a68c-81db54b21e52,ethical wisdom,/ethical wisdom/,đạo đức sự thông thái,Effective Philosophy & Ethics relies on ethical wisdom. [Lĩnh vực Triết học & Đạo đức hiệu quả dựa trên đạo đức sự thông thái.],en,philosophy_ethics,phrase,B2
0bef2e97-7f3f-4555-904c-e11f0d2ce7e5,moral principle,/moral principle/,luân lý nguyên tắc,Effective Philosophy & Ethics relies on moral principle. [Lĩnh vực Triết học & Đạo đức hiệu quả dựa trên luân lý nguyên tắc.],en,philosophy_ethics,phrase,B2
62171a88-90bb-4139-997c-8c2fb8a8b6c1,moral doctrine,/moral doctrine/,luân lý học thuyết,Effective Philosophy & Ethics relies on moral doctrine. [Lĩnh vực Triết học & Đạo đức hiệu quả dựa trên luân lý học thuyết.],en,philosophy_ethics,phrase,B2
c1baa964-fa6e-4dd9-8852-15a6059176f7,moral virtue,/moral virtue/,luân lý đức hạnh,Effective Philosophy & Ethics relies on moral virtue. [Lĩnh vực Triết học & Đạo đức hiệu quả dựa trên luân lý đức hạnh.],en,philosophy_ethics,phrase,B2
45a40d95-2e10-44f8-a419-b91f3ba382ce,moral reasoning,/moral reasoning/,luân lý suy luận,Effective Philosophy & Ethics relies on moral reasoning. [Lĩnh vực Triết học & Đạo đức hiệu quả dựa trên luân lý suy luận.],en,philosophy_ethics,phrase,B2
63198fac-e5b5-4a48-8780-e2225dbeda4f,moral paradox,/moral paradox/,luân lý nghịch lý,Effective Philosophy & Ethics relies on moral paradox. [Lĩnh vực Triết học & Đạo đức hiệu quả dựa trên luân lý nghịch lý.],en,philosophy_ethics,phrase,B2
3b2ea2b3-9852-497f-8285-1937fa1b772b,moral ethics,/moral ethics/,luân lý đạo đức học,Effective Philosophy & Ethics relies on moral ethics. [Lĩnh vực Triết học & Đạo đức hiệu quả dựa trên luân lý đạo đức học.],en,philosophy_ethics,phrase,B2
6074a731-671e-4c73-a5b4-1fd7676b2281,moral truth,/moral truth/,luân lý chân lý,Effective Philosophy & Ethics relies on moral truth. [Lĩnh vực Triết học & Đạo đức hiệu quả dựa trên luân lý chân lý.],en,philosophy_ethics,phrase,B2
4a41a57a-81a7-43bb-a0bb-86a3a6e5a8a9,moral wisdom,/moral wisdom/,luân lý sự thông thái,Effective Philosophy & Ethics relies on moral wisdom. [Lĩnh vực Triết học & Đạo đức hiệu quả dựa trên luân lý sự thông thái.],en,philosophy_ethics,phrase,B2
fed30fe5-ebda-4147-84f8-c596b8f927ee,metaphysical principle,/metaphysical principle/,siêu hình nguyên tắc,Effective Philosophy & Ethics relies on metaphysical principle. [Lĩnh vực Triết học & Đạo đức hiệu quả dựa trên siêu hình nguyên tắc.],en,philosophy_ethics,phrase,B2
f7f5560d-0a73-4096-bc0a-2d48f74b5f38,metaphysical doctrine,/metaphysical doctrine/,siêu hình học thuyết,Effective Philosophy & Ethics relies on metaphysical doctrine. [Lĩnh vực Triết học & Đạo đức hiệu quả dựa trên siêu hình học thuyết.],en,philosophy_ethics,phrase,B2
d82b0ac0-5139-416f-bcd5-b9848ff82869,metaphysical virtue,/metaphysical virtue/,siêu hình đức hạnh,Effective Philosophy & Ethics relies on metaphysical virtue. [Lĩnh vực Triết học & Đạo đức hiệu quả dựa trên siêu hình đức hạnh.],en,philosophy_ethics,phrase,B2
b17c2d1e-3584-4db2-9ad2-161a9188d239,metaphysical reasoning,/metaphysical reasoning/,siêu hình suy luận,Effective Philosophy & Ethics relies on metaphysical reasoning. [Lĩnh vực Triết học & Đạo đức hiệu quả dựa trên siêu hình suy luận.],en,philosophy_ethics,phrase,B2
bbfbc14f-1aac-4ea5-b88f-85c057dd82dc,metaphysical paradox,/metaphysical paradox/,siêu hình nghịch lý,Effective Philosophy & Ethics relies on metaphysical paradox. [Lĩnh vực Triết học & Đạo đức hiệu quả dựa trên siêu hình nghịch lý.],en,philosophy_ethics,phrase,B2
23895676-f22d-4832-a399-5a82f87aba6e,metaphysical ethics,/metaphysical ethics/,siêu hình đạo đức học,Effective Philosophy & Ethics relies on metaphysical ethics. [Lĩnh vực Triết học & Đạo đức hiệu quả dựa trên siêu hình đạo đức học.],en,philosophy_ethics,phrase,B2
da9fb022-1a73-4e6e-aa57-253c3b2c775c,metaphysical truth,/metaphysical truth/,siêu hình chân lý,Effective Philosophy & Ethics relies on metaphysical truth. [Lĩnh vực Triết học & Đạo đức hiệu quả dựa trên siêu hình chân lý.],en,philosophy_ethics,phrase,B2
0ea715f1-f5e9-4021-aa71-1eb64e23a539,metaphysical wisdom,/metaphysical wisdom/,siêu hình sự thông thái,Effective Philosophy & Ethics relies on metaphysical wisdom. [Lĩnh vực Triết học & Đạo đức hiệu quả dựa trên siêu hình sự thông thái.],en,philosophy_ethics,phrase,B2
4cee1c32-4f0e-4b12-9982-d2b0d8cb6443,epistemological principle,/epistemological principle/,nhận thức luận nguyên tắc,Effective Philosophy & Ethics relies on epistemological principle. [Lĩnh vực Triết học & Đạo đức hiệu quả dựa trên nhận thức luận nguyên tắc.],en,philosophy_ethics,phrase,B2
5bea969d-be67-40f2-ba79-e36f95697209,epistemological doctrine,/epistemological doctrine/,nhận thức luận học thuyết,Effective Philosophy & Ethics relies on epistemological doctrine. [Lĩnh vực Triết học & Đạo đức hiệu quả dựa trên nhận thức luận học thuyết.],en,philosophy_ethics,phrase,B2
78dbbc42-87de-45cc-93d7-27a9e90d40e0,epistemological virtue,/epistemological virtue/,nhận thức luận đức hạnh,Effective Philosophy & Ethics relies on epistemological virtue. [Lĩnh vực Triết học & Đạo đức hiệu quả dựa trên nhận thức luận đức hạnh.],en,philosophy_ethics,phrase,B2
c7b5d82b-5ee3-4d13-b8e5-4ea8be881c7f,epistemological reasoning,/epistemological reasoning/,nhận thức luận suy luận,Effective Philosophy & Ethics relies on epistemological reasoning. [Lĩnh vực Triết học & Đạo đức hiệu quả dựa trên nhận thức luận suy luận.],en,philosophy_ethics,phrase,B2
8ab99dc1-73cb-484b-9679-2226088781d0,epistemological paradox,/epistemological paradox/,nhận thức luận nghịch lý,Effective Philosophy & Ethics relies on epistemological paradox. [Lĩnh vực Triết học & Đạo đức hiệu quả dựa trên nhận thức luận nghịch lý.],en,philosophy_ethics,phrase,B2
06419ae9-30aa-4f38-be95-6fea69ecd1db,epistemological ethics,/epistemological ethics/,nhận thức luận đạo đức học,Effective Philosophy & Ethics relies on epistemological ethics. [Lĩnh vực Triết học & Đạo đức hiệu quả dựa trên nhận thức luận đạo đức học.],en,philosophy_ethics,phrase,B2
1d8132df-aa8a-42e4-9b43-0c4192088d0e,epistemological truth,/epistemological truth/,nhận thức luận chân lý,Effective Philosophy & Ethics relies on epistemological truth. [Lĩnh vực Triết học & Đạo đức hiệu quả dựa trên nhận thức luận chân lý.],en,philosophy_ethics,phrase,B2
66f1c07b-71f3-4673-a57c-7afaebf893dd,epistemological wisdom,/epistemological wisdom/,nhận thức luận sự thông thái,Effective Philosophy & Ethics relies on epistemological wisdom. [Lĩnh vực Triết học & Đạo đức hiệu quả dựa trên nhận thức luận sự thông thái.],en,philosophy_ethics,phrase,B2
6c75d9c6-0202-41fa-9700-2cc396eafb41,rational principle,/rational principle/,duy lý nguyên tắc,Effective Philosophy & Ethics relies on rational principle. [Lĩnh vực Triết học & Đạo đức hiệu quả dựa trên duy lý nguyên tắc.],en,philosophy_ethics,phrase,B2
303f128a-caf3-4d7c-b1ae-48481c9f0aaa,rational doctrine,/rational doctrine/,duy lý học thuyết,Effective Philosophy & Ethics relies on rational doctrine. [Lĩnh vực Triết học & Đạo đức hiệu quả dựa trên duy lý học thuyết.],en,philosophy_ethics,phrase,B2
2511da3b-522a-487e-8f58-ee14a1a00730,rational virtue,/rational virtue/,duy lý đức hạnh,Effective Philosophy & Ethics relies on rational virtue. [Lĩnh vực Triết học & Đạo đức hiệu quả dựa trên duy lý đức hạnh.],en,philosophy_ethics,phrase,B2
818751e9-0618-4444-b0fb-351fa4450e86,rational reasoning,/rational reasoning/,duy lý suy luận,Effective Philosophy & Ethics relies on rational reasoning. [Lĩnh vực Triết học & Đạo đức hiệu quả dựa trên duy lý suy luận.],en,philosophy_ethics,phrase,B2
356bc2db-8c6d-4a61-877e-24fb30487b56,rational paradox,/rational paradox/,duy lý nghịch lý,Effective Philosophy & Ethics relies on rational paradox. [Lĩnh vực Triết học & Đạo đức hiệu quả dựa trên duy lý nghịch lý.],en,philosophy_ethics,phrase,B2
f1fc1d10-6780-4cf9-9fd1-3a39da2765ff,rational ethics,/rational ethics/,duy lý đạo đức học,Effective Philosophy & Ethics relies on rational ethics. [Lĩnh vực Triết học & Đạo đức hiệu quả dựa trên duy lý đạo đức học.],en,philosophy_ethics,phrase,B2
f41634c9-d544-448b-ae43-15c5d953f3d5,rational truth,/rational truth/,duy lý chân lý,Effective Philosophy & Ethics relies on rational truth. [Lĩnh vực Triết học & Đạo đức hiệu quả dựa trên duy lý chân lý.],en,philosophy_ethics,phrase,B2
ea87ce95-b0de-4aee-9a98-bf2766cd564d,rational wisdom,/rational wisdom/,duy lý sự thông thái,Effective Philosophy & Ethics relies on rational wisdom. [Lĩnh vực Triết học & Đạo đức hiệu quả dựa trên duy lý sự thông thái.],en,philosophy_ethics,phrase,B2
70cbdd33-1fde-4b09-9ed8-47b0cc574589,existential principle,/existential principle/,hiện sinh nguyên tắc,Effective Philosophy & Ethics relies on existential principle. [Lĩnh vực Triết học & Đạo đức hiệu quả dựa trên hiện sinh nguyên tắc.],en,philosophy_ethics,phrase,B2
8922a7f1-c574-4989-ac72-1553dc68fbd9,existential doctrine,/existential doctrine/,hiện sinh học thuyết,Effective Philosophy & Ethics relies on existential doctrine. [Lĩnh vực Triết học & Đạo đức hiệu quả dựa trên hiện sinh học thuyết.],en,philosophy_ethics,phrase,B2
f201ccd4-70d5-478a-9aef-6704a2d34983,fashion,/ˈfæʃn/,"kiểu cách; hình dáng; mốt, thời trang","In Fashion & Lifestyle, 'fashion' is an essential term. [Trong Thời trang & Phong cách, ""fashion"" là một thuật ngữ quan trọng.]",en,fashion_lifestyle,single_word,B1
49a82a9f-15d2-4334-9372-ad7224f2cbb3,clothes,/kləʊðz/,quần áo; quần áo bẩn,"In Fashion & Lifestyle, 'clothes' is an essential term. [Trong Thời trang & Phong cách, ""clothes"" là một thuật ngữ quan trọng.]",en,fashion_lifestyle,single_word,B1
780790f0-affb-4cce-892b-5c8abd4a73be,underwear,/ˈʌndərwer/,"quần áo trong, quần áo lót","In Fashion & Lifestyle, 'underwear' is an essential term. [Trong Thời trang & Phong cách, ""underwear"" là một thuật ngữ quan trọng.]",en,fashion_lifestyle,single_word,B1
2706ccb2-7076-4508-8845-8b28aa672494,clothing,/ˈkləʊðɪŋ/,sự phủ; c. of surface sự phủ bề mặt,"In Fashion & Lifestyle, 'clothing' is an essential term. [Trong Thời trang & Phong cách, ""clothing"" là một thuật ngữ quan trọng.]",en,fashion_lifestyle,single_word,B1
c2708487-375b-4d74-88bf-b983d30136ec,coloured,/ˈkʌlərd/,"có màu sắc; mang màu sắc; thêu dệt, tô vẽ","In Fashion & Lifestyle, 'coloured' is an essential term. [Trong Thời trang & Phong cách, ""coloured"" là một thuật ngữ quan trọng.]",en,fashion_lifestyle,single_word,B1
67f8108b-ae67-40ee-912f-585b4288d9fa,colourful,/ˈkʌlərfl/,nhiều màu sắc,"In Fashion & Lifestyle, 'colourful' is an essential term. [Trong Thời trang & Phong cách, ""colourful"" là một thuật ngữ quan trọng.]",en,fashion_lifestyle,single_word,B1
874f0aef-7c4b-43ba-b2f6-9e3cef020114,fabric,/ˈfæbrɪk/,"cơ cấu, cấu trúc","In Fashion & Lifestyle, 'fabric' is an essential term. [Trong Thời trang & Phong cách, ""fabric"" là một thuật ngữ quan trọng.]",en,fashion_lifestyle,single_word,B1
47f88e01-c5de-4439-b30d-14c2abcf305b,fashionable,/ˈfæʃnəbl/,"đúng mốt, hợp thời trang; lịch sự, sang trọng; người đúng mốt ; người lịch sự, người sang","In Fashion & Lifestyle, 'fashionable' is an essential term. [Trong Thời trang & Phong cách, ""fashionable"" là một thuật ngữ quan trọng.]",en,fashion_lifestyle,single_word,B1
bf2c1d91-813d-42b5-85d4-88587d15c0d5,hair,/her/,"tóc, lông ; bộ lông; xuềnh xoàng, tự nhiên, không nghi thức gò bó","In Fashion & Lifestyle, 'hair' is an essential term. [Trong Thời trang & Phong cách, ""hair"" là một thuật ngữ quan trọng.]",en,fashion_lifestyle,single_word,B1
490dd816-5b47-459b-8c9f-cac529222e90,shoe,/ʃuː/,giày; sắt bị móng,"In Fashion & Lifestyle, 'shoe' is an essential term. [Trong Thời trang & Phong cách, ""shoe"" là một thuật ngữ quan trọng.]",en,fashion_lifestyle,single_word,B1
20b31b33-d13d-4b8e-8594-009119a5d008,smart,/smɑːrt/,"sự đau đớn, sự nhức nhối; nỗi đau khổ; đau đớn, nhức nhối, đau khổ","In Fashion & Lifestyle, 'smart' is an essential term. [Trong Thời trang & Phong cách, ""smart"" là một thuật ngữ quan trọng.]",en,fashion_lifestyle,single_word,B1
1d382fc8-0b76-40d1-92ee-6d164d7caf5b,wear,/wer/,sự mang; sự dùng; sự mặc; quần áo; giầy dép,"In Fashion & Lifestyle, 'wear' is an essential term. [Trong Thời trang & Phong cách, ""wear"" là một thuật ngữ quan trọng.]",en,fashion_lifestyle,single_word,B1
4da6826c-4571-4155-a36f-7ec993c37934,beauty,/ˈbjuːti/,"vẻ đẹp, sắc đẹp, nhan sắc; cái đẹp, cái hay","In Fashion & Lifestyle, 'beauty' is an essential term. [Trong Thời trang & Phong cách, ""beauty"" là một thuật ngữ quan trọng.]",en,fashion_lifestyle,single_word,B1
9f955923-dab4-46f2-a880-1af706994c72,brand,/brænd/,nhãn; loại hàng,"In Fashion & Lifestyle, 'brand' is an essential term. [Trong Thời trang & Phong cách, ""brand"" là một thuật ngữ quan trọng.]",en,fashion_lifestyle,single_word,B1
20a29372-a12e-4929-97f2-07089216116b,chair,/tʃer/,ghế; chức giáo sư đại học,"In Fashion & Lifestyle, 'chair' is an essential term. [Trong Thời trang & Phong cách, ""chair"" là một thuật ngữ quan trọng.]",en,fashion_lifestyle,single_word,B1
36282650-6af3-405d-bc1b-1f1752662d65,chairman,/ˈtʃermən/,chủ tịch; người chủ toạ; người cho thuê ghế lăn; người đẩy ghế lăn,"In Fashion & Lifestyle, 'chairman' is an essential term. [Trong Thời trang & Phong cách, ""chairman"" là một thuật ngữ quan trọng.]",en,fashion_lifestyle,single_word,B1
67e41647-7090-4509-82b5-71f5cd52c4af,cloth,/klɔːθ/,vải; khăn; khăn lau; khăn trải,"In Fashion & Lifestyle, 'cloth' is an essential term. [Trong Thời trang & Phong cách, ""cloth"" là một thuật ngữ quan trọng.]",en,fashion_lifestyle,single_word,B1
686cfa32-fe9b-4a36-8ba2-46b51eff4d9a,luxury,/ˈlʌkʃəri/,Hàng xa xỉ .,"In Fashion & Lifestyle, 'luxury' is an essential term. [Trong Thời trang & Phong cách, ""luxury"" là một thuật ngữ quan trọng.]",en,fashion_lifestyle,single_word,B1
34839651-ea94-4c59-aacf-10ff59d52931,matching,/ˈmætʃɪŋ/,khớp,"In Fashion & Lifestyle, 'matching' is an essential term. [Trong Thời trang & Phong cách, ""matching"" là một thuật ngữ quan trọng.]",en,fashion_lifestyle,single_word,B1
d14736eb-31c6-4a72-9bfe-e7eb513071de,model,/ˈmɑːdl/,mô hình; hình mẫu; m. of calculation sơ đồ tính,"In Fashion & Lifestyle, 'model' is an essential term. [Trong Thời trang & Phong cách, ""model"" là một thuật ngữ quan trọng.]",en,fashion_lifestyle,single_word,B1
1e48aea3-9cc0-4a04-855b-a0c98bc73a9d,overlook,/ˌəʊvərˈlʊk/,"trông nom, giám sát; nhìn kỹ, xem kỹ, xem xét, quan sát từ trên cao trông xuống; không nhận thấy, không chú ý tới","In Fashion & Lifestyle, 'overlook' is an essential term. [Trong Thời trang & Phong cách, ""overlook"" là một thuật ngữ quan trọng.]",en,fashion_lifestyle,single_word,B1
e95845ca-ba00-4216-a01f-46f1102fcdc4,style,/staɪl/,cột đồng hồ mặt trời; vòi nhuỵ,"In Fashion & Lifestyle, 'style' is an essential term. [Trong Thời trang & Phong cách, ""style"" là một thuật ngữ quan trọng.]",en,fashion_lifestyle,single_word,B1
c31c5019-d93c-4b8e-8f74-b5e5f58cef79,swear,/swer/,"lời thề; lời nguyền rủa, câu chửi rủa","In Fashion & Lifestyle, 'swear' is an essential term. [Trong Thời trang & Phong cách, ""swear"" là một thuật ngữ quan trọng.]",en,fashion_lifestyle,single_word,B1
01638e03-853e-49bb-b82c-b9e2f1461ebf,trend,/trend/,xu thế; analytic t. xu thế thẳng,"In Fashion & Lifestyle, 'trend' is an essential term. [Trong Thời trang & Phong cách, ""trend"" là một thuật ngữ quan trọng.]",en,fashion_lifestyle,single_word,B1
59491f05-61bd-41c9-b94d-0570c5e4032f,belt,/belt/,"vòng đai, thắt lưng","In Fashion & Lifestyle, 'belt' is an essential term. [Trong Thời trang & Phong cách, ""belt"" là một thuật ngữ quan trọng.]",en,fashion_lifestyle,single_word,B1
3a0cda1d-f1ae-4b9e-b1dd-6027ad150805,cotton,/ˈkɑːtn/,bông; cây bông,"In Fashion & Lifestyle, 'cotton' is an essential term. [Trong Thời trang & Phong cách, ""cotton"" là một thuật ngữ quan trọng.]",en,fashion_lifestyle,single_word,B1
c5594810-1692-40af-9dc8-633e919b416a,designer,/dɪˈzaɪnər/,"người phác hoạ, người vẽ kiểu, người phác thảo cách trình bày , người trang trí , người thiết kế","In Fashion & Lifestyle, 'designer' is an essential term. [Trong Thời trang & Phong cách, ""designer"" là một thuật ngữ quan trọng.]",en,fashion_lifestyle,single_word,B1
aa5b4e62-6999-4695-b96f-586ac7604ad4,flag,/flæɡ/,"cờ hiệu; ký hiệu, dấu hiệu; bộ chỉ báo; biểu tượng; bộ chắn sáng hình bóng","In Fashion & Lifestyle, 'flag' is an essential term. [Trong Thời trang & Phong cách, ""flag"" là một thuật ngữ quan trọng.]",en,fashion_lifestyle,single_word,B1
1348ed77-d494-43ce-a812-ece82410671b,naked,/ˈneɪkɪd/,"trần, trần truồng, khoả thân, loã lồ; trụi, trơ trụi, rỗng không","In Fashion & Lifestyle, 'naked' is an essential term. [Trong Thời trang & Phong cách, ""naked"" là một thuật ngữ quan trọng.]",en,fashion_lifestyle,single_word,B1
1bc5615a-d4e1-4829-b2cb-122dfa953d4c,outfit,/ˈaʊtfɪt/,"thiết bị, dụng cụ, vật dụng","In Fashion & Lifestyle, 'outfit' is an essential term. [Trong Thời trang & Phong cách, ""outfit"" là một thuật ngữ quan trọng.]",en,fashion_lifestyle,single_word,B1
2b7fdee9-421f-41da-a4b1-bbf640f84f44,sock,/sɑːk/,bít tất ngắn cổ; giày kịch ;  hài kịch,"In Fashion & Lifestyle, 'sock' is an essential term. [Trong Thời trang & Phong cách, ""sock"" là một thuật ngữ quan trọng.]",en,fashion_lifestyle,single_word,B1
67ab6d74-b9e3-4aeb-8ed2-b9be242c26ab,aesthetic,/esˈθetɪk/,"mỹ học, thẩm mỹ; có óc thẩm mỹ, có khiếu thẩm mỹ; hợp với nguyên tắc thẩm mỹ","In Fashion & Lifestyle, 'aesthetic' is an essential term. [Trong Thời trang & Phong cách, ""aesthetic"" là một thuật ngữ quan trọng.]",en,fashion_lifestyle,single_word,B1
e5360758-63a7-43e4-bf0f-d34726cba0cb,angel,/ˈeɪndʒl/,mục tiêu ký sinh  [TQ]; đạo thường hồ ba [TQ],"In Fashion & Lifestyle, 'angel' is an essential term. [Trong Thời trang & Phong cách, ""angel"" là một thuật ngữ quan trọng.]",en,fashion_lifestyle,single_word,B1
3df7ba77-d14b-40ad-bca0-abf09fe7ceb8,attractive,/əˈtræktɪv/,"hút; thu hút, hấp dẫn, lôi cuốn, quyến rũ; có duyên","In Fashion & Lifestyle, 'attractive' is an essential term. [Trong Thời trang & Phong cách, ""attractive"" là một thuật ngữ quan trọng.]",en,fashion_lifestyle,single_word,B1
02ef8c6f-3d89-46f5-80bf-5c6186762e1e,badge,/bædʒ/,"dấu hiệu, huy hiệu, thẻ nhân viên","In Fashion & Lifestyle, 'badge' is an essential term. [Trong Thời trang & Phong cách, ""badge"" là một thuật ngữ quan trọng.]",en,fashion_lifestyle,single_word,B1
f8133245-b595-41de-b7b9-1a638eb6a785,banner,/ˈbænər/,tiêu đề,"In Fashion & Lifestyle, 'banner' is an essential term. [Trong Thời trang & Phong cách, ""banner"" là một thuật ngữ quan trọng.]",en,fashion_lifestyle,single_word,B1
572e80ff-cf89-4f9e-93fc-b09741711f5a,bare,/ber/,"trần, trần truồng, trọc; trống không, rỗng, trơ trụi;  nghèo nàn, xác xơ","In Fashion & Lifestyle, 'bare' is an essential term. [Trong Thời trang & Phong cách, ""bare"" là một thuật ngữ quan trọng.]",en,fashion_lifestyle,single_word,B1
70a6b5ba-343a-41fb-8d97-b15e24c0c106,beautiful,/ˈbjuːtɪfl/,"đẹp; hay; tốt, tốt đẹp","In Fashion & Lifestyle, 'beautiful' is an essential term. [Trong Thời trang & Phong cách, ""beautiful"" là một thuật ngữ quan trọng.]",en,fashion_lifestyle,single_word,B1
107d137a-6374-4b71-9941-6f3d70567fe5,black,/blæk/,đen,"In Fashion & Lifestyle, 'black' is an essential term. [Trong Thời trang & Phong cách, ""black"" là một thuật ngữ quan trọng.]",en,fashion_lifestyle,single_word,B1
8c7b5659-accf-4a82-bfa1-e28160cd024e,blonde,/blɑːnd/,"cô gái tóc hoe, người đàn bà tóc hoe; blond","In Fashion & Lifestyle, 'blonde' is an essential term. [Trong Thời trang & Phong cách, ""blonde"" là một thuật ngữ quan trọng.]",en,fashion_lifestyle,single_word,B1
005c7bca-5d6f-428a-8b06-54d07ef55d38,blue,/bluː/,xanh; mặc quần áo xanh,"In Fashion & Lifestyle, 'blue' is an essential term. [Trong Thời trang & Phong cách, ""blue"" là một thuật ngữ quan trọng.]",en,fashion_lifestyle,single_word,B1
e9b1d040-3e60-426b-98d3-bca67d3660eb,boot,/buːt/,"nạp chương trình mồi, khởi động hệ thống","In Fashion & Lifestyle, 'boot' is an essential term. [Trong Thời trang & Phong cách, ""boot"" là một thuật ngữ quan trọng.]",en,fashion_lifestyle,single_word,B1
30388e14-0d28-49d9-b1fc-145fd71872ec,brown,/braʊn/,nâu; rám nắng,"In Fashion & Lifestyle, 'brown' is an essential term. [Trong Thời trang & Phong cách, ""brown"" là một thuật ngữ quan trọng.]",en,fashion_lifestyle,single_word,B1
ef403ff4-8cbe-410d-9255-c484844390e5,browser,/ˈbraʊzər/,<tin>bộ duyệt tìm,"In Fashion & Lifestyle, 'browser' is an essential term. [Trong Thời trang & Phong cách, ""browser"" là một thuật ngữ quan trọng.]",en,fashion_lifestyle,single_word,B1
d9cd5d35-de7a-4eca-88d5-c955a2d4fefd,brush,/brʌʃ/,chổi; cây cọ,"In Fashion & Lifestyle, 'brush' is an essential term. [Trong Thời trang & Phong cách, ""brush"" là một thuật ngữ quan trọng.]",en,fashion_lifestyle,single_word,B1
d5f5d8ee-877d-4e57-8641-c604a7906037,button,/ˈbʌtn/,"nút bấm, cái khuy; push b. nút bấm đẩy","In Fashion & Lifestyle, 'button' is an essential term. [Trong Thời trang & Phong cách, ""button"" là một thuật ngữ quan trọng.]",en,fashion_lifestyle,single_word,B1
767d8aed-d7d8-4c98-a187-e7b9860505af,catalogue,/ˈkætəlɔːɡ/,mục lục; library c. thưc mục,"In Fashion & Lifestyle, 'catalogue' is an essential term. [Trong Thời trang & Phong cách, ""catalogue"" là một thuật ngữ quan trọng.]",en,fashion_lifestyle,single_word,B1
520b8f20-e9dc-48c1-9500-9e6773d07a98,cheese,/tʃiːz/,"phó mát, bánh phó mát; vật đóng bánh","In Fashion & Lifestyle, 'cheese' is an essential term. [Trong Thời trang & Phong cách, ""cheese"" là một thuật ngữ quan trọng.]",en,fashion_lifestyle,single_word,B1
206022b1-edd2-4670-a4b7-e6eb557f3803,coat,/kəʊt/,"phủ, bọc // lớp ngoài","In Fashion & Lifestyle, 'coat' is an essential term. [Trong Thời trang & Phong cách, ""coat"" là một thuật ngữ quan trọng.]",en,fashion_lifestyle,single_word,B1
4db8dbe2-5523-4f3e-b279-7e0b5c4fd764,comfortable,/ˈkʌmftəbl/,"tiện lợi, đủ tiện nghi; ấm cúng; dễ chịu, thoải mái, khoan khoái","In Fashion & Lifestyle, 'comfortable' is an essential term. [Trong Thời trang & Phong cách, ""comfortable"" là một thuật ngữ quan trọng.]",en,fashion_lifestyle,single_word,B1
7b613f02-533b-4ea9-8b65-2b44aaebabbb,haute couture,/haute couture/,cao cấp thời trang may đo,Effective Fashion & Lifestyle relies on haute couture. [Lĩnh vực Thời trang & Phong cách hiệu quả dựa trên cao cấp thời trang may đo.],en,fashion_lifestyle,phrase,B2
b23c176b-b834-448f-819f-1b00df15e640,haute wardrobe,/haute wardrobe/,cao cấp tủ đồ thời trang,Effective Fashion & Lifestyle relies on haute wardrobe. [Lĩnh vực Thời trang & Phong cách hiệu quả dựa trên cao cấp tủ đồ thời trang.],en,fashion_lifestyle,phrase,B2
644aa461-da30-4a1f-b4e2-14b528a79fa4,haute runway,/haute runway/,cao cấp sàn diễn,Effective Fashion & Lifestyle relies on haute runway. [Lĩnh vực Thời trang & Phong cách hiệu quả dựa trên cao cấp sàn diễn.],en,fashion_lifestyle,phrase,B2
fce3b2c3-cf3d-49e5-aadd-5547bf56e659,haute garment,/haute garment/,cao cấp trang phục,Effective Fashion & Lifestyle relies on haute garment. [Lĩnh vực Thời trang & Phong cách hiệu quả dựa trên cao cấp trang phục.],en,fashion_lifestyle,phrase,B2
f42de7f4-0da8-491a-bb7b-0a8c78f1de04,haute collection,/haute collection/,cao cấp bộ sưu tập,Effective Fashion & Lifestyle relies on haute collection. [Lĩnh vực Thời trang & Phong cách hiệu quả dựa trên cao cấp bộ sưu tập.],en,fashion_lifestyle,phrase,B2
ef658e8c-e4e4-4953-b9f6-cb4d2ef6a51f,haute silhouette,/haute silhouette/,cao cấp phom dáng,Effective Fashion & Lifestyle relies on haute silhouette. [Lĩnh vực Thời trang & Phong cách hiệu quả dựa trên cao cấp phom dáng.],en,fashion_lifestyle,phrase,B2
a8a948dc-67c0-45f1-9546-865b6b851306,haute accessory,/haute accessory/,cao cấp phụ kiện,Effective Fashion & Lifestyle relies on haute accessory. [Lĩnh vực Thời trang & Phong cách hiệu quả dựa trên cao cấp phụ kiện.],en,fashion_lifestyle,phrase,B2
fff052be-375f-45b6-b1bf-b9962738f7fd,haute textile,/haute textile/,cao cấp vải vóc,Effective Fashion & Lifestyle relies on haute textile. [Lĩnh vực Thời trang & Phong cách hiệu quả dựa trên cao cấp vải vóc.],en,fashion_lifestyle,phrase,B2
5b83f1fc-e9b6-4f35-a04e-64d67547a953,contemporary couture,/contemporary couture/,đương đại thời trang may đo,Effective Fashion & Lifestyle relies on contemporary couture. [Lĩnh vực Thời trang & Phong cách hiệu quả dựa trên đương đại thời trang may đo.],en,fashion_lifestyle,phrase,B2
c5306d15-5e0e-433e-b712-ef49b802ad39,contemporary wardrobe,/contemporary wardrobe/,đương đại tủ đồ thời trang,Effective Fashion & Lifestyle relies on contemporary wardrobe. [Lĩnh vực Thời trang & Phong cách hiệu quả dựa trên đương đại tủ đồ thời trang.],en,fashion_lifestyle,phrase,B2
ab38bd1e-4bf5-49b0-ba94-bbd85207b4fa,contemporary runway,/contemporary runway/,đương đại sàn diễn,Effective Fashion & Lifestyle relies on contemporary runway. [Lĩnh vực Thời trang & Phong cách hiệu quả dựa trên đương đại sàn diễn.],en,fashion_lifestyle,phrase,B2
08329438-f72b-41ca-a578-18a9d4e36a9c,contemporary garment,/contemporary garment/,đương đại trang phục,Effective Fashion & Lifestyle relies on contemporary garment. [Lĩnh vực Thời trang & Phong cách hiệu quả dựa trên đương đại trang phục.],en,fashion_lifestyle,phrase,B2
38b04e92-feb4-4b01-b5ac-a61073e8c424,contemporary collection,/contemporary collection/,đương đại bộ sưu tập,Effective Fashion & Lifestyle relies on contemporary collection. [Lĩnh vực Thời trang & Phong cách hiệu quả dựa trên đương đại bộ sưu tập.],en,fashion_lifestyle,phrase,B2
7d9640af-492c-4200-9eb6-c0bf73d23931,contemporary silhouette,/contemporary silhouette/,đương đại phom dáng,Effective Fashion & Lifestyle relies on contemporary silhouette. [Lĩnh vực Thời trang & Phong cách hiệu quả dựa trên đương đại phom dáng.],en,fashion_lifestyle,phrase,B2
69f8836b-a168-46b7-9b9e-e2ecf3d609df,contemporary accessory,/contemporary accessory/,đương đại phụ kiện,Effective Fashion & Lifestyle relies on contemporary accessory. [Lĩnh vực Thời trang & Phong cách hiệu quả dựa trên đương đại phụ kiện.],en,fashion_lifestyle,phrase,B2
5c598290-40b0-4b52-b7f1-c9d8934c2330,contemporary textile,/contemporary textile/,đương đại vải vóc,Effective Fashion & Lifestyle relies on contemporary textile. [Lĩnh vực Thời trang & Phong cách hiệu quả dựa trên đương đại vải vóc.],en,fashion_lifestyle,phrase,B2
0bd7790d-9997-4920-a4fa-dd025df9c712,aesthetic couture,/aesthetic couture/,thẩm mỹ thời trang may đo,Effective Fashion & Lifestyle relies on aesthetic couture. [Lĩnh vực Thời trang & Phong cách hiệu quả dựa trên thẩm mỹ thời trang may đo.],en,fashion_lifestyle,phrase,B2
bc968548-01a8-406c-9455-f7a0456e9792,aesthetic wardrobe,/aesthetic wardrobe/,thẩm mỹ tủ đồ thời trang,Effective Fashion & Lifestyle relies on aesthetic wardrobe. [Lĩnh vực Thời trang & Phong cách hiệu quả dựa trên thẩm mỹ tủ đồ thời trang.],en,fashion_lifestyle,phrase,B2
68c4c378-94a7-42b0-b847-e8270e6ed643,aesthetic runway,/aesthetic runway/,thẩm mỹ sàn diễn,Effective Fashion & Lifestyle relies on aesthetic runway. [Lĩnh vực Thời trang & Phong cách hiệu quả dựa trên thẩm mỹ sàn diễn.],en,fashion_lifestyle,phrase,B2
b955ad76-6756-48e5-80c6-9e325c68a99c,aesthetic garment,/aesthetic garment/,thẩm mỹ trang phục,Effective Fashion & Lifestyle relies on aesthetic garment. [Lĩnh vực Thời trang & Phong cách hiệu quả dựa trên thẩm mỹ trang phục.],en,fashion_lifestyle,phrase,B2
84531370-a0ac-4b91-8f21-aa1fdade0fc3,aesthetic collection,/aesthetic collection/,thẩm mỹ bộ sưu tập,Effective Fashion & Lifestyle relies on aesthetic collection. [Lĩnh vực Thời trang & Phong cách hiệu quả dựa trên thẩm mỹ bộ sưu tập.],en,fashion_lifestyle,phrase,B2
83f88add-bd23-4ae7-af32-de92568ff177,aesthetic silhouette,/aesthetic silhouette/,thẩm mỹ phom dáng,Effective Fashion & Lifestyle relies on aesthetic silhouette. [Lĩnh vực Thời trang & Phong cách hiệu quả dựa trên thẩm mỹ phom dáng.],en,fashion_lifestyle,phrase,B2
11b83947-692d-473d-ad31-69911a959c48,aesthetic accessory,/aesthetic accessory/,thẩm mỹ phụ kiện,Effective Fashion & Lifestyle relies on aesthetic accessory. [Lĩnh vực Thời trang & Phong cách hiệu quả dựa trên thẩm mỹ phụ kiện.],en,fashion_lifestyle,phrase,B2
38900432-a22d-44b6-9667-d72a26d48541,aesthetic textile,/aesthetic textile/,thẩm mỹ vải vóc,Effective Fashion & Lifestyle relies on aesthetic textile. [Lĩnh vực Thời trang & Phong cách hiệu quả dựa trên thẩm mỹ vải vóc.],en,fashion_lifestyle,phrase,B2
c04c5d8e-94f8-42cb-b61a-2f23f99d5e21,tailored couture,/tailored couture/,may đo thời trang may đo,Effective Fashion & Lifestyle relies on tailored couture. [Lĩnh vực Thời trang & Phong cách hiệu quả dựa trên may đo thời trang may đo.],en,fashion_lifestyle,phrase,B2
e52c3eba-7fb5-4aa6-8510-00b69c4c397a,tailored wardrobe,/tailored wardrobe/,may đo tủ đồ thời trang,Effective Fashion & Lifestyle relies on tailored wardrobe. [Lĩnh vực Thời trang & Phong cách hiệu quả dựa trên may đo tủ đồ thời trang.],en,fashion_lifestyle,phrase,B2
b56c02dc-26aa-4d4a-9c26-b16d9728d354,tailored runway,/tailored runway/,may đo sàn diễn,Effective Fashion & Lifestyle relies on tailored runway. [Lĩnh vực Thời trang & Phong cách hiệu quả dựa trên may đo sàn diễn.],en,fashion_lifestyle,phrase,B2
8a10ccc7-df99-43af-b84f-8f0d1699c94b,tailored garment,/tailored garment/,may đo trang phục,Effective Fashion & Lifestyle relies on tailored garment. [Lĩnh vực Thời trang & Phong cách hiệu quả dựa trên may đo trang phục.],en,fashion_lifestyle,phrase,B2
50431288-0972-4a2d-be43-93561ecd3c66,tailored collection,/tailored collection/,may đo bộ sưu tập,Effective Fashion & Lifestyle relies on tailored collection. [Lĩnh vực Thời trang & Phong cách hiệu quả dựa trên may đo bộ sưu tập.],en,fashion_lifestyle,phrase,B2
d83bd837-ddd5-440e-b876-107b02dc7b3e,tailored silhouette,/tailored silhouette/,may đo phom dáng,Effective Fashion & Lifestyle relies on tailored silhouette. [Lĩnh vực Thời trang & Phong cách hiệu quả dựa trên may đo phom dáng.],en,fashion_lifestyle,phrase,B2
6b947759-0331-40d4-bc19-f59ae0c1089f,tailored accessory,/tailored accessory/,may đo phụ kiện,Effective Fashion & Lifestyle relies on tailored accessory. [Lĩnh vực Thời trang & Phong cách hiệu quả dựa trên may đo phụ kiện.],en,fashion_lifestyle,phrase,B2
cc12f68c-6a36-4c6c-b795-1b773e075a48,tailored textile,/tailored textile/,may đo vải vóc,Effective Fashion & Lifestyle relies on tailored textile. [Lĩnh vực Thời trang & Phong cách hiệu quả dựa trên may đo vải vóc.],en,fashion_lifestyle,phrase,B2
ab66f70d-aaa7-45ee-b397-89cd1b54cf46,luxurious couture,/luxurious couture/,xa xỉ thời trang may đo,Effective Fashion & Lifestyle relies on luxurious couture. [Lĩnh vực Thời trang & Phong cách hiệu quả dựa trên xa xỉ thời trang may đo.],en,fashion_lifestyle,phrase,B2
db54be60-7b87-4d24-a3f8-8cb15aaaf182,luxurious wardrobe,/luxurious wardrobe/,xa xỉ tủ đồ thời trang,Effective Fashion & Lifestyle relies on luxurious wardrobe. [Lĩnh vực Thời trang & Phong cách hiệu quả dựa trên xa xỉ tủ đồ thời trang.],en,fashion_lifestyle,phrase,B2
0c617f3e-d992-43b1-b5c3-91d084d4b482,luxurious runway,/luxurious runway/,xa xỉ sàn diễn,Effective Fashion & Lifestyle relies on luxurious runway. [Lĩnh vực Thời trang & Phong cách hiệu quả dựa trên xa xỉ sàn diễn.],en,fashion_lifestyle,phrase,B2
abd0a565-5729-4a4f-9a7a-3c55e829f401,luxurious garment,/luxurious garment/,xa xỉ trang phục,Effective Fashion & Lifestyle relies on luxurious garment. [Lĩnh vực Thời trang & Phong cách hiệu quả dựa trên xa xỉ trang phục.],en,fashion_lifestyle,phrase,B2
b593e0d6-f4f3-4d74-a289-561374128b76,luxurious collection,/luxurious collection/,xa xỉ bộ sưu tập,Effective Fashion & Lifestyle relies on luxurious collection. [Lĩnh vực Thời trang & Phong cách hiệu quả dựa trên xa xỉ bộ sưu tập.],en,fashion_lifestyle,phrase,B2
12a06d39-5cab-44a0-a20e-768420440d70,luxurious silhouette,/luxurious silhouette/,xa xỉ phom dáng,Effective Fashion & Lifestyle relies on luxurious silhouette. [Lĩnh vực Thời trang & Phong cách hiệu quả dựa trên xa xỉ phom dáng.],en,fashion_lifestyle,phrase,B2
8861f758-9f9c-4cde-bb6e-1a0c848299cc,luxurious accessory,/luxurious accessory/,xa xỉ phụ kiện,Effective Fashion & Lifestyle relies on luxurious accessory. [Lĩnh vực Thời trang & Phong cách hiệu quả dựa trên xa xỉ phụ kiện.],en,fashion_lifestyle,phrase,B2
626a5318-77a4-4a2a-b7c0-88929ea15e9c,luxurious textile,/luxurious textile/,xa xỉ vải vóc,Effective Fashion & Lifestyle relies on luxurious textile. [Lĩnh vực Thời trang & Phong cách hiệu quả dựa trên xa xỉ vải vóc.],en,fashion_lifestyle,phrase,B2
c93cff70-4185-472b-8527-b0f5e4d116c0,vintage couture,/vintage couture/,cổ điển thời trang may đo,Effective Fashion & Lifestyle relies on vintage couture. [Lĩnh vực Thời trang & Phong cách hiệu quả dựa trên cổ điển thời trang may đo.],en,fashion_lifestyle,phrase,B2
e089d565-4647-49bd-a09e-523fc2d55775,vintage wardrobe,/vintage wardrobe/,cổ điển tủ đồ thời trang,Effective Fashion & Lifestyle relies on vintage wardrobe. [Lĩnh vực Thời trang & Phong cách hiệu quả dựa trên cổ điển tủ đồ thời trang.],en,fashion_lifestyle,phrase,B2
60f1f77c-ed3e-4e38-aff5-76c6f6869ce3,vintage runway,/vintage runway/,cổ điển sàn diễn,Effective Fashion & Lifestyle relies on vintage runway. [Lĩnh vực Thời trang & Phong cách hiệu quả dựa trên cổ điển sàn diễn.],en,fashion_lifestyle,phrase,B2
9f56462f-e7a3-4c6d-8418-e35a1bb659f8,vintage garment,/vintage garment/,cổ điển trang phục,Effective Fashion & Lifestyle relies on vintage garment. [Lĩnh vực Thời trang & Phong cách hiệu quả dựa trên cổ điển trang phục.],en,fashion_lifestyle,phrase,B2
f82f5993-400d-4cd6-822c-47a1024c82f2,vintage collection,/vintage collection/,cổ điển bộ sưu tập,Effective Fashion & Lifestyle relies on vintage collection. [Lĩnh vực Thời trang & Phong cách hiệu quả dựa trên cổ điển bộ sưu tập.],en,fashion_lifestyle,phrase,B2
00a4e206-e2fa-4553-83a6-05b9417742e4,vintage silhouette,/vintage silhouette/,cổ điển phom dáng,Effective Fashion & Lifestyle relies on vintage silhouette. [Lĩnh vực Thời trang & Phong cách hiệu quả dựa trên cổ điển phom dáng.],en,fashion_lifestyle,phrase,B2
c314dbfc-21da-42f3-9008-d2e5d72b0b89,vintage accessory,/vintage accessory/,cổ điển phụ kiện,Effective Fashion & Lifestyle relies on vintage accessory. [Lĩnh vực Thời trang & Phong cách hiệu quả dựa trên cổ điển phụ kiện.],en,fashion_lifestyle,phrase,B2
c1e803e0-8f6f-4640-84b1-1cfad65e1036,vintage textile,/vintage textile/,cổ điển vải vóc,Effective Fashion & Lifestyle relies on vintage textile. [Lĩnh vực Thời trang & Phong cách hiệu quả dựa trên cổ điển vải vóc.],en,fashion_lifestyle,phrase,B2
06790659-24e1-42b3-b76e-96d6f734e287,fashionable couture,/fashionable couture/,hợp thời trang thời trang may đo,Effective Fashion & Lifestyle relies on fashionable couture. [Lĩnh vực Thời trang & Phong cách hiệu quả dựa trên hợp thời trang thời trang may đo.],en,fashion_lifestyle,phrase,B2
e2441229-b5a7-446b-8b8e-b3b9355cfba8,fashionable wardrobe,/fashionable wardrobe/,hợp thời trang tủ đồ thời trang,Effective Fashion & Lifestyle relies on fashionable wardrobe. [Lĩnh vực Thời trang & Phong cách hiệu quả dựa trên hợp thời trang tủ đồ thời trang.],en,fashion_lifestyle,phrase,B2
d2b76d33-6c7c-4d38-aebf-caacb91d0bac,protection,/prəˈtekʃn/,Bảo hộ.,"In Security & Defense, 'protection' is an essential term. [Trong An ninh & Quốc phòng, ""protection"" là một thuật ngữ quan trọng.]",en,security_defense,single_word,B1
015ff63d-38a5-418f-9a0e-777d501d9838,protective,/prəˈtektɪv/,"bảo vệ, bảo hộ, che chở; bảo vệ","In Security & Defense, 'protective' is an essential term. [Trong An ninh & Quốc phòng, ""protective"" là một thuật ngữ quan trọng.]",en,security_defense,single_word,B1
128f14f8-60a2-458d-8d86-d4d69c2570a7,safety,/ˈseɪfti/,"tính an toàn, độ tin cậy","In Security & Defense, 'safety' is an essential term. [Trong An ninh & Quốc phòng, ""safety"" là một thuật ngữ quan trọng.]",en,security_defense,single_word,B1
d0c50da3-85a7-4adf-8eca-407688eee0e0,security,/sɪˈkjʊrəti/,"sự tin cậy, sự an toàn, sự bảo đảm","In Security & Defense, 'security' is an essential term. [Trong An ninh & Quốc phòng, ""security"" là một thuật ngữ quan trọng.]",en,security_defense,single_word,B1
ab1d79c0-bd67-413d-8089-e2f8b53e6f32,defence,/dɪˈfens/,"cái để bảo vệ, vật để chống đỡ, vật để chặn lại; sự che chở, sự bảo vệ, sự phòng thủ, sự chống giữ","In Security & Defense, 'defence' is an essential term. [Trong An ninh & Quốc phòng, ""defence"" là một thuật ngữ quan trọng.]",en,security_defense,single_word,B1
715d99b7-2640-4b49-985b-3626cb4ee2ed,defend,/dɪˈfend/,"che chở, bảo vệ, phòng thủ, chống giữ; biện hộ, bào chữa, cãi cho","In Security & Defense, 'defend' is an essential term. [Trong An ninh & Quốc phòng, ""defend"" là một thuật ngữ quan trọng.]",en,security_defense,single_word,B1
abed5046-ae11-488e-816c-86e26e7b88ed,defensive,/dɪˈfensɪv/,"có tính chất bảo vệ, có tính chất phòng thủ, có tính chất chống giữ; để che chở, để bảo vệ, để phòng thủ; thế thủ, thế phòng ngự","In Security & Defense, 'defensive' is an essential term. [Trong An ninh & Quốc phòng, ""defensive"" là một thuật ngữ quan trọng.]",en,security_defense,single_word,B1
077a2a3b-1105-4756-ae4e-3e4dbce90d67,guard,/ɡɑːrd/,bảo vệ,"In Security & Defense, 'guard' is an essential term. [Trong An ninh & Quốc phòng, ""guard"" là một thuật ngữ quan trọng.]",en,security_defense,single_word,B1
80375edb-ce01-4ce6-8661-4c2c199a7957,protect,/prəˈtekt/,"bảo vệ, bảo hộ, che chở; bảo vệ","In Security & Defense, 'protect' is an essential term. [Trong An ninh & Quốc phòng, ""protect"" là một thuật ngữ quan trọng.]",en,security_defense,single_word,B1
faf0459a-cf28-4c9f-876c-02a8b63355dc,safe,/seɪf/,an toàn; tin cậy,"In Security & Defense, 'safe' is an essential term. [Trong An ninh & Quốc phòng, ""safe"" là một thuật ngữ quan trọng.]",en,security_defense,single_word,B1
e8b97a05-3e18-4740-b926-cf3721cd2964,weapon,/ˈwepən/,vũ khí  & ),"In Security & Defense, 'weapon' is an essential term. [Trong An ninh & Quốc phòng, ""weapon"" là một thuật ngữ quan trọng.]",en,security_defense,single_word,B1
b1752b53-c2ae-482c-8fdc-ae85c16e937f,alarm,/əˈlɑːrm/,"sự báo động, sự báo nguy; còi báo động, kẻng báo động, trống mõ báo động, chuông báo động; cái còi báo động; cái kẻng để báo động, cái chuông để báo động","In Security & Defense, 'alarm' is an essential term. [Trong An ninh & Quốc phòng, ""alarm"" là một thuật ngữ quan trọng.]",en,security_defense,single_word,B1
800ada15-514e-44fd-9a4b-5b8ddec5ac7c,army,/ˈɑːrmi/,"quân đội; đoàn, đám đông, nhiều vô số","In Security & Defense, 'army' is an essential term. [Trong An ninh & Quốc phòng, ""army"" là một thuật ngữ quan trọng.]",en,security_defense,single_word,B1
a732a3fc-dabd-4ceb-a7cc-1d1167dd5ec9,gun,/ɡʌn/,súng; phát đại bác,"In Security & Defense, 'gun' is an essential term. [Trong An ninh & Quốc phòng, ""gun"" là một thuật ngữ quan trọng.]",en,security_defense,single_word,B1
b8fdfbb4-a0a0-4fee-bbf3-7ff6dee6c86d,peace,/piːs/,"hoà bình, thái bình, sự hoà thuận; Peace) hoà ước","In Security & Defense, 'peace' is an essential term. [Trong An ninh & Quốc phòng, ""peace"" là một thuật ngữ quan trọng.]",en,security_defense,single_word,B1
67c3a10e-0644-4e91-a028-0dc4f90b3025,soldier,/ˈsəʊldʒər/,"lính, quân lính, binh sĩ, quân nhân; người chỉ huy có tài, nhà quân sự có tài","In Security & Defense, 'soldier' is an essential term. [Trong An ninh & Quốc phòng, ""soldier"" là một thuật ngữ quan trọng.]",en,security_defense,single_word,B1
3b2c5ad0-6182-429f-a669-87ec5b796ad2,asylum,/əˈsaɪləm/,"viện cứu tế; nhà thương điên, bệnh viện tinh thần kinh  clunatic asylum)","In Security & Defense, 'asylum' is an essential term. [Trong An ninh & Quốc phòng, ""asylum"" là một thuật ngữ quan trọng.]",en,security_defense,single_word,B1
b81d55d8-2f53-4484-b36f-d0616a56acd4,attack,/əˈtæk/,"sự tấn công, sự công kích; cơn","In Security & Defense, 'attack' is an essential term. [Trong An ninh & Quốc phòng, ""attack"" là một thuật ngữ quan trọng.]",en,security_defense,single_word,B1
cdc8bbf9-2df5-4d67-a52b-1ad572bfc326,danger,/ˈdeɪndʒər/,"sự nguy hiểm, mối hiểm nghèo; nguy cơ, mối đe doạ","In Security & Defense, 'danger' is an essential term. [Trong An ninh & Quốc phòng, ""danger"" là một thuật ngữ quan trọng.]",en,security_defense,single_word,B1
fc0246b4-acf1-4a7d-8224-ff820eb18534,dangerous,/ˈdeɪndʒərəs/,"nguy hiểm; hiểm nghèo, nguy ngập, nguy cấp; nham hiểm, lợi hại, dữ tợn","In Security & Defense, 'dangerous' is an essential term. [Trong An ninh & Quốc phòng, ""dangerous"" là một thuật ngữ quan trọng.]",en,security_defense,single_word,B1
a80abaf0-4cfe-41aa-9899-061849736ad6,enforce,/ɪnˈfɔːrs/,"làm cho có hiệu lực, làm cho có sức mạnh , đòi cho được; ép làm, thúc ép, ép buộc","In Security & Defense, 'enforce' is an essential term. [Trong An ninh & Quốc phòng, ""enforce"" là một thuật ngữ quan trọng.]",en,security_defense,single_word,B1
18c0b32e-fc91-43e4-9e0b-4ab33da04b60,enforcement,/ɪnˈfɔːrsmənt/,"sự thúc ép, sự ép buộc; sự bắt tôn trọng, sự bắt tuân theo; sự đem thi hành","In Security & Defense, 'enforcement' is an essential term. [Trong An ninh & Quốc phòng, ""enforcement"" là một thuật ngữ quan trọng.]",en,security_defense,single_word,B1
023a8ab4-f22e-4074-827b-d9edfa888153,force,/fɔːrs/,"lực, cường độ || cưỡng bức; f. of gravity trọng lực","In Security & Defense, 'force' is an essential term. [Trong An ninh & Quốc phòng, ""force"" là một thuật ngữ quan trọng.]",en,security_defense,single_word,B1
46720ecb-8240-4991-b3c3-012f78591e5c,helmet,/ˈhelmɪt/,mũ sắt; mũ cát,"In Security & Defense, 'helmet' is an essential term. [Trong An ninh & Quốc phòng, ""helmet"" là một thuật ngữ quan trọng.]",en,security_defense,single_word,B1
5cfc7b26-dd03-4521-a491-e1272362745b,peaceful,/ˈpiːsfl/,"hoà bình, thái bình; yên ổn, thanh bình","In Security & Defense, 'peaceful' is an essential term. [Trong An ninh & Quốc phòng, ""peaceful"" là một thuật ngữ quan trọng.]",en,security_defense,single_word,B1
e8b8c0bf-21e6-4ee1-b985-2a9890bee15f,refuge,/ˈrefjuːdʒ/,"nơi trốn tránh, nơi ẩn náu, nơi trú ẩn; nơi nương náu, nơi nương tựa","In Security & Defense, 'refuge' is an essential term. [Trong An ninh & Quốc phòng, ""refuge"" là một thuật ngữ quan trọng.]",en,security_defense,single_word,B1
0ad10d35-e912-4a4b-ad2d-e5e99529f298,reinforce,/ˌriːɪnˈfɔːrs/,tăng cường; gia cố,"In Security & Defense, 'reinforce' is an essential term. [Trong An ninh & Quốc phòng, ""reinforce"" là một thuật ngữ quan trọng.]",en,security_defense,single_word,B1
d08d65c9-260e-42a8-b24e-eb212fc8a0f4,surveillance,/sɜːrˈveɪləns/,sự giám sát,"In Security & Defense, 'surveillance' is an essential term. [Trong An ninh & Quốc phòng, ""surveillance"" là một thuật ngữ quan trọng.]",en,security_defense,single_word,B1
8b64b686-ae60-4912-afae-ccf410c98077,threat,/θret/,"sự đe doạ; lời đe doạ, lời hăm doạ","In Security & Defense, 'threat' is an essential term. [Trong An ninh & Quốc phòng, ""threat"" là một thuật ngữ quan trọng.]",en,security_defense,single_word,B1
bcd0d5cc-079c-40d7-b1e7-e18bd49a40f7,threaten,/ˈθretn/,"doạ, đe doạ, hăm doạ  & )","In Security & Defense, 'threaten' is an essential term. [Trong An ninh & Quốc phòng, ""threaten"" là một thuật ngữ quan trọng.]",en,security_defense,single_word,B1
bc95247c-fefd-4a5e-abf5-0c7da2855327,aggressive,/əˈɡresɪv/,"xâm lược, xâm lăng; công kích","In Security & Defense, 'aggressive' is an essential term. [Trong An ninh & Quốc phòng, ""aggressive"" là một thuật ngữ quan trọng.]",en,security_defense,single_word,B1
8cbc4068-7c9d-4ffc-aaed-63948ca56740,arms,/ɑːrmz/,cánh tay,"In Security & Defense, 'arms' is an essential term. [Trong An ninh & Quốc phòng, ""arms"" là một thuật ngữ quan trọng.]",en,security_defense,single_word,B1
fadf200b-6c8b-4b4b-9fd5-0b035613f773,bless,/bles/,"giáng phúc, ban phúc; dạng bị động) làm cho may mắn, làm cho hạnh phúc","In Security & Defense, 'bless' is an essential term. [Trong An ninh & Quốc phòng, ""bless"" là một thuật ngữ quan trọng.]",en,security_defense,single_word,B1
ba28ff2a-3107-44d4-b6a3-aeda74368a96,blessing,/ˈblesɪŋ/,phúc lành; kinh,"In Security & Defense, 'blessing' is an essential term. [Trong An ninh & Quốc phòng, ""blessing"" là một thuật ngữ quan trọng.]",en,security_defense,single_word,B1
32910466-d435-464c-b599-8328ae2d84c6,buffer,/ˈbʌfər/,bộ phận nhớ trung gian,"In Security & Defense, 'buffer' is an essential term. [Trong An ninh & Quốc phòng, ""buffer"" là một thuật ngữ quan trọng.]",en,security_defense,single_word,B1
fcdff8cd-356d-4871-9220-615fe435fedb,castle,/ˈkæsl/,"thành trì, thành quách; lâu dài","In Security & Defense, 'castle' is an essential term. [Trong An ninh & Quốc phòng, ""castle"" là một thuật ngữ quan trọng.]",en,security_defense,single_word,B1
dccee6b8-4c37-4bc8-a669-40522d82c9ec,conservation,/ˌkɑːnsərˈveɪʃn/,bảo toàn; c. of energy bảo toàn,"In Security & Defense, 'conservation' is an essential term. [Trong An ninh & Quốc phòng, ""conservation"" là một thuật ngữ quan trọng.]",en,security_defense,single_word,B1
3b5c77b8-eff6-4c0f-9e88-3d4baea66e8a,conserve,/kənˈsɜːrv/,"mứt, mứt quả; giữ gìn, duy trì, bảo tồn, bảo toàn","In Security & Defense, 'conserve' is an essential term. [Trong An ninh & Quốc phòng, ""conserve"" là một thuật ngữ quan trọng.]",en,security_defense,single_word,B1
a1f12278-ccf5-4506-a7f3-47aae280a3e6,cover,/ˈkʌvər/,phủ || cái phủ,"In Security & Defense, 'cover' is an essential term. [Trong An ninh & Quốc phòng, ""cover"" là một thuật ngữ quan trọng.]",en,security_defense,single_word,B1
cfa51de1-641d-474f-8689-896578ec0640,deploy,/dɪˈplɔɪ/,"sự dàn quân, sự dàn trận, sự triển khai; dàn quân, dàn trận, triển khai","In Security & Defense, 'deploy' is an essential term. [Trong An ninh & Quốc phòng, ""deploy"" là một thuật ngữ quan trọng.]",en,security_defense,single_word,B1
ef9a8d4d-b846-44c2-aff7-637b003eb32d,deployment,/dɪˈplɔɪmənt/,"sự dàn quân, sự triển khai","In Security & Defense, 'deployment' is an essential term. [Trong An ninh & Quốc phòng, ""deployment"" là một thuật ngữ quan trọng.]",en,security_defense,single_word,B1
ffdb6075-773e-4a8f-b672-63e7514b6588,evacuate,/ɪˈvækjueɪt/,"rút khỏi; sơ tán, tản cư; chuyển khỏi mặt trận","In Security & Defense, 'evacuate' is an essential term. [Trong An ninh & Quốc phòng, ""evacuate"" là một thuật ngữ quan trọng.]",en,security_defense,single_word,B1
a2d891c9-46f8-44b2-bf3f-d8e3dd4eb247,exposure,/ɪkˈspəʊʒər/,"sự phơi sáng, sự khẳng định","In Security & Defense, 'exposure' is an essential term. [Trong An ninh & Quốc phòng, ""exposure"" là một thuật ngữ quan trọng.]",en,security_defense,single_word,B1
8db4cad9-fa4c-484f-a30b-f46fa01e7eec,guerrilla,/ɡəˈrɪlə/,"du kích, quân du kích; chiến tranh du kích  guerilla war)","In Security & Defense, 'guerrilla' is an essential term. [Trong An ninh & Quốc phòng, ""guerrilla"" là một thuật ngữ quan trọng.]",en,security_defense,single_word,B1
eaa9a00c-c1ee-4824-bdac-b122005f8fe8,harbour,/ˈhɑːrbər/,"bến tàu, cảng; nơi an toàn; nơi ẩn náu","In Security & Defense, 'harbour' is an essential term. [Trong An ninh & Quốc phòng, ""harbour"" là một thuật ngữ quan trọng.]",en,security_defense,single_word,B1
b123143f-ebc1-405b-a064-a14b147c7ddf,invasion,/ɪnˈveɪʒn/,"sự xâm lược, sự xâm chiếm, sự xâm lấn; sự xâm phạm","In Security & Defense, 'invasion' is an essential term. [Trong An ninh & Quốc phòng, ""invasion"" là một thuật ngữ quan trọng.]",en,security_defense,single_word,B1
ff50217b-3913-4a56-b7ef-c05c9b0981b6,military,/ˈmɪləteri/,"quân đội,  quân sự; the military quân đội, bộ đội","In Security & Defense, 'military' is an essential term. [Trong An ninh & Quốc phòng, ""military"" là một thuật ngữ quan trọng.]",en,security_defense,single_word,B1
e3f113c7-2aa7-49f4-8ec8-ba5653437dda,militia,/məˈlɪʃə/,dân quân,"In Security & Defense, 'militia' is an essential term. [Trong An ninh & Quốc phòng, ""militia"" là một thuật ngữ quan trọng.]",en,security_defense,single_word,B1
87435dac-ec14-481b-a962-a60256b7d6ef,pad,/pæd/,đường cái; ngựa dễ cưỡi  pad nag),"In Security & Defense, 'pad' is an essential term. [Trong An ninh & Quốc phòng, ""pad"" là một thuật ngữ quan trọng.]",en,security_defense,single_word,B1
604bb764-c8d5-479e-a0d8-ece9d6e82b27,raid,/reɪd/,"cuộc tấn công bất ngờ; cuộc đột kích; cuộc lùng sục bất ngờ, cuộc vây bắt bất ngờ; cuộc bố ráp","In Security & Defense, 'raid' is an essential term. [Trong An ninh & Quốc phòng, ""raid"" là một thuật ngữ quan trọng.]",en,security_defense,single_word,B1
8d64fc66-b99a-44a0-8f5e-aa2831434de5,national security,/national security/,quốc gia an ninh,Effective Security & Defense relies on national security. [Lĩnh vực An ninh & Quốc phòng hiệu quả dựa trên quốc gia an ninh.],en,security_defense,phrase,B2
8c862c99-a2c1-4553-9ba7-081e17c921c1,national defense,/national defense/,quốc gia quốc phòng,Effective Security & Defense relies on national defense. [Lĩnh vực An ninh & Quốc phòng hiệu quả dựa trên quốc gia quốc phòng.],en,security_defense,phrase,B2
0ff8ac44-a201-42bb-a7e5-6d0f924a2448,national patrol,/national patrol/,quốc gia tuần tra,Effective Security & Defense relies on national patrol. [Lĩnh vực An ninh & Quốc phòng hiệu quả dựa trên quốc gia tuần tra.],en,security_defense,phrase,B2
be8b9e0d-715c-44fa-877c-f7d63edf1b47,national deterrence,/national deterrence/,quốc gia răn đe,Effective Security & Defense relies on national deterrence. [Lĩnh vực An ninh & Quốc phòng hiệu quả dựa trên quốc gia răn đe.],en,security_defense,phrase,B2
5018f359-105b-47f0-846b-ac2b513a7297,national readiness,/national readiness/,quốc gia sẵn sàng chiến đấu,Effective Security & Defense relies on national readiness. [Lĩnh vực An ninh & Quốc phòng hiệu quả dựa trên quốc gia sẵn sàng chiến đấu.],en,security_defense,phrase,B2
2e56d29a-8938-41a9-a32c-b13112b40c28,national intelligence,/national intelligence/,quốc gia tình báo,Effective Security & Defense relies on national intelligence. [Lĩnh vực An ninh & Quốc phòng hiệu quả dựa trên quốc gia tình báo.],en,security_defense,phrase,B2
aa618e1f-e489-4186-b776-4678052a9102,national command,/national command/,quốc gia chỉ huy,Effective Security & Defense relies on national command. [Lĩnh vực An ninh & Quốc phòng hiệu quả dựa trên quốc gia chỉ huy.],en,security_defense,phrase,B2
5db61604-1b80-4b34-925c-bac9f24408f3,national shield,/national shield/,quốc gia lá chắn,Effective Security & Defense relies on national shield. [Lĩnh vực An ninh & Quốc phòng hiệu quả dựa trên quốc gia lá chắn.],en,security_defense,phrase,B2
80b4ba2d-a181-4c63-9feb-a9e34b9ed107,strategic security,/strategic security/,chiến lược an ninh,Effective Security & Defense relies on strategic security. [Lĩnh vực An ninh & Quốc phòng hiệu quả dựa trên chiến lược an ninh.],en,security_defense,phrase,B2
a0e0142b-4b48-4571-b5e1-c72de71e159a,strategic defense,/strategic defense/,chiến lược quốc phòng,Effective Security & Defense relies on strategic defense. [Lĩnh vực An ninh & Quốc phòng hiệu quả dựa trên chiến lược quốc phòng.],en,security_defense,phrase,B2
cb06c4d5-2ea2-406a-83cf-343f91e3dd2c,strategic patrol,/strategic patrol/,chiến lược tuần tra,Effective Security & Defense relies on strategic patrol. [Lĩnh vực An ninh & Quốc phòng hiệu quả dựa trên chiến lược tuần tra.],en,security_defense,phrase,B2
f50c806c-829b-41b6-b60e-879ec633a1fc,strategic deterrence,/strategic deterrence/,chiến lược răn đe,Effective Security & Defense relies on strategic deterrence. [Lĩnh vực An ninh & Quốc phòng hiệu quả dựa trên chiến lược răn đe.],en,security_defense,phrase,B2
90677d88-9264-4272-843a-c2891c56abc5,strategic readiness,/strategic readiness/,chiến lược sẵn sàng chiến đấu,Effective Security & Defense relies on strategic readiness. [Lĩnh vực An ninh & Quốc phòng hiệu quả dựa trên chiến lược sẵn sàng chiến đấu.],en,security_defense,phrase,B2
d1fa82a6-ffaf-4c6d-a77d-995ad6d1ae7d,strategic intelligence,/strategic intelligence/,chiến lược tình báo,Effective Security & Defense relies on strategic intelligence. [Lĩnh vực An ninh & Quốc phòng hiệu quả dựa trên chiến lược tình báo.],en,security_defense,phrase,B2
878ae149-1efa-47a2-a5c4-b7d5aedcbbbc,strategic command,/strategic command/,chiến lược chỉ huy,Effective Security & Defense relies on strategic command. [Lĩnh vực An ninh & Quốc phòng hiệu quả dựa trên chiến lược chỉ huy.],en,security_defense,phrase,B2
4943c419-9acf-4dd5-bd6b-c12c6bc7c129,strategic shield,/strategic shield/,chiến lược lá chắn,Effective Security & Defense relies on strategic shield. [Lĩnh vực An ninh & Quốc phòng hiệu quả dựa trên chiến lược lá chắn.],en,security_defense,phrase,B2
5fb6a72e-9862-42e4-8fba-12da5855a5cf,defensive security,/defensive security/,phòng thủ an ninh,Effective Security & Defense relies on defensive security. [Lĩnh vực An ninh & Quốc phòng hiệu quả dựa trên phòng thủ an ninh.],en,security_defense,phrase,B2
07647d32-6987-4a4d-9b46-edeea82d983f,defensive defense,/defensive defense/,phòng thủ quốc phòng,Effective Security & Defense relies on defensive defense. [Lĩnh vực An ninh & Quốc phòng hiệu quả dựa trên phòng thủ quốc phòng.],en,security_defense,phrase,B2
6bc6cd65-9040-4de5-8ce8-0b2a91355261,defensive patrol,/defensive patrol/,phòng thủ tuần tra,Effective Security & Defense relies on defensive patrol. [Lĩnh vực An ninh & Quốc phòng hiệu quả dựa trên phòng thủ tuần tra.],en,security_defense,phrase,B2
2bd3cefe-7be3-406f-b4bd-7e0b577d35ba,defensive deterrence,/defensive deterrence/,phòng thủ răn đe,Effective Security & Defense relies on defensive deterrence. [Lĩnh vực An ninh & Quốc phòng hiệu quả dựa trên phòng thủ răn đe.],en,security_defense,phrase,B2
62860f8f-1f32-44e2-9dab-6affe22b03a5,defensive readiness,/defensive readiness/,phòng thủ sẵn sàng chiến đấu,Effective Security & Defense relies on defensive readiness. [Lĩnh vực An ninh & Quốc phòng hiệu quả dựa trên phòng thủ sẵn sàng chiến đấu.],en,security_defense,phrase,B2
28ca2021-81cc-4985-8470-b733198ced35,defensive intelligence,/defensive intelligence/,phòng thủ tình báo,Effective Security & Defense relies on defensive intelligence. [Lĩnh vực An ninh & Quốc phòng hiệu quả dựa trên phòng thủ tình báo.],en,security_defense,phrase,B2
3ad7986a-85dd-4ddf-b9de-915ad692bf77,defensive command,/defensive command/,phòng thủ chỉ huy,Effective Security & Defense relies on defensive command. [Lĩnh vực An ninh & Quốc phòng hiệu quả dựa trên phòng thủ chỉ huy.],en,security_defense,phrase,B2
ab1ff637-fc13-4ce7-b92f-41171679625c,defensive shield,/defensive shield/,phòng thủ lá chắn,Effective Security & Defense relies on defensive shield. [Lĩnh vực An ninh & Quốc phòng hiệu quả dựa trên phòng thủ lá chắn.],en,security_defense,phrase,B2
6e84ca19-af9f-42d8-a235-901012dc9273,military security,/military security/,quân sự an ninh,Effective Security & Defense relies on military security. [Lĩnh vực An ninh & Quốc phòng hiệu quả dựa trên quân sự an ninh.],en,security_defense,phrase,B2
6951bb25-0b4c-4985-a780-472032657e24,military defense,/military defense/,quân sự quốc phòng,Effective Security & Defense relies on military defense. [Lĩnh vực An ninh & Quốc phòng hiệu quả dựa trên quân sự quốc phòng.],en,security_defense,phrase,B2
33b2706b-1cd0-4785-820a-ef568a23caab,military patrol,/military patrol/,quân sự tuần tra,Effective Security & Defense relies on military patrol. [Lĩnh vực An ninh & Quốc phòng hiệu quả dựa trên quân sự tuần tra.],en,security_defense,phrase,B2
c838466f-6aa0-4ba5-8d9d-ade52b9acbd3,military deterrence,/military deterrence/,quân sự răn đe,Effective Security & Defense relies on military deterrence. [Lĩnh vực An ninh & Quốc phòng hiệu quả dựa trên quân sự răn đe.],en,security_defense,phrase,B2
b2253416-d156-46d8-91ee-10a7735ce59b,military readiness,/military readiness/,quân sự sẵn sàng chiến đấu,Effective Security & Defense relies on military readiness. [Lĩnh vực An ninh & Quốc phòng hiệu quả dựa trên quân sự sẵn sàng chiến đấu.],en,security_defense,phrase,B2
13c73fd2-3e43-4250-ab4d-441d49f7452e,military intelligence,/military intelligence/,quân sự tình báo,Effective Security & Defense relies on military intelligence. [Lĩnh vực An ninh & Quốc phòng hiệu quả dựa trên quân sự tình báo.],en,security_defense,phrase,B2
f3b7229a-4283-4311-849c-a5b0d7082fcd,military command,/military command/,quân sự chỉ huy,Effective Security & Defense relies on military command. [Lĩnh vực An ninh & Quốc phòng hiệu quả dựa trên quân sự chỉ huy.],en,security_defense,phrase,B2
89ff01d7-a557-4e08-9128-45d2a178e13d,military shield,/military shield/,quân sự lá chắn,Effective Security & Defense relies on military shield. [Lĩnh vực An ninh & Quốc phòng hiệu quả dựa trên quân sự lá chắn.],en,security_defense,phrase,B2
bd6ee9bd-45c3-45eb-b652-5527d86b6ca1,tactical security,/tactical security/,chiến thuật an ninh,Effective Security & Defense relies on tactical security. [Lĩnh vực An ninh & Quốc phòng hiệu quả dựa trên chiến thuật an ninh.],en,security_defense,phrase,B2
b9521361-10ea-4bb5-80d2-28762d5b1c5a,tactical defense,/tactical defense/,chiến thuật quốc phòng,Effective Security & Defense relies on tactical defense. [Lĩnh vực An ninh & Quốc phòng hiệu quả dựa trên chiến thuật quốc phòng.],en,security_defense,phrase,B2
67bd4b2c-91dc-464a-a7fe-02bebf1b0e1b,tactical patrol,/tactical patrol/,chiến thuật tuần tra,Effective Security & Defense relies on tactical patrol. [Lĩnh vực An ninh & Quốc phòng hiệu quả dựa trên chiến thuật tuần tra.],en,security_defense,phrase,B2
be5ead8d-9dd0-42d2-8983-65fb969b939e,tactical deterrence,/tactical deterrence/,chiến thuật răn đe,Effective Security & Defense relies on tactical deterrence. [Lĩnh vực An ninh & Quốc phòng hiệu quả dựa trên chiến thuật răn đe.],en,security_defense,phrase,B2
bdb6b398-5879-4c10-ab94-2e308c699e37,tactical readiness,/tactical readiness/,chiến thuật sẵn sàng chiến đấu,Effective Security & Defense relies on tactical readiness. [Lĩnh vực An ninh & Quốc phòng hiệu quả dựa trên chiến thuật sẵn sàng chiến đấu.],en,security_defense,phrase,B2
4d4e8338-8995-43e2-8fd6-6cbdc4cd5fb7,tactical intelligence,/tactical intelligence/,chiến thuật tình báo,Effective Security & Defense relies on tactical intelligence. [Lĩnh vực An ninh & Quốc phòng hiệu quả dựa trên chiến thuật tình báo.],en,security_defense,phrase,B2
23811cb7-a84f-4d49-804e-d64671f9aebe,tactical command,/tactical command/,chiến thuật chỉ huy,Effective Security & Defense relies on tactical command. [Lĩnh vực An ninh & Quốc phòng hiệu quả dựa trên chiến thuật chỉ huy.],en,security_defense,phrase,B2
6c1d22c1-de77-4548-a310-fe1a9609bebc,tactical shield,/tactical shield/,chiến thuật lá chắn,Effective Security & Defense relies on tactical shield. [Lĩnh vực An ninh & Quốc phòng hiệu quả dựa trên chiến thuật lá chắn.],en,security_defense,phrase,B2
1150e4df-70e9-43ba-98e9-0bb2532c1b00,maritime security,/maritime security/,hải quân biển an ninh,Effective Security & Defense relies on maritime security. [Lĩnh vực An ninh & Quốc phòng hiệu quả dựa trên hải quân biển an ninh.],en,security_defense,phrase,B2
8d85dd51-0e34-48a8-ad46-56e868960627,maritime defense,/maritime defense/,hải quân biển quốc phòng,Effective Security & Defense relies on maritime defense. [Lĩnh vực An ninh & Quốc phòng hiệu quả dựa trên hải quân biển quốc phòng.],en,security_defense,phrase,B2
52f6ae89-fcdc-463b-81f2-855cf6e8f562,maritime patrol,/maritime patrol/,hải quân biển tuần tra,Effective Security & Defense relies on maritime patrol. [Lĩnh vực An ninh & Quốc phòng hiệu quả dựa trên hải quân biển tuần tra.],en,security_defense,phrase,B2
b2aed294-90c1-46a6-81d7-2d2611b3b175,maritime deterrence,/maritime deterrence/,hải quân biển răn đe,Effective Security & Defense relies on maritime deterrence. [Lĩnh vực An ninh & Quốc phòng hiệu quả dựa trên hải quân biển răn đe.],en,security_defense,phrase,B2
ada1e7bc-937e-47f9-abe6-864046a50cb8,maritime readiness,/maritime readiness/,hải quân biển sẵn sàng chiến đấu,Effective Security & Defense relies on maritime readiness. [Lĩnh vực An ninh & Quốc phòng hiệu quả dựa trên hải quân biển sẵn sàng chiến đấu.],en,security_defense,phrase,B2
ad2ef4d7-7c08-4169-bd62-c6a5c2ae4f31,maritime intelligence,/maritime intelligence/,hải quân biển tình báo,Effective Security & Defense relies on maritime intelligence. [Lĩnh vực An ninh & Quốc phòng hiệu quả dựa trên hải quân biển tình báo.],en,security_defense,phrase,B2
c2ff62d5-8f81-4e76-b110-a98c42e54b27,maritime command,/maritime command/,hải quân biển chỉ huy,Effective Security & Defense relies on maritime command. [Lĩnh vực An ninh & Quốc phòng hiệu quả dựa trên hải quân biển chỉ huy.],en,security_defense,phrase,B2
e4b441e2-0d39-486b-8442-9ecacf334b2a,maritime shield,/maritime shield/,hải quân biển lá chắn,Effective Security & Defense relies on maritime shield. [Lĩnh vực An ninh & Quốc phòng hiệu quả dựa trên hải quân biển lá chắn.],en,security_defense,phrase,B2
97ac5c47-e39a-4d31-b301-f79840ba5081,surveillance security,/surveillance security/,giám sát an ninh,Effective Security & Defense relies on surveillance security. [Lĩnh vực An ninh & Quốc phòng hiệu quả dựa trên giám sát an ninh.],en,security_defense,phrase,B2
6e80ce8f-9eb4-4814-89b7-004bb0af151c,surveillance defense,/surveillance defense/,giám sát quốc phòng,Effective Security & Defense relies on surveillance defense. [Lĩnh vực An ninh & Quốc phòng hiệu quả dựa trên giám sát quốc phòng.],en,security_defense,phrase,B2
f6f9b3a8-999a-4c5c-bd2d-e73265ae4811,develop,/dɪˈveləp/,"phát triển, khai triển;  xuất hiện","In Innovation & Startups, 'develop' is an essential term. [Trong Đổi mới & Khởi nghiệp, ""develop"" là một thuật ngữ quan trọng.]",en,innovation_startups,single_word,B1
4c9772dd-4c0b-4778-887b-1a8dfa4fd21f,development,/dɪˈveləpmənt/,"sự khai triển, sự phát triển","In Innovation & Startups, 'development' is an essential term. [Trong Đổi mới & Khởi nghiệp, ""development"" là một thuật ngữ quan trọng.]",en,innovation_startups,single_word,B1
f51ddd4f-09c3-4763-8113-44cb661349de,innovation,/ˌɪnəˈveɪʃn/,"sự đưa vào những cái mới; sáng kiến, điều mới đưa vào, cái mới, phương pháp mới","In Innovation & Startups, 'innovation' is an essential term. [Trong Đổi mới & Khởi nghiệp, ""innovation"" là một thuật ngữ quan trọng.]",en,innovation_startups,single_word,B1
55501d14-ff5d-46a8-baec-4c88ab752c45,innovative,/ˈɪnəveɪtɪv/,có tính chất đổi mới; có tính chất là một sáng kiến,"In Innovation & Startups, 'innovative' is an essential term. [Trong Đổi mới & Khởi nghiệp, ""innovative"" là một thuật ngữ quan trọng.]",en,innovation_startups,single_word,B1
05fb4f2b-5463-4277-bd1f-3c6e62a7b54b,found,/faʊnd/,"xây dựng, thành lập","In Innovation & Startups, 'found' is an essential term. [Trong Đổi mới & Khởi nghiệp, ""found"" là một thuật ngữ quan trọng.]",en,innovation_startups,single_word,B1
3101d2d4-0949-4ac5-992c-c86add0b2610,founder,/ˈfaʊndər/,"thợ đúc; người thành lập, người sáng lập","In Innovation & Startups, 'founder' is an essential term. [Trong Đổi mới & Khởi nghiệp, ""founder"" là một thuật ngữ quan trọng.]",en,innovation_startups,single_word,B1
21d43839-a6fa-4d4f-9f06-18bd4ea56fbb,launch,/lɔːntʃ/,xuồng lớn; xuồng du lịch,"In Innovation & Startups, 'launch' is an essential term. [Trong Đổi mới & Khởi nghiệp, ""launch"" là một thuật ngữ quan trọng.]",en,innovation_startups,single_word,B1
c35e9aa2-4b4f-4a65-9b81-b5f0c09e2ee5,misleading,/ˌmɪsˈliːdɪŋ/,"làm cho lạc đường, làm cho lạc lối; làm cho mê muội, làm cho lầm đường lạc lối","In Innovation & Startups, 'misleading' is an essential term. [Trong Đổi mới & Khởi nghiệp, ""misleading"" là một thuật ngữ quan trọng.]",en,innovation_startups,single_word,B1
a32718bf-180b-4f1e-8da6-31056883915e,pioneer,/ˌpaɪəˈnɪr/,"đội tiên phong, đội mở đường  là công binh); người đi tiên phong, người đi đầu ; nhà thám hiểm đầu tiên","In Innovation & Startups, 'pioneer' is an essential term. [Trong Đổi mới & Khởi nghiệp, ""pioneer"" là một thuật ngữ quan trọng.]",en,innovation_startups,single_word,B1
8daabe55-7ce2-402d-86c5-f9829f937c49,rebuild,/ˌriːˈbɪld/,"xây lại, xây dựng lại","In Innovation & Startups, 'rebuild' is an essential term. [Trong Đổi mới & Khởi nghiệp, ""rebuild"" là một thuật ngữ quan trọng.]",en,innovation_startups,single_word,B1
a65f16bf-a18f-4e5e-a726-1bde291513b9,revision,/rɪˈvɪʒn/,"sự xem lại, sự xét lại, sự duyệt lại; sự sửa lại","In Innovation & Startups, 'revision' is an essential term. [Trong Đổi mới & Khởi nghiệp, ""revision"" là một thuật ngữ quan trọng.]",en,innovation_startups,single_word,B1
3df88720-b1b9-4a88-b67f-f97a5b9cbb3e,advance,/ədˈvæns/,Tiền ứng trước.,"In Innovation & Startups, 'advance' is an essential term. [Trong Đổi mới & Khởi nghiệp, ""advance"" là một thuật ngữ quan trọng.]",en,innovation_startups,single_word,B1
4fcb3bd1-8fb7-49a2-86c5-ea825b163a05,exchange,/ɪksˈtʃeɪndʒ/,"sự trao đổi, sự thay đổi; heat e. trao đổi nhiệt","In Innovation & Startups, 'exchange' is an essential term. [Trong Đổi mới & Khởi nghiệp, ""exchange"" là một thuật ngữ quan trọng.]",en,innovation_startups,single_word,B1
344c6b2d-2899-470d-9376-d0dd9863de19,grow,/ɡrəʊ/,"tăng, phát triển |","In Innovation & Startups, 'grow' is an essential term. [Trong Đổi mới & Khởi nghiệp, ""grow"" là một thuật ngữ quan trọng.]",en,innovation_startups,single_word,B1
11a9d093-8709-49cc-a57b-4e73c243a0d7,inspiration,/ˌɪnspəˈreɪʃn/,"sự hít vào, sự thở vào; sự truyền cảm","In Innovation & Startups, 'inspiration' is an essential term. [Trong Đổi mới & Khởi nghiệp, ""inspiration"" là một thuật ngữ quan trọng.]",en,innovation_startups,single_word,B1
4a0744b0-b3d8-42ad-8ee3-4f4a88f35650,lead,/liːd/,"tờ, lá, diệp","In Innovation & Startups, 'lead' is an essential term. [Trong Đổi mới & Khởi nghiệp, ""lead"" là một thuật ngữ quan trọng.]",en,innovation_startups,single_word,B1
93343b9e-786a-48ef-8bf6-173e3ddb97d0,leading,/ˈliːdɪŋ/,"sự lânh đạo, sự hướng dẫn, sự dẫn đầu; thế lực, ảnh hưởng","In Innovation & Startups, 'leading' is an essential term. [Trong Đổi mới & Khởi nghiệp, ""leading"" là một thuật ngữ quan trọng.]",en,innovation_startups,single_word,B1
33bcbeae-4feb-4b5e-b3b1-c799717147e6,new,/nuː/,"mới, hiện đại","In Innovation & Startups, 'new' is an essential term. [Trong Đổi mới & Khởi nghiệp, ""new"" là một thuật ngữ quan trọng.]",en,innovation_startups,single_word,B1
4ede571b-c3d7-4202-9fd1-e34401082eb5,newly,/ˈnuːli/,mới,"In Innovation & Startups, 'newly' is an essential term. [Trong Đổi mới & Khởi nghiệp, ""newly"" là một thuật ngữ quan trọng.]",en,innovation_startups,single_word,B1
b0811a4a-45c5-441b-be98-cf54bfed5267,plead,/pliːd/,"bào chữa, biện hộ, cãi; cầu xin, nài xin","In Innovation & Startups, 'plead' is an essential term. [Trong Đổi mới & Khởi nghiệp, ""plead"" là một thuật ngữ quan trọng.]",en,innovation_startups,single_word,B1
08482d5e-2e04-4651-bf92-a131685b5e50,potential,/pəˈtenʃl/,"thế, thế vị; advanced p. thế vị sớm, thế vị trước","In Innovation & Startups, 'potential' is an essential term. [Trong Đổi mới & Khởi nghiệp, ""potential"" là một thuật ngữ quan trọng.]",en,innovation_startups,single_word,B1
c14a9ce2-2e63-474d-87ba-96714ffa7040,profound,/prəˈfaʊnd/,"sâu, thăm thẳm; sâu sắc, uyên thâm, thâm thuý","In Innovation & Startups, 'profound' is an essential term. [Trong Đổi mới & Khởi nghiệp, ""profound"" là một thuật ngữ quan trọng.]",en,innovation_startups,single_word,B1
bc067f58-d518-4138-b23a-66b598773ba1,progressive,/prəˈɡresɪv/,"tiến lên, tiến tới; tiến bộ","In Innovation & Startups, 'progressive' is an essential term. [Trong Đổi mới & Khởi nghiệp, ""progressive"" là một thuật ngữ quan trọng.]",en,innovation_startups,single_word,B1
a49b7314-6257-4fab-b00c-c5249162e85a,provision,/prəˈvɪʒn/,"+ for,  against) sự chuẩn bị, sự dự phòng, sự trữ sẵn; đồ dự phòng, đồ trữ sẵn","In Innovation & Startups, 'provision' is an essential term. [Trong Đổi mới & Khởi nghiệp, ""provision"" là một thuật ngữ quan trọng.]",en,innovation_startups,single_word,B1
ac35df2c-7e4e-4cf6-9a10-d32f5b4540be,renew,/rɪˈnuː/,"hồi phục lại, làm hồi lại; thay mới, đổi mới","In Innovation & Startups, 'renew' is an essential term. [Trong Đổi mới & Khởi nghiệp, ""renew"" là một thuật ngữ quan trọng.]",en,innovation_startups,single_word,B1
0afe3121-3411-4119-b2d9-c2946928f424,scale,/skeɪl/,thang; binary s. thang nhị phân,"In Innovation & Startups, 'scale' is an essential term. [Trong Đổi mới & Khởi nghiệp, ""scale"" là một thuật ngữ quan trọng.]",en,innovation_startups,single_word,B1
0fbca49b-665a-492f-b0d8-00e3d4a273d3,shoot,/ʃuːt/,cành non; chồi cây; cái măng; thác nước,"In Innovation & Startups, 'shoot' is an essential term. [Trong Đổi mới & Khởi nghiệp, ""shoot"" là một thuật ngữ quan trọng.]",en,innovation_startups,single_word,B1
d4a4b7e0-fab3-4dc8-82cd-60edacb6f5fb,start,/stɑːrt/,"xuất phát, khởi động","In Innovation & Startups, 'start' is an essential term. [Trong Đổi mới & Khởi nghiệp, ""start"" là một thuật ngữ quan trọng.]",en,innovation_startups,single_word,B1
c7f72ec1-5eff-43cc-a182-7f097f473166,supervision,/ˌsuːpərˈvɪʒn/,"sự trông nom, sự giám sát","In Innovation & Startups, 'supervision' is an essential term. [Trong Đổi mới & Khởi nghiệp, ""supervision"" là một thuật ngữ quan trọng.]",en,innovation_startups,single_word,B1
340ca6a1-c304-4541-ac73-32c3c2915827,television,/ˈtelɪvɪʒn/,vô tuyến truyền hình,"In Innovation & Startups, 'television' is an essential term. [Trong Đổi mới & Khởi nghiệp, ""television"" là một thuật ngữ quan trọng.]",en,innovation_startups,single_word,B1
940129c8-c61f-40b8-993b-b28e07eb8ab7,venture,/ˈventʃər/,"việc mạo hiểm, việc liều lĩnh; sự đầu cơ","In Innovation & Startups, 'venture' is an essential term. [Trong Đổi mới & Khởi nghiệp, ""venture"" là một thuật ngữ quan trọng.]",en,innovation_startups,single_word,B1
6184f6cb-bd60-4371-bb7a-3e2f491d6c45,vision,/ˈvɪʒn/,"sự nhìn; sức nhìn; điều mơ thấy, cảnh mộng","In Innovation & Startups, 'vision' is an essential term. [Trong Đổi mới & Khởi nghiệp, ""vision"" là một thuật ngữ quan trọng.]",en,innovation_startups,single_word,B1
81e05357-1b02-4a21-997d-888d587c71d5,adapt,/əˈdæpt/,"tra vào, lắp vào; phỏng theo, sửa lại cho hợp","In Innovation & Startups, 'adapt' is an essential term. [Trong Đổi mới & Khởi nghiệp, ""adapt"" là một thuật ngữ quan trọng.]",en,innovation_startups,single_word,B1
10618c74-6cfb-4440-a10e-a260882bfa84,adjust,/əˈdʒʌst/,điều chỉnh; thiết lập,"In Innovation & Startups, 'adjust' is an essential term. [Trong Đổi mới & Khởi nghiệp, ""adjust"" là một thuật ngữ quan trọng.]",en,innovation_startups,single_word,B1
cda12d46-54fd-453f-9a34-2d88e65ef2bf,adult,/əˈdʌlt/,"người lớn, người đã trưởng thành; trưởng thành","In Innovation & Startups, 'adult' is an essential term. [Trong Đổi mới & Khởi nghiệp, ""adult"" là một thuật ngữ quan trọng.]",en,innovation_startups,single_word,B1
e932c60f-5b86-4ac6-bd3d-77648629aade,establish,/ɪˈstæblɪʃ/,thiết lập,"In Innovation & Startups, 'establish' is an essential term. [Trong Đổi mới & Khởi nghiệp, ""establish"" là một thuật ngữ quan trọng.]",en,innovation_startups,single_word,B1
3552880d-eb4f-4ccf-bae8-494f6d6e1d84,evolutionary,/ˌevəˈluːʃəneri/,sự tiến triển; sự tiến hoá;  thuyết tiến hoá,"In Innovation & Startups, 'evolutionary' is an essential term. [Trong Đổi mới & Khởi nghiệp, ""evolutionary"" là một thuật ngữ quan trọng.]",en,innovation_startups,single_word,B1
319c87cc-87c6-4274-bd6c-c5fc5f40418e,farm,/fɑːrm/,"trại, trang trại, đồn điền; nông trường","In Innovation & Startups, 'farm' is an essential term. [Trong Đổi mới & Khởi nghiệp, ""farm"" là một thuật ngữ quan trọng.]",en,innovation_startups,single_word,B1
03c48730-64b5-4fbd-8e0a-9ddc25fa676f,flexibility,/ˌfleksəˈbɪləti/,"tính uốn được, tính đàn hồi","In Innovation & Startups, 'flexibility' is an essential term. [Trong Đổi mới & Khởi nghiệp, ""flexibility"" là một thuật ngữ quan trọng.]",en,innovation_startups,single_word,B1
8ae8bcc8-791e-4b31-96a9-6b75018049e5,flexible,/ˈfleksəbl/,"dẻo, mền dẻo, dễ uốn; dễ sai khiến, dễ thuyết phục, dễ uốn nắn","In Innovation & Startups, 'flexible' is an essential term. [Trong Đổi mới & Khởi nghiệp, ""flexible"" là một thuật ngữ quan trọng.]",en,innovation_startups,single_word,B1
71ae2322-d3fc-4c31-b10c-3a221e1deaf5,flower,/ˈflaʊər/,"hoa, bông hoa, đoá hoa; cây hoa","In Innovation & Startups, 'flower' is an essential term. [Trong Đổi mới & Khởi nghiệp, ""flower"" là một thuật ngữ quan trọng.]",en,innovation_startups,single_word,B1
d4919e6e-13b7-4214-a690-46dbea1e883f,forum,/ˈfɔːrəm/,diễn đàn  & ); toà án,"In Innovation & Startups, 'forum' is an essential term. [Trong Đổi mới & Khởi nghiệp, ""forum"" là một thuật ngữ quan trọng.]",en,innovation_startups,single_word,B1
6dd9d1f0-1e91-45a4-98e6-0a44889d4cc6,jazz,/dʒæz/,nhạc ja; điệu nhảy ja,"In Innovation & Startups, 'jazz' is an essential term. [Trong Đổi mới & Khởi nghiệp, ""jazz"" là một thuật ngữ quan trọng.]",en,innovation_startups,single_word,B1
0469b27b-0f66-4a65-b77b-7a5c95dc4163,library,/ˈlaɪbreri/,thư viện; l. of tapes  thư viện các băng,"In Innovation & Startups, 'library' is an essential term. [Trong Đổi mới & Khởi nghiệp, ""library"" là một thuật ngữ quan trọng.]",en,innovation_startups,single_word,B1
673c0cdd-6022-4f3a-ae9c-f31b41576335,paragraph,/ˈpærəɡræf/,"đoạn, phần","In Innovation & Startups, 'paragraph' is an essential term. [Trong Đổi mới & Khởi nghiệp, ""paragraph"" là một thuật ngữ quan trọng.]",en,innovation_startups,single_word,B1
e970be10-58b7-4e25-b3ca-e22837943c8c,phase,/feɪz/,pha; initial p. phan ban đầu,"In Innovation & Startups, 'phase' is an essential term. [Trong Đổi mới & Khởi nghiệp, ""phase"" là một thuật ngữ quan trọng.]",en,innovation_startups,single_word,B1
44b39685-0017-4ba0-a0e0-b3dd562050ab,presentation,/ˌpriːznˈteɪʃn/,"sự bày ra, sự phô ra; sự trình ra; sự trình diễn","In Innovation & Startups, 'presentation' is an essential term. [Trong Đổi mới & Khởi nghiệp, ""presentation"" là một thuật ngữ quan trọng.]",en,innovation_startups,single_word,B1
c4ff644f-de02-4a40-a0dc-75d251cb4438,propaganda,/ˌprɑːpəˈɡændə/,"sự tuyên truyền; tài liệu tuyên truyền, tin tuyên truyền, thuyết được tuyên truyền...","In Innovation & Startups, 'propaganda' is an essential term. [Trong Đổi mới & Khởi nghiệp, ""propaganda"" là một thuật ngữ quan trọng.]",en,innovation_startups,single_word,B1
f82c7e2c-7c08-40ca-82f9-56aafec83a7c,protein,/ˈprəʊtiːn/,Protein,"In Innovation & Startups, 'protein' is an essential term. [Trong Đổi mới & Khởi nghiệp, ""protein"" là một thuật ngữ quan trọng.]",en,innovation_startups,single_word,B1
31d0e6a0-2961-44f1-8c9e-c7f864f08c0b,restoration,/ˌrestəˈreɪʃn/,sự phục hồi,"In Innovation & Startups, 'restoration' is an essential term. [Trong Đổi mới & Khởi nghiệp, ""restoration"" là một thuật ngữ quan trọng.]",en,innovation_startups,single_word,B1
2ea47bea-a9ad-4ee0-9425-1cfd03d81746,disruptive startup,/disruptive startup/,đột phá công ty khởi nghiệp,Effective Innovation & Startups relies on disruptive startup. [Lĩnh vực Đổi mới & Khởi nghiệp hiệu quả dựa trên đột phá công ty khởi nghiệp.],en,innovation_startups,phrase,B2
d166ea75-661a-429b-bbc8-fa5d5759250a,disruptive ecosystem,/disruptive ecosystem/,đột phá hệ sinh thái,Effective Innovation & Startups relies on disruptive ecosystem. [Lĩnh vực Đổi mới & Khởi nghiệp hiệu quả dựa trên đột phá hệ sinh thái.],en,innovation_startups,phrase,B2
ad99d460-d7c9-4b43-bbe9-19cf21260aa5,disruptive incubation,/disruptive incubation/,đột phá ươm tạo doanh nghiệp,Effective Innovation & Startups relies on disruptive incubation. [Lĩnh vực Đổi mới & Khởi nghiệp hiệu quả dựa trên đột phá ươm tạo doanh nghiệp.],en,innovation_startups,phrase,B2
557e2e72-2e3a-4c10-8051-1e3589075ba7,disruptive capital,/disruptive capital/,đột phá vốn đầu tư,Effective Innovation & Startups relies on disruptive capital. [Lĩnh vực Đổi mới & Khởi nghiệp hiệu quả dựa trên đột phá vốn đầu tư.],en,innovation_startups,phrase,B2
5eabeffd-6575-42fc-b4d8-f512806ba892,disruptive valuation,/disruptive valuation/,đột phá định giá,Effective Innovation & Startups relies on disruptive valuation. [Lĩnh vực Đổi mới & Khởi nghiệp hiệu quả dựa trên đột phá định giá.],en,innovation_startups,phrase,B2
cd4133f6-2449-4c4d-8efb-136eb775f5fa,disruptive accelerator,/disruptive accelerator/,đột phá tăng tốc khởi nghiệp,Effective Innovation & Startups relies on disruptive accelerator. [Lĩnh vực Đổi mới & Khởi nghiệp hiệu quả dựa trên đột phá tăng tốc khởi nghiệp.],en,innovation_startups,phrase,B2
f76516e6-ca3f-4b3b-8448-e4268cf7e113,disruptive traction,/disruptive traction/,đột phá đà tăng trưởng,Effective Innovation & Startups relies on disruptive traction. [Lĩnh vực Đổi mới & Khởi nghiệp hiệu quả dựa trên đột phá đà tăng trưởng.],en,innovation_startups,phrase,B2
7e56c7f5-9052-4b75-8370-507fd3f1db96,disruptive launch,/disruptive launch/,đột phá ra mắt,Effective Innovation & Startups relies on disruptive launch. [Lĩnh vực Đổi mới & Khởi nghiệp hiệu quả dựa trên đột phá ra mắt.],en,innovation_startups,phrase,B2
da44ab5c-ec76-4902-8273-8b9b4dabe050,venture startup,/venture startup/,mạo hiểm công ty khởi nghiệp,Effective Innovation & Startups relies on venture startup. [Lĩnh vực Đổi mới & Khởi nghiệp hiệu quả dựa trên mạo hiểm công ty khởi nghiệp.],en,innovation_startups,phrase,B2
bec1a82e-cc98-4375-9d69-9f59de80b5ae,venture ecosystem,/venture ecosystem/,mạo hiểm hệ sinh thái,Effective Innovation & Startups relies on venture ecosystem. [Lĩnh vực Đổi mới & Khởi nghiệp hiệu quả dựa trên mạo hiểm hệ sinh thái.],en,innovation_startups,phrase,B2
907bb868-7faa-4ef7-af87-5a9ff09f0e3f,venture incubation,/venture incubation/,mạo hiểm ươm tạo doanh nghiệp,Effective Innovation & Startups relies on venture incubation. [Lĩnh vực Đổi mới & Khởi nghiệp hiệu quả dựa trên mạo hiểm ươm tạo doanh nghiệp.],en,innovation_startups,phrase,B2
30904e9e-4f0b-42ce-82bb-af2e7eb3345a,venture capital,/venture capital/,mạo hiểm vốn đầu tư,Effective Innovation & Startups relies on venture capital. [Lĩnh vực Đổi mới & Khởi nghiệp hiệu quả dựa trên mạo hiểm vốn đầu tư.],en,innovation_startups,phrase,B2
30cb6214-cda1-4a1d-b8f2-875b78b7c855,venture valuation,/venture valuation/,mạo hiểm định giá,Effective Innovation & Startups relies on venture valuation. [Lĩnh vực Đổi mới & Khởi nghiệp hiệu quả dựa trên mạo hiểm định giá.],en,innovation_startups,phrase,B2
fd3b5bae-2419-436b-83ec-0e359a26ca13,venture accelerator,/venture accelerator/,mạo hiểm tăng tốc khởi nghiệp,Effective Innovation & Startups relies on venture accelerator. [Lĩnh vực Đổi mới & Khởi nghiệp hiệu quả dựa trên mạo hiểm tăng tốc khởi nghiệp.],en,innovation_startups,phrase,B2
10b441d4-e303-4c0b-a4b6-a389674b392a,venture traction,/venture traction/,mạo hiểm đà tăng trưởng,Effective Innovation & Startups relies on venture traction. [Lĩnh vực Đổi mới & Khởi nghiệp hiệu quả dựa trên mạo hiểm đà tăng trưởng.],en,innovation_startups,phrase,B2
d096b41b-3fe6-4876-a534-53ec0945cae1,venture launch,/venture launch/,mạo hiểm ra mắt,Effective Innovation & Startups relies on venture launch. [Lĩnh vực Đổi mới & Khởi nghiệp hiệu quả dựa trên mạo hiểm ra mắt.],en,innovation_startups,phrase,B2
408c6d5d-6c6f-47ae-b414-1f042f4f1aca,innovative startup,/innovative startup/,sáng tạo công ty khởi nghiệp,Effective Innovation & Startups relies on innovative startup. [Lĩnh vực Đổi mới & Khởi nghiệp hiệu quả dựa trên sáng tạo công ty khởi nghiệp.],en,innovation_startups,phrase,B2
f6b9c8d2-c718-445c-bf9e-dc5afb5a066c,innovative ecosystem,/innovative ecosystem/,sáng tạo hệ sinh thái,Effective Innovation & Startups relies on innovative ecosystem. [Lĩnh vực Đổi mới & Khởi nghiệp hiệu quả dựa trên sáng tạo hệ sinh thái.],en,innovation_startups,phrase,B2
bee9b5bd-6b4e-43b5-ba9b-ecaab19505cd,innovative incubation,/innovative incubation/,sáng tạo ươm tạo doanh nghiệp,Effective Innovation & Startups relies on innovative incubation. [Lĩnh vực Đổi mới & Khởi nghiệp hiệu quả dựa trên sáng tạo ươm tạo doanh nghiệp.],en,innovation_startups,phrase,B2
48afc59c-fc26-483e-92b9-f8894b67cbaf,innovative capital,/innovative capital/,sáng tạo vốn đầu tư,Effective Innovation & Startups relies on innovative capital. [Lĩnh vực Đổi mới & Khởi nghiệp hiệu quả dựa trên sáng tạo vốn đầu tư.],en,innovation_startups,phrase,B2
2215735f-119c-4488-ab3b-e6a4bb6a337a,innovative valuation,/innovative valuation/,sáng tạo định giá,Effective Innovation & Startups relies on innovative valuation. [Lĩnh vực Đổi mới & Khởi nghiệp hiệu quả dựa trên sáng tạo định giá.],en,innovation_startups,phrase,B2
b5e86671-9b0d-42bd-843f-862404bfde85,innovative accelerator,/innovative accelerator/,sáng tạo tăng tốc khởi nghiệp,Effective Innovation & Startups relies on innovative accelerator. [Lĩnh vực Đổi mới & Khởi nghiệp hiệu quả dựa trên sáng tạo tăng tốc khởi nghiệp.],en,innovation_startups,phrase,B2
da6c8b1a-5210-42a2-8d77-7e90ed7d408b,innovative traction,/innovative traction/,sáng tạo đà tăng trưởng,Effective Innovation & Startups relies on innovative traction. [Lĩnh vực Đổi mới & Khởi nghiệp hiệu quả dựa trên sáng tạo đà tăng trưởng.],en,innovation_startups,phrase,B2
2bf91813-2348-4aef-9423-2e9dbe842418,innovative launch,/innovative launch/,sáng tạo ra mắt,Effective Innovation & Startups relies on innovative launch. [Lĩnh vực Đổi mới & Khởi nghiệp hiệu quả dựa trên sáng tạo ra mắt.],en,innovation_startups,phrase,B2
c347b6c1-4a17-4db4-b838-6f8dee757524,entrepreneurial startup,/entrepreneurial startup/,khởi nghiệp công ty khởi nghiệp,Effective Innovation & Startups relies on entrepreneurial startup. [Lĩnh vực Đổi mới & Khởi nghiệp hiệu quả dựa trên khởi nghiệp công ty khởi nghiệp.],en,innovation_startups,phrase,B2
1b0e2b38-f574-41b9-9ff1-8f04b2fc8f68,entrepreneurial ecosystem,/entrepreneurial ecosystem/,khởi nghiệp hệ sinh thái,Effective Innovation & Startups relies on entrepreneurial ecosystem. [Lĩnh vực Đổi mới & Khởi nghiệp hiệu quả dựa trên khởi nghiệp hệ sinh thái.],en,innovation_startups,phrase,B2
04d86b71-a5b8-449e-9791-a2cc013cacf4,entrepreneurial incubation,/entrepreneurial incubation/,khởi nghiệp ươm tạo doanh nghiệp,Effective Innovation & Startups relies on entrepreneurial incubation. [Lĩnh vực Đổi mới & Khởi nghiệp hiệu quả dựa trên khởi nghiệp ươm tạo doanh nghiệp.],en,innovation_startups,phrase,B2
3c94bc97-8243-413a-b6d7-6ed9c1e1526f,entrepreneurial capital,/entrepreneurial capital/,khởi nghiệp vốn đầu tư,Effective Innovation & Startups relies on entrepreneurial capital. [Lĩnh vực Đổi mới & Khởi nghiệp hiệu quả dựa trên khởi nghiệp vốn đầu tư.],en,innovation_startups,phrase,B2
25832420-8fd7-46e1-8439-20d3028cac41,entrepreneurial valuation,/entrepreneurial valuation/,khởi nghiệp định giá,Effective Innovation & Startups relies on entrepreneurial valuation. [Lĩnh vực Đổi mới & Khởi nghiệp hiệu quả dựa trên khởi nghiệp định giá.],en,innovation_startups,phrase,B2
171c903b-068e-4c8b-a842-ed41b1e28b18,entrepreneurial accelerator,/entrepreneurial accelerator/,khởi nghiệp tăng tốc khởi nghiệp,Effective Innovation & Startups relies on entrepreneurial accelerator. [Lĩnh vực Đổi mới & Khởi nghiệp hiệu quả dựa trên khởi nghiệp tăng tốc khởi nghiệp.],en,innovation_startups,phrase,B2
fc795cc0-959f-4302-bd8e-02c5bb524782,entrepreneurial traction,/entrepreneurial traction/,khởi nghiệp đà tăng trưởng,Effective Innovation & Startups relies on entrepreneurial traction. [Lĩnh vực Đổi mới & Khởi nghiệp hiệu quả dựa trên khởi nghiệp đà tăng trưởng.],en,innovation_startups,phrase,B2
254599f9-5170-4f53-9ba3-f6cf5c13930e,entrepreneurial launch,/entrepreneurial launch/,khởi nghiệp ra mắt,Effective Innovation & Startups relies on entrepreneurial launch. [Lĩnh vực Đổi mới & Khởi nghiệp hiệu quả dựa trên khởi nghiệp ra mắt.],en,innovation_startups,phrase,B2
568e6870-421e-40ff-8b7e-4a4ab187447c,scalable startup,/scalable startup/,mở rộng công ty khởi nghiệp,Effective Innovation & Startups relies on scalable startup. [Lĩnh vực Đổi mới & Khởi nghiệp hiệu quả dựa trên mở rộng công ty khởi nghiệp.],en,innovation_startups,phrase,B2
b784f58a-d698-49b0-a5c5-532236c4a4f8,scalable ecosystem,/scalable ecosystem/,mở rộng hệ sinh thái,Effective Innovation & Startups relies on scalable ecosystem. [Lĩnh vực Đổi mới & Khởi nghiệp hiệu quả dựa trên mở rộng hệ sinh thái.],en,innovation_startups,phrase,B2
fdd909f7-5420-4d40-8feb-93aba0a76b43,scalable incubation,/scalable incubation/,mở rộng ươm tạo doanh nghiệp,Effective Innovation & Startups relies on scalable incubation. [Lĩnh vực Đổi mới & Khởi nghiệp hiệu quả dựa trên mở rộng ươm tạo doanh nghiệp.],en,innovation_startups,phrase,B2
3174f4e8-211f-411c-b70c-8e34c950d5ec,scalable capital,/scalable capital/,mở rộng vốn đầu tư,Effective Innovation & Startups relies on scalable capital. [Lĩnh vực Đổi mới & Khởi nghiệp hiệu quả dựa trên mở rộng vốn đầu tư.],en,innovation_startups,phrase,B2
76884a63-7a6c-4065-8a6a-08c8601f081e,scalable valuation,/scalable valuation/,mở rộng định giá,Effective Innovation & Startups relies on scalable valuation. [Lĩnh vực Đổi mới & Khởi nghiệp hiệu quả dựa trên mở rộng định giá.],en,innovation_startups,phrase,B2
471af5ab-099f-410b-9f39-15fb6521c4b2,scalable accelerator,/scalable accelerator/,mở rộng tăng tốc khởi nghiệp,Effective Innovation & Startups relies on scalable accelerator. [Lĩnh vực Đổi mới & Khởi nghiệp hiệu quả dựa trên mở rộng tăng tốc khởi nghiệp.],en,innovation_startups,phrase,B2
4432e04f-db79-4b0e-ace5-1786f252f32a,scalable traction,/scalable traction/,mở rộng đà tăng trưởng,Effective Innovation & Startups relies on scalable traction. [Lĩnh vực Đổi mới & Khởi nghiệp hiệu quả dựa trên mở rộng đà tăng trưởng.],en,innovation_startups,phrase,B2
bac3b67d-0f75-4f5c-9f58-124e38f022c1,scalable launch,/scalable launch/,mở rộng ra mắt,Effective Innovation & Startups relies on scalable launch. [Lĩnh vực Đổi mới & Khởi nghiệp hiệu quả dựa trên mở rộng ra mắt.],en,innovation_startups,phrase,B2
11e7c1de-7504-4ef3-a425-fa73cf8bd7f3,incubator startup,/incubator startup/,ươm tạo công ty khởi nghiệp,Effective Innovation & Startups relies on incubator startup. [Lĩnh vực Đổi mới & Khởi nghiệp hiệu quả dựa trên ươm tạo công ty khởi nghiệp.],en,innovation_startups,phrase,B2
3057191b-0953-48bc-ad20-34415267f904,incubator ecosystem,/incubator ecosystem/,ươm tạo hệ sinh thái,Effective Innovation & Startups relies on incubator ecosystem. [Lĩnh vực Đổi mới & Khởi nghiệp hiệu quả dựa trên ươm tạo hệ sinh thái.],en,innovation_startups,phrase,B2
a33adc52-9821-448c-b9d8-8b2261f10f80,incubator incubation,/incubator incubation/,ươm tạo ươm tạo doanh nghiệp,Effective Innovation & Startups relies on incubator incubation. [Lĩnh vực Đổi mới & Khởi nghiệp hiệu quả dựa trên ươm tạo ươm tạo doanh nghiệp.],en,innovation_startups,phrase,B2
d31c1e74-51e5-4801-85b1-e9df0fdead91,incubator capital,/incubator capital/,ươm tạo vốn đầu tư,Effective Innovation & Startups relies on incubator capital. [Lĩnh vực Đổi mới & Khởi nghiệp hiệu quả dựa trên ươm tạo vốn đầu tư.],en,innovation_startups,phrase,B2
dabcff3f-9fcb-4571-a5bb-fec1683edfe8,incubator valuation,/incubator valuation/,ươm tạo định giá,Effective Innovation & Startups relies on incubator valuation. [Lĩnh vực Đổi mới & Khởi nghiệp hiệu quả dựa trên ươm tạo định giá.],en,innovation_startups,phrase,B2
6961e6eb-6831-49dd-9163-b26913d01b4d,incubator accelerator,/incubator accelerator/,ươm tạo tăng tốc khởi nghiệp,Effective Innovation & Startups relies on incubator accelerator. [Lĩnh vực Đổi mới & Khởi nghiệp hiệu quả dựa trên ươm tạo tăng tốc khởi nghiệp.],en,innovation_startups,phrase,B2
7f5cda79-c2c2-432d-af21-64e7da6421d1,incubator traction,/incubator traction/,ươm tạo đà tăng trưởng,Effective Innovation & Startups relies on incubator traction. [Lĩnh vực Đổi mới & Khởi nghiệp hiệu quả dựa trên ươm tạo đà tăng trưởng.],en,innovation_startups,phrase,B2
d5c97d32-3bdc-400d-a647-0170c94e0b9c,incubator launch,/incubator launch/,ươm tạo ra mắt,Effective Innovation & Startups relies on incubator launch. [Lĩnh vực Đổi mới & Khởi nghiệp hiệu quả dựa trên ươm tạo ra mắt.],en,innovation_startups,phrase,B2
8511f9de-c321-4c43-bc74-415efad629b5,pioneering startup,/pioneering startup/,tiên phong công ty khởi nghiệp,Effective Innovation & Startups relies on pioneering startup. [Lĩnh vực Đổi mới & Khởi nghiệp hiệu quả dựa trên tiên phong công ty khởi nghiệp.],en,innovation_startups,phrase,B2
3ff54778-79e6-42e1-9fcc-3d9f6e5e0878,pioneering ecosystem,/pioneering ecosystem/,tiên phong hệ sinh thái,Effective Innovation & Startups relies on pioneering ecosystem. [Lĩnh vực Đổi mới & Khởi nghiệp hiệu quả dựa trên tiên phong hệ sinh thái.],en,innovation_startups,phrase,B2
