id,word,phonetic,meaning,context_sentence,source_lang,category,word_type,level
637c7646-7c61-4b3f-961d-370082a09bc0,constitution,/ˌkɒnstɪˈtjuːʃn/,"hiến pháp; thể tạng, thể chất","In Politics & Diplomacy, 'constitution' is an essential term. [Trong Chính trị & Ngoại giao, ""constitution"" là một thuật ngữ quan trọng.]",en,politics_diplomacy,single_word,B1
227ca613-29f6-4662-ad23-ac6f7c518d92,govern,/ˈɡʌvn/,"điều khiển, điều chỉnh; cai quản","In Politics & Diplomacy, 'govern' is an essential term. [Trong Chính trị & Ngoại giao, ""govern"" là một thuật ngữ quan trọng.]",en,politics_diplomacy,single_word,B2
a6f2fc2a-d0de-4e71-8256-1e2f99c3fea8,mayor,/meə(r)/,thị trưởng,"In Politics & Diplomacy, 'mayor' is an essential term. [Trong Chính trị & Ngoại giao, ""mayor"" là một thuật ngữ quan trọng.]",en,politics_diplomacy,single_word,C1
255942b8-4e7c-4b09-9ae7-4c0020eec547,amend,/əˈmend/,tu chính,"In Politics & Diplomacy, 'amend' is an essential term. [Trong Chính trị & Ngoại giao, ""amend"" là một thuật ngữ quan trọng.]",en,politics_diplomacy,single_word,B1
4164eb69-1809-4eef-a727-f9f062b5232a,bureaucracy,/bjʊəˈrɒkrəsi/,"quan lại, công chức ; bọn quan liêu; chế độ quan liêu; bộ máy quan liêu","In Politics & Diplomacy, 'bureaucracy' is an essential term. [Trong Chính trị & Ngoại giao, ""bureaucracy"" là một thuật ngữ quan trọng.]",en,politics_diplomacy,single_word,B2
89c5121b-a26b-4905-8e2e-004bfbf572bd,colony,/ˈkɒləni/,thuộc địa; kiều dân; khu kiều dân; khu,"In Politics & Diplomacy, 'colony' is an essential term. [Trong Chính trị & Ngoại giao, ""colony"" là một thuật ngữ quan trọng.]",en,politics_diplomacy,single_word,C1
8fef2ff4-8f27-4f7a-95c6-d29b0ef73765,compulsory,/kəmˈpʌlsəri/,"ép buộc, bắt buộc, cưỡng bách; giáo dục phổ cập","In Politics & Diplomacy, 'compulsory' is an essential term. [Trong Chính trị & Ngoại giao, ""compulsory"" là một thuật ngữ quan trọng.]",en,politics_diplomacy,single_word,B1
607d3c37-4535-44fb-a16e-2db21942bb6e,consciousness,/ˈkɒnʃəsnəs/,sự hiểu biết; ý thức,"In Politics & Diplomacy, 'consciousness' is an essential term. [Trong Chính trị & Ngoại giao, ""consciousness"" là một thuật ngữ quan trọng.]",en,politics_diplomacy,single_word,B2
d9116220-2c5c-4374-bf35-bc27fa0485f0,country,/ˈkʌntri/,"nước, quốc gia; đất nước, tổ quốc, quê hương, xứ sở","In Politics & Diplomacy, 'country' is an essential term. [Trong Chính trị & Ngoại giao, ""country"" là một thuật ngữ quan trọng.]",en,politics_diplomacy,single_word,C1
d5bf431d-677f-4c2e-b1e2-123d7ce97d36,defy,/dɪˈfaɪ/,"thách, thách thức, thách đố; bất chấp, coi thường, không tuân theo","In Politics & Diplomacy, 'defy' is an essential term. [Trong Chính trị & Ngoại giao, ""defy"" là một thuật ngữ quan trọng.]",en,politics_diplomacy,single_word,B1
8f0a1436-eba8-438f-92d0-590a15e51c0a,endorse,/ɪnˈdɔːs/,"chứng thực đằng sau ; viết đằng sau, ghi đằng sau; xác nhận; tán thành ;  xác nhận chất lượng được quảng cáo","In Politics & Diplomacy, 'endorse' is an essential term. [Trong Chính trị & Ngoại giao, ""endorse"" là một thuật ngữ quan trọng.]",en,politics_diplomacy,single_word,B2
43c38ca9-5ab1-40bb-9793-44f4b1867a18,endorsement,/ɪnˈdɔːsmənt/,"sự chứng thực đằng sau ; lời viết đằng sau, lời ghi đằng sau; sự xác nhận; sự tán thành","In Politics & Diplomacy, 'endorsement' is an essential term. [Trong Chính trị & Ngoại giao, ""endorsement"" là một thuật ngữ quan trọng.]",en,politics_diplomacy,single_word,C1
cdf7813f-a82f-417a-8d21-6adbe2c37835,exile,/ˈeksaɪl/,"sự đày ải, sự đi đày; cảnh tha hương; sự xa cách quê hương lâu ngày","In Politics & Diplomacy, 'exile' is an essential term. [Trong Chính trị & Ngoại giao, ""exile"" là một thuật ngữ quan trọng.]",en,politics_diplomacy,single_word,B1
8356d57e-4bd1-49a3-a2db-08b51fa83c2c,formula,/ˈfɔːmjələ/,công thức; addition f. công thức cộng,"In Politics & Diplomacy, 'formula' is an essential term. [Trong Chính trị & Ngoại giao, ""formula"" là một thuật ngữ quan trọng.]",en,politics_diplomacy,single_word,B2
52ddac2c-1235-4569-80f8-3302a29cb6cd,franchise,/ˈfræntʃaɪz/,quyền bầu cử; tư cách hội viên,"In Politics & Diplomacy, 'franchise' is an essential term. [Trong Chính trị & Ngoại giao, ""franchise"" là một thuật ngữ quan trọng.]",en,politics_diplomacy,single_word,C1
98b14ec6-b71a-4272-92dc-69e10ceec4f9,freedom,/ˈfriːdəm/,sự tự do,"In Politics & Diplomacy, 'freedom' is an essential term. [Trong Chính trị & Ngoại giao, ""freedom"" là một thuật ngữ quan trọng.]",en,politics_diplomacy,single_word,B1
a438b46f-985c-4ad9-98cc-522e64527a81,invoke,/ɪnˈvəʊk/,cầu khẩn; gọi cho hiện lên,"In Politics & Diplomacy, 'invoke' is an essential term. [Trong Chính trị & Ngoại giao, ""invoke"" là một thuật ngữ quan trọng.]",en,politics_diplomacy,single_word,B2
46e5efae-ba78-47bd-b031-dcb6850f7043,king,/kɪŋ/,"vua, quốc vương; trợ cấp của nhà vua cho các bà mẹ đẻ sinh ba","In Politics & Diplomacy, 'king' is an essential term. [Trong Chính trị & Ngoại giao, ""king"" là một thuật ngữ quan trọng.]",en,politics_diplomacy,single_word,C1
4e823352-ac30-4965-aa64-310afeea9d2a,legislature,/ˈledʒɪslətʃə(r)/,cơ quan lập pháp,"In Politics & Diplomacy, 'legislature' is an essential term. [Trong Chính trị & Ngoại giao, ""legislature"" là một thuật ngữ quan trọng.]",en,politics_diplomacy,single_word,B1
c5c8aae0-c93a-4200-9c68-817a73bc8227,mercy,/ˈmɜːsi/,"lòng thương, lòng nhân từ, lòng từ bi; lòng khoan dung","In Politics & Diplomacy, 'mercy' is an essential term. [Trong Chính trị & Ngoại giao, ""mercy"" là một thuật ngữ quan trọng.]",en,politics_diplomacy,single_word,B2
e93c25e7-0042-4b56-b549-415e9a95b2d4,must,/məst/,phải,"In Politics & Diplomacy, 'must' is an essential term. [Trong Chính trị & Ngoại giao, ""must"" là một thuật ngữ quan trọng.]",en,politics_diplomacy,single_word,C1
d9ef87ec-1e35-4e5d-99b1-8b1c5ff007a7,obligation,/ˌɒblɪˈɡeɪʃn/,trách nhiệm,"In Politics & Diplomacy, 'obligation' is an essential term. [Trong Chính trị & Ngoại giao, ""obligation"" là một thuật ngữ quan trọng.]",en,politics_diplomacy,single_word,B1
b2fb22f2-d2b9-43af-a69c-3fc4ea67d15c,president,/ˈprezɪdənt/,chủ tịch; tổng thống,"In Politics & Diplomacy, 'president' is an essential term. [Trong Chính trị & Ngoại giao, ""president"" là một thuật ngữ quan trọng.]",en,politics_diplomacy,single_word,B2
fd742cde-6a2d-45a7-bea5-c0c590f48b0d,proper,/ˈprɒpə(r)/,"chân chính, riêng","In Politics & Diplomacy, 'proper' is an essential term. [Trong Chính trị & Ngoại giao, ""proper"" là một thuật ngữ quan trọng.]",en,politics_diplomacy,single_word,C1
db7a0777-715e-45a0-98af-fb3d525e468b,protocol,/ˈprəʊtəkɒl/,"nghi thức ngoại giao, lễ tân; vụ lễ tân","In Politics & Diplomacy, 'protocol' is an essential term. [Trong Chính trị & Ngoại giao, ""protocol"" là một thuật ngữ quan trọng.]",en,politics_diplomacy,single_word,B1
149c5bc8-57bf-4467-9b55-860510fa7f14,queen,/kwiːn/,"nữ hoàng, bà hoàng, bà chúa  & ); vợ vua, hoàng hậu","In Politics & Diplomacy, 'queen' is an essential term. [Trong Chính trị & Ngoại giao, ""queen"" là một thuật ngữ quan trọng.]",en,politics_diplomacy,single_word,B2
17299f97-3c0e-4f7c-b48c-c7572ab0f324,rally,/ˈræli/,sự tập hợp lại; sự lấy lại sức,"In Politics & Diplomacy, 'rally' is an essential term. [Trong Chính trị & Ngoại giao, ""rally"" là một thuật ngữ quan trọng.]",en,politics_diplomacy,single_word,C1
58b97230-6b3e-490b-aa47-70a3b7f8044f,regulation,/ˌreɡjuˈleɪʃn/,sự điều chỉnh; inherent r. tự điều chỉnh,"In Politics & Diplomacy, 'regulation' is an essential term. [Trong Chính trị & Ngoại giao, ""regulation"" là một thuật ngữ quan trọng.]",en,politics_diplomacy,single_word,B1
ec589fbf-0f83-4ca3-bee0-ea8f52079982,restriction,/rɪˈstrɪkʃn/,"sự hạn chế, sự thu hẹp, sự giới hạn; r. of a function sự thu hẹp của một hàm","In Politics & Diplomacy, 'restriction' is an essential term. [Trong Chính trị & Ngoại giao, ""restriction"" là một thuật ngữ quan trọng.]",en,politics_diplomacy,single_word,B2
088d91be-ce35-4506-8ec5-cee995d02a93,sanction,/ˈsæŋkʃn/,"sự phê chuẩn, sự thừa nhận; sự đồng ý; sự được phép của phong tục tập quán","In Politics & Diplomacy, 'sanction' is an essential term. [Trong Chính trị & Ngoại giao, ""sanction"" là một thuật ngữ quan trọng.]",en,politics_diplomacy,single_word,C1
e59b421c-fcfd-4beb-bb6a-d79cdc4315dd,service,/ˈsɜːvɪs/,"sự phục vụ, cơ quan, cộng cụ; computing s. công cụ tính toán","In Politics & Diplomacy, 'service' is an essential term. [Trong Chính trị & Ngoại giao, ""service"" là một thuật ngữ quan trọng.]",en,politics_diplomacy,single_word,B1
8ea0bad1-d1f8-4eb7-a02e-e20112f0c76b,tax,/tæks/,thuế; income t. thuế thu nhập,"In Politics & Diplomacy, 'tax' is an essential term. [Trong Chính trị & Ngoại giao, ""tax"" là một thuật ngữ quan trọng.]",en,politics_diplomacy,single_word,B2
e7f1fc1a-481d-4a06-a27a-1f8b546b90c6,territory,/ˈterətri/,"đất đai, địa hạt, lãnh thổ; khu vực, vùng, miền","In Politics & Diplomacy, 'territory' is an essential term. [Trong Chính trị & Ngoại giao, ""territory"" là một thuật ngữ quan trọng.]",en,politics_diplomacy,single_word,C1
7cd5cc60-1209-429a-9501-67efaf38e749,terrorism,/ˈterərɪzəm/,chính sách khủng bố,"In Politics & Diplomacy, 'terrorism' is an essential term. [Trong Chính trị & Ngoại giao, ""terrorism"" là một thuật ngữ quan trọng.]",en,politics_diplomacy,single_word,B1
75d1fa4c-75c4-4517-82dd-f4bf7b68699b,unfair,/ˌʌnˈfeə(r)/,"bất công, không công bằng, thiên vị ; không ngay thẳng, không đúng đắn; gian tà, gian lận; quá chừng, quá mức, thái quá","In Politics & Diplomacy, 'unfair' is an essential term. [Trong Chính trị & Ngoại giao, ""unfair"" là một thuật ngữ quan trọng.]",en,politics_diplomacy,single_word,B2
03b1bc34-4da7-4f45-8673-55ebf6eb0504,abolish,/əˈbɒlɪʃ/,"thủ tiêu, bãi bỏ, huỷ bỏ","In Politics & Diplomacy, 'abolish' is an essential term. [Trong Chính trị & Ngoại giao, ""abolish"" là một thuật ngữ quan trọng.]",en,politics_diplomacy,single_word,C1
4a13bda1-2440-4f22-96e7-e2c69a0f7781,access,/ˈækses/,sự cho vào;  lối vào nhận tin; random a. thứ tự chọn ngẫu nhiên,"In Politics & Diplomacy, 'access' is an essential term. [Trong Chính trị & Ngoại giao, ""access"" là một thuật ngữ quan trọng.]",en,politics_diplomacy,single_word,B1
d52f5ce8-52a0-425a-9364-8966f97d7462,according to,/əˈkɔːdɪŋ tə/,theo,"In Politics & Diplomacy, 'according to' is an essential term. [Trong Chính trị & Ngoại giao, ""according to"" là một thuật ngữ quan trọng.]",en,politics_diplomacy,single_word,B2
d8d13c93-aee8-4752-917e-737cc2e5bf66,accuracy,/ˈækjərəsi/,[sự; độ] chính xác; a. of a solution độ chính xác của nghiệm,"In Politics & Diplomacy, 'accuracy' is an essential term. [Trong Chính trị & Ngoại giao, ""accuracy"" là một thuật ngữ quan trọng.]",en,politics_diplomacy,single_word,C1
ae6c7a4c-d578-4f9e-9fe9-62130ffa6dc6,activist,/ˈæktɪvɪst/,"nhà hoạt động xã hội, nhà hoạt động chính trị","In Politics & Diplomacy, 'activist' is an essential term. [Trong Chính trị & Ngoại giao, ""activist"" là một thuật ngữ quan trọng.]",en,politics_diplomacy,single_word,B1
577040ab-6681-43c7-a6ad-d328d91b7746,admission,/ədˈmɪʃn/,"sự nhận vào, sự thu nạp vào; sự kết nạp; sự cho vào cửa, sự cho vào","In Politics & Diplomacy, 'admission' is an essential term. [Trong Chính trị & Ngoại giao, ""admission"" là một thuật ngữ quan trọng.]",en,politics_diplomacy,single_word,B2
16daf83f-4b44-43a4-b089-730d568ca90e,advocate,/ˈædvəkət/,"người biện hộ, người bào chữa, người bênh vực; luật sư, thầy cãi; người chủ trương; người tán thành, người ủng hộ","In Politics & Diplomacy, 'advocate' is an essential term. [Trong Chính trị & Ngoại giao, ""advocate"" là một thuật ngữ quan trọng.]",en,politics_diplomacy,single_word,C1
de027f9e-656a-4669-ad28-192da2cf70da,aide,/eɪd/,"sĩ quan phụ tá, sĩ quan hầu cận","In Politics & Diplomacy, 'aide' is an essential term. [Trong Chính trị & Ngoại giao, ""aide"" là một thuật ngữ quan trọng.]",en,politics_diplomacy,single_word,B1
27a5d29a-9813-4b2d-b749-1163698085da,alien,/ˈeɪliən/,"nước ngoài,  chủng tộc khác; alien from,  to lạ, xa lạ, khác biệt; không có quan hệ gì với; không phải của mình","In Politics & Diplomacy, 'alien' is an essential term. [Trong Chính trị & Ngoại giao, ""alien"" là một thuật ngữ quan trọng.]",en,politics_diplomacy,single_word,B2
7510c001-84f5-4b8c-9938-2ec3c5e298ae,all right,/ɔːl ˈraɪt/,"bình yên vô sự; khoẻ mạnh; tốt, được, ổn","In Politics & Diplomacy, 'all right' is an essential term. [Trong Chính trị & Ngoại giao, ""all right"" là một thuật ngữ quan trọng.]",en,politics_diplomacy,single_word,C1
1761a835-062e-4ba4-9f57-56814cf0d35b,allege,/əˈledʒ/,"cho là, khẳng định; viện lý, dẫn chứng, viện ra, vin vào; đưa ra luận điệu rằng","In Politics & Diplomacy, 'allege' is an essential term. [Trong Chính trị & Ngoại giao, ""allege"" là một thuật ngữ quan trọng.]",en,politics_diplomacy,single_word,B1
3b6d3438-c1c9-42ef-bbb5-19749945f817,although,/ɔːlˈðəʊ/,"dẫu cho, mặc dù","In Politics & Diplomacy, 'although' is an essential term. [Trong Chính trị & Ngoại giao, ""although"" là một thuật ngữ quan trọng.]",en,politics_diplomacy,single_word,B2
61683154-eabe-4994-a281-cf0fc753c401,ambitious,/æmˈbɪʃəs/,"có nhiều hoài bão, có nhiều khát vọng; có nhiều tham vọng","In Politics & Diplomacy, 'ambitious' is an essential term. [Trong Chính trị & Ngoại giao, ""ambitious"" là một thuật ngữ quan trọng.]",en,politics_diplomacy,single_word,C1
77c5ec7b-9d38-4200-a44e-3c17f9586b31,announcement,/əˈnaʊnsmənt/,"lời rao, lời loan báo; cáo thị, thông cáo; lời công bố, lời tuyên bố","In Politics & Diplomacy, 'announcement' is an essential term. [Trong Chính trị & Ngoại giao, ""announcement"" là một thuật ngữ quan trọng.]",en,politics_diplomacy,single_word,B1
b5acae19-5fc1-483e-812e-889a12e34f6c,anonymous,/əˈnɒnɪməs/,giấu tên; vô danh; nặc danh,"In Politics & Diplomacy, 'anonymous' is an essential term. [Trong Chính trị & Ngoại giao, ""anonymous"" là một thuật ngữ quan trọng.]",en,politics_diplomacy,single_word,B2
8490ae5d-7e5f-461c-bb16-f029ec7636f5,diplomatic negotiation,/diplomatic negotiation/,ngoại giao đàm phán,"In Politics & Diplomacy, diplomatic negotiation plays an integral role. [Trong Chính trị & Ngoại giao, ngoại giao đàm phán đóng vai trò thiết yếu.]",en,politics_diplomacy,phrase,B1
3d6cf392-cf94-4103-bf74-26d61c77e8f4,diplomatic accord,/diplomatic accord/,ngoại giao thỏa thuận,"In Politics & Diplomacy, diplomatic accord plays an integral role. [Trong Chính trị & Ngoại giao, ngoại giao thỏa thuận đóng vai trò thiết yếu.]",en,politics_diplomacy,phrase,C1
690f681f-3acf-4201-9270-e1e2a4803404,diplomatic policy,/diplomatic policy/,ngoại giao chính sách,"In Politics & Diplomacy, diplomatic policy plays an integral role. [Trong Chính trị & Ngoại giao, ngoại giao chính sách đóng vai trò thiết yếu.]",en,politics_diplomacy,phrase,B1
e8e27e94-e2f8-48ec-886b-9ca24adfbb9c,diplomatic envoy,/diplomatic envoy/,ngoại giao phái viên,"In Politics & Diplomacy, diplomatic envoy plays an integral role. [Trong Chính trị & Ngoại giao, ngoại giao phái viên đóng vai trò thiết yếu.]",en,politics_diplomacy,phrase,C1
2c2f0149-0a14-4180-abab-9f0051135b39,diplomatic mission,/diplomatic mission/,ngoại giao sứ mệnh,"In Politics & Diplomacy, diplomatic mission plays an integral role. [Trong Chính trị & Ngoại giao, ngoại giao sứ mệnh đóng vai trò thiết yếu.]",en,politics_diplomacy,phrase,B1
72028530-44e6-48f4-8741-38dcb78ffeb2,diplomatic protocol,/diplomatic protocol/,ngoại giao nghi thức,"In Politics & Diplomacy, diplomatic protocol plays an integral role. [Trong Chính trị & Ngoại giao, ngoại giao nghi thức đóng vai trò thiết yếu.]",en,politics_diplomacy,phrase,C1
24bffbfa-c66a-4d9f-9971-7e1cf0141fb7,diplomatic mandate,/diplomatic mandate/,ngoại giao ủy nhiệm,"In Politics & Diplomacy, diplomatic mandate plays an integral role. [Trong Chính trị & Ngoại giao, ngoại giao ủy nhiệm đóng vai trò thiết yếu.]",en,politics_diplomacy,phrase,B1
539afe49-bd15-44c9-a5cb-cae5e99f0f64,bilateral negotiation,/bilateral negotiation/,song phương đàm phán,"In Politics & Diplomacy, bilateral negotiation plays an integral role. [Trong Chính trị & Ngoại giao, song phương đàm phán đóng vai trò thiết yếu.]",en,politics_diplomacy,phrase,B2
8541015d-e9d4-478a-84af-40aa16b9cb25,bilateral accord,/bilateral accord/,song phương thỏa thuận,"In Politics & Diplomacy, bilateral accord plays an integral role. [Trong Chính trị & Ngoại giao, song phương thỏa thuận đóng vai trò thiết yếu.]",en,politics_diplomacy,phrase,B1
c012757d-f7af-4f3a-8dcc-d4a4a548c58d,bilateral policy,/bilateral policy/,song phương chính sách,"In Politics & Diplomacy, bilateral policy plays an integral role. [Trong Chính trị & Ngoại giao, song phương chính sách đóng vai trò thiết yếu.]",en,politics_diplomacy,phrase,B2
07841627-b713-4408-834b-8e2a1585cbbf,bilateral envoy,/bilateral envoy/,song phương phái viên,"In Politics & Diplomacy, bilateral envoy plays an integral role. [Trong Chính trị & Ngoại giao, song phương phái viên đóng vai trò thiết yếu.]",en,politics_diplomacy,phrase,B1
2a5220b5-71e7-47b5-bdbc-4a985504ce4e,bilateral mission,/bilateral mission/,song phương sứ mệnh,"In Politics & Diplomacy, bilateral mission plays an integral role. [Trong Chính trị & Ngoại giao, song phương sứ mệnh đóng vai trò thiết yếu.]",en,politics_diplomacy,phrase,B2
b88fa3a7-5f46-4ee5-a545-0b9d9d151205,bilateral protocol,/bilateral protocol/,song phương nghi thức,"In Politics & Diplomacy, bilateral protocol plays an integral role. [Trong Chính trị & Ngoại giao, song phương nghi thức đóng vai trò thiết yếu.]",en,politics_diplomacy,phrase,B1
5466da95-0549-4df0-9b4a-c03fa418471a,bilateral mandate,/bilateral mandate/,song phương ủy nhiệm,"In Politics & Diplomacy, bilateral mandate plays an integral role. [Trong Chính trị & Ngoại giao, song phương ủy nhiệm đóng vai trò thiết yếu.]",en,politics_diplomacy,phrase,B2
81373889-897f-4bdf-bb22-ec9119af1c1d,multilateral negotiation,/multilateral negotiation/,đa phương đàm phán,"In Politics & Diplomacy, multilateral negotiation plays an integral role. [Trong Chính trị & Ngoại giao, đa phương đàm phán đóng vai trò thiết yếu.]",en,politics_diplomacy,phrase,C1
5d6e86a6-2356-4a07-9b75-ef316a2183dc,multilateral accord,/multilateral accord/,đa phương thỏa thuận,"In Politics & Diplomacy, multilateral accord plays an integral role. [Trong Chính trị & Ngoại giao, đa phương thỏa thuận đóng vai trò thiết yếu.]",en,politics_diplomacy,phrase,B2
a4fad062-fab9-4416-87e4-e4e846cc6d3e,multilateral policy,/multilateral policy/,đa phương chính sách,"In Politics & Diplomacy, multilateral policy plays an integral role. [Trong Chính trị & Ngoại giao, đa phương chính sách đóng vai trò thiết yếu.]",en,politics_diplomacy,phrase,C1
b754ff99-be2b-4d67-bcfd-d8e1a5b92de9,multilateral envoy,/multilateral envoy/,đa phương phái viên,"In Politics & Diplomacy, multilateral envoy plays an integral role. [Trong Chính trị & Ngoại giao, đa phương phái viên đóng vai trò thiết yếu.]",en,politics_diplomacy,phrase,B2
79044671-90bb-40ef-9b40-99050f55e37c,multilateral mission,/multilateral mission/,đa phương sứ mệnh,"In Politics & Diplomacy, multilateral mission plays an integral role. [Trong Chính trị & Ngoại giao, đa phương sứ mệnh đóng vai trò thiết yếu.]",en,politics_diplomacy,phrase,C1
8fb75dbc-3f8c-4154-b92f-f7a070365942,multilateral protocol,/multilateral protocol/,đa phương nghi thức,"In Politics & Diplomacy, multilateral protocol plays an integral role. [Trong Chính trị & Ngoại giao, đa phương nghi thức đóng vai trò thiết yếu.]",en,politics_diplomacy,phrase,B2
a94a3af2-514f-44b2-96f7-4ec76da543a1,multilateral mandate,/multilateral mandate/,đa phương ủy nhiệm,"In Politics & Diplomacy, multilateral mandate plays an integral role. [Trong Chính trị & Ngoại giao, đa phương ủy nhiệm đóng vai trò thiết yếu.]",en,politics_diplomacy,phrase,C1
d5c10b52-f09a-45c2-afd4-7ccf53e63710,foreign negotiation,/foreign negotiation/,đối ngoại đàm phán,"In Politics & Diplomacy, foreign negotiation plays an integral role. [Trong Chính trị & Ngoại giao, đối ngoại đàm phán đóng vai trò thiết yếu.]",en,politics_diplomacy,phrase,B1
51c01bf8-ae3a-4002-bb8e-e33254719a09,foreign treaty,/foreign treaty/,đối ngoại hiệp ước,"In Politics & Diplomacy, foreign treaty plays an integral role. [Trong Chính trị & Ngoại giao, đối ngoại hiệp ước đóng vai trò thiết yếu.]",en,politics_diplomacy,phrase,B2
6f41dfbf-1a52-486f-8e04-30f2a567fb0e,foreign accord,/foreign accord/,đối ngoại thỏa thuận,"In Politics & Diplomacy, foreign accord plays an integral role. [Trong Chính trị & Ngoại giao, đối ngoại thỏa thuận đóng vai trò thiết yếu.]",en,politics_diplomacy,phrase,C1
4944fe1f-8538-4288-8e4c-ef5e5725b506,foreign policy,/foreign policy/,đối ngoại chính sách,"In Politics & Diplomacy, foreign policy plays an integral role. [Trong Chính trị & Ngoại giao, đối ngoại chính sách đóng vai trò thiết yếu.]",en,politics_diplomacy,phrase,B1
c918874a-8d9f-4926-bf55-8ec6f835f0f4,foreign summit,/foreign summit/,đối ngoại thượng đỉnh,"In Politics & Diplomacy, foreign summit plays an integral role. [Trong Chính trị & Ngoại giao, đối ngoại thượng đỉnh đóng vai trò thiết yếu.]",en,politics_diplomacy,phrase,B2
dd40b879-433d-4a38-9268-2139f52782b0,foreign envoy,/foreign envoy/,đối ngoại phái viên,"In Politics & Diplomacy, foreign envoy plays an integral role. [Trong Chính trị & Ngoại giao, đối ngoại phái viên đóng vai trò thiết yếu.]",en,politics_diplomacy,phrase,C1
dcaa313c-6f2c-424a-80e0-a3b886449224,foreign mission,/foreign mission/,đối ngoại sứ mệnh,"In Politics & Diplomacy, foreign mission plays an integral role. [Trong Chính trị & Ngoại giao, đối ngoại sứ mệnh đóng vai trò thiết yếu.]",en,politics_diplomacy,phrase,B1
0582c09b-3a1a-4456-a86b-bb7d387129fb,foreign coalition,/foreign coalition/,đối ngoại liên minh,"In Politics & Diplomacy, foreign coalition plays an integral role. [Trong Chính trị & Ngoại giao, đối ngoại liên minh đóng vai trò thiết yếu.]",en,politics_diplomacy,phrase,B2
b77173f8-a581-4c7a-9699-ac51cd08aa8d,foreign protocol,/foreign protocol/,đối ngoại nghi thức,"In Politics & Diplomacy, foreign protocol plays an integral role. [Trong Chính trị & Ngoại giao, đối ngoại nghi thức đóng vai trò thiết yếu.]",en,politics_diplomacy,phrase,C1
44331d66-4054-4138-987d-e6174b231698,foreign mandate,/foreign mandate/,đối ngoại ủy nhiệm,"In Politics & Diplomacy, foreign mandate plays an integral role. [Trong Chính trị & Ngoại giao, đối ngoại ủy nhiệm đóng vai trò thiết yếu.]",en,politics_diplomacy,phrase,B1
9c5864b8-c6f5-462e-a3db-f5733f8c968d,strategic negotiation,/strategic negotiation/,chiến lược đàm phán,"In Politics & Diplomacy, strategic negotiation plays an integral role. [Trong Chính trị & Ngoại giao, chiến lược đàm phán đóng vai trò thiết yếu.]",en,politics_diplomacy,phrase,B2
70966328-9aa1-4c34-bfbe-34566b1a4e53,strategic accord,/strategic accord/,chiến lược thỏa thuận,"In Politics & Diplomacy, strategic accord plays an integral role. [Trong Chính trị & Ngoại giao, chiến lược thỏa thuận đóng vai trò thiết yếu.]",en,politics_diplomacy,phrase,B1
4eb1fac7-e3a0-49de-abc1-92af434e82da,strategic policy,/strategic policy/,chiến lược chính sách,"In Politics & Diplomacy, strategic policy plays an integral role. [Trong Chính trị & Ngoại giao, chiến lược chính sách đóng vai trò thiết yếu.]",en,politics_diplomacy,phrase,B2
d7e5c9ce-b903-41a8-a9c0-7d94cc190dd9,strategic envoy,/strategic envoy/,chiến lược phái viên,"In Politics & Diplomacy, strategic envoy plays an integral role. [Trong Chính trị & Ngoại giao, chiến lược phái viên đóng vai trò thiết yếu.]",en,politics_diplomacy,phrase,B1
a070d405-3654-4265-90f5-eecf0d0477e4,strategic mission,/strategic mission/,chiến lược sứ mệnh,"In Politics & Diplomacy, strategic mission plays an integral role. [Trong Chính trị & Ngoại giao, chiến lược sứ mệnh đóng vai trò thiết yếu.]",en,politics_diplomacy,phrase,B2
5987ca5c-cea2-40fd-8846-f379a921b01f,strategic protocol,/strategic protocol/,chiến lược nghi thức,"In Politics & Diplomacy, strategic protocol plays an integral role. [Trong Chính trị & Ngoại giao, chiến lược nghi thức đóng vai trò thiết yếu.]",en,politics_diplomacy,phrase,B1
67dbcc00-ba66-4960-8601-ac4cfde1ebb7,strategic mandate,/strategic mandate/,chiến lược ủy nhiệm,"In Politics & Diplomacy, strategic mandate plays an integral role. [Trong Chính trị & Ngoại giao, chiến lược ủy nhiệm đóng vai trò thiết yếu.]",en,politics_diplomacy,phrase,B2
f05ea100-95a0-4208-9e66-e445b1075657,sovereign negotiation,/sovereign negotiation/,chủ quyền đàm phán,"In Politics & Diplomacy, sovereign negotiation plays an integral role. [Trong Chính trị & Ngoại giao, chủ quyền đàm phán đóng vai trò thiết yếu.]",en,politics_diplomacy,phrase,C1
5942fb1b-9530-43f8-8818-2da73f8dbb69,sovereign accord,/sovereign accord/,chủ quyền thỏa thuận,"In Politics & Diplomacy, sovereign accord plays an integral role. [Trong Chính trị & Ngoại giao, chủ quyền thỏa thuận đóng vai trò thiết yếu.]",en,politics_diplomacy,phrase,B2
8bcde981-e34c-49f6-a716-c34be383db8e,sovereign policy,/sovereign policy/,chủ quyền chính sách,"In Politics & Diplomacy, sovereign policy plays an integral role. [Trong Chính trị & Ngoại giao, chủ quyền chính sách đóng vai trò thiết yếu.]",en,politics_diplomacy,phrase,C1
0bcf24f6-d540-40c5-9e92-de348afa79dd,sovereign envoy,/sovereign envoy/,chủ quyền phái viên,"In Politics & Diplomacy, sovereign envoy plays an integral role. [Trong Chính trị & Ngoại giao, chủ quyền phái viên đóng vai trò thiết yếu.]",en,politics_diplomacy,phrase,B2
f4be2ee1-204e-43c0-a8e6-1515f5e5960b,sovereign mission,/sovereign mission/,chủ quyền sứ mệnh,"In Politics & Diplomacy, sovereign mission plays an integral role. [Trong Chính trị & Ngoại giao, chủ quyền sứ mệnh đóng vai trò thiết yếu.]",en,politics_diplomacy,phrase,C1
f4fa5b9c-265f-4188-b6c3-9899af16079d,sovereign protocol,/sovereign protocol/,chủ quyền nghi thức,"In Politics & Diplomacy, sovereign protocol plays an integral role. [Trong Chính trị & Ngoại giao, chủ quyền nghi thức đóng vai trò thiết yếu.]",en,politics_diplomacy,phrase,B2
8ca9063b-9eed-4a17-89c1-5113763ff475,sovereign mandate,/sovereign mandate/,chủ quyền ủy nhiệm,"In Politics & Diplomacy, sovereign mandate plays an integral role. [Trong Chính trị & Ngoại giao, chủ quyền ủy nhiệm đóng vai trò thiết yếu.]",en,politics_diplomacy,phrase,C1
2bfa805a-ae9b-4305-a7f1-1e69b83e1046,constitutional negotiation,/constitutional negotiation/,hiến pháp đàm phán,"In Politics & Diplomacy, constitutional negotiation plays an integral role. [Trong Chính trị & Ngoại giao, hiến pháp đàm phán đóng vai trò thiết yếu.]",en,politics_diplomacy,phrase,B1
4845698e-b446-424c-a6d3-92e59122d3e5,constitutional treaty,/constitutional treaty/,hiến pháp hiệp ước,"In Politics & Diplomacy, constitutional treaty plays an integral role. [Trong Chính trị & Ngoại giao, hiến pháp hiệp ước đóng vai trò thiết yếu.]",en,politics_diplomacy,phrase,B2
ff0dbb95-5f9b-402e-a95b-0a60a13818f5,constitutional accord,/constitutional accord/,hiến pháp thỏa thuận,"In Politics & Diplomacy, constitutional accord plays an integral role. [Trong Chính trị & Ngoại giao, hiến pháp thỏa thuận đóng vai trò thiết yếu.]",en,politics_diplomacy,phrase,C1
149995a1-e30b-4172-9edb-95daaded23ae,constitutional policy,/constitutional policy/,hiến pháp chính sách,"In Politics & Diplomacy, constitutional policy plays an integral role. [Trong Chính trị & Ngoại giao, hiến pháp chính sách đóng vai trò thiết yếu.]",en,politics_diplomacy,phrase,B1
3887e1ef-04df-4690-b771-4ce848bdbd76,constitutional summit,/constitutional summit/,hiến pháp thượng đỉnh,"In Politics & Diplomacy, constitutional summit plays an integral role. [Trong Chính trị & Ngoại giao, hiến pháp thượng đỉnh đóng vai trò thiết yếu.]",en,politics_diplomacy,phrase,B2
6d5edc43-3944-4016-b8af-bee7fff017d9,auction,/ˈɔːkʃn/,sự bán đấu giá,"In Economy & Trade, 'auction' is an essential term. [Trong Kinh tế & Thương mại, ""auction"" là một thuật ngữ quan trọng.]",en,economy_trade,single_word,B1
1b06e084-a861-46c7-9955-5f9b4d23540c,celebrate,/ˈselɪbreɪt/,"kỷ niệm, làm lễ kỷ niệm; tán dương, ca tụng","In Economy & Trade, 'celebrate' is an essential term. [Trong Kinh tế & Thương mại, ""celebrate"" là một thuật ngữ quan trọng.]",en,economy_trade,single_word,B2
f3356588-dc09-4cc3-92bf-25bc34ec1966,cheap,/tʃiːp/,"rẻ, rẻ tiền; đi tàu xe hạng ít tiền; ít giá trị, xấu","In Economy & Trade, 'cheap' is an essential term. [Trong Kinh tế & Thương mại, ""cheap"" là một thuật ngữ quan trọng.]",en,economy_trade,single_word,C1
591225b6-92f1-4bfd-baa2-4bda1b7eff90,discount,/ˈdɪskaʊnt/,"[sự, cố] chiết khấi, sự khấu nợ, sự hạ giá","In Economy & Trade, 'discount' is an essential term. [Trong Kinh tế & Thương mại, ""discount"" là một thuật ngữ quan trọng.]",en,economy_trade,single_word,B1
0c8bf709-eae2-44fd-b2d5-b4de862901a7,entrepreneur,/ˌɒntrəprəˈnɜː(r)/,Chủ doanh nghiệp.,"In Economy & Trade, 'entrepreneur' is an essential term. [Trong Kinh tế & Thương mại, ""entrepreneur"" là một thuật ngữ quan trọng.]",en,economy_trade,single_word,B2
26fd56f8-48f1-4604-b624-f877b6460711,exaggerate,/ɪɡˈzædʒəreɪt/,"thổi phồng, phóng đại, cường điệu; làm tăng quá mức","In Economy & Trade, 'exaggerate' is an essential term. [Trong Kinh tế & Thương mại, ""exaggerate"" là một thuật ngữ quan trọng.]",en,economy_trade,single_word,C1
9c5d0d45-c44e-4bb7-9e8f-5bc8aefb4639,expensive,/ɪkˈspensɪv/,đắt tiền; xa hoa,"In Economy & Trade, 'expensive' is an essential term. [Trong Kinh tế & Thương mại, ""expensive"" là một thuật ngữ quan trọng.]",en,economy_trade,single_word,B1
420fcd42-bc95-48ac-976f-2aca0f93920c,fare,/feə(r)/,"tiền xe, tiền đò, tiền phà; tiền vé; khách đi xe thuê","In Economy & Trade, 'fare' is an essential term. [Trong Kinh tế & Thương mại, ""fare"" là một thuật ngữ quan trọng.]",en,economy_trade,single_word,B2
c00d3492-90ed-4120-9063-01bbbbdb5ef2,financial,/faɪˈnænʃl/,tài chính,"In Economy & Trade, 'financial' is an essential term. [Trong Kinh tế & Thương mại, ""financial"" là một thuật ngữ quan trọng.]",en,economy_trade,single_word,C1
32e8163e-17ed-41e0-9de5-3885f757857c,insurance,/ɪnˈʃʊərəns/,"sự bảo hiểm biện pháp bảo hiểm, chế độ bảo hiểm; acsidnet i. bảo hiểm tai nạn","In Economy & Trade, 'insurance' is an essential term. [Trong Kinh tế & Thương mại, ""insurance"" là một thuật ngữ quan trọng.]",en,economy_trade,single_word,B1
96658f65-bc6c-440f-9fa0-d767b28a2f77,piece,/piːs/,"mẩu, phần; p. of money đồng tiền","In Economy & Trade, 'piece' is an essential term. [Trong Kinh tế & Thương mại, ""piece"" là một thuật ngữ quan trọng.]",en,economy_trade,single_word,B2
15ec09ab-8295-4859-92c4-c90455305dc3,taxi,/ˈtæksi/,xe tắc xi; đi tắc xi,"In Economy & Trade, 'taxi' is an essential term. [Trong Kinh tế & Thương mại, ""taxi"" là một thuật ngữ quan trọng.]",en,economy_trade,single_word,C1
7f488414-3535-4ec2-99a3-3f6816ed4047,abortion,/əˈbɔːʃn/,"sự sẩy thai, sự phá thai; sự nạo thai; người lùn tịt; đứa bé đẻ non, vật đẻ non; vật dị dạng, quái thai","In Economy & Trade, 'abortion' is an essential term. [Trong Kinh tế & Thương mại, ""abortion"" là một thuật ngữ quan trọng.]",en,economy_trade,single_word,B1
5ba2a5fe-8437-413d-a249-9f7451abdcfb,accelerate,/əkˈseləreɪt/,"tăng tốc, gia tốc, làm nhanh","In Economy & Trade, 'accelerate' is an essential term. [Trong Kinh tế & Thương mại, ""accelerate"" là một thuật ngữ quan trọng.]",en,economy_trade,single_word,B2
b06a37ca-840c-4b1b-9178-2936979589cb,accurate,/ˈækjərət/,chính xác; a. to five decimalplaces chính xác dến năm số thập phân,"In Economy & Trade, 'accurate' is an essential term. [Trong Kinh tế & Thương mại, ""accurate"" là một thuật ngữ quan trọng.]",en,economy_trade,single_word,C1
25c80d06-43c5-40a3-a1ca-08f078c3ad5b,accurately,/ˈækjərətli/,"đúng đắn, chính xác, xác đáng","In Economy & Trade, 'accurately' is an essential term. [Trong Kinh tế & Thương mại, ""accurately"" là một thuật ngữ quan trọng.]",en,economy_trade,single_word,B1
83fb35cc-c832-451e-ab81-856a70f5cb26,adjustment,/əˈdʒʌstmənt/,sự điều chỉnh; a. of rates mt đặc trưng của các tỷ số thống kê,"In Economy & Trade, 'adjustment' is an essential term. [Trong Kinh tế & Thương mại, ""adjustment"" là một thuật ngữ quan trọng.]",en,economy_trade,single_word,B2
be9a5285-d4f0-489b-a014-bd0047f9928a,afford,/əˈfɔːd/,"có thể, có đủ sức, có đủ khả năng, có đủ điều kiện; cho, tạo cho, cấp cho, ban cho","In Economy & Trade, 'afford' is an essential term. [Trong Kinh tế & Thương mại, ""afford"" là một thuật ngữ quan trọng.]",en,economy_trade,single_word,C1
961871f1-e343-4fe8-b344-73454f35dee9,aid,/eɪd/,"thêm vào, phụ vào // sự thêm vào, sư phụ vào; training a. sách giáo khoa","In Economy & Trade, 'aid' is an essential term. [Trong Kinh tế & Thương mại, ""aid"" là một thuật ngữ quan trọng.]",en,economy_trade,single_word,B1
c991691b-e1a5-47a8-ada2-61b58e58a67c,allocation,/ˌæləˈkeɪʃn/,"sự sắp xếp, sự phân bố; optimum a. tk sự phân bố tối ưu","In Economy & Trade, 'allocation' is an essential term. [Trong Kinh tế & Thương mại, ""allocation"" là một thuật ngữ quan trọng.]",en,economy_trade,single_word,B2
06204012-26e3-445e-a355-f68c862603e1,allowance,/əˈlaʊəns/,cho vay tiếp;  tiền trợ cấp; tiền hoa hồng,"In Economy & Trade, 'allowance' is an essential term. [Trong Kinh tế & Thương mại, ""allowance"" là một thuật ngữ quan trọng.]",en,economy_trade,single_word,C1
8baaf34e-1b3f-46c8-abed-c087fde3d330,audit,/ˈɔːdɪt/,"thử, kiểm nghiệm","In Economy & Trade, 'audit' is an essential term. [Trong Kinh tế & Thương mại, ""audit"" là một thuật ngữ quan trọng.]",en,economy_trade,single_word,B1
7423cb27-05cd-4593-ad50-93362a6c9523,award,/əˈwɔːd/,"phần thưởng, tặng thưởng; sự quyết định của quan toà, của hội đồng giám khảo...","In Economy & Trade, 'award' is an essential term. [Trong Kinh tế & Thương mại, ""award"" là một thuật ngữ quan trọng.]",en,economy_trade,single_word,B2
4d1534f2-3a0d-4be8-9ee1-81214baef028,backing,/ˈbækɪŋ/,sự giúp đỡ; sự ủng hộ; những người ủng hộ,"In Economy & Trade, 'backing' is an essential term. [Trong Kinh tế & Thương mại, ""backing"" là một thuật ngữ quan trọng.]",en,economy_trade,single_word,C1
876a99a4-998c-4650-91c3-11d2e726e7fb,boundary,/ˈbaʊndri/,"biên, biên giới, giới hạn; b. of a chain biên giới của một dây chuyển","In Economy & Trade, 'boundary' is an essential term. [Trong Kinh tế & Thương mại, ""boundary"" là một thuật ngữ quan trọng.]",en,economy_trade,single_word,B1
b95bf1a0-01c2-4b4e-b6c5-fa462834b92b,camera,/ˈkæmrə/,"máy hình, máy ảnh; máy thu hình [TV], máy quay truyền hình; máy quay phim","In Economy & Trade, 'camera' is an essential term. [Trong Kinh tế & Thương mại, ""camera"" là một thuật ngữ quan trọng.]",en,economy_trade,single_word,B2
872aab0b-700a-41ad-8629-039971ed3357,case,/keɪs/,trường hợp in c. trong trường hợp; degenerate c. trường hợp suy biến,"In Economy & Trade, 'case' is an essential term. [Trong Kinh tế & Thương mại, ""case"" là một thuật ngữ quan trọng.]",en,economy_trade,single_word,C1
0be865a2-e3c1-4e15-992e-d1f97326e279,casino,/kəˈsiːnəʊ/,"câu lạc bộ, nhà chơi; sòng bạc","In Economy & Trade, 'casino' is an essential term. [Trong Kinh tế & Thương mại, ""casino"" là một thuật ngữ quan trọng.]",en,economy_trade,single_word,B1
97a67fc2-fc45-42e1-8e66-807fb637ce15,celebration,/ˌselɪˈbreɪʃn/,"sự kỷ niệm; lễ kỷ niệm; sự tán dương, sự ca tụng","In Economy & Trade, 'celebration' is an essential term. [Trong Kinh tế & Thương mại, ""celebration"" là một thuật ngữ quan trọng.]",en,economy_trade,single_word,B2
0979fdcb-7387-40a6-8cf8-7c2d804651cf,cent,/sent/,một trăm per c. phần trăm,"In Economy & Trade, 'cent' is an essential term. [Trong Kinh tế & Thương mại, ""cent"" là một thuật ngữ quan trọng.]",en,economy_trade,single_word,C1
9012a7a6-59b9-4869-8ea7-1ee9c066887b,chapter,/ˈtʃæptə(r)/,chương  // chia thành chương,"In Economy & Trade, 'chapter' is an essential term. [Trong Kinh tế & Thương mại, ""chapter"" là một thuật ngữ quan trọng.]",en,economy_trade,single_word,B1
00c6b0db-9342-429c-aec4-c0a84ff8c5bc,charge,/tʃɑːdʒ/,sự nạp điện; giá cả; sự chi tiêu; trọng tài; maintainance c.s  chi phí sử dụng,"In Economy & Trade, 'charge' is an essential term. [Trong Kinh tế & Thương mại, ""charge"" là một thuật ngữ quan trọng.]",en,economy_trade,single_word,B2
f4ebf595-f866-4f9b-83ed-ca3136e041e9,chief,/tʃiːf/,"chính, cơ bản","In Economy & Trade, 'chief' is an essential term. [Trong Kinh tế & Thương mại, ""chief"" là một thuật ngữ quan trọng.]",en,economy_trade,single_word,C1
245cddb2-18ba-41d6-9a58-de437e835d66,clip,/klɪp/,cái kẹp; đầu nối; kẹp,"In Economy & Trade, 'clip' is an essential term. [Trong Kinh tế & Thương mại, ""clip"" là một thuật ngữ quan trọng.]",en,economy_trade,single_word,B1
2d92947b-47a4-4095-adb7-a2ed7d601d1d,coin,/kɔɪn/,"tiền bằng kim loại, đồng tiền; biased c. đồng tiền không đối xứng","In Economy & Trade, 'coin' is an essential term. [Trong Kinh tế & Thương mại, ""coin"" là một thuật ngữ quan trọng.]",en,economy_trade,single_word,B2
e854c3ce-bd7f-4d65-9988-cb2140cb95a5,compensation,/ˌkɒmpenˈseɪʃn/,"sự bù, sự bồi thường, sự bổ chính","In Economy & Trade, 'compensation' is an essential term. [Trong Kinh tế & Thương mại, ""compensation"" là một thuật ngữ quan trọng.]",en,economy_trade,single_word,C1
1d93b436-80d1-43d8-8131-7dc03ec43a17,compound,/ˈkɒmpaʊnd/,"phức, đa hợp","In Economy & Trade, 'compound' is an essential term. [Trong Kinh tế & Thương mại, ""compound"" là một thuật ngữ quan trọng.]",en,economy_trade,single_word,B1
a1ed4bbd-f043-4ceb-a31b-4d4edd6f1a28,concentrate,/ˈkɒnsntreɪt/,tập trung; cô,"In Economy & Trade, 'concentrate' is an essential term. [Trong Kinh tế & Thương mại, ""concentrate"" là một thuật ngữ quan trọng.]",en,economy_trade,single_word,B2
23247da1-a359-4dae-b6f9-39bd8d3a1ef0,considerable,/kənˈsɪdərəbl/,"đáng kể, to tát, lớn; có vai vế, có thế lực quan trọng","In Economy & Trade, 'considerable' is an essential term. [Trong Kinh tế & Thương mại, ""considerable"" là một thuật ngữ quan trọng.]",en,economy_trade,single_word,C1
11235320-1966-4801-b533-85c9727d32fb,contribute,/kənˈtrɪbjuːt/,"đóng góp, cộng tác","In Economy & Trade, 'contribute' is an essential term. [Trong Kinh tế & Thương mại, ""contribute"" là một thuật ngữ quan trọng.]",en,economy_trade,single_word,B1
26ed6e3f-e79a-46f9-9d31-2a42fd52e42e,cooperate,/kəʊˈɒpəreɪt/,hợp tác,"In Economy & Trade, 'cooperate' is an essential term. [Trong Kinh tế & Thương mại, ""cooperate"" là một thuật ngữ quan trọng.]",en,economy_trade,single_word,B2
b593f668-8a3b-4d74-b66c-b188cf70d164,core,/kɔː(r)/,"lõi; thực chất, bản chất; c. of sequence  lõi của một dãy","In Economy & Trade, 'core' is an essential term. [Trong Kinh tế & Thương mại, ""core"" là một thuật ngữ quan trọng.]",en,economy_trade,single_word,C1
07f96052-01b5-4007-87d5-03db1af4d285,correct,/kəˈrekt/,"đúng, chính xác ; hiệu chỉnh, chỉnh sửa","In Economy & Trade, 'correct' is an essential term. [Trong Kinh tế & Thương mại, ""correct"" là một thuật ngữ quan trọng.]",en,economy_trade,single_word,B1
912abb7c-a702-4037-8095-53b29fd441d8,correction,/kəˈrekʃn/,"sự sửa chữa, sự hiệu đính; c. for continue sửa cho liên tục; c. for lag sửa trễ","In Economy & Trade, 'correction' is an essential term. [Trong Kinh tế & Thương mại, ""correction"" là một thuật ngữ quan trọng.]",en,economy_trade,single_word,B2
c910393b-24a7-4066-acb7-deba549b399c,correctly,/kəˈrektli/,"đúng cách thức, phù hợp; đúng đắn, nghiêm chỉnh","In Economy & Trade, 'correctly' is an essential term. [Trong Kinh tế & Thương mại, ""correctly"" là một thuật ngữ quan trọng.]",en,economy_trade,single_word,C1
4befca97-f92a-4228-96db-ce3d35cdd42e,corrupt,/kəˈrʌpt/,"bị đút lót, bị mua chuộc, ăn hối lộ; đồi bại, thối nát, mục nát","In Economy & Trade, 'corrupt' is an essential term. [Trong Kinh tế & Thương mại, ""corrupt"" là một thuật ngữ quan trọng.]",en,economy_trade,single_word,B1
ce5504a9-e9ae-4c8b-98cf-9efee1ea7fe8,crisis,/ˈkraɪsɪs/,khủng hoảng,"In Economy & Trade, 'crisis' is an essential term. [Trong Kinh tế & Thương mại, ""crisis"" là một thuật ngữ quan trọng.]",en,economy_trade,single_word,B2
80fc0dc6-d014-4af1-8d64-2cf39c7ecf4e,crucial,/ˈkruːʃl/,"quyết định; cốt yếu, chủ yếu; hình chữ thập","In Economy & Trade, 'crucial' is an essential term. [Trong Kinh tế & Thương mại, ""crucial"" là một thuật ngữ quan trọng.]",en,economy_trade,single_word,C1
865dbe84-4721-4c92-a224-ca3b733c273c,decision-making,/dɪˈsɪʒn meɪkɪŋ/,ra quyết định,"In Economy & Trade, 'decision-making' is an essential term. [Trong Kinh tế & Thương mại, ""decision-making"" là một thuật ngữ quan trọng.]",en,economy_trade,single_word,B1
378920a2-9560-4adc-aa97-d747a450b1a5,decisive,/dɪˈsaɪsɪv/,"quyết định; kiên quyết, quả quyết, dứt khoát","In Economy & Trade, 'decisive' is an essential term. [Trong Kinh tế & Thương mại, ""decisive"" là một thuật ngữ quan trọng.]",en,economy_trade,single_word,B2
91513e07-3ee3-4f1a-b73a-b01e94e6cf8d,fiscal barrier,/fiscal barrier/,tài khóa rào cản,"In Economy & Trade, fiscal barrier plays an integral role. [Trong Kinh tế & Thương mại, tài khóa rào cản đóng vai trò thiết yếu.]",en,economy_trade,phrase,B1
bc3e6f28-35b1-4483-af6e-d55c99e3a9c6,fiscal recovery,/fiscal recovery/,tài khóa phục hồi,"In Economy & Trade, fiscal recovery plays an integral role. [Trong Kinh tế & Thương mại, tài khóa phục hồi đóng vai trò thiết yếu.]",en,economy_trade,phrase,C1
6253c21b-d1e6-4ca1-bb56-b4300010b37c,fiscal stagnation,/fiscal stagnation/,tài khóa trì trệ,"In Economy & Trade, fiscal stagnation plays an integral role. [Trong Kinh tế & Thương mại, tài khóa trì trệ đóng vai trò thiết yếu.]",en,economy_trade,phrase,B1
fa7b6849-3f89-4ffd-9d50-bd23bac0e78d,fiscal integration,/fiscal integration/,tài khóa hội nhập,"In Economy & Trade, fiscal integration plays an integral role. [Trong Kinh tế & Thương mại, tài khóa hội nhập đóng vai trò thiết yếu.]",en,economy_trade,phrase,B2
b351a343-ae8a-478c-8b83-540f3a625528,fiscal equilibrium,/fiscal equilibrium/,tài khóa cân bằng,"In Economy & Trade, fiscal equilibrium plays an integral role. [Trong Kinh tế & Thương mại, tài khóa cân bằng đóng vai trò thiết yếu.]",en,economy_trade,phrase,C1
3bdfb674-45cd-40b8-b42a-eacf85336680,monetary barrier,/monetary barrier/,tiền tệ rào cản,"In Economy & Trade, monetary barrier plays an integral role. [Trong Kinh tế & Thương mại, tiền tệ rào cản đóng vai trò thiết yếu.]",en,economy_trade,phrase,B2
84e7e2dc-c740-40c1-a6f5-124e04c8c85e,monetary recovery,/monetary recovery/,tiền tệ phục hồi,"In Economy & Trade, monetary recovery plays an integral role. [Trong Kinh tế & Thương mại, tiền tệ phục hồi đóng vai trò thiết yếu.]",en,economy_trade,phrase,B1
9e7d9e4a-ba8c-4376-94a7-c1f0621a2767,monetary stagnation,/monetary stagnation/,tiền tệ trì trệ,"In Economy & Trade, monetary stagnation plays an integral role. [Trong Kinh tế & Thương mại, tiền tệ trì trệ đóng vai trò thiết yếu.]",en,economy_trade,phrase,B2
57279037-d261-43ae-bf6a-d0bbf652c20a,monetary integration,/monetary integration/,tiền tệ hội nhập,"In Economy & Trade, monetary integration plays an integral role. [Trong Kinh tế & Thương mại, tiền tệ hội nhập đóng vai trò thiết yếu.]",en,economy_trade,phrase,C1
1f6c24b9-b22d-466b-b2e8-35647646741e,monetary equilibrium,/monetary equilibrium/,tiền tệ cân bằng,"In Economy & Trade, monetary equilibrium plays an integral role. [Trong Kinh tế & Thương mại, tiền tệ cân bằng đóng vai trò thiết yếu.]",en,economy_trade,phrase,B1
f51c12dd-8ac0-42f0-80fb-45a70524e9f5,economic barrier,/economic barrier/,kinh tế rào cản,"In Economy & Trade, economic barrier plays an integral role. [Trong Kinh tế & Thương mại, kinh tế rào cản đóng vai trò thiết yếu.]",en,economy_trade,phrase,C1
4e969164-1ecc-4634-ae09-8f6d69e923f8,economic recovery,/economic recovery/,kinh tế phục hồi,"In Economy & Trade, economic recovery plays an integral role. [Trong Kinh tế & Thương mại, kinh tế phục hồi đóng vai trò thiết yếu.]",en,economy_trade,phrase,B2
df892c72-25ea-4921-92cd-2e7702d76546,economic stagnation,/economic stagnation/,kinh tế trì trệ,"In Economy & Trade, economic stagnation plays an integral role. [Trong Kinh tế & Thương mại, kinh tế trì trệ đóng vai trò thiết yếu.]",en,economy_trade,phrase,C1
b47024e1-8c9f-41ba-913b-a9ceea9fd8d1,economic integration,/economic integration/,kinh tế hội nhập,"In Economy & Trade, economic integration plays an integral role. [Trong Kinh tế & Thương mại, kinh tế hội nhập đóng vai trò thiết yếu.]",en,economy_trade,phrase,B1
e8d1db1c-c386-4be6-8091-0fb4fcc6f80c,economic equilibrium,/economic equilibrium/,kinh tế cân bằng,"In Economy & Trade, economic equilibrium plays an integral role. [Trong Kinh tế & Thương mại, kinh tế cân bằng đóng vai trò thiết yếu.]",en,economy_trade,phrase,B2
0862c25d-4ba5-4f84-8423-4bd639f984f6,trade deficit,/trade deficit/,thương mại thâm hụt,"In Economy & Trade, trade deficit plays an integral role. [Trong Kinh tế & Thương mại, thương mại thâm hụt đóng vai trò thiết yếu.]",en,economy_trade,phrase,B1
19eae26b-5874-4f82-98f9-cc80a1e356c4,trade surplus,/trade surplus/,thương mại thặng dư,"In Economy & Trade, trade surplus plays an integral role. [Trong Kinh tế & Thương mại, thương mại thặng dư đóng vai trò thiết yếu.]",en,economy_trade,phrase,B2
5ac1923a-2d22-4fe1-b7ad-405136020111,trade policy,/trade policy/,thương mại chính sách,"In Economy & Trade, trade policy plays an integral role. [Trong Kinh tế & Thương mại, thương mại chính sách đóng vai trò thiết yếu.]",en,economy_trade,phrase,C1
6b1607d4-be00-44fc-a5f1-0c4eb73d60d2,trade barrier,/trade barrier/,thương mại rào cản,"In Economy & Trade, trade barrier plays an integral role. [Trong Kinh tế & Thương mại, thương mại rào cản đóng vai trò thiết yếu.]",en,economy_trade,phrase,B1
1f95f58e-2a51-442b-8b69-fed697788323,trade growth,/trade growth/,thương mại tăng trưởng,"In Economy & Trade, trade growth plays an integral role. [Trong Kinh tế & Thương mại, thương mại tăng trưởng đóng vai trò thiết yếu.]",en,economy_trade,phrase,B2
fc44a64d-cf1e-4d23-876d-4ed42b7bd641,trade recovery,/trade recovery/,thương mại phục hồi,"In Economy & Trade, trade recovery plays an integral role. [Trong Kinh tế & Thương mại, thương mại phục hồi đóng vai trò thiết yếu.]",en,economy_trade,phrase,C1
5643df00-e4b1-4e98-9383-e21c89c7e383,trade stagnation,/trade stagnation/,thương mại trì trệ,"In Economy & Trade, trade stagnation plays an integral role. [Trong Kinh tế & Thương mại, thương mại trì trệ đóng vai trò thiết yếu.]",en,economy_trade,phrase,B1
76e58ad1-0b2b-4ec1-9fd4-4cc2118243df,trade integration,/trade integration/,thương mại hội nhập,"In Economy & Trade, trade integration plays an integral role. [Trong Kinh tế & Thương mại, thương mại hội nhập đóng vai trò thiết yếu.]",en,economy_trade,phrase,B2
dff299bd-90cc-4c65-8099-7019142f747e,trade equilibrium,/trade equilibrium/,thương mại cân bằng,"In Economy & Trade, trade equilibrium plays an integral role. [Trong Kinh tế & Thương mại, thương mại cân bằng đóng vai trò thiết yếu.]",en,economy_trade,phrase,C1
63552c4c-6e81-4452-887f-9f80e6eadcfc,trade stimulus,/trade stimulus/,thương mại kích thích,"In Economy & Trade, trade stimulus plays an integral role. [Trong Kinh tế & Thương mại, thương mại kích thích đóng vai trò thiết yếu.]",en,economy_trade,phrase,B1
6312d1df-d7ff-4f11-b092-fc8b6f1a579b,global barrier,/global barrier/,toàn cầu rào cản,"In Economy & Trade, global barrier plays an integral role. [Trong Kinh tế & Thương mại, toàn cầu rào cản đóng vai trò thiết yếu.]",en,economy_trade,phrase,B2
c281f512-f1d8-44a0-996e-03507d0c029e,global recovery,/global recovery/,toàn cầu phục hồi,"In Economy & Trade, global recovery plays an integral role. [Trong Kinh tế & Thương mại, toàn cầu phục hồi đóng vai trò thiết yếu.]",en,economy_trade,phrase,B1
fd19bedd-67ae-49d2-bf98-15e6ec8fe066,global stagnation,/global stagnation/,toàn cầu trì trệ,"In Economy & Trade, global stagnation plays an integral role. [Trong Kinh tế & Thương mại, toàn cầu trì trệ đóng vai trò thiết yếu.]",en,economy_trade,phrase,B2
ef154214-dc05-40f0-bb5a-7ced298876fd,global integration,/global integration/,toàn cầu hội nhập,"In Economy & Trade, global integration plays an integral role. [Trong Kinh tế & Thương mại, toàn cầu hội nhập đóng vai trò thiết yếu.]",en,economy_trade,phrase,C1
f4680da1-f8d7-42bc-a599-7d4859c34799,global equilibrium,/global equilibrium/,toàn cầu cân bằng,"In Economy & Trade, global equilibrium plays an integral role. [Trong Kinh tế & Thương mại, toàn cầu cân bằng đóng vai trò thiết yếu.]",en,economy_trade,phrase,B1
23b58cf8-1e9b-420f-b333-8d94c7653528,consumer deficit,/consumer deficit/,tiêu dùng thâm hụt,"In Economy & Trade, consumer deficit plays an integral role. [Trong Kinh tế & Thương mại, tiêu dùng thâm hụt đóng vai trò thiết yếu.]",en,economy_trade,phrase,C1
867975b4-eaa4-4e93-b7b4-db1dce3cfba7,consumer surplus,/consumer surplus/,tiêu dùng thặng dư,"In Economy & Trade, consumer surplus plays an integral role. [Trong Kinh tế & Thương mại, tiêu dùng thặng dư đóng vai trò thiết yếu.]",en,economy_trade,phrase,B1
e8bfd33a-5c82-48c6-b8b0-1be8582bec05,consumer policy,/consumer policy/,tiêu dùng chính sách,"In Economy & Trade, consumer policy plays an integral role. [Trong Kinh tế & Thương mại, tiêu dùng chính sách đóng vai trò thiết yếu.]",en,economy_trade,phrase,B2
2c15f1f6-7158-4107-b16d-10a129879797,consumer barrier,/consumer barrier/,tiêu dùng rào cản,"In Economy & Trade, consumer barrier plays an integral role. [Trong Kinh tế & Thương mại, tiêu dùng rào cản đóng vai trò thiết yếu.]",en,economy_trade,phrase,C1
66b6b8de-2ec7-4bc1-b02d-320851e3ee02,consumer growth,/consumer growth/,tiêu dùng tăng trưởng,"In Economy & Trade, consumer growth plays an integral role. [Trong Kinh tế & Thương mại, tiêu dùng tăng trưởng đóng vai trò thiết yếu.]",en,economy_trade,phrase,B1
16a5f2e1-6781-4df3-aa4d-839495301d03,consumer recovery,/consumer recovery/,tiêu dùng phục hồi,"In Economy & Trade, consumer recovery plays an integral role. [Trong Kinh tế & Thương mại, tiêu dùng phục hồi đóng vai trò thiết yếu.]",en,economy_trade,phrase,B2
6a540d22-ee62-41d7-a56e-63575541249a,consumer stagnation,/consumer stagnation/,tiêu dùng trì trệ,"In Economy & Trade, consumer stagnation plays an integral role. [Trong Kinh tế & Thương mại, tiêu dùng trì trệ đóng vai trò thiết yếu.]",en,economy_trade,phrase,C1
0f3e34b2-0de8-4a14-b30c-221bcdd60efc,consumer integration,/consumer integration/,tiêu dùng hội nhập,"In Economy & Trade, consumer integration plays an integral role. [Trong Kinh tế & Thương mại, tiêu dùng hội nhập đóng vai trò thiết yếu.]",en,economy_trade,phrase,B1
f70fd437-6bb3-454e-84b5-dc62aab6de6c,consumer equilibrium,/consumer equilibrium/,tiêu dùng cân bằng,"In Economy & Trade, consumer equilibrium plays an integral role. [Trong Kinh tế & Thương mại, tiêu dùng cân bằng đóng vai trò thiết yếu.]",en,economy_trade,phrase,B2
de193a18-1e7f-48a3-b40a-587aa71a69de,consumer stimulus,/consumer stimulus/,tiêu dùng kích thích,"In Economy & Trade, consumer stimulus plays an integral role. [Trong Kinh tế & Thương mại, tiêu dùng kích thích đóng vai trò thiết yếu.]",en,economy_trade,phrase,C1
aa08cb95-aa00-423b-9a4d-a02836d8d197,market deficit,/market deficit/,thị trường thâm hụt,"In Economy & Trade, market deficit plays an integral role. [Trong Kinh tế & Thương mại, thị trường thâm hụt đóng vai trò thiết yếu.]",en,economy_trade,phrase,B1
d4d233bf-cb7d-48e7-9b43-e7466fdd8d1e,market surplus,/market surplus/,thị trường thặng dư,"In Economy & Trade, market surplus plays an integral role. [Trong Kinh tế & Thương mại, thị trường thặng dư đóng vai trò thiết yếu.]",en,economy_trade,phrase,B2
04fe2e28-2276-4bce-beba-bbcecbc525c0,market policy,/market policy/,thị trường chính sách,"In Economy & Trade, market policy plays an integral role. [Trong Kinh tế & Thương mại, thị trường chính sách đóng vai trò thiết yếu.]",en,economy_trade,phrase,C1
419b1e3c-0931-4c5e-86db-7acece38ea8c,market barrier,/market barrier/,thị trường rào cản,"In Economy & Trade, market barrier plays an integral role. [Trong Kinh tế & Thương mại, thị trường rào cản đóng vai trò thiết yếu.]",en,economy_trade,phrase,B1
7e016c79-b385-4262-a56f-2a2c77ae94bd,market growth,/market growth/,thị trường tăng trưởng,"In Economy & Trade, market growth plays an integral role. [Trong Kinh tế & Thương mại, thị trường tăng trưởng đóng vai trò thiết yếu.]",en,economy_trade,phrase,B2
6f84ca99-7f3d-426a-9ea5-0f21c9b557b7,market recovery,/market recovery/,thị trường phục hồi,"In Economy & Trade, market recovery plays an integral role. [Trong Kinh tế & Thương mại, thị trường phục hồi đóng vai trò thiết yếu.]",en,economy_trade,phrase,C1
66f60650-41b3-4c13-ae63-793bb346faa7,market stagnation,/market stagnation/,thị trường trì trệ,"In Economy & Trade, market stagnation plays an integral role. [Trong Kinh tế & Thương mại, thị trường trì trệ đóng vai trò thiết yếu.]",en,economy_trade,phrase,B1
bc51ae2d-be90-4736-bb6f-dac0dc9179ac,market integration,/market integration/,thị trường hội nhập,"In Economy & Trade, market integration plays an integral role. [Trong Kinh tế & Thương mại, thị trường hội nhập đóng vai trò thiết yếu.]",en,economy_trade,phrase,B2
fdb20006-0149-495a-a24a-5c6783c31299,market equilibrium,/market equilibrium/,thị trường cân bằng,"In Economy & Trade, market equilibrium plays an integral role. [Trong Kinh tế & Thương mại, thị trường cân bằng đóng vai trò thiết yếu.]",en,economy_trade,phrase,C1
9bcdf2be-c403-45a8-911f-ec9c71a943a5,market stimulus,/market stimulus/,thị trường kích thích,"In Economy & Trade, market stimulus plays an integral role. [Trong Kinh tế & Thương mại, thị trường kích thích đóng vai trò thiết yếu.]",en,economy_trade,phrase,B1
54137108-485e-484a-9592-fac4e9a3b3cf,secretary,/ˈsekrətri/,"thư ký, bí thư; bộ trưởng, tổng trưởng","In Business & Workplace, 'secretary' is an essential term. [Trong Kinh doanh & Công sở, ""secretary"" là một thuật ngữ quan trọng.]",en,business_workplace,single_word,B1
d1b64e8e-ff71-4db7-939e-81cb870f25f8,assignment,/əˈsaɪnmənt/,"sự phân bổ, sự phân công; phép gán; state a.  phép gán mã trạng thái","In Business & Workplace, 'assignment' is an essential term. [Trong Kinh doanh & Công sở, ""assignment"" là một thuật ngữ quan trọng.]",en,business_workplace,single_word,B2
84a6f7b9-12c3-4fd6-b74e-45a793e0071b,conference,/ˈkɒnfərəns/,"sự bàn bạc, sự hội ý; hội nghị","In Business & Workplace, 'conference' is an essential term. [Trong Kinh doanh & Công sở, ""conference"" là một thuật ngữ quan trọng.]",en,business_workplace,single_word,C1
59374cb7-aadb-44a8-acac-a8b5dacd2f61,contractor,/kənˈtræktə(r)/,"thầu khoán, người đấu thầu, người thầu; cơ co","In Business & Workplace, 'contractor' is an essential term. [Trong Kinh doanh & Công sở, ""contractor"" là một thuật ngữ quan trọng.]",en,business_workplace,single_word,B1
ab42295c-642d-473e-aab3-f22b219ba249,crew,/kruː/,"toàn bộ thuỷ thủ trên tàu; toàn bộ người lái và nhân viên trên máy bay; ban nhóm, đội","In Business & Workplace, 'crew' is an essential term. [Trong Kinh doanh & Công sở, ""crew"" là một thuật ngữ quan trọng.]",en,business_workplace,single_word,B2
84c02314-9e61-4cd9-8e7d-74a11ea3ee44,detective,/dɪˈtektɪv/,"để dò ra, để tìm ra, để khám phá ra, để phát hiện ra; trinh thám; thám tử trinh thám","In Business & Workplace, 'detective' is an essential term. [Trong Kinh doanh & Công sở, ""detective"" là một thuật ngữ quan trọng.]",en,business_workplace,single_word,C1
f55f7323-c3aa-4a90-a341-304b4ab443f4,director,/dəˈrektə(r)/,thiết bị chỉ hướng; dụng cụ điều khiển; fire control d. dụng cụ điều khiển pháo,"In Business & Workplace, 'director' is an essential term. [Trong Kinh doanh & Công sở, ""director"" là một thuật ngữ quan trọng.]",en,business_workplace,single_word,B1
c69b228a-c471-4627-8a72-c5ed70fbd92d,experienced,/ɪkˈspɪəriənst/,"có kinh nghiệm, hiểu biết","In Business & Workplace, 'experienced' is an essential term. [Trong Kinh doanh & Công sở, ""experienced"" là một thuật ngữ quan trọng.]",en,business_workplace,single_word,B2
0cab870c-c272-45bf-ae81-e38c7006da2a,expertise,/ˌekspɜːˈtiːz/,"sự thành thạo, sự tinh thông; tài chuyên môn; ý kiến về mặt chuyên môn","In Business & Workplace, 'expertise' is an essential term. [Trong Kinh doanh & Công sở, ""expertise"" là một thuật ngữ quan trọng.]",en,business_workplace,single_word,C1
ed6ef11f-94f0-45e8-962b-bb0bc70577cc,furniture,/ˈfɜːnɪtʃə(r)/,đồ đạc; trang bị,"In Business & Workplace, 'furniture' is an essential term. [Trong Kinh doanh & Công sở, ""furniture"" là một thuật ngữ quan trọng.]",en,business_workplace,single_word,B1
a4d9b309-067e-4164-a258-0f805dffb346,instructor,/ɪnˈstrʌktə(r)/,"người dạy, thầy giáo; trợ giáo","In Business & Workplace, 'instructor' is an essential term. [Trong Kinh doanh & Công sở, ""instructor"" là một thuật ngữ quan trọng.]",en,business_workplace,single_word,B2
c4478104-c53a-4fc1-98e2-41cc68e267b6,landlord,/ˈlændlɔːd/,"chủ nhà; chủ quán trọ, chủ khách sạn","In Business & Workplace, 'landlord' is an essential term. [Trong Kinh doanh & Công sở, ""landlord"" là một thuật ngữ quan trọng.]",en,business_workplace,single_word,C1
1f5c0ef3-d1fd-47f6-add2-c3c981724ea4,nursing,/ˈnɜːsɪŋ/,"sự chăm sóc bệnh nhân, sự điều dưỡng","In Business & Workplace, 'nursing' is an essential term. [Trong Kinh doanh & Công sở, ""nursing"" là một thuật ngữ quan trọng.]",en,business_workplace,single_word,B1
add523dd-388d-4c41-8cb9-58d7b1c9497d,promotion,/prəˈməʊʃn/,"sự thăng chức, sự thăng cấp, sự đề bạt; sự cho lên lớp; sự đẩy mạnh, sự xúc tiến; sự khuyến khích","In Business & Workplace, 'promotion' is an essential term. [Trong Kinh doanh & Công sở, ""promotion"" là một thuật ngữ quan trọng.]",en,business_workplace,single_word,B2
598c1c4b-c667-4dfd-8821-855b585f1b02,retire,/rɪˈtaɪə(r)/,"rời bỏ, đi ra, rút về, lui về; đi ngủ  to retire to bed)","In Business & Workplace, 'retire' is an essential term. [Trong Kinh doanh & Công sở, ""retire"" là một thuật ngữ quan trọng.]",en,business_workplace,single_word,C1
92590a72-a09e-42ea-bfc8-7456f6ee6e05,retirement,/rɪˈtaɪəmənt/,"sự ẩn dật; nơi hẻo lánh, nơi ẩn dật","In Business & Workplace, 'retirement' is an essential term. [Trong Kinh doanh & Công sở, ""retirement"" là một thuật ngữ quan trọng.]",en,business_workplace,single_word,B1
626bea23-2bdc-47b6-bfa4-d9e1e761a0b8,schedule,/ˈʃedjuːl/,"thời khoa biểu, chương trình; design s.  bản tính","In Business & Workplace, 'schedule' is an essential term. [Trong Kinh doanh & Công sở, ""schedule"" là một thuật ngữ quan trọng.]",en,business_workplace,single_word,B2
9712481c-a1dd-41a0-be48-52d94805d717,shift,/ʃɪft/,"sự rời chỗ, sự chuyển mạch; figure s.  chuyển mạch in chữ số","In Business & Workplace, 'shift' is an essential term. [Trong Kinh doanh & Công sở, ""shift"" là một thuật ngữ quan trọng.]",en,business_workplace,single_word,C1
128d15ec-8972-455e-911a-7919ba21db21,suspension,/səˈspenʃn/,"[cách, sự] treo; bifilar s. cách treo hai cây","In Business & Workplace, 'suspension' is an essential term. [Trong Kinh doanh & Công sở, ""suspension"" là một thuật ngữ quan trọng.]",en,business_workplace,single_word,B1
5e411883-9726-4ff1-a914-733388a14c90,union,/ˈjuːniən/,hợp; u. of sets hợp nhất của các tập hợp,"In Business & Workplace, 'union' is an essential term. [Trong Kinh doanh & Công sở, ""union"" là một thuật ngữ quan trọng.]",en,business_workplace,single_word,B2
ce7dd6b6-8746-42d7-bc37-dccb3b732076,able,/ˈeɪbl/,"có năng lực, có tài; có đủ tư cách, có đủ thẩm quyền","In Business & Workplace, 'able' is an essential term. [Trong Kinh doanh & Công sở, ""able"" là một thuật ngữ quan trọng.]",en,business_workplace,single_word,C1
30e72bd0-89d8-46a3-a696-69b499efd82e,accidentally,/ˌæksɪˈdentəli/,"tình cờ, ngẫu nhiên","In Business & Workplace, 'accidentally' is an essential term. [Trong Kinh doanh & Công sở, ""accidentally"" là một thuật ngữ quan trọng.]",en,business_workplace,single_word,B1
b79b0dc7-d68c-4933-b7d5-00d24876f2f7,accommodation,/əˌkɒməˈdeɪʃn/,"điều tiết; thích ứng, thích nghi","In Business & Workplace, 'accommodation' is an essential term. [Trong Kinh doanh & Công sở, ""accommodation"" là một thuật ngữ quan trọng.]",en,business_workplace,single_word,B2
9c158e4e-d4b0-46bd-a1d0-ade1fcae087c,accomplishment,/əˈkʌmplɪʃmənt/,"sự hoàn thành, sự làm xong, sự làm trọn; sự thực hiện","In Business & Workplace, 'accomplishment' is an essential term. [Trong Kinh doanh & Công sở, ""accomplishment"" là một thuật ngữ quan trọng.]",en,business_workplace,single_word,C1
ec8b0467-fd62-4ccb-9529-fce44f9d5079,achievement,/əˈtʃiːvmənt/,"thành tích, thành tựu; sự đạt được, sự giành được; sự hoàn thành","In Business & Workplace, 'achievement' is an essential term. [Trong Kinh doanh & Công sở, ""achievement"" là một thuật ngữ quan trọng.]",en,business_workplace,single_word,B1
642d48e1-99c4-438a-ae05-4c3a5cd7fe66,acquisition,/ˌækwɪˈzɪʃn/,"thu thập, thu nhận","In Business & Workplace, 'acquisition' is an essential term. [Trong Kinh doanh & Công sở, ""acquisition"" là một thuật ngữ quan trọng.]",en,business_workplace,single_word,B2
bf933a95-2d3e-4ab4-ba93-346395644758,administration,/ədˌmɪnɪˈstreɪʃn/,"sự trông nom, sự quản lý; sự cai quản, sự cai trị; chính phủ, chính quyền","In Business & Workplace, 'administration' is an essential term. [Trong Kinh doanh & Công sở, ""administration"" là một thuật ngữ quan trọng.]",en,business_workplace,single_word,C1
12b32cc9-b9d5-41d8-98bf-4957a1c46ca2,administrative,/ədˈmɪnɪstrətɪv/,"hành chính,  quản trị; chính quyền,  nhà nước","In Business & Workplace, 'administrative' is an essential term. [Trong Kinh doanh & Công sở, ""administrative"" là một thuật ngữ quan trọng.]",en,business_workplace,single_word,B1
4da8739a-619c-479a-afb2-c4ee2cee69ea,amateur,/ˈæmətə(r)/,"tài tử; người ham chuộng; có tính chất tài tử, nghiệp dư, không chuyên","In Business & Workplace, 'amateur' is an essential term. [Trong Kinh doanh & Công sở, ""amateur"" là một thuật ngữ quan trọng.]",en,business_workplace,single_word,B2
3adf5832-363a-4b50-b446-c82b534f10f1,analyst,/ˈænəlɪst/,phân tích viên,"In Business & Workplace, 'analyst' is an essential term. [Trong Kinh doanh & Công sở, ""analyst"" là một thuật ngữ quan trọng.]",en,business_workplace,single_word,C1
16cb11dd-6d92-408a-925e-e40f7526429a,announce,/əˈnaʊns/,"báo, loan báo, thông tri; công bố, tuyên bố","In Business & Workplace, 'announce' is an essential term. [Trong Kinh doanh & Công sở, ""announce"" là một thuật ngữ quan trọng.]",en,business_workplace,single_word,B1
94cd472a-73bb-4ebf-a264-1f0654b4e864,arbitrary,/ˈɑːbɪtrəri/,tuỳ ý,"In Business & Workplace, 'arbitrary' is an essential term. [Trong Kinh doanh & Công sở, ""arbitrary"" là một thuật ngữ quan trọng.]",en,business_workplace,single_word,B2
e52f7793-ba77-4876-9740-25d1ffea04c0,architect,/ˈɑːkɪtekt/,"kiến trúc sư; người làm ra, người xây dựng, người sáng tạo","In Business & Workplace, 'architect' is an essential term. [Trong Kinh doanh & Công sở, ""architect"" là một thuật ngữ quan trọng.]",en,business_workplace,single_word,C1
98baf657-98d8-4397-a174-9f6c83daf78b,arrange,/əˈreɪndʒ/,sắp xếp,"In Business & Workplace, 'arrange' is an essential term. [Trong Kinh doanh & Công sở, ""arrange"" là một thuật ngữ quan trọng.]",en,business_workplace,single_word,B1
6462ea3c-2373-46c0-815a-833c886ad1f7,arrangement,/əˈreɪndʒmənt/,"sự sắp xếp, chỉnh hợp","In Business & Workplace, 'arrangement' is an essential term. [Trong Kinh doanh & Công sở, ""arrangement"" là một thuật ngữ quan trọng.]",en,business_workplace,single_word,B2
651b714c-d482-4dbc-8ecb-604a4682357f,assign,/əˈsaɪn/,"gán, định; chia phần","In Business & Workplace, 'assign' is an essential term. [Trong Kinh doanh & Công sở, ""assign"" là một thuật ngữ quan trọng.]",en,business_workplace,single_word,C1
2e4664e4-17f2-462d-902e-e84a002e23f8,assistant,/əˈsɪstənt/,"người giúp đỡ, người phụ tá; trợ giáo;  viên phụ thẩm","In Business & Workplace, 'assistant' is an essential term. [Trong Kinh doanh & Công sở, ""assistant"" là một thuật ngữ quan trọng.]",en,business_workplace,single_word,B1
8a0ed02c-4f0d-42de-ab9d-2f93dc0e27cc,badly,/ˈbædli/,"xấu, tồi, dở, bậy; ác","In Business & Workplace, 'badly' is an essential term. [Trong Kinh doanh & Công sở, ""badly"" là một thuật ngữ quan trọng.]",en,business_workplace,single_word,B2
17f68f5a-fda8-4965-84aa-a863e01cd04e,bean,/biːn/,đậu; hột,"In Business & Workplace, 'bean' is an essential term. [Trong Kinh doanh & Công sở, ""bean"" là một thuật ngữ quan trọng.]",en,business_workplace,single_word,C1
41d4f562-efd4-416a-a904-7718d97edfe2,broken,/ˈbrəʊkən/,"bị [võ, gãy, gấp]","In Business & Workplace, 'broken' is an essential term. [Trong Kinh doanh & Công sở, ""broken"" là một thuật ngữ quan trọng.]",en,business_workplace,single_word,B1
c36a6ff6-4feb-41fd-b9a4-b62959124c0c,burden,/ˈbɜːdn/,"gánh nặng  & ); sức chở, trọng tải","In Business & Workplace, 'burden' is an essential term. [Trong Kinh doanh & Công sở, ""burden"" là một thuật ngữ quan trọng.]",en,business_workplace,single_word,B2
71e841d2-a3e9-4e07-b103-9ae32ee384ed,campaign,/kæmˈpeɪn/,chiến dịch; cuộc vận động,"In Business & Workplace, 'campaign' is an essential term. [Trong Kinh doanh & Công sở, ""campaign"" là một thuật ngữ quan trọng.]",en,business_workplace,single_word,C1
eda304b7-4055-499e-82f0-b05c27d9ff83,candidate,/ˈkændɪdət/,người ứng cử; người dự thi; thí sinh,"In Business & Workplace, 'candidate' is an essential term. [Trong Kinh doanh & Công sở, ""candidate"" là một thuật ngữ quan trọng.]",en,business_workplace,single_word,B1
71b89d9d-3cc9-4ec3-9b13-14d9e68509b4,cell,/sel/,"tế bào; ô, ngăn ; khối; binary c. ô nhị phân","In Business & Workplace, 'cell' is an essential term. [Trong Kinh doanh & Công sở, ""cell"" là một thuật ngữ quan trọng.]",en,business_workplace,single_word,B2
acb96306-11d5-4da8-ba3b-58f6c0214fef,challenge,/ˈtʃælɪndʒ/,"tiếng hô ""đứng lại""; sự thách thức","In Business & Workplace, 'challenge' is an essential term. [Trong Kinh doanh & Công sở, ""challenge"" là một thuật ngữ quan trọng.]",en,business_workplace,single_word,C1
322967f1-717c-4514-82b1-6320ca5000d4,chamber,/ˈtʃeɪmbə(r)/,"buồng, phòng, hộp","In Business & Workplace, 'chamber' is an essential term. [Trong Kinh doanh & Công sở, ""chamber"" là một thuật ngữ quan trọng.]",en,business_workplace,single_word,B1
af22aa69-9d27-4691-818c-bada39a3f9a9,clerk,/klɑːk/,"người thư ký; tu sĩ, giáo sĩ, mục sư  clerk in holy orders)","In Business & Workplace, 'clerk' is an essential term. [Trong Kinh doanh & Công sở, ""clerk"" là một thuật ngữ quan trọng.]",en,business_workplace,single_word,B2
59555f36-fa90-4af6-b9ab-e976fc75588c,collector,/kəˈlektə(r)/,"cực góp , bộ góp ; thanh góp; cái chỉnh lưu; người thu thập","In Business & Workplace, 'collector' is an essential term. [Trong Kinh doanh & Công sở, ""collector"" là một thuật ngữ quan trọng.]",en,business_workplace,single_word,C1
7a71dc0a-b874-4216-b74e-4fcdf55cfd35,commander,/kəˈmɑːndə(r)/,"người điều khiển, người cầm đầu người chỉ huy, sĩ quan chỉ huy; cái vồ lớn","In Business & Workplace, 'commander' is an essential term. [Trong Kinh doanh & Công sở, ""commander"" là một thuật ngữ quan trọng.]",en,business_workplace,single_word,B1
04dcbecb-c593-4d69-9261-c9e8327d1dba,competent,/ˈkɒmpɪtənt/,"có đủ khả năng, có đủ trình độ, thạo giỏi; có thẩm quyền","In Business & Workplace, 'competent' is an essential term. [Trong Kinh doanh & Công sở, ""competent"" là một thuật ngữ quan trọng.]",en,business_workplace,single_word,B2
a0ca9b27-07e0-4015-9e81-114221b46031,corporate advancement,/corporate advancement/,doanh nghiệp thăng tiến,"In Business & Workplace, corporate advancement plays an integral role. [Trong Kinh doanh & Công sở, doanh nghiệp thăng tiến đóng vai trò thiết yếu.]",en,business_workplace,phrase,B2
c8637b3a-37a4-4979-b889-226e6aa88ef2,corporate satisfaction,/corporate satisfaction/,doanh nghiệp hài lòng,"In Business & Workplace, corporate satisfaction plays an integral role. [Trong Kinh doanh & Công sở, doanh nghiệp hài lòng đóng vai trò thiết yếu.]",en,business_workplace,phrase,C1
d67a0c74-0182-4c3a-ae5f-9e6c4347c022,corporate appraisal,/corporate appraisal/,doanh nghiệp đánh giá,"In Business & Workplace, corporate appraisal plays an integral role. [Trong Kinh doanh & Công sở, doanh nghiệp đánh giá đóng vai trò thiết yếu.]",en,business_workplace,phrase,B2
aaf1fd99-5269-4609-8e79-d4783cc59f8c,corporate retention,/corporate retention/,doanh nghiệp giữ chân,"In Business & Workplace, corporate retention plays an integral role. [Trong Kinh doanh & Công sở, doanh nghiệp giữ chân đóng vai trò thiết yếu.]",en,business_workplace,phrase,C1
b6a47786-1206-40d4-a813-412677f74afa,corporate engagement,/corporate engagement/,doanh nghiệp gắn kết,"In Business & Workplace, corporate engagement plays an integral role. [Trong Kinh doanh & Công sở, doanh nghiệp gắn kết đóng vai trò thiết yếu.]",en,business_workplace,phrase,B1
1745df05-a554-4508-9ce6-c87cc66df715,executive advancement,/executive advancement/,điều hành thăng tiến,"In Business & Workplace, executive advancement plays an integral role. [Trong Kinh doanh & Công sở, điều hành thăng tiến đóng vai trò thiết yếu.]",en,business_workplace,phrase,C1
d1665e78-39e0-4a7f-a681-1a9dd9e94a63,executive satisfaction,/executive satisfaction/,điều hành hài lòng,"In Business & Workplace, executive satisfaction plays an integral role. [Trong Kinh doanh & Công sở, điều hành hài lòng đóng vai trò thiết yếu.]",en,business_workplace,phrase,B1
54d10291-42f5-4807-87a7-cde3cf8e7b37,executive appraisal,/executive appraisal/,điều hành đánh giá,"In Business & Workplace, executive appraisal plays an integral role. [Trong Kinh doanh & Công sở, điều hành đánh giá đóng vai trò thiết yếu.]",en,business_workplace,phrase,C1
14a16ebf-23bb-462e-a81a-53380abd414a,executive retention,/executive retention/,điều hành giữ chân,"In Business & Workplace, executive retention plays an integral role. [Trong Kinh doanh & Công sở, điều hành giữ chân đóng vai trò thiết yếu.]",en,business_workplace,phrase,B1
2026af67-c8da-407b-9103-3d6d39b7ef5b,executive engagement,/executive engagement/,điều hành gắn kết,"In Business & Workplace, executive engagement plays an integral role. [Trong Kinh doanh & Công sở, điều hành gắn kết đóng vai trò thiết yếu.]",en,business_workplace,phrase,B2
89df7d0f-4afd-4064-af3a-021338458041,professional advancement,/professional advancement/,chuyên nghiệp thăng tiến,"In Business & Workplace, professional advancement plays an integral role. [Trong Kinh doanh & Công sở, chuyên nghiệp thăng tiến đóng vai trò thiết yếu.]",en,business_workplace,phrase,B1
be22ad65-1362-4533-b6e5-54b1720f243c,professional satisfaction,/professional satisfaction/,chuyên nghiệp hài lòng,"In Business & Workplace, professional satisfaction plays an integral role. [Trong Kinh doanh & Công sở, chuyên nghiệp hài lòng đóng vai trò thiết yếu.]",en,business_workplace,phrase,B2
41f38614-7174-4f74-940e-52a5db67dcba,professional appraisal,/professional appraisal/,chuyên nghiệp đánh giá,"In Business & Workplace, professional appraisal plays an integral role. [Trong Kinh doanh & Công sở, chuyên nghiệp đánh giá đóng vai trò thiết yếu.]",en,business_workplace,phrase,B1
717065f6-88bf-4913-b57c-cf39c9aedf06,professional retention,/professional retention/,chuyên nghiệp giữ chân,"In Business & Workplace, professional retention plays an integral role. [Trong Kinh doanh & Công sở, chuyên nghiệp giữ chân đóng vai trò thiết yếu.]",en,business_workplace,phrase,B2
f277d9e5-60c9-4113-9d90-10dbfe5ea35a,professional engagement,/professional engagement/,chuyên nghiệp gắn kết,"In Business & Workplace, professional engagement plays an integral role. [Trong Kinh doanh & Công sở, chuyên nghiệp gắn kết đóng vai trò thiết yếu.]",en,business_workplace,phrase,C1
e20032ab-1e58-4269-a28a-22f476bdb77e,strategic advancement,/strategic advancement/,chiến lược thăng tiến,"In Business & Workplace, strategic advancement plays an integral role. [Trong Kinh doanh & Công sở, chiến lược thăng tiến đóng vai trò thiết yếu.]",en,business_workplace,phrase,B2
3d1a713d-decf-46d5-ba25-acc71b1ff1f5,strategic satisfaction,/strategic satisfaction/,chiến lược hài lòng,"In Business & Workplace, strategic satisfaction plays an integral role. [Trong Kinh doanh & Công sở, chiến lược hài lòng đóng vai trò thiết yếu.]",en,business_workplace,phrase,C1
6a846ebf-4bb4-4d55-9d1e-44e7131329e4,strategic appraisal,/strategic appraisal/,chiến lược đánh giá,"In Business & Workplace, strategic appraisal plays an integral role. [Trong Kinh doanh & Công sở, chiến lược đánh giá đóng vai trò thiết yếu.]",en,business_workplace,phrase,B2
02819843-977b-421f-8d2b-205759605665,strategic retention,/strategic retention/,chiến lược giữ chân,"In Business & Workplace, strategic retention plays an integral role. [Trong Kinh doanh & Công sở, chiến lược giữ chân đóng vai trò thiết yếu.]",en,business_workplace,phrase,C1
63faf982-bc24-43a4-b360-6398bc326c77,strategic engagement,/strategic engagement/,chiến lược gắn kết,"In Business & Workplace, strategic engagement plays an integral role. [Trong Kinh doanh & Công sở, chiến lược gắn kết đóng vai trò thiết yếu.]",en,business_workplace,phrase,B1
e26458e9-9c4a-4bda-b6c9-e44bde6f28d0,operational advancement,/operational advancement/,vận hành thăng tiến,"In Business & Workplace, operational advancement plays an integral role. [Trong Kinh doanh & Công sở, vận hành thăng tiến đóng vai trò thiết yếu.]",en,business_workplace,phrase,C1
77e6478d-3d8d-4e3d-bbbb-a37a9240ee0a,operational satisfaction,/operational satisfaction/,vận hành hài lòng,"In Business & Workplace, operational satisfaction plays an integral role. [Trong Kinh doanh & Công sở, vận hành hài lòng đóng vai trò thiết yếu.]",en,business_workplace,phrase,B1
b1763318-c2a6-483c-a502-2da5295bf37f,operational appraisal,/operational appraisal/,vận hành đánh giá,"In Business & Workplace, operational appraisal plays an integral role. [Trong Kinh doanh & Công sở, vận hành đánh giá đóng vai trò thiết yếu.]",en,business_workplace,phrase,C1
da29eda5-1373-4c11-b551-a17828b66607,operational retention,/operational retention/,vận hành giữ chân,"In Business & Workplace, operational retention plays an integral role. [Trong Kinh doanh & Công sở, vận hành giữ chân đóng vai trò thiết yếu.]",en,business_workplace,phrase,B1
c5c4e9a8-4ed1-41f4-bd1a-8e83ae880713,operational engagement,/operational engagement/,vận hành gắn kết,"In Business & Workplace, operational engagement plays an integral role. [Trong Kinh doanh & Công sở, vận hành gắn kết đóng vai trò thiết yếu.]",en,business_workplace,phrase,B2
0a8adb39-8351-423f-830c-363075080b7d,employee culture,/employee culture/,nhân viên văn hóa,"In Business & Workplace, employee culture plays an integral role. [Trong Kinh doanh & Công sở, nhân viên văn hóa đóng vai trò thiết yếu.]",en,business_workplace,phrase,C1
89b200c3-eca3-4514-a3da-11c92cbbda07,employee development,/employee development/,nhân viên phát triển,"In Business & Workplace, employee development plays an integral role. [Trong Kinh doanh & Công sở, nhân viên phát triển đóng vai trò thiết yếu.]",en,business_workplace,phrase,B1
03ccd727-6c4a-449e-b9fd-53fe0791e264,employee performance,/employee performance/,nhân viên hiệu suất,"In Business & Workplace, employee performance plays an integral role. [Trong Kinh doanh & Công sở, nhân viên hiệu suất đóng vai trò thiết yếu.]",en,business_workplace,phrase,B2
c06ae0e2-ad20-435d-99cf-be5edf685bbd,employee strategy,/employee strategy/,nhân viên chiến lược,"In Business & Workplace, employee strategy plays an integral role. [Trong Kinh doanh & Công sở, nhân viên chiến lược đóng vai trò thiết yếu.]",en,business_workplace,phrase,C1
f03469ab-9c58-4be7-946f-3df0c21cb43e,employee advancement,/employee advancement/,nhân viên thăng tiến,"In Business & Workplace, employee advancement plays an integral role. [Trong Kinh doanh & Công sở, nhân viên thăng tiến đóng vai trò thiết yếu.]",en,business_workplace,phrase,B1
fd43f026-52cc-4aa0-bce5-2c616427cb7b,employee satisfaction,/employee satisfaction/,nhân viên hài lòng,"In Business & Workplace, employee satisfaction plays an integral role. [Trong Kinh doanh & Công sở, nhân viên hài lòng đóng vai trò thiết yếu.]",en,business_workplace,phrase,B2
fe832ac3-5f39-42a3-8e2e-c5d4ed5a6dfa,employee governance,/employee governance/,nhân viên quản trị,"In Business & Workplace, employee governance plays an integral role. [Trong Kinh doanh & Công sở, nhân viên quản trị đóng vai trò thiết yếu.]",en,business_workplace,phrase,C1
c2140aba-b756-42f9-ab82-bc624356cae1,employee appraisal,/employee appraisal/,nhân viên đánh giá,"In Business & Workplace, employee appraisal plays an integral role. [Trong Kinh doanh & Công sở, nhân viên đánh giá đóng vai trò thiết yếu.]",en,business_workplace,phrase,B1
8bfe4814-6d60-4f35-a0a2-7abfaaf0dc49,employee retention,/employee retention/,nhân viên giữ chân,"In Business & Workplace, employee retention plays an integral role. [Trong Kinh doanh & Công sở, nhân viên giữ chân đóng vai trò thiết yếu.]",en,business_workplace,phrase,B2
e7e0c303-924a-4026-b9f2-4d762935dafb,employee engagement,/employee engagement/,nhân viên gắn kết,"In Business & Workplace, employee engagement plays an integral role. [Trong Kinh doanh & Công sở, nhân viên gắn kết đóng vai trò thiết yếu.]",en,business_workplace,phrase,C1
1bbf28c6-84c0-449c-b0fc-3feed090d5d4,workplace culture,/workplace culture/,công sở văn hóa,"In Business & Workplace, workplace culture plays an integral role. [Trong Kinh doanh & Công sở, công sở văn hóa đóng vai trò thiết yếu.]",en,business_workplace,phrase,B1
a79991c5-99e7-453c-b2f9-4fcd848d6fc8,workplace development,/workplace development/,công sở phát triển,"In Business & Workplace, workplace development plays an integral role. [Trong Kinh doanh & Công sở, công sở phát triển đóng vai trò thiết yếu.]",en,business_workplace,phrase,B2
65a6988b-de9e-4ab7-9d10-7eb043fdefe2,workplace performance,/workplace performance/,công sở hiệu suất,"In Business & Workplace, workplace performance plays an integral role. [Trong Kinh doanh & Công sở, công sở hiệu suất đóng vai trò thiết yếu.]",en,business_workplace,phrase,C1
fb0aaf3b-057e-44a4-bc04-a88ac19a2a42,workplace strategy,/workplace strategy/,công sở chiến lược,"In Business & Workplace, workplace strategy plays an integral role. [Trong Kinh doanh & Công sở, công sở chiến lược đóng vai trò thiết yếu.]",en,business_workplace,phrase,B1
15934199-fb94-4e29-8e47-412cdc0002bc,workplace advancement,/workplace advancement/,công sở thăng tiến,"In Business & Workplace, workplace advancement plays an integral role. [Trong Kinh doanh & Công sở, công sở thăng tiến đóng vai trò thiết yếu.]",en,business_workplace,phrase,B2
99e3c1bf-53ae-44a5-86d0-f38447ea408d,workplace satisfaction,/workplace satisfaction/,công sở hài lòng,"In Business & Workplace, workplace satisfaction plays an integral role. [Trong Kinh doanh & Công sở, công sở hài lòng đóng vai trò thiết yếu.]",en,business_workplace,phrase,C1
934f3a29-99fa-4f4b-a4f5-427f1e03e8e7,workplace governance,/workplace governance/,công sở quản trị,"In Business & Workplace, workplace governance plays an integral role. [Trong Kinh doanh & Công sở, công sở quản trị đóng vai trò thiết yếu.]",en,business_workplace,phrase,B1
1ea3b55e-2726-4afc-99a8-f64cab6aced5,workplace appraisal,/workplace appraisal/,công sở đánh giá,"In Business & Workplace, workplace appraisal plays an integral role. [Trong Kinh doanh & Công sở, công sở đánh giá đóng vai trò thiết yếu.]",en,business_workplace,phrase,B2
022fdc2a-23e2-4f44-b6b5-b19da86b618a,workplace retention,/workplace retention/,công sở giữ chân,"In Business & Workplace, workplace retention plays an integral role. [Trong Kinh doanh & Công sở, công sở giữ chân đóng vai trò thiết yếu.]",en,business_workplace,phrase,C1
3204b1eb-faa7-4f92-bd7a-484b6c0a4754,workplace engagement,/workplace engagement/,công sở gắn kết,"In Business & Workplace, workplace engagement plays an integral role. [Trong Kinh doanh & Công sở, công sở gắn kết đóng vai trò thiết yếu.]",en,business_workplace,phrase,B1
7d89897e-cebd-4ea8-b03b-c06ddbf6f78e,organizational culture,/organizational culture/,tổ chức văn hóa,"In Business & Workplace, organizational culture plays an integral role. [Trong Kinh doanh & Công sở, tổ chức văn hóa đóng vai trò thiết yếu.]",en,business_workplace,phrase,B2
9f18b6da-7f09-44e1-ac7d-af6955c2ac49,organizational development,/organizational development/,tổ chức phát triển,"In Business & Workplace, organizational development plays an integral role. [Trong Kinh doanh & Công sở, tổ chức phát triển đóng vai trò thiết yếu.]",en,business_workplace,phrase,C1
ecca7e0f-0095-4d7a-89c1-d03160a51c6f,organizational performance,/organizational performance/,tổ chức hiệu suất,"In Business & Workplace, organizational performance plays an integral role. [Trong Kinh doanh & Công sở, tổ chức hiệu suất đóng vai trò thiết yếu.]",en,business_workplace,phrase,B1
14e1aaeb-94fd-406f-aa2e-705885ee0137,organizational strategy,/organizational strategy/,tổ chức chiến lược,"In Business & Workplace, organizational strategy plays an integral role. [Trong Kinh doanh & Công sở, tổ chức chiến lược đóng vai trò thiết yếu.]",en,business_workplace,phrase,B2
ca0bbe99-cd7e-4595-b65d-c3741a5c3c08,organizational advancement,/organizational advancement/,tổ chức thăng tiến,"In Business & Workplace, organizational advancement plays an integral role. [Trong Kinh doanh & Công sở, tổ chức thăng tiến đóng vai trò thiết yếu.]",en,business_workplace,phrase,C1
1ef647f5-051b-49da-aedd-7f06dc4f7ced,dvd,/ˌdiː viː ˈdiː/,dvd,"In Science & Technology, 'dvd' is an essential term. [Trong Khoa học & Kỹ thuật, ""dvd"" là một thuật ngữ quan trọng.]",en,science_technology,single_word,B1
ff40d2f4-2d8d-4a70-b228-1dfa1f1c0206,hypothesis,/haɪˈpɒθəsɪs/,giả thiết; to test h. with experiment chứng minh giả thiết bằng thực nghiệm under the h. theo giả thiết admissible h. giả thiết chấp nhận được,"In Science & Technology, 'hypothesis' is an essential term. [Trong Khoa học & Kỹ thuật, ""hypothesis"" là một thuật ngữ quan trọng.]",en,science_technology,single_word,B2
07a234b0-24c3-425d-8768-0db3227d2af7,password,/ˈpɑːswɜːd/,khẩu lệnh,"In Science & Technology, 'password' is an essential term. [Trong Khoa học & Kỹ thuật, ""password"" là một thuật ngữ quan trọng.]",en,science_technology,single_word,C1
ab023429-3a8b-49f4-8b0c-bac7379337b3,agricultural,/ˌæɡrɪˈkʌltʃərəl/,nông nghiệp,"In Science & Technology, 'agricultural' is an essential term. [Trong Khoa học & Kỹ thuật, ""agricultural"" là một thuật ngữ quan trọng.]",en,science_technology,single_word,B1
d1b85f7c-a351-46e4-a8f3-baa7eb5c2741,background,/ˈbækɡraʊnd/,"nền, cơ sở, phông; bối cảnh, hậu cảnh; thứ cấp, bổ trợ; ưu tiên thấp","In Science & Technology, 'background' is an essential term. [Trong Khoa học & Kỹ thuật, ""background"" là một thuật ngữ quan trọng.]",en,science_technology,single_word,B2
f6d2ced2-3a22-4a4d-bf3c-ad0d4f1e3902,bond,/bɒnd/,"mối liên kết, mối quan hệ","In Science & Technology, 'bond' is an essential term. [Trong Khoa học & Kỹ thuật, ""bond"" là một thuật ngữ quan trọng.]",en,science_technology,single_word,C1
ec790f92-b046-4a13-8b9b-8603f2a4beef,challenging,/ˈtʃælɪndʒɪŋ/,đề ra những vấn đề thử thách năng lực của ai; kích thích,"In Science & Technology, 'challenging' is an essential term. [Trong Khoa học & Kỹ thuật, ""challenging"" là một thuật ngữ quan trọng.]",en,science_technology,single_word,B1
38fe1ba8-7056-4ce0-aae4-403949744f37,circulate,/ˈsɜːkjəleɪt/,"tuần hoàn, đi vòng quanh chu trình","In Science & Technology, 'circulate' is an essential term. [Trong Khoa học & Kỹ thuật, ""circulate"" là một thuật ngữ quan trọng.]",en,science_technology,single_word,B2
5ae9582b-649e-4058-a0be-a580887ae6a3,click,/klɪk/,"bấm cách, kích, nhấn","In Science & Technology, 'click' is an essential term. [Trong Khoa học & Kỹ thuật, ""click"" là một thuật ngữ quan trọng.]",en,science_technology,single_word,C1
e398b4d7-0216-4c28-9e98-5cc0d75c751d,compete,/kəmˈpiːt/,"chạy đua, cạnh tranh, thi đua","In Science & Technology, 'compete' is an essential term. [Trong Khoa học & Kỹ thuật, ""compete"" là một thuật ngữ quan trọng.]",en,science_technology,single_word,B1
d6d7f170-9516-4635-a083-be379170d3b2,complexity,/kəmˈpleksəti/,"[độ, tính] phức tạp; computational c. độ phức tạp tính toán","In Science & Technology, 'complexity' is an essential term. [Trong Khoa học & Kỹ thuật, ""complexity"" là một thuật ngữ quan trọng.]",en,science_technology,single_word,B2
fe37a4eb-429d-4104-8de7-064897d93f37,contest,/ˈkɒntest/,"cuộc tranh luận, cuộc tranh cãi; cuộc thi; trận đấu, trận giao tranh","In Science & Technology, 'contest' is an essential term. [Trong Khoa học & Kỹ thuật, ""contest"" là một thuật ngữ quan trọng.]",en,science_technology,single_word,C1
39c82a6b-673f-4103-9a5b-9d42aa8d54a2,conversion,/kənˈvɜːʃn/,sự biến đổi; sự chuyển; phép chuyển hoá; code ự biển đổi mã,"In Science & Technology, 'conversion' is an essential term. [Trong Khoa học & Kỹ thuật, ""conversion"" là một thuật ngữ quan trọng.]",en,science_technology,single_word,B1
be06da5c-7437-46a1-b37a-358029366a32,convert,/kənˈvɜːt/,"làm nghịch đảo, biến đổi","In Science & Technology, 'convert' is an essential term. [Trong Khoa học & Kỹ thuật, ""convert"" là một thuật ngữ quan trọng.]",en,science_technology,single_word,B2
707f4269-1ef5-4698-8989-7e951b1c4aef,default,/dɪˈfɔːlt/,"thiếu; mặc định, đương nhiên; trị số giản lược; vắng mặt ; bỏ cuộc ; lược giải ; lấy trị số giản lược","In Science & Technology, 'default' is an essential term. [Trong Khoa học & Kỹ thuật, ""default"" là một thuật ngữ quan trọng.]",en,science_technology,single_word,C1
15f645ab-64a5-4549-b56f-a9a3e6654df2,delete,/dɪˈliːt/,"gạch, bỏ đi","In Science & Technology, 'delete' is an essential term. [Trong Khoa học & Kỹ thuật, ""delete"" là một thuật ngữ quan trọng.]",en,science_technology,single_word,B1
e270f372-05e2-43ae-8936-b89d7c2ff3a2,democratic,/ˌdeməˈkrætɪk/,dân chủ,"In Science & Technology, 'democratic' is an essential term. [Trong Khoa học & Kỹ thuật, ""democratic"" là một thuật ngữ quan trọng.]",en,science_technology,single_word,B2
a9c44a10-10fb-457a-8044-ee2857f2c31b,demonstration,/ˌdemənˈstreɪʃn/,"[sự, phép] chứng minh; analytic d. phép chứng minh giải tích","In Science & Technology, 'demonstration' is an essential term. [Trong Khoa học & Kỹ thuật, ""demonstration"" là một thuật ngữ quan trọng.]",en,science_technology,single_word,C1
6c5fbd33-77dc-40ba-8ccc-12dcd36cc61d,desktop,/ˈdesktɒp/,"bàn giấy, mặt bàn","In Science & Technology, 'desktop' is an essential term. [Trong Khoa học & Kỹ thuật, ""desktop"" là một thuật ngữ quan trọng.]",en,science_technology,single_word,B1
4d57cbd6-5ad1-44db-8025-edc7bb10c009,detect,/dɪˈtekt/,"phát hiện, dò, tìm","In Science & Technology, 'detect' is an essential term. [Trong Khoa học & Kỹ thuật, ""detect"" là một thuật ngữ quan trọng.]",en,science_technology,single_word,B2
a2ffb8cf-6ea0-481a-965e-fb07084484ad,detection,/dɪˈtekʃn/,sự phát hiện; error d. phát hiện sai,"In Science & Technology, 'detection' is an essential term. [Trong Khoa học & Kỹ thuật, ""detection"" là một thuật ngữ quan trọng.]",en,science_technology,single_word,C1
0d3c7dca-fe38-4b2f-8a35-b3c4b7d0e683,determine,/dɪˈtɜːmɪn/,"xác định, giới hạn; quyết định","In Science & Technology, 'determine' is an essential term. [Trong Khoa học & Kỹ thuật, ""determine"" là một thuật ngữ quan trọng.]",en,science_technology,single_word,B1
c9b91d62-ee1a-48dd-a3df-ee1083fc874f,devise,/dɪˈvaɪz/,"nghĩ ra, phát minh ra","In Science & Technology, 'devise' is an essential term. [Trong Khoa học & Kỹ thuật, ""devise"" là một thuật ngữ quan trọng.]",en,science_technology,single_word,B2
2c01028e-c47c-4a88-965f-4d5c09c985e1,diagnosis,/ˌdaɪəɡˈnəʊsɪs/,"sự chuẩn đoán, phát hiện sai; automatic d. sự chuẩn đoán tự động","In Science & Technology, 'diagnosis' is an essential term. [Trong Khoa học & Kỹ thuật, ""diagnosis"" là một thuật ngữ quan trọng.]",en,science_technology,single_word,C1
4f8d9859-e75d-4498-b1eb-e3b71fd2fb03,diary,/ˈdaɪəri/,sổ nhật ký; lịch ghi nhớ,"In Science & Technology, 'diary' is an essential term. [Trong Khoa học & Kỹ thuật, ""diary"" là một thuật ngữ quan trọng.]",en,science_technology,single_word,B1
da390155-87c5-42d9-ad9c-26fc12e41c1a,direct,/dəˈrekt/,trực tiếp,"In Science & Technology, 'direct' is an essential term. [Trong Khoa học & Kỹ thuật, ""direct"" là một thuật ngữ quan trọng.]",en,science_technology,single_word,B2
688c9311-6aa5-4d39-a67c-e338bc0f0be1,empirical,/ɪmˈpɪrɪkl/,"theo lối kinh nghiệm, kinh nghiệm chủ nghĩa","In Science & Technology, 'empirical' is an essential term. [Trong Khoa học & Kỹ thuật, ""empirical"" là một thuật ngữ quan trọng.]",en,science_technology,single_word,C1
33104adb-f3e4-4bfe-ac1b-1a6bdfda8850,endure,/ɪnˈdjʊə(r)/,"chịu đựng, cam chịu, chịu được; kéo dài, tồn tại","In Science & Technology, 'endure' is an essential term. [Trong Khoa học & Kỹ thuật, ""endure"" là một thuật ngữ quan trọng.]",en,science_technology,single_word,B1
4b11c2ec-71e5-4d3b-8bee-18c055598120,entertaining,/ˌentəˈteɪnɪŋ/,"giải trí, vui thú, thú vị","In Science & Technology, 'entertaining' is an essential term. [Trong Khoa học & Kỹ thuật, ""entertaining"" là một thuật ngữ quan trọng.]",en,science_technology,single_word,B2
a98e56ad-5725-4c9b-a7bd-40504b65050b,entry,/ˈentri/,sự ra nhập;  đưa số ; lối vào; latest e.  giá trị tính cuối cùng,"In Science & Technology, 'entry' is an essential term. [Trong Khoa học & Kỹ thuật, ""entry"" là một thuật ngữ quan trọng.]",en,science_technology,single_word,C1
c73f5262-7966-4a1c-ac4b-843ab5a7a678,escape,/ɪˈskeɪp/,"sự trốn thoát; phương tiện để trốn thoát, con đường thoát, lối thoát; sự thoát ly thực tế; phương tiện để thoát ly thực tế","In Science & Technology, 'escape' is an essential term. [Trong Khoa học & Kỹ thuật, ""escape"" là một thuật ngữ quan trọng.]",en,science_technology,single_word,B1
9c265245-bbbb-412b-bfd3-2da570d80840,excuse,/ɪkˈskjuːs/,lời xin lỗi; lý do để xin lỗi; lời bào chữa; lý do để bào chữa,"In Science & Technology, 'excuse' is an essential term. [Trong Khoa học & Kỹ thuật, ""excuse"" là một thuật ngữ quan trọng.]",en,science_technology,single_word,B2
9f1cd9c4-68b4-4941-bb29-88d3a9eb2e3e,experience,/ɪkˈspɪəriəns/,kinh nghiệm,"In Science & Technology, 'experience' is an essential term. [Trong Khoa học & Kỹ thuật, ""experience"" là một thuật ngữ quan trọng.]",en,science_technology,single_word,C1
8945a0bd-c823-4d9e-b114-7ef70a22116e,find,/faɪnd/,tìm thấy,"In Science & Technology, 'find' is an essential term. [Trong Khoa học & Kỹ thuật, ""find"" là một thuật ngữ quan trọng.]",en,science_technology,single_word,B1
d57fd624-1195-4550-b300-fdc2d868fcfc,gaming,/ˈɡeɪmɪŋ/,sự đánh bạc,"In Science & Technology, 'gaming' is an essential term. [Trong Khoa học & Kỹ thuật, ""gaming"" là một thuật ngữ quan trọng.]",en,science_technology,single_word,B2
b28afb1d-c194-4d93-b4c0-77cdc3c96426,gathering,/ˈɡæðərɪŋ/,"sự tập trung, sự tích luỹ; data g. sự tập trung các dữ kiện, sự thu thập các số liệu","In Science & Technology, 'gathering' is an essential term. [Trong Khoa học & Kỹ thuật, ""gathering"" là một thuật ngữ quan trọng.]",en,science_technology,single_word,C1
22bb035b-ba3e-4db4-9f61-310b112d0154,guidance,/ˈɡaɪdns/,điều khiển,"In Science & Technology, 'guidance' is an essential term. [Trong Khoa học & Kỹ thuật, ""guidance"" là một thuật ngữ quan trọng.]",en,science_technology,single_word,B1
0d48ccbd-bb7e-4329-bf3e-4dda8940513c,hierarchy,/ˈhaɪərɑːki/,"trật tự, đẳng cấp; h. of category trật tự của các phạm trù","In Science & Technology, 'hierarchy' is an essential term. [Trong Khoa học & Kỹ thuật, ""hierarchy"" là một thuật ngữ quan trọng.]",en,science_technology,single_word,B2
9f733e5f-4b9a-4a7b-a772-1f488a36608a,icon,/ˈaɪkɒn/,"tượng, hình tượng, thần tượng; tượng thánh, thánh tượng, thần tượng","In Science & Technology, 'icon' is an essential term. [Trong Khoa học & Kỹ thuật, ""icon"" là một thuật ngữ quan trọng.]",en,science_technology,single_word,C1
313515f9-68f4-488f-9c26-de1e496f1fde,ideology,/ˌaɪdiˈɒlədʒi/,"sự nghiên cứu tư tưởng; tư tưởng, hệ tư tưởng","In Science & Technology, 'ideology' is an essential term. [Trong Khoa học & Kỹ thuật, ""ideology"" là một thuật ngữ quan trọng.]",en,science_technology,single_word,B1
9a91dda1-4dd0-4aee-b027-1f8d3f73c5a3,indictment,/ɪnˈdaɪtmənt/,"sự truy tố, sự buộc tội; bản cáo trạng","In Science & Technology, 'indictment' is an essential term. [Trong Khoa học & Kỹ thuật, ""indictment"" là một thuật ngữ quan trọng.]",en,science_technology,single_word,B2
5efa327c-0159-4586-a0d5-6b3bd9375413,keyboard,/ˈkiːbɔːd/,"bảng nút bấm, bảng phân phối; supplemental k.  bộ bấm phụ","In Science & Technology, 'keyboard' is an essential term. [Trong Khoa học & Kỹ thuật, ""keyboard"" là một thuật ngữ quan trọng.]",en,science_technology,single_word,C1
16307e46-86f3-4749-8c93-e96d3abcca29,know,/nəʊ/,"hiểu biết, nhận ra, phana biệt","In Science & Technology, 'know' is an essential term. [Trong Khoa học & Kỹ thuật, ""know"" là một thuật ngữ quan trọng.]",en,science_technology,single_word,B1
fd6f2f27-35ec-47a4-8fb2-43e6e7f48646,language,/ˈlæŋɡwɪdʒ/,nguôn ngữ; natural l. ngôn ngữ tự nhiên,"In Science & Technology, 'language' is an essential term. [Trong Khoa học & Kỹ thuật, ""language"" là một thuật ngữ quan trọng.]",en,science_technology,single_word,B2
08318c99-a1c3-4d87-bd33-8b3bfe126030,laptop,/ˈlæptɒp/,"máy tính laptop, máy tính xách tay","In Science & Technology, 'laptop' is an essential term. [Trong Khoa học & Kỹ thuật, ""laptop"" là một thuật ngữ quan trọng.]",en,science_technology,single_word,C1
cfaaec60-7a0f-422a-9e02-a7123fcff910,latest,/ˈleɪtɪst/,"cuối cùng, chậm nhất, muộn nhất","In Science & Technology, 'latest' is an essential term. [Trong Khoa học & Kỹ thuật, ""latest"" là một thuật ngữ quan trọng.]",en,science_technology,single_word,B1
28ddb382-4d5a-497c-8483-1faabccf65c4,limit,/ˈlɪmɪt/,"giới hạn, cận // hạn chế; giới hạn l. approached from the left tiến; dần tới giới hạn về bên trái; l. approached from the right tiến dần tới","In Science & Technology, 'limit' is an essential term. [Trong Khoa học & Kỹ thuật, ""limit"" là một thuật ngữ quan trọng.]",en,science_technology,single_word,B2
3d92b166-5518-4f56-ab27-6e1e3929f1ba,lock,/lɒk/,khoá,"In Science & Technology, 'lock' is an essential term. [Trong Khoa học & Kỹ thuật, ""lock"" là một thuật ngữ quan trọng.]",en,science_technology,single_word,C1
d722535e-de6f-4baa-b7bc-81bef628558a,mail,/meɪl/,áo giáp; mặc áo giáp,"In Science & Technology, 'mail' is an essential term. [Trong Khoa học & Kỹ thuật, ""mail"" là một thuật ngữ quan trọng.]",en,science_technology,single_word,B1
5a8329a3-245f-470f-b39f-22da061b349b,mathematics,/ˌmæθəˈmætɪks/,"toán học; abstract m. toán học trừu tượng, toán họcthuần tuý","In Science & Technology, 'mathematics' is an essential term. [Trong Khoa học & Kỹ thuật, ""mathematics"" là một thuật ngữ quan trọng.]",en,science_technology,single_word,B2
57f04d36-1ef3-40b7-8cc7-4d5fbcce9e7b,scientific evidence,/scientific evidence/,khoa học bằng chứng,"In Science & Technology, scientific evidence plays an integral role. [Trong Khoa học & Kỹ thuật, khoa học bằng chứng đóng vai trò thiết yếu.]",en,science_technology,phrase,B2
0459702d-3d0a-4846-8505-02d833eac8d4,scientific mechanics,/scientific mechanics/,khoa học cơ học,"In Science & Technology, scientific mechanics plays an integral role. [Trong Khoa học & Kỹ thuật, khoa học cơ học đóng vai trò thiết yếu.]",en,science_technology,phrase,C1
d9fa40f0-b3c8-4cb8-afb5-ba6543ccdef0,scientific model,/scientific model/,khoa học mô hình,"In Science & Technology, scientific model plays an integral role. [Trong Khoa học & Kỹ thuật, khoa học mô hình đóng vai trò thiết yếu.]",en,science_technology,phrase,B2
b4ce1e00-5f3e-42bc-9b61-2ed21bbf5dd2,scientific innovation,/scientific innovation/,khoa học đổi mới,"In Science & Technology, scientific innovation plays an integral role. [Trong Khoa học & Kỹ thuật, khoa học đổi mới đóng vai trò thiết yếu.]",en,science_technology,phrase,C1
69d520c9-2982-42eb-ac02-4c79e6e1ae6b,scientific architecture,/scientific architecture/,khoa học kiến trúc,"In Science & Technology, scientific architecture plays an integral role. [Trong Khoa học & Kỹ thuật, khoa học kiến trúc đóng vai trò thiết yếu.]",en,science_technology,phrase,C1
d5f6a6d1-d3db-42bb-a93b-97ca33f4fe75,scientific component,/scientific component/,khoa học linh kiện,"In Science & Technology, scientific component plays an integral role. [Trong Khoa học & Kỹ thuật, khoa học linh kiện đóng vai trò thiết yếu.]",en,science_technology,phrase,B1
d8923ef1-ddc8-440a-8fe0-a83ac4ea393e,empirical mechanics,/empirical mechanics/,thực nghiệm cơ học,"In Science & Technology, empirical mechanics plays an integral role. [Trong Khoa học & Kỹ thuật, thực nghiệm cơ học đóng vai trò thiết yếu.]",en,science_technology,phrase,B1
dc7ff6f8-d1b9-419e-988a-03240b38683f,empirical model,/empirical model/,thực nghiệm mô hình,"In Science & Technology, empirical model plays an integral role. [Trong Khoa học & Kỹ thuật, thực nghiệm mô hình đóng vai trò thiết yếu.]",en,science_technology,phrase,C1
5355d48a-ad80-44c0-b7ef-6b4b7a5435d3,empirical innovation,/empirical innovation/,thực nghiệm đổi mới,"In Science & Technology, empirical innovation plays an integral role. [Trong Khoa học & Kỹ thuật, thực nghiệm đổi mới đóng vai trò thiết yếu.]",en,science_technology,phrase,B1
93671f10-1854-4c8c-9174-28fe08c4f195,empirical architecture,/empirical architecture/,thực nghiệm kiến trúc,"In Science & Technology, empirical architecture plays an integral role. [Trong Khoa học & Kỹ thuật, thực nghiệm kiến trúc đóng vai trò thiết yếu.]",en,science_technology,phrase,B1
18b90510-5a09-40fb-b93a-bd4563d7d08e,empirical component,/empirical component/,thực nghiệm linh kiện,"In Science & Technology, empirical component plays an integral role. [Trong Khoa học & Kỹ thuật, thực nghiệm linh kiện đóng vai trò thiết yếu.]",en,science_technology,phrase,B2
d10bacb4-2821-4596-8d9a-d91b5b32834b,quantum breakthrough,/quantum breakthrough/,lượng tử đột phá,"In Science & Technology, quantum breakthrough plays an integral role. [Trong Khoa học & Kỹ thuật, lượng tử đột phá đóng vai trò thiết yếu.]",en,science_technology,phrase,C1
d0a4570d-0a7b-4562-94a8-82a7a26f6847,quantum evidence,/quantum evidence/,lượng tử bằng chứng,"In Science & Technology, quantum evidence plays an integral role. [Trong Khoa học & Kỹ thuật, lượng tử bằng chứng đóng vai trò thiết yếu.]",en,science_technology,phrase,B1
2eb9befe-d628-4f23-8fcc-37678f45ad0c,quantum mechanics,/quantum mechanics/,lượng tử cơ học,"In Science & Technology, quantum mechanics plays an integral role. [Trong Khoa học & Kỹ thuật, lượng tử cơ học đóng vai trò thiết yếu.]",en,science_technology,phrase,B2
ea9725a4-a7f4-4f77-9028-97dd6a0e042c,quantum infrastructure,/quantum infrastructure/,lượng tử hạ tầng,"In Science & Technology, quantum infrastructure plays an integral role. [Trong Khoa học & Kỹ thuật, lượng tử hạ tầng đóng vai trò thiết yếu.]",en,science_technology,phrase,C1
1f3fd221-e72d-45c7-ab20-e04efe22cf20,quantum model,/quantum model/,lượng tử mô hình,"In Science & Technology, quantum model plays an integral role. [Trong Khoa học & Kỹ thuật, lượng tử mô hình đóng vai trò thiết yếu.]",en,science_technology,phrase,B1
ca8d8991-8c4a-4594-bb2c-1245c1d28773,quantum innovation,/quantum innovation/,lượng tử đổi mới,"In Science & Technology, quantum innovation plays an integral role. [Trong Khoa học & Kỹ thuật, lượng tử đổi mới đóng vai trò thiết yếu.]",en,science_technology,phrase,B2
e0bd45b7-a700-48a9-8929-0b04ce64265b,quantum experiment,/quantum experiment/,lượng tử thí nghiệm,"In Science & Technology, quantum experiment plays an integral role. [Trong Khoa học & Kỹ thuật, lượng tử thí nghiệm đóng vai trò thiết yếu.]",en,science_technology,phrase,C1
6998f896-f1dd-4564-8b0e-4e1d3090c673,quantum methodology,/quantum methodology/,lượng tử phương pháp,"In Science & Technology, quantum methodology plays an integral role. [Trong Khoa học & Kỹ thuật, lượng tử phương pháp đóng vai trò thiết yếu.]",en,science_technology,phrase,B1
03bac253-778b-4aa1-ad91-7efd610fba23,quantum architecture,/quantum architecture/,lượng tử kiến trúc,"In Science & Technology, quantum architecture plays an integral role. [Trong Khoa học & Kỹ thuật, lượng tử kiến trúc đóng vai trò thiết yếu.]",en,science_technology,phrase,B2
758db80f-2e8a-4631-baf7-675a996eedab,quantum component,/quantum component/,lượng tử linh kiện,"In Science & Technology, quantum component plays an integral role. [Trong Khoa học & Kỹ thuật, lượng tử linh kiện đóng vai trò thiết yếu.]",en,science_technology,phrase,C1
11589342-4573-4887-8a63-da7ac0e198a3,digital breakthrough,/digital breakthrough/,kỹ thuật số đột phá,"In Science & Technology, digital breakthrough plays an integral role. [Trong Khoa học & Kỹ thuật, kỹ thuật số đột phá đóng vai trò thiết yếu.]",en,science_technology,phrase,B1
95d1e87e-be99-48c4-ac0c-29b5e5d6efe2,digital evidence,/digital evidence/,kỹ thuật số bằng chứng,"In Science & Technology, digital evidence plays an integral role. [Trong Khoa học & Kỹ thuật, kỹ thuật số bằng chứng đóng vai trò thiết yếu.]",en,science_technology,phrase,B2
e9b79cbf-8e7f-4210-8115-f6e04deb6ede,digital mechanics,/digital mechanics/,kỹ thuật số cơ học,"In Science & Technology, digital mechanics plays an integral role. [Trong Khoa học & Kỹ thuật, kỹ thuật số cơ học đóng vai trò thiết yếu.]",en,science_technology,phrase,C1
846debda-71a0-4a4b-be91-0165af677f05,digital infrastructure,/digital infrastructure/,kỹ thuật số hạ tầng,"In Science & Technology, digital infrastructure plays an integral role. [Trong Khoa học & Kỹ thuật, kỹ thuật số hạ tầng đóng vai trò thiết yếu.]",en,science_technology,phrase,B1
ede11911-3c50-4d1f-8d49-59bfb9ef072c,digital model,/digital model/,kỹ thuật số mô hình,"In Science & Technology, digital model plays an integral role. [Trong Khoa học & Kỹ thuật, kỹ thuật số mô hình đóng vai trò thiết yếu.]",en,science_technology,phrase,B2
02f0cfb7-fc6b-498d-b00d-11d0d7a619fd,digital innovation,/digital innovation/,kỹ thuật số đổi mới,"In Science & Technology, digital innovation plays an integral role. [Trong Khoa học & Kỹ thuật, kỹ thuật số đổi mới đóng vai trò thiết yếu.]",en,science_technology,phrase,C1
39199f27-cfa4-4b51-a0d0-b597a5e18927,digital experiment,/digital experiment/,kỹ thuật số thí nghiệm,"In Science & Technology, digital experiment plays an integral role. [Trong Khoa học & Kỹ thuật, kỹ thuật số thí nghiệm đóng vai trò thiết yếu.]",en,science_technology,phrase,B1
9d201789-6832-43d4-9136-802c534c97c5,digital methodology,/digital methodology/,kỹ thuật số phương pháp,"In Science & Technology, digital methodology plays an integral role. [Trong Khoa học & Kỹ thuật, kỹ thuật số phương pháp đóng vai trò thiết yếu.]",en,science_technology,phrase,B2
02e92707-26ff-4a64-b6b1-bcb08f481561,digital architecture,/digital architecture/,kỹ thuật số kiến trúc,"In Science & Technology, digital architecture plays an integral role. [Trong Khoa học & Kỹ thuật, kỹ thuật số kiến trúc đóng vai trò thiết yếu.]",en,science_technology,phrase,C1
ebd652da-93c7-4caa-90bb-0a384d336ec0,digital component,/digital component/,kỹ thuật số linh kiện,"In Science & Technology, digital component plays an integral role. [Trong Khoa học & Kỹ thuật, kỹ thuật số linh kiện đóng vai trò thiết yếu.]",en,science_technology,phrase,B1
a3cef278-a1ad-483f-9821-1ae57a8ad680,computational evidence,/computational evidence/,tính toán bằng chứng,"In Science & Technology, computational evidence plays an integral role. [Trong Khoa học & Kỹ thuật, tính toán bằng chứng đóng vai trò thiết yếu.]",en,science_technology,phrase,C1
be32b43d-2f8b-406f-bc60-2b289f15db60,computational mechanics,/computational mechanics/,tính toán cơ học,"In Science & Technology, computational mechanics plays an integral role. [Trong Khoa học & Kỹ thuật, tính toán cơ học đóng vai trò thiết yếu.]",en,science_technology,phrase,B1
54887619-78ad-4c7d-994f-d1de2cacaabd,computational model,/computational model/,tính toán mô hình,"In Science & Technology, computational model plays an integral role. [Trong Khoa học & Kỹ thuật, tính toán mô hình đóng vai trò thiết yếu.]",en,science_technology,phrase,C1
ed57e486-85d3-4d90-a575-2f44c88f522d,computational innovation,/computational innovation/,tính toán đổi mới,"In Science & Technology, computational innovation plays an integral role. [Trong Khoa học & Kỹ thuật, tính toán đổi mới đóng vai trò thiết yếu.]",en,science_technology,phrase,B1
01926003-d996-4268-bb05-edaec8608ef7,computational architecture,/computational architecture/,tính toán kiến trúc,"In Science & Technology, computational architecture plays an integral role. [Trong Khoa học & Kỹ thuật, tính toán kiến trúc đóng vai trò thiết yếu.]",en,science_technology,phrase,B1
011fa770-302f-41a9-a0d3-a9282ff59a62,computational component,/computational component/,tính toán linh kiện,"In Science & Technology, computational component plays an integral role. [Trong Khoa học & Kỹ thuật, tính toán linh kiện đóng vai trò thiết yếu.]",en,science_technology,phrase,B2
d3911f9f-9dd9-443a-85da-404d16b70845,technological evidence,/technological evidence/,công nghệ bằng chứng,"In Science & Technology, technological evidence plays an integral role. [Trong Khoa học & Kỹ thuật, công nghệ bằng chứng đóng vai trò thiết yếu.]",en,science_technology,phrase,B1
f1ff09aa-7200-4b4c-86be-3a2c0997d745,technological mechanics,/technological mechanics/,công nghệ cơ học,"In Science & Technology, technological mechanics plays an integral role. [Trong Khoa học & Kỹ thuật, công nghệ cơ học đóng vai trò thiết yếu.]",en,science_technology,phrase,B2
44febb83-939e-4a17-975b-4b428d3e1466,technological model,/technological model/,công nghệ mô hình,"In Science & Technology, technological model plays an integral role. [Trong Khoa học & Kỹ thuật, công nghệ mô hình đóng vai trò thiết yếu.]",en,science_technology,phrase,B1
3a39cb36-7c51-4294-903f-ffe5dd586575,technological innovation,/technological innovation/,công nghệ đổi mới,"In Science & Technology, technological innovation plays an integral role. [Trong Khoa học & Kỹ thuật, công nghệ đổi mới đóng vai trò thiết yếu.]",en,science_technology,phrase,B2
c90bfeda-c70c-45ee-ab3d-e4c779e92969,technological architecture,/technological architecture/,công nghệ kiến trúc,"In Science & Technology, technological architecture plays an integral role. [Trong Khoa học & Kỹ thuật, công nghệ kiến trúc đóng vai trò thiết yếu.]",en,science_technology,phrase,B2
54ed7d86-2ea7-4616-83af-fe389e57d2d1,technological component,/technological component/,công nghệ linh kiện,"In Science & Technology, technological component plays an integral role. [Trong Khoa học & Kỹ thuật, công nghệ linh kiện đóng vai trò thiết yếu.]",en,science_technology,phrase,C1
ad9b3277-8b28-4804-b144-90a423c05872,laboratory breakthrough,/laboratory breakthrough/,phòng thí nghiệm đột phá,"In Science & Technology, laboratory breakthrough plays an integral role. [Trong Khoa học & Kỹ thuật, phòng thí nghiệm đột phá đóng vai trò thiết yếu.]",en,science_technology,phrase,B1
3ad0eb30-996f-4f29-ad8a-1c28c8f002a9,laboratory evidence,/laboratory evidence/,phòng thí nghiệm bằng chứng,"In Science & Technology, laboratory evidence plays an integral role. [Trong Khoa học & Kỹ thuật, phòng thí nghiệm bằng chứng đóng vai trò thiết yếu.]",en,science_technology,phrase,B2
757283e1-56a9-4007-bf3c-04d68c3157b5,laboratory mechanics,/laboratory mechanics/,phòng thí nghiệm cơ học,"In Science & Technology, laboratory mechanics plays an integral role. [Trong Khoa học & Kỹ thuật, phòng thí nghiệm cơ học đóng vai trò thiết yếu.]",en,science_technology,phrase,C1
331056b8-5537-48f5-aca4-6f8f80c2efdc,laboratory infrastructure,/laboratory infrastructure/,phòng thí nghiệm hạ tầng,"In Science & Technology, laboratory infrastructure plays an integral role. [Trong Khoa học & Kỹ thuật, phòng thí nghiệm hạ tầng đóng vai trò thiết yếu.]",en,science_technology,phrase,B1
8cfbbb98-9230-4b8f-9189-70f025ebf6d3,laboratory model,/laboratory model/,phòng thí nghiệm mô hình,"In Science & Technology, laboratory model plays an integral role. [Trong Khoa học & Kỹ thuật, phòng thí nghiệm mô hình đóng vai trò thiết yếu.]",en,science_technology,phrase,B2
b8c15205-0630-4918-9f77-f79353f8bfb2,laboratory innovation,/laboratory innovation/,phòng thí nghiệm đổi mới,"In Science & Technology, laboratory innovation plays an integral role. [Trong Khoa học & Kỹ thuật, phòng thí nghiệm đổi mới đóng vai trò thiết yếu.]",en,science_technology,phrase,C1
beb5df1f-68c2-4d31-81d3-d2f6b191c04b,laboratory experiment,/laboratory experiment/,phòng thí nghiệm thí nghiệm,"In Science & Technology, laboratory experiment plays an integral role. [Trong Khoa học & Kỹ thuật, phòng thí nghiệm thí nghiệm đóng vai trò thiết yếu.]",en,science_technology,phrase,B1
f151b139-d995-4b1e-aff8-1b482f89f108,identification,/aɪˌdentɪfɪˈkeɪʃn/,"[sự, phép] đồng nhất;  sự nhận ra; ký hiệu; coded i. ký hiệu mã hoá","In AI & Digital Age, 'identification' is an essential term. [Trong AI & Kỷ nguyên số, ""identification"" là một thuật ngữ quan trọng.]",en,ai_digital_future,single_word,B1
c1734c46-21a4-48f0-a11e-fbf07c10133c,alcoholic,/ˌælkəˈhɒlɪk/,rượu; có chất rượu; gây nên bởi rượu; người nghiện rượu,"In AI & Digital Age, 'alcoholic' is an essential term. [Trong AI & Kỷ nguyên số, ""alcoholic"" là một thuật ngữ quan trọng.]",en,ai_digital_future,single_word,B2
612618e0-162e-43c7-8107-ed27f7c00fa1,ankle,/ˈæŋkl/,mắt cá chân,"In AI & Digital Age, 'ankle' is an essential term. [Trong AI & Kỷ nguyên số, ""ankle"" là một thuật ngữ quan trọng.]",en,ai_digital_future,single_word,C1
7d0f5029-9f7e-40fe-8464-052c5cb01d83,arm,/ɑːm/,cạnh; cánh tay; cánh tay đòn; a.of an angle cạnh của một góc,"In AI & Digital Age, 'arm' is an essential term. [Trong AI & Kỷ nguyên số, ""arm"" là một thuật ngữ quan trọng.]",en,ai_digital_future,single_word,B1
f8d94f8a-ced8-4be7-8b8a-aebec6587652,associate,/əˈsəʊsieɪt/,"liên kết, kết hợp, liên đới, liên hợp","In AI & Digital Age, 'associate' is an essential term. [Trong AI & Kỷ nguyên số, ""associate"" là một thuật ngữ quan trọng.]",en,ai_digital_future,single_word,B2
fecde1b1-e202-426b-9b49-d069ef3b3587,associated,/əˈsəʊsieɪtɪd/,liên kết,"In AI & Digital Age, 'associated' is an essential term. [Trong AI & Kỷ nguyên số, ""associated"" là một thuật ngữ quan trọng.]",en,ai_digital_future,single_word,C1
577f01fd-2c85-4ed2-9893-1928a8ec3dda,audio,/ˈɔːdiəʊ/,âm,"In AI & Digital Age, 'audio' is an essential term. [Trong AI & Kỷ nguyên số, ""audio"" là một thuật ngữ quan trọng.]",en,ai_digital_future,single_word,B1
81441aa9-fa15-4610-a32e-22afb23d32be,chain,/tʃeɪn/,"dây xích, dây chuyền chuỗi; c. of syzygies  xích [hội xung, xiziji]","In AI & Digital Age, 'chain' is an essential term. [Trong AI & Kỷ nguyên số, ""chain"" là một thuật ngữ quan trọng.]",en,ai_digital_future,single_word,B2
ff5f6173-d7d7-4be0-bdd3-0797dc58d023,circumstance,/ˈsɜːkəmstəns/,"hoàn cảnh, trường hợp, tình huống; sự kiện, sự việc, chi tiết","In AI & Digital Age, 'circumstance' is an essential term. [Trong AI & Kỷ nguyên số, ""circumstance"" là một thuật ngữ quan trọng.]",en,ai_digital_future,single_word,C1
9958aac1-b6b5-4ca2-ac54-13ab82fc0925,colonial,/kəˈləʊniəl/,thuộc địa; thực dân; tên thực dân,"In AI & Digital Age, 'colonial' is an essential term. [Trong AI & Kỷ nguyên số, ""colonial"" là một thuật ngữ quan trọng.]",en,ai_digital_future,single_word,B1
893fc48b-90f8-40e2-943e-056b1493afa1,column,/ˈkɒləm/,cột; cheek c. cột kiểm tra,"In AI & Digital Age, 'column' is an essential term. [Trong AI & Kỷ nguyên số, ""column"" là một thuật ngữ quan trọng.]",en,ai_digital_future,single_word,B2
7588712d-365a-4f1f-af46-e0f97b33bd44,commercial,/kəˈmɜːʃl/,thương mại,"In AI & Digital Age, 'commercial' is an essential term. [Trong AI & Kỷ nguyên số, ""commercial"" là một thuật ngữ quan trọng.]",en,ai_digital_future,single_word,C1
f5b3a684-c605-402d-948e-c8854e16c040,communist,/ˈkɒmjənɪst/,người cộng sản; cộng sản,"In AI & Digital Age, 'communist' is an essential term. [Trong AI & Kỷ nguyên số, ""communist"" là một thuật ngữ quan trọng.]",en,ai_digital_future,single_word,B1
f15a6b98-8d51-4748-b92b-108e2eafb0a6,complex,/ˈkɒmpleks/,mớ; đs;  phức; phức hợp; c. in involution mớ đối hợp,"In AI & Digital Age, 'complex' is an essential term. [Trong AI & Kỷ nguyên số, ""complex"" là một thuật ngữ quan trọng.]",en,ai_digital_future,single_word,B2
d880323a-1614-4c40-9a74-40afadccbf44,complicated,/ˈkɒmplɪkeɪtɪd/,"phức tạp, rắc rối","In AI & Digital Age, 'complicated' is an essential term. [Trong AI & Kỷ nguyên số, ""complicated"" là một thuật ngữ quan trọng.]",en,ai_digital_future,single_word,C1
cbfa44fc-8921-4674-8fe9-a038c47a7aca,conclusion,/kənˈkluːʒn/,"kết luận, sự kết thúc; c. of a theorem hệ quả của một định lý","In AI & Digital Age, 'conclusion' is an essential term. [Trong AI & Kỷ nguyên số, ""conclusion"" là một thuật ngữ quan trọng.]",en,ai_digital_future,single_word,B1
2303556e-74b6-47ee-a148-e3ebabda5875,corresponding,/ˌkɒrəˈspɒndɪŋ/,"tương ứng; đúng với; trao đổi thư từ, thông tin","In AI & Digital Age, 'corresponding' is an essential term. [Trong AI & Kỷ nguyên số, ""corresponding"" là một thuật ngữ quan trọng.]",en,ai_digital_future,single_word,B2
28334bf4-685c-4743-bd33-b97291e78ac0,criminal,/ˈkrɪmɪnl/,"có tội, phạm tội, tội ác; conversation","In AI & Digital Age, 'criminal' is an essential term. [Trong AI & Kỷ nguyên số, ""criminal"" là một thuật ngữ quan trọng.]",en,ai_digital_future,single_word,C1
0176f9a5-cad5-4298-9624-fd45bf821ce7,crude,/kruːd/,"thô sơ, thô, chưa được chế biến","In AI & Digital Age, 'crude' is an essential term. [Trong AI & Kỷ nguyên số, ""crude"" là một thuật ngữ quan trọng.]",en,ai_digital_future,single_word,B1
41b1a4b4-d940-4538-8397-1a7e79956d1d,decrease,/ˈdiːkriːs/,giảm,"In AI & Digital Age, 'decrease' is an essential term. [Trong AI & Kỷ nguyên số, ""decrease"" là một thuật ngữ quan trọng.]",en,ai_digital_future,single_word,B2
aa7b15e5-cbdc-49b8-8d38-32468331f0aa,destruction,/dɪˈstrʌkʃn/,"sự phá hoại, sự phá huỷ, sự tiêu diệt; tình trạng bị tàn phá, tình trạng bị tiêu diệt; nguyên nhân huỷ diệt, nguyên nhân suy vi; nguyên nhân gây ra cái chết","In AI & Digital Age, 'destruction' is an essential term. [Trong AI & Kỷ nguyên số, ""destruction"" là một thuật ngữ quan trọng.]",en,ai_digital_future,single_word,C1
c50a4387-cff0-436d-898d-fc6ba938feb6,discussion,/dɪˈskʌʃn/,sự thảo luận,"In AI & Digital Age, 'discussion' is an essential term. [Trong AI & Kỷ nguyên số, ""discussion"" là một thuật ngữ quan trọng.]",en,ai_digital_future,single_word,B1
1c925688-d8ce-4a80-aa96-2bd6f655364b,divine,/dɪˈvaɪn/,"thần thanh, thiêng liêng; tuyệt diệu, tuyệt trần, siêu phàm","In AI & Digital Age, 'divine' is an essential term. [Trong AI & Kỷ nguyên số, ""divine"" là một thuật ngữ quan trọng.]",en,ai_digital_future,single_word,B2
7c0827f7-1c3d-45c9-9b7a-59c0a3fd3102,documentary,/ˌdɒkjuˈmentri/,"tài liệu,  tư liệu; phim tài liệu","In AI & Digital Age, 'documentary' is an essential term. [Trong AI & Kỷ nguyên số, ""documentary"" là một thuật ngữ quan trọng.]",en,ai_digital_future,single_word,C1
fe71ef44-07bd-4946-b4bb-be0cc1ed268e,electoral,/ɪˈlektərəl/,sự bầu cử;  cử tri,"In AI & Digital Age, 'electoral' is an essential term. [Trong AI & Kỷ nguyên số, ""electoral"" là một thuật ngữ quan trọng.]",en,ai_digital_future,single_word,B1
4fa796f0-b8da-4a6b-941e-7b3b01f01310,enquiry,/ɪnˈkwaɪəri/,"sự điều tra, sự thẩm tra; sự thẩm vấn, sự hỏi; câu hỏi","In AI & Digital Age, 'enquiry' is an essential term. [Trong AI & Kỷ nguyên số, ""enquiry"" là một thuật ngữ quan trọng.]",en,ai_digital_future,single_word,B2
119df3b2-980e-468b-9735-646b8eff968f,exotic,/ɪɡˈzɒtɪk/,"ở nước ngoài đưa vào, ngoại lai; kỳ lạ, kỳ cục; đẹp kỳ lạ","In AI & Digital Age, 'exotic' is an essential term. [Trong AI & Kỷ nguyên số, ""exotic"" là một thuật ngữ quan trọng.]",en,ai_digital_future,single_word,C1
e32ae49b-acf6-4db7-8b4e-31769a2019ab,external,/ɪkˈstɜːnl/,"ở ngoài, bên ngoài; ngoài, để dùng bên ngoài","In AI & Digital Age, 'external' is an essential term. [Trong AI & Kỷ nguyên số, ""external"" là một thuật ngữ quan trọng.]",en,ai_digital_future,single_word,B1
fc0b79d6-f4dd-4686-bbfe-ee69a0570c13,facilitate,/fəˈsɪlɪteɪt/,"làm dễ dàng, tạo điều kiện, giảm nhẹ","In AI & Digital Age, 'facilitate' is an essential term. [Trong AI & Kỷ nguyên số, ""facilitate"" là một thuật ngữ quan trọng.]",en,ai_digital_future,single_word,B2
41f06d8c-f800-4e4f-a2f8-6dfc4c872a71,feed,/fiːd/,sự cấp  sự cung dưỡng; automatic f. cấp liệu tự động,"In AI & Digital Age, 'feed' is an essential term. [Trong AI & Kỷ nguyên số, ""feed"" là một thuật ngữ quan trọng.]",en,ai_digital_future,single_word,C1
f29cb5e3-35c6-427c-ab14-3bbcbca4a58b,formation,/fɔːˈmeɪʃn/,"sự hình thành, cấu tạo","In AI & Digital Age, 'formation' is an essential term. [Trong AI & Kỷ nguyên số, ""formation"" là một thuật ngữ quan trọng.]",en,ai_digital_future,single_word,B1
47de2d1e-7d2e-4c31-9177-cb38a2707d71,genetic,/dʒəˈnetɪk/,"căn nguyên,  nguồn gốc; di truyền học","In AI & Digital Age, 'genetic' is an essential term. [Trong AI & Kỷ nguyên số, ""genetic"" là một thuật ngữ quan trọng.]",en,ai_digital_future,single_word,B2
b09fcfd0-29b5-4ac0-8adc-56ca6ade1dfb,genius,/ˈdʒiːniəs/,"thiên tài, thiên tư; người thiên tài, người anh tài, bậc kỳ tài","In AI & Digital Age, 'genius' is an essential term. [Trong AI & Kỷ nguyên số, ""genius"" là một thuật ngữ quan trọng.]",en,ai_digital_future,single_word,C1
7d68e347-3970-4197-a55a-eb6c3eca9a09,graphic,/ˈɡræfɪk/,đồ thị; minh hoạ bằng đồ thị; sinh động,"In AI & Digital Age, 'graphic' is an essential term. [Trong AI & Kỷ nguyên số, ""graphic"" là một thuật ngữ quan trọng.]",en,ai_digital_future,single_word,B1
ce7ee135-57e0-4ff4-a0fb-ab2d873417af,hip,/hɪp/,hông; mép bờ,"In AI & Digital Age, 'hip' is an essential term. [Trong AI & Kỷ nguyên số, ""hip"" là một thuật ngữ quan trọng.]",en,ai_digital_future,single_word,B2
868149f1-92b0-49c1-978a-2487f7af8352,holy,/ˈhəʊli/,thần thánh; linh thiêng; Holy Writ kinh thánh,"In AI & Digital Age, 'holy' is an essential term. [Trong AI & Kỷ nguyên số, ""holy"" là một thuật ngữ quan trọng.]",en,ai_digital_future,single_word,C1
c29f27e7-2479-4b9c-9894-8793ae87bc59,immigration,/ˌɪmɪˈɡreɪʃn/,sự di cư,"In AI & Digital Age, 'immigration' is an essential term. [Trong AI & Kỷ nguyên số, ""immigration"" là một thuật ngữ quan trọng.]",en,ai_digital_future,single_word,B1
d5a3b3ca-48ff-461c-b602-d2270def05b0,improvement,/ɪmˈpruːvmənt/,"sự hoàn thiện, sự cải tiến","In AI & Digital Age, 'improvement' is an essential term. [Trong AI & Kỷ nguyên số, ""improvement"" là một thuật ngữ quan trọng.]",en,ai_digital_future,single_word,B2
ee7cd36b-cf0f-42cf-bcd0-a217fcc24024,inquiry,/ɪnˈkwaɪəri/,"sự điều tra, sự thẩm tra; sự thẩm vấn, sự hỏi; câu hỏi","In AI & Digital Age, 'inquiry' is an essential term. [Trong AI & Kỷ nguyên số, ""inquiry"" là một thuật ngữ quan trọng.]",en,ai_digital_future,single_word,C1
2eb486d7-3eb9-4be2-b173-5d3d70b40518,institute,/ˈɪnstɪtjuːt/,"học viện, [cơ quan, hội] khoa học // thiết lập; gây cơ sở, đặt nền móng","In AI & Digital Age, 'institute' is an essential term. [Trong AI & Kỷ nguyên số, ""institute"" là một thuật ngữ quan trọng.]",en,ai_digital_future,single_word,B1
9902dd85-5690-48a8-89f3-b67ace8046ee,institutional,/ˌɪnstɪˈtjuːʃənl/,"cơ quan, có tính chất là cơ quan; với mục đích gây tiếng hơn là để bán hằng ngày","In AI & Digital Age, 'institutional' is an essential term. [Trong AI & Kỷ nguyên số, ""institutional"" là một thuật ngữ quan trọng.]",en,ai_digital_future,single_word,B2
85e6e065-843f-47a3-b245-e26bb4fac5c5,integration,/ˌɪntɪˈɡreɪʃn/,phép lấy tích phân i. by decomposition phép lấy tích; phân bằng phân tích; i. by partial fractions phép lấy tích phân bằng,"In AI & Digital Age, 'integration' is an essential term. [Trong AI & Kỷ nguyên số, ""integration"" là một thuật ngữ quan trọng.]",en,ai_digital_future,single_word,C1
7491f03d-a542-4a5c-a836-9471d16ff056,interior,/ɪnˈtɪəriə(r)/,"trong, phần trong, tính trong; i. of set  phần tổng của một tập hợp","In AI & Digital Age, 'interior' is an essential term. [Trong AI & Kỷ nguyên số, ""interior"" là một thuật ngữ quan trọng.]",en,ai_digital_future,single_word,B1
b4e07ee2-f0e6-4834-8c95-a8b172922d42,internal,/ɪnˈtɜːnl/,"trong, nội bộ","In AI & Digital Age, 'internal' is an essential term. [Trong AI & Kỷ nguyên số, ""internal"" là một thuật ngữ quan trọng.]",en,ai_digital_future,single_word,B2
2b9ccbc0-fa33-4d93-bf05-b6e02e17e01e,involved,/ɪnˈvɒlvd/,"rắc rối, phức tạp; bị mắc míu, bị liên luỵ, bọ dính líu, bị dính dáng","In AI & Digital Age, 'involved' is an essential term. [Trong AI & Kỷ nguyên số, ""involved"" là một thuật ngữ quan trọng.]",en,ai_digital_future,single_word,C1
bfcf15e5-5308-4802-a553-5b17fd7d700c,irrelevant,/ɪˈreləvənt/,không thích đáng; không thích hợp,"In AI & Digital Age, 'irrelevant' is an essential term. [Trong AI & Kỷ nguyên số, ""irrelevant"" là một thuật ngữ quan trọng.]",en,ai_digital_future,single_word,B1
e3ca5067-5cc8-4e8e-bba6-418db373eb78,its,/ɪts/,"của cái đó, của điều đó, của con vật đó; cái của điều đó, cái của con vật đó","In AI & Digital Age, 'its' is an essential term. [Trong AI & Kỷ nguyên số, ""its"" là một thuật ngữ quan trọng.]",en,ai_digital_future,single_word,B2
36bb198a-9c52-4c97-9efc-76fecd068c4a,join,/dʒɔɪn/,hợp nối; direct j.  hợp trực tiếp,"In AI & Digital Age, 'join' is an essential term. [Trong AI & Kỷ nguyên số, ""join"" là một thuật ngữ quan trọng.]",en,ai_digital_future,single_word,C1
024e32f1-814f-473f-bcf7-d9c622b1d4c9,leather,/ˈleðə(r)/,"da thuộc; đồ da, vật làm bằng da thuộc","In AI & Digital Age, 'leather' is an essential term. [Trong AI & Kỷ nguyên số, ""leather"" là một thuật ngữ quan trọng.]",en,ai_digital_future,single_word,B1
44a58dc3-2a09-42c7-8e00-89846a682748,leg,/leɡ/,"chân, cẳng; chân","In AI & Digital Age, 'leg' is an essential term. [Trong AI & Kỷ nguyên số, ""leg"" là một thuật ngữ quan trọng.]",en,ai_digital_future,single_word,B2
eac6dd59-448b-41b7-8d89-8baf76698fe1,artificial learning,/artificial learning/,nhân tạo học tập,"In AI & Digital Age, artificial learning plays an integral role. [Trong AI & Kỷ nguyên số, nhân tạo học tập đóng vai trò thiết yếu.]",en,ai_digital_future,phrase,C1
53717567-f3dd-45ce-9e64-5e7ce0cdaf53,artificial system,/artificial system/,nhân tạo hệ thống,"In AI & Digital Age, artificial system plays an integral role. [Trong AI & Kỷ nguyên số, nhân tạo hệ thống đóng vai trò thiết yếu.]",en,ai_digital_future,phrase,B2
d16a44e9-257f-4c48-b90d-f881e4011e15,artificial assistant,/artificial assistant/,nhân tạo trợ lý,"In AI & Digital Age, artificial assistant plays an integral role. [Trong AI & Kỷ nguyên số, nhân tạo trợ lý đóng vai trò thiết yếu.]",en,ai_digital_future,phrase,C1
ae1579f6-e725-4a50-b4d2-cff5d01592b9,artificial recognition,/artificial recognition/,nhân tạo nhận dạng,"In AI & Digital Age, artificial recognition plays an integral role. [Trong AI & Kỷ nguyên số, nhân tạo nhận dạng đóng vai trò thiết yếu.]",en,ai_digital_future,phrase,B1
f94a943e-6be3-40dc-927e-c2fb6a528625,artificial transformation,/artificial transformation/,nhân tạo chuyển đổi,"In AI & Digital Age, artificial transformation plays an integral role. [Trong AI & Kỷ nguyên số, nhân tạo chuyển đổi đóng vai trò thiết yếu.]",en,ai_digital_future,phrase,B2
318b244c-9c5d-4c9b-b072-9786261ed145,artificial interface,/artificial interface/,nhân tạo giao diện,"In AI & Digital Age, artificial interface plays an integral role. [Trong AI & Kỷ nguyên số, nhân tạo giao diện đóng vai trò thiết yếu.]",en,ai_digital_future,phrase,C1
23c81249-9936-4329-9ea0-a0aad9b358f5,neural learning,/neural learning/,nơ-ron học tập,"In AI & Digital Age, neural learning plays an integral role. [Trong AI & Kỷ nguyên số, nơ-ron học tập đóng vai trò thiết yếu.]",en,ai_digital_future,phrase,B1
b6c44e10-d10c-4c98-9f3b-7adb6087acdb,neural system,/neural system/,nơ-ron hệ thống,"In AI & Digital Age, neural system plays an integral role. [Trong AI & Kỷ nguyên số, nơ-ron hệ thống đóng vai trò thiết yếu.]",en,ai_digital_future,phrase,C1
ca549536-aafe-4499-a699-ff0455e6e712,neural assistant,/neural assistant/,nơ-ron trợ lý,"In AI & Digital Age, neural assistant plays an integral role. [Trong AI & Kỷ nguyên số, nơ-ron trợ lý đóng vai trò thiết yếu.]",en,ai_digital_future,phrase,B1
296184fc-1b60-4004-9090-d3a730970a14,neural recognition,/neural recognition/,nơ-ron nhận dạng,"In AI & Digital Age, neural recognition plays an integral role. [Trong AI & Kỷ nguyên số, nơ-ron nhận dạng đóng vai trò thiết yếu.]",en,ai_digital_future,phrase,B2
cac15915-bcb2-43e7-a18a-e09a6607001a,neural transformation,/neural transformation/,nơ-ron chuyển đổi,"In AI & Digital Age, neural transformation plays an integral role. [Trong AI & Kỷ nguyên số, nơ-ron chuyển đổi đóng vai trò thiết yếu.]",en,ai_digital_future,phrase,C1
c32bfaf3-eff9-481c-b20b-ce2478c1deaf,neural interface,/neural interface/,nơ-ron giao diện,"In AI & Digital Age, neural interface plays an integral role. [Trong AI & Kỷ nguyên số, nơ-ron giao diện đóng vai trò thiết yếu.]",en,ai_digital_future,phrase,B1
c22d7c1a-8280-4947-9325-f838eeeb8926,machine intelligence,/machine intelligence/,máy học trí tuệ,"In AI & Digital Age, machine intelligence plays an integral role. [Trong AI & Kỷ nguyên số, máy học trí tuệ đóng vai trò thiết yếu.]",en,ai_digital_future,phrase,C1
a1af8fc6-e13e-4e63-abb9-36095786928a,machine network,/machine network/,máy học mạng lưới,"In AI & Digital Age, machine network plays an integral role. [Trong AI & Kỷ nguyên số, máy học mạng lưới đóng vai trò thiết yếu.]",en,ai_digital_future,phrase,B1
d4827a51-beac-4fb7-8d2b-ca6b795956a9,machine learning,/machine learning/,máy học học tập,"In AI & Digital Age, machine learning plays an integral role. [Trong AI & Kỷ nguyên số, máy học học tập đóng vai trò thiết yếu.]",en,ai_digital_future,phrase,B2
e4f4f244-99d8-4378-8e94-aec6fa60cfb8,machine analytics,/machine analytics/,máy học phân tích,"In AI & Digital Age, machine analytics plays an integral role. [Trong AI & Kỷ nguyên số, máy học phân tích đóng vai trò thiết yếu.]",en,ai_digital_future,phrase,C1
2f44c644-1465-4321-a58b-a1530ecc50be,machine system,/machine system/,máy học hệ thống,"In AI & Digital Age, machine system plays an integral role. [Trong AI & Kỷ nguyên số, máy học hệ thống đóng vai trò thiết yếu.]",en,ai_digital_future,phrase,B1
bf390cff-e44d-4fcf-8e6b-a1243dfeacdf,machine assistant,/machine assistant/,máy học trợ lý,"In AI & Digital Age, machine assistant plays an integral role. [Trong AI & Kỷ nguyên số, máy học trợ lý đóng vai trò thiết yếu.]",en,ai_digital_future,phrase,B2
b08139bf-e378-4910-a333-f0450dcad8a6,machine recognition,/machine recognition/,máy học nhận dạng,"In AI & Digital Age, machine recognition plays an integral role. [Trong AI & Kỷ nguyên số, máy học nhận dạng đóng vai trò thiết yếu.]",en,ai_digital_future,phrase,C1
e588fc2b-1769-4077-8cf1-7b6ea373c3d3,machine transformation,/machine transformation/,máy học chuyển đổi,"In AI & Digital Age, machine transformation plays an integral role. [Trong AI & Kỷ nguyên số, máy học chuyển đổi đóng vai trò thiết yếu.]",en,ai_digital_future,phrase,B1
8040a8b8-a805-44b6-8c6f-046b271aac28,machine interface,/machine interface/,máy học giao diện,"In AI & Digital Age, machine interface plays an integral role. [Trong AI & Kỷ nguyên số, máy học giao diện đóng vai trò thiết yếu.]",en,ai_digital_future,phrase,B2
9f3fce5f-1a02-40d4-8893-06aa4cdc3b6a,machine automation,/machine automation/,máy học tự động hóa,"In AI & Digital Age, machine automation plays an integral role. [Trong AI & Kỷ nguyên số, máy học tự động hóa đóng vai trò thiết yếu.]",en,ai_digital_future,phrase,C1
6063d56d-5ce3-4e2e-b440-9b0e7c8e5777,deep intelligence,/deep intelligence/,học sâu trí tuệ,"In AI & Digital Age, deep intelligence plays an integral role. [Trong AI & Kỷ nguyên số, học sâu trí tuệ đóng vai trò thiết yếu.]",en,ai_digital_future,phrase,B1
b2b7c63a-b804-49f1-9199-ba303463138e,deep network,/deep network/,học sâu mạng lưới,"In AI & Digital Age, deep network plays an integral role. [Trong AI & Kỷ nguyên số, học sâu mạng lưới đóng vai trò thiết yếu.]",en,ai_digital_future,phrase,B2
80c5fed4-b6dd-48ba-b29d-19d15e78d19e,deep learning,/deep learning/,học sâu học tập,"In AI & Digital Age, deep learning plays an integral role. [Trong AI & Kỷ nguyên số, học sâu học tập đóng vai trò thiết yếu.]",en,ai_digital_future,phrase,C1
482df577-a354-4981-8891-2b812f4f0ead,deep analytics,/deep analytics/,học sâu phân tích,"In AI & Digital Age, deep analytics plays an integral role. [Trong AI & Kỷ nguyên số, học sâu phân tích đóng vai trò thiết yếu.]",en,ai_digital_future,phrase,B1
0628f6c9-376e-4c83-9bce-4b44031cba53,deep system,/deep system/,học sâu hệ thống,"In AI & Digital Age, deep system plays an integral role. [Trong AI & Kỷ nguyên số, học sâu hệ thống đóng vai trò thiết yếu.]",en,ai_digital_future,phrase,B2
9ebf491a-fa08-46a5-bcee-092e29f47a99,deep assistant,/deep assistant/,học sâu trợ lý,"In AI & Digital Age, deep assistant plays an integral role. [Trong AI & Kỷ nguyên số, học sâu trợ lý đóng vai trò thiết yếu.]",en,ai_digital_future,phrase,C1
9b7f2179-3b10-43e4-92e8-68cb98a36ced,deep recognition,/deep recognition/,học sâu nhận dạng,"In AI & Digital Age, deep recognition plays an integral role. [Trong AI & Kỷ nguyên số, học sâu nhận dạng đóng vai trò thiết yếu.]",en,ai_digital_future,phrase,B1
14850c16-136d-4c8c-8166-8cfbdfa5010a,deep transformation,/deep transformation/,học sâu chuyển đổi,"In AI & Digital Age, deep transformation plays an integral role. [Trong AI & Kỷ nguyên số, học sâu chuyển đổi đóng vai trò thiết yếu.]",en,ai_digital_future,phrase,B2
b36ecdd5-07e4-4c42-a079-2b575e04c39a,deep interface,/deep interface/,học sâu giao diện,"In AI & Digital Age, deep interface plays an integral role. [Trong AI & Kỷ nguyên số, học sâu giao diện đóng vai trò thiết yếu.]",en,ai_digital_future,phrase,C1
153062a0-0d49-479c-9702-698edd774297,deep automation,/deep automation/,học sâu tự động hóa,"In AI & Digital Age, deep automation plays an integral role. [Trong AI & Kỷ nguyên số, học sâu tự động hóa đóng vai trò thiết yếu.]",en,ai_digital_future,phrase,B1
7afec214-366e-4238-b539-327efa9d524f,autonomous learning,/autonomous learning/,tự hành học tập,"In AI & Digital Age, autonomous learning plays an integral role. [Trong AI & Kỷ nguyên số, tự hành học tập đóng vai trò thiết yếu.]",en,ai_digital_future,phrase,B1
205b65bd-4aa2-4537-8cfd-7b2a0b975ddd,autonomous system,/autonomous system/,tự hành hệ thống,"In AI & Digital Age, autonomous system plays an integral role. [Trong AI & Kỷ nguyên số, tự hành hệ thống đóng vai trò thiết yếu.]",en,ai_digital_future,phrase,C1
7dc917bb-bffb-42be-88a2-465a5ddb5058,autonomous assistant,/autonomous assistant/,tự hành trợ lý,"In AI & Digital Age, autonomous assistant plays an integral role. [Trong AI & Kỷ nguyên số, tự hành trợ lý đóng vai trò thiết yếu.]",en,ai_digital_future,phrase,B1
1e912892-9892-4cf9-bbed-f9918713ded5,autonomous recognition,/autonomous recognition/,tự hành nhận dạng,"In AI & Digital Age, autonomous recognition plays an integral role. [Trong AI & Kỷ nguyên số, tự hành nhận dạng đóng vai trò thiết yếu.]",en,ai_digital_future,phrase,B2
b24cdb59-4c58-4a42-a05e-6611f4ffc491,autonomous transformation,/autonomous transformation/,tự hành chuyển đổi,"In AI & Digital Age, autonomous transformation plays an integral role. [Trong AI & Kỷ nguyên số, tự hành chuyển đổi đóng vai trò thiết yếu.]",en,ai_digital_future,phrase,C1
3fae6294-3ef7-4355-b54a-980c1773d9da,autonomous interface,/autonomous interface/,tự hành giao diện,"In AI & Digital Age, autonomous interface plays an integral role. [Trong AI & Kỷ nguyên số, tự hành giao diện đóng vai trò thiết yếu.]",en,ai_digital_future,phrase,B1
b60bb972-ff83-4d17-896a-b8256212b7dd,virtual intelligence,/virtual intelligence/,thực tế ảo trí tuệ,"In AI & Digital Age, virtual intelligence plays an integral role. [Trong AI & Kỷ nguyên số, thực tế ảo trí tuệ đóng vai trò thiết yếu.]",en,ai_digital_future,phrase,C1
e58875d0-18a9-4706-be41-3c03b8799339,virtual network,/virtual network/,thực tế ảo mạng lưới,"In AI & Digital Age, virtual network plays an integral role. [Trong AI & Kỷ nguyên số, thực tế ảo mạng lưới đóng vai trò thiết yếu.]",en,ai_digital_future,phrase,B1
9aec9fb8-8be6-4a03-993c-ddab3a43699a,virtual learning,/virtual learning/,thực tế ảo học tập,"In AI & Digital Age, virtual learning plays an integral role. [Trong AI & Kỷ nguyên số, thực tế ảo học tập đóng vai trò thiết yếu.]",en,ai_digital_future,phrase,B2
d244fdcb-4cc0-4929-9c5a-7c2b19999315,virtual analytics,/virtual analytics/,thực tế ảo phân tích,"In AI & Digital Age, virtual analytics plays an integral role. [Trong AI & Kỷ nguyên số, thực tế ảo phân tích đóng vai trò thiết yếu.]",en,ai_digital_future,phrase,C1
38a16146-a0a3-441c-8fc9-f2bf188e2469,virtual system,/virtual system/,thực tế ảo hệ thống,"In AI & Digital Age, virtual system plays an integral role. [Trong AI & Kỷ nguyên số, thực tế ảo hệ thống đóng vai trò thiết yếu.]",en,ai_digital_future,phrase,B1
3af80627-868d-4641-9889-e0df52378ff3,virtual assistant,/virtual assistant/,thực tế ảo trợ lý,"In AI & Digital Age, virtual assistant plays an integral role. [Trong AI & Kỷ nguyên số, thực tế ảo trợ lý đóng vai trò thiết yếu.]",en,ai_digital_future,phrase,B2
5918f268-2dbe-469f-9761-1c856a2753e6,virtual recognition,/virtual recognition/,thực tế ảo nhận dạng,"In AI & Digital Age, virtual recognition plays an integral role. [Trong AI & Kỷ nguyên số, thực tế ảo nhận dạng đóng vai trò thiết yếu.]",en,ai_digital_future,phrase,C1
39345c00-4248-4e68-aa19-c2fd951773d2,virtual transformation,/virtual transformation/,thực tế ảo chuyển đổi,"In AI & Digital Age, virtual transformation plays an integral role. [Trong AI & Kỷ nguyên số, thực tế ảo chuyển đổi đóng vai trò thiết yếu.]",en,ai_digital_future,phrase,B1
aa96ceda-6e3e-4a2e-a9f1-43244d4a5cf4,virtual interface,/virtual interface/,thực tế ảo giao diện,"In AI & Digital Age, virtual interface plays an integral role. [Trong AI & Kỷ nguyên số, thực tế ảo giao diện đóng vai trò thiết yếu.]",en,ai_digital_future,phrase,B2
b9cde194-5cff-4e32-b434-32d2582cf0f3,virtual automation,/virtual automation/,thực tế ảo tự động hóa,"In AI & Digital Age, virtual automation plays an integral role. [Trong AI & Kỷ nguyên số, thực tế ảo tự động hóa đóng vai trò thiết yếu.]",en,ai_digital_future,phrase,C1
fc0a049c-8ddd-4a3e-b42a-69796c63963a,predictive learning,/predictive learning/,dự đoán học tập,"In AI & Digital Age, predictive learning plays an integral role. [Trong AI & Kỷ nguyên số, dự đoán học tập đóng vai trò thiết yếu.]",en,ai_digital_future,phrase,C1
85d7ee53-7f7f-4cb8-af21-b82f7ef68edc,predictive system,/predictive system/,dự đoán hệ thống,"In AI & Digital Age, predictive system plays an integral role. [Trong AI & Kỷ nguyên số, dự đoán hệ thống đóng vai trò thiết yếu.]",en,ai_digital_future,phrase,B2
6487ba56-89f8-4d71-98b3-f95ee6bbccee,cliff,/klɪf/,vách đá; câu chuyện hấp dẫn được kể từng phần trên một đài phát thanh,"In Environment & Climate, 'cliff' is an essential term. [Trong Môi trường & Khí hậu, ""cliff"" là một thuật ngữ quan trọng.]",en,environment_climate,single_word,B1
eb89fc7f-2ee4-4f10-a799-c1580abef8fb,coast,/kəʊst/,"bờ biển; ,  đường lao ; sự lao xuống","In Environment & Climate, 'coast' is an essential term. [Trong Môi trường & Khí hậu, ""coast"" là một thuật ngữ quan trọng.]",en,environment_climate,single_word,B2
195fde87-74da-4611-9163-bcaa7bda28ff,grass,/ɡrɑːs/,"cỏ; bâi cỏ, đồng cỏ","In Environment & Climate, 'grass' is an essential term. [Trong Môi trường & Khí hậu, ""grass"" là một thuật ngữ quan trọng.]",en,environment_climate,single_word,C1
40683dc1-ad92-4f01-8ff4-d65f0ea20689,instinct,/ˈɪnstɪŋkt/,"bản năng; thiên hướng, năng khiếu","In Environment & Climate, 'instinct' is an essential term. [Trong Môi trường & Khí hậu, ""instinct"" là một thuật ngữ quan trọng.]",en,environment_climate,single_word,B1
be974e19-4477-4c33-98d5-fd9bc25e2dbe,land,/lænd/,Đất đai.,"In Environment & Climate, 'land' is an essential term. [Trong Môi trường & Khí hậu, ""land"" là một thuật ngữ quan trọng.]",en,environment_climate,single_word,B2
090a0c7a-400c-42d5-9b37-87067c6e6838,leaf,/liːf/,lá cây; lá; tờ,"In Environment & Climate, 'leaf' is an essential term. [Trong Môi trường & Khí hậu, ""leaf"" là một thuật ngữ quan trọng.]",en,environment_climate,single_word,C1
a658402a-6773-417a-91ce-417e76efd4f3,map,/mæp/,xạ ảnh; bản đồ; bản phương án; m. into ánh xạ vào,"In Environment & Climate, 'map' is an essential term. [Trong Môi trường & Khí hậu, ""map"" là một thuật ngữ quan trọng.]",en,environment_climate,single_word,B1
99096700-9964-4e6d-9150-16481de5e5f7,marine,/məˈriːn/,biển; ngành hàng hải;  đường biển;  công việc buôn bán trên mặt biển,"In Environment & Climate, 'marine' is an essential term. [Trong Môi trường & Khí hậu, ""marine"" là một thuật ngữ quan trọng.]",en,environment_climate,single_word,B2
fd6eb497-3f21-476b-8afb-045d983646d8,member,/ˈmembə(r)/,vế; phần tử; bộ phận; chi tiết; khâu; contronlled m. đối tượng điều khiển,"In Environment & Climate, 'member' is an essential term. [Trong Môi trường & Khí hậu, ""member"" là một thuật ngữ quan trọng.]",en,environment_climate,single_word,C1
67f7b732-9936-4397-aee8-3961872a5295,monkey,/ˈmʌŋki/,"con khỉ; thằng nhãi, thằng ranh, thằng nhóc","In Environment & Climate, 'monkey' is an essential term. [Trong Môi trường & Khí hậu, ""monkey"" là một thuật ngữ quan trọng.]",en,environment_climate,single_word,B1
108a95f8-ff96-4aad-a3a7-285e3e81a4f7,rat,/ræt/,con chuột; kẻ phản bội; kẻ phản đảng; kẻ bỏ đảng trong lúc khó khăn,"In Environment & Climate, 'rat' is an essential term. [Trong Môi trường & Khí hậu, ""rat"" là một thuật ngữ quan trọng.]",en,environment_climate,single_word,B2
5ae28ddd-b421-482c-910e-5bd7e8a23ad9,shore,/ʃɔː(r)/,"bờ , bờ biển; phần đất giữa hai nước triều","In Environment & Climate, 'shore' is an essential term. [Trong Môi trường & Khí hậu, ""shore"" là một thuật ngữ quan trọng.]",en,environment_climate,single_word,C1
35b530a2-f311-4338-846a-da3d2c8cc520,species,/ˈspiːʃiːz/,loài; loại; phạm trù; s. of a set of point phạm trù một tập hợp điểm,"In Environment & Climate, 'species' is an essential term. [Trong Môi trường & Khí hậu, ""species"" là một thuật ngữ quan trọng.]",en,environment_climate,single_word,B1
12be1336-c237-49cd-a9e2-3f6b1864b9d1,spring,/sprɪŋ/,sự nhảy; cái nhảy; mùa xuân,"In Environment & Climate, 'spring' is an essential term. [Trong Môi trường & Khí hậu, ""spring"" là một thuật ngữ quan trọng.]",en,environment_climate,single_word,B2
50f16274-2e10-4db4-82b2-e58c6fbddae9,summer,/ˈsʌmə(r)/,"cái rầm  summer-tree); mùa hạ, mùa hè","In Environment & Climate, 'summer' is an essential term. [Trong Môi trường & Khí hậu, ""summer"" là một thuật ngữ quan trọng.]",en,environment_climate,single_word,C1
ce636575-3772-40f6-8760-2580b4b70cde,tree,/triː/,cây,"In Environment & Climate, 'tree' is an essential term. [Trong Môi trường & Khí hậu, ""tree"" là một thuật ngữ quan trọng.]",en,environment_climate,single_word,B1
f47f15db-4090-4d40-ae3a-31a368a22cac,tsunami,/tsuːˈnɑːmi/,"sunami, sóng lớn ở đại dương","In Environment & Climate, 'tsunami' is an essential term. [Trong Môi trường & Khí hậu, ""tsunami"" là một thuật ngữ quan trọng.]",en,environment_climate,single_word,B2
f202f99c-77a2-46f6-8892-ae1ca8f4a449,vessel,/ˈvesl/,"tàu, thuyền","In Environment & Climate, 'vessel' is an essential term. [Trong Môi trường & Khí hậu, ""vessel"" là một thuật ngữ quan trọng.]",en,environment_climate,single_word,C1
6e95dde1-90d2-4306-a8c2-98b1dae6df86,vitamin,/ˈvɪtəmɪn/,vitamin,"In Environment & Climate, 'vitamin' is an essential term. [Trong Môi trường & Khí hậu, ""vitamin"" là một thuật ngữ quan trọng.]",en,environment_climate,single_word,B1
33f21fba-cdfa-4efc-8c82-1ae00277b026,water,/ˈwɔːtə(r)/,nước,"In Environment & Climate, 'water' is an essential term. [Trong Môi trường & Khí hậu, ""water"" là một thuật ngữ quan trọng.]",en,environment_climate,single_word,B2
09d32cd1-7f87-4028-b584-780bd83db012,wave,/weɪv/,sóng; w. of dilatation sóng nở,"In Environment & Climate, 'wave' is an essential term. [Trong Môi trường & Khí hậu, ""wave"" là một thuật ngữ quan trọng.]",en,environment_climate,single_word,C1
f78e4c15-f997-42b1-91ac-edb81fb586aa,world,/wɜːld/,"thế giới, hoàn cầu, địa cầu; vũ trụ, vạn vật","In Environment & Climate, 'world' is an essential term. [Trong Môi trường & Khí hậu, ""world"" là một thuật ngữ quan trọng.]",en,environment_climate,single_word,B1
36434b0e-5c0c-4267-b241-68b65cbff5ce,air,/eə(r)/,"không khí, bầu không khí; không gian, không trung; máy bay; hàng không","In Environment & Climate, 'air' is an essential term. [Trong Môi trường & Khí hậu, ""air"" là một thuật ngữ quan trọng.]",en,environment_climate,single_word,B2
9a7a46aa-7b41-4040-8c30-5a36889164f6,analyse,/ˈænəlaɪz/,phân tích,"In Environment & Climate, 'analyse' is an essential term. [Trong Môi trường & Khí hậu, ""analyse"" là một thuật ngữ quan trọng.]",en,environment_climate,single_word,C1
e87c2e85-cbe5-4681-b6eb-367c99f4423d,assess,/əˈses/,đánh giá,"In Environment & Climate, 'assess' is an essential term. [Trong Môi trường & Khí hậu, ""assess"" là một thuật ngữ quan trọng.]",en,environment_climate,single_word,B1
1b65bf7b-bcd9-4184-9a85-50c1f716d654,atmosphere,/ˈætməsfɪə(r)/,"atmôtphe, khí quyển; standard a. vlđc. khí quyển tiêu chuẩn","In Environment & Climate, 'atmosphere' is an essential term. [Trong Môi trường & Khí hậu, ""atmosphere"" là một thuật ngữ quan trọng.]",en,environment_climate,single_word,B2
61e359f5-1967-4e66-8923-c2df26a3c0ca,baby,/ˈbeɪbi/,đứa bé mới sinh; trẻ thơ; người tính trẻ con,"In Environment & Climate, 'baby' is an essential term. [Trong Môi trường & Khí hậu, ""baby"" là một thuật ngữ quan trọng.]",en,environment_climate,single_word,C1
765d6936-e605-4a1e-9267-66a77d2bd6f2,banana,/bəˈnɑːnə/,cây chuối; quả chuối,"In Environment & Climate, 'banana' is an essential term. [Trong Môi trường & Khí hậu, ""banana"" là một thuật ngữ quan trọng.]",en,environment_climate,single_word,B1
ffc07a4b-fe5c-4616-a8e7-73f065e2d40e,bay,/beɪ/,"tủ, hộc; bộ","In Environment & Climate, 'bay' is an essential term. [Trong Môi trường & Khí hậu, ""bay"" là một thuật ngữ quan trọng.]",en,environment_climate,single_word,B2
18eea187-c469-42f8-81bd-66b4ff9f5ecf,beach,/biːtʃ/,sỏi cát; bãi biển,"In Environment & Climate, 'beach' is an essential term. [Trong Môi trường & Khí hậu, ""beach"" là một thuật ngữ quan trọng.]",en,environment_climate,single_word,C1
26e22aea-defd-42be-84bf-511a74249f45,bear,/beə(r)/,"mang, cầm, vác, đội, đeo, ôm; chịu, chịu đựng","In Environment & Climate, 'bear' is an essential term. [Trong Môi trường & Khí hậu, ""bear"" là một thuật ngữ quan trọng.]",en,environment_climate,single_word,B1
b5d7cf2d-1e66-4d41-be9b-0301f37efcb8,beast,/biːst/,"thú vật, súc vật; thú nuôi, gia súc","In Environment & Climate, 'beast' is an essential term. [Trong Môi trường & Khí hậu, ""beast"" là một thuật ngữ quan trọng.]",en,environment_climate,single_word,B2
2a302bf4-c1a4-48fe-a33b-0b563b6f5c0f,bench,/bentʃ/,ghế dài; bàn,"In Environment & Climate, 'bench' is an essential term. [Trong Môi trường & Khí hậu, ""bench"" là một thuật ngữ quan trọng.]",en,environment_climate,single_word,C1
8db58697-c3f7-4b04-bb99-ba773599c921,bend,/bend/,uốn cong,"In Environment & Climate, 'bend' is an essential term. [Trong Môi trường & Khí hậu, ""bend"" là một thuật ngữ quan trọng.]",en,environment_climate,single_word,B1
11b02be3-9bef-485f-a398-a0ebfc933d91,blood,/blʌd/,"máu, huyết; nhựa ; nước ngọt","In Environment & Climate, 'blood' is an essential term. [Trong Môi trường & Khí hậu, ""blood"" là một thuật ngữ quan trọng.]",en,environment_climate,single_word,B2
7944ba1f-a2c6-4959-8428-592c82dc9c7e,bone,/bəʊn/,xương; chất xương; chất ngà; chất ngà răng; chất sừng cá voi,"In Environment & Climate, 'bone' is an essential term. [Trong Môi trường & Khí hậu, ""bone"" là một thuật ngữ quan trọng.]",en,environment_climate,single_word,C1
78acc453-21e4-4365-9072-7ef3cc2ce735,branch,/brɑːntʃ/,"nhánh, cành; b. of a curve nhánh của một đường cong","In Environment & Climate, 'branch' is an essential term. [Trong Môi trường & Khí hậu, ""branch"" là một thuật ngữ quan trọng.]",en,environment_climate,single_word,B1
18d720e6-0032-4dac-835f-7778c40e035d,breed,/briːd/,"sinh, sinh ra, sinh sôi","In Environment & Climate, 'breed' is an essential term. [Trong Môi trường & Khí hậu, ""breed"" là một thuật ngữ quan trọng.]",en,environment_climate,single_word,B2
520456f1-2c80-4890-bc1b-43204404877c,cancer,/ˈkænsə(r)/,"bệnh ung thư; ung nhọt, những cái xấu xa","In Environment & Climate, 'cancer' is an essential term. [Trong Môi trường & Khí hậu, ""cancer"" là một thuật ngữ quan trọng.]",en,environment_climate,single_word,C1
ca33583b-a991-4e49-90a8-68e02e8f2a4d,cat,/kæt/,con mèo; thú thuộc giống mèo,"In Environment & Climate, 'cat' is an essential term. [Trong Môi trường & Khí hậu, ""cat"" là một thuật ngữ quan trọng.]",en,environment_climate,single_word,B1
9c6bcf17-7bfc-4251-8a6b-f4dccdab1cb3,cattle,/ˈkætl/,"thú nuôi, gia súc; ngựa","In Environment & Climate, 'cattle' is an essential term. [Trong Môi trường & Khí hậu, ""cattle"" là một thuật ngữ quan trọng.]",en,environment_climate,single_word,B2
2016e609-5153-46bb-85e7-c0c19b798f83,command,/kəˈmɑːnd/,"lệnh // lệnh, điều khiển; control c. lệnh điều khiển","In Environment & Climate, 'command' is an essential term. [Trong Môi trường & Khí hậu, ""command"" là một thuật ngữ quan trọng.]",en,environment_climate,single_word,C1
71ce6928-5518-4dc9-b252-0ee15653e0ec,compassion,/kəmˈpæʃn/,"lòng thương, lòng trắc ẩn","In Environment & Climate, 'compassion' is an essential term. [Trong Môi trường & Khí hậu, ""compassion"" là một thuật ngữ quan trọng.]",en,environment_climate,single_word,B1
1569d507-41ec-4126-8839-c351a7e6bdb2,continent,/ˈkɒntɪnənt/,"tiết độ, điều độ; trinh bạch, trinh tiết","In Environment & Climate, 'continent' is an essential term. [Trong Môi trường & Khí hậu, ""continent"" là một thuật ngữ quan trọng.]",en,environment_climate,single_word,B2
ec0bf866-e3e1-4fbe-9199-462ec6279353,cow,/kaʊ/,bò cái; voi cái; tê giác cái; cá voi cái; chó biển cái,"In Environment & Climate, 'cow' is an essential term. [Trong Môi trường & Khí hậu, ""cow"" là một thuật ngữ quan trọng.]",en,environment_climate,single_word,C1
36f8c182-96fc-4389-ae33-b84ec6c975c9,crop,/krɒp/,"vụ, mùa; thu hoạch của một vụ; cây trồng","In Environment & Climate, 'crop' is an essential term. [Trong Môi trường & Khí hậu, ""crop"" là một thuật ngữ quan trọng.]",en,environment_climate,single_word,B1
b440cedb-781e-48d2-a361-1e8e9673022c,crowd,/kraʊd/,đám đông; quần chúng,"In Environment & Climate, 'crowd' is an essential term. [Trong Môi trường & Khí hậu, ""crowd"" là một thuật ngữ quan trọng.]",en,environment_climate,single_word,B2
6c5378bb-0360-46ef-bd92-21a17d67d838,crystal,/ˈkrɪstl/,tinh thể; bán dẫn,"In Environment & Climate, 'crystal' is an essential term. [Trong Môi trường & Khí hậu, ""crystal"" là một thuật ngữ quan trọng.]",en,environment_climate,single_word,C1
14923523-5681-420a-a874-067b00d29430,cultivate,/ˈkʌltɪveɪt/,"cày cấy, trồng trọt; trau dồi, tu dưỡng","In Environment & Climate, 'cultivate' is an essential term. [Trong Môi trường & Khí hậu, ""cultivate"" là một thuật ngữ quan trọng.]",en,environment_climate,single_word,B1
ff255b21-a090-42f0-b239-123bcf2e382c,dense,/dens/,trù mật; d. in itself trù mật trong chính nó,"In Environment & Climate, 'dense' is an essential term. [Trong Môi trường & Khí hậu, ""dense"" là một thuật ngữ quan trọng.]",en,environment_climate,single_word,B2
e87bdb7b-bc29-484a-b587-c4b9b65ecd6e,renewable balance,/renewable balance/,tái tạo cân bằng,"In Environment & Climate, renewable balance plays an integral role. [Trong Môi trường & Khí hậu, tái tạo cân bằng đóng vai trò thiết yếu.]",en,environment_climate,phrase,B2
8edce7b1-befe-440b-ac7c-95964db04e03,renewable agriculture,/renewable agriculture/,tái tạo nông nghiệp,"In Environment & Climate, renewable agriculture plays an integral role. [Trong Môi trường & Khí hậu, tái tạo nông nghiệp đóng vai trò thiết yếu.]",en,environment_climate,phrase,C1
84644e21-0a93-426e-8aa1-ba84affa1a7b,renewable warming,/renewable warming/,tái tạo nóng lên,"In Environment & Climate, renewable warming plays an integral role. [Trong Môi trường & Khí hậu, tái tạo nóng lên đóng vai trò thiết yếu.]",en,environment_climate,phrase,B1
b7ac687b-c978-4043-affc-ae0839171a4a,renewable footprint,/renewable footprint/,tái tạo dấu chân,"In Environment & Climate, renewable footprint plays an integral role. [Trong Môi trường & Khí hậu, tái tạo dấu chân đóng vai trò thiết yếu.]",en,environment_climate,phrase,B2
d297438a-9da4-4d7f-932e-6b6cc109aea3,renewable diversity,/renewable diversity/,tái tạo đa dạng,"In Environment & Climate, renewable diversity plays an integral role. [Trong Môi trường & Khí hậu, tái tạo đa dạng đóng vai trò thiết yếu.]",en,environment_climate,phrase,B1
e0e2a352-fc06-46ab-82fe-2c78b0ca6aec,ecological balance,/ecological balance/,sinh thái cân bằng,"In Environment & Climate, ecological balance plays an integral role. [Trong Môi trường & Khí hậu, sinh thái cân bằng đóng vai trò thiết yếu.]",en,environment_climate,phrase,C1
1af67bfc-f09b-4ad4-a697-744754115808,ecological agriculture,/ecological agriculture/,sinh thái nông nghiệp,"In Environment & Climate, ecological agriculture plays an integral role. [Trong Môi trường & Khí hậu, sinh thái nông nghiệp đóng vai trò thiết yếu.]",en,environment_climate,phrase,B1
46d8e06d-d469-4129-8015-a4af5cca3a77,ecological warming,/ecological warming/,sinh thái nóng lên,"In Environment & Climate, ecological warming plays an integral role. [Trong Môi trường & Khí hậu, sinh thái nóng lên đóng vai trò thiết yếu.]",en,environment_climate,phrase,B2
f34e8b6a-bc13-4bf7-a8f0-5fd9cd404daf,ecological footprint,/ecological footprint/,sinh thái dấu chân,"In Environment & Climate, ecological footprint plays an integral role. [Trong Môi trường & Khí hậu, sinh thái dấu chân đóng vai trò thiết yếu.]",en,environment_climate,phrase,C1
8f945890-5529-4578-9f33-4c9b1052bc5e,ecological diversity,/ecological diversity/,sinh thái đa dạng,"In Environment & Climate, ecological diversity plays an integral role. [Trong Môi trường & Khí hậu, sinh thái đa dạng đóng vai trò thiết yếu.]",en,environment_climate,phrase,B2
2b05f928-bce2-4f3a-af9a-57d66b24549b,sustainable balance,/sustainable balance/,bền vững cân bằng,"In Environment & Climate, sustainable balance plays an integral role. [Trong Môi trường & Khí hậu, bền vững cân bằng đóng vai trò thiết yếu.]",en,environment_climate,phrase,B1
191bd08c-bab6-4f2b-9e22-67a596ad78c6,sustainable agriculture,/sustainable agriculture/,bền vững nông nghiệp,"In Environment & Climate, sustainable agriculture plays an integral role. [Trong Môi trường & Khí hậu, bền vững nông nghiệp đóng vai trò thiết yếu.]",en,environment_climate,phrase,B2
c82bcd4e-b6ed-4c88-b61f-1b9dac12fa17,sustainable warming,/sustainable warming/,bền vững nóng lên,"In Environment & Climate, sustainable warming plays an integral role. [Trong Môi trường & Khí hậu, bền vững nóng lên đóng vai trò thiết yếu.]",en,environment_climate,phrase,C1
fa0e5c56-f090-45f4-a60f-110f3f081faa,sustainable footprint,/sustainable footprint/,bền vững dấu chân,"In Environment & Climate, sustainable footprint plays an integral role. [Trong Môi trường & Khí hậu, bền vững dấu chân đóng vai trò thiết yếu.]",en,environment_climate,phrase,B1
e14d256e-de7b-4917-a0f4-5e1b15518be3,sustainable diversity,/sustainable diversity/,bền vững đa dạng,"In Environment & Climate, sustainable diversity plays an integral role. [Trong Môi trường & Khí hậu, bền vững đa dạng đóng vai trò thiết yếu.]",en,environment_climate,phrase,C1
13c14c16-591d-48c7-b052-0fb5dbab1372,environmental balance,/environmental balance/,môi trường cân bằng,"In Environment & Climate, environmental balance plays an integral role. [Trong Môi trường & Khí hậu, môi trường cân bằng đóng vai trò thiết yếu.]",en,environment_climate,phrase,B2
ef9fbe3e-cbb8-429b-8732-35d9aed75d38,environmental agriculture,/environmental agriculture/,môi trường nông nghiệp,"In Environment & Climate, environmental agriculture plays an integral role. [Trong Môi trường & Khí hậu, môi trường nông nghiệp đóng vai trò thiết yếu.]",en,environment_climate,phrase,C1
396e9a26-87c1-4c81-946a-a594f86b6a8d,environmental warming,/environmental warming/,môi trường nóng lên,"In Environment & Climate, environmental warming plays an integral role. [Trong Môi trường & Khí hậu, môi trường nóng lên đóng vai trò thiết yếu.]",en,environment_climate,phrase,B1
1218eae4-e0e8-4cf6-a9ab-138bfacac15a,environmental footprint,/environmental footprint/,môi trường dấu chân,"In Environment & Climate, environmental footprint plays an integral role. [Trong Môi trường & Khí hậu, môi trường dấu chân đóng vai trò thiết yếu.]",en,environment_climate,phrase,B2
db9c7e59-91c5-4099-b7e2-16da2fedd1f1,environmental diversity,/environmental diversity/,môi trường đa dạng,"In Environment & Climate, environmental diversity plays an integral role. [Trong Môi trường & Khí hậu, môi trường đa dạng đóng vai trò thiết yếu.]",en,environment_climate,phrase,B1
d6ba0627-cfcc-44a6-9cd1-808152412443,greenhouse energy,/greenhouse energy/,nhà kính năng lượng,"In Environment & Climate, greenhouse energy plays an integral role. [Trong Môi trường & Khí hậu, nhà kính năng lượng đóng vai trò thiết yếu.]",en,environment_climate,phrase,B2
c6aea416-95a5-4127-853c-51dea8256b4f,greenhouse balance,/greenhouse balance/,nhà kính cân bằng,"In Environment & Climate, greenhouse balance plays an integral role. [Trong Môi trường & Khí hậu, nhà kính cân bằng đóng vai trò thiết yếu.]",en,environment_climate,phrase,C1
abdd7aab-ff17-43d9-9d18-ceb24c8f988a,greenhouse agriculture,/greenhouse agriculture/,nhà kính nông nghiệp,"In Environment & Climate, greenhouse agriculture plays an integral role. [Trong Môi trường & Khí hậu, nhà kính nông nghiệp đóng vai trò thiết yếu.]",en,environment_climate,phrase,B1
76f44853-6e58-4f59-b804-23da53619ccd,greenhouse conservation,/greenhouse conservation/,nhà kính bảo tồn,"In Environment & Climate, greenhouse conservation plays an integral role. [Trong Môi trường & Khí hậu, nhà kính bảo tồn đóng vai trò thiết yếu.]",en,environment_climate,phrase,B2
d9dee5df-4a82-4514-8545-81ac1a6db9de,greenhouse emission,/greenhouse emission/,nhà kính phát thải,"In Environment & Climate, greenhouse emission plays an integral role. [Trong Môi trường & Khí hậu, nhà kính phát thải đóng vai trò thiết yếu.]",en,environment_climate,phrase,C1
135159f4-0c30-42fd-bb76-c136112a1979,greenhouse ecosystem,/greenhouse ecosystem/,nhà kính hệ sinh thái,"In Environment & Climate, greenhouse ecosystem plays an integral role. [Trong Môi trường & Khí hậu, nhà kính hệ sinh thái đóng vai trò thiết yếu.]",en,environment_climate,phrase,B1
82a5fd1b-c891-42a2-a107-2d3ab4b6ae6e,greenhouse warming,/greenhouse warming/,nhà kính nóng lên,"In Environment & Climate, greenhouse warming plays an integral role. [Trong Môi trường & Khí hậu, nhà kính nóng lên đóng vai trò thiết yếu.]",en,environment_climate,phrase,B2
d8cb559b-b3e3-4e2b-8f15-b24b3859adbe,greenhouse footprint,/greenhouse footprint/,nhà kính dấu chân,"In Environment & Climate, greenhouse footprint plays an integral role. [Trong Môi trường & Khí hậu, nhà kính dấu chân đóng vai trò thiết yếu.]",en,environment_climate,phrase,C1
0e719aed-1547-415e-88b7-0fdf32acda12,greenhouse protection,/greenhouse protection/,nhà kính bảo vệ,"In Environment & Climate, greenhouse protection plays an integral role. [Trong Môi trường & Khí hậu, nhà kính bảo vệ đóng vai trò thiết yếu.]",en,environment_climate,phrase,B1
ad1044b8-59a3-424b-9338-0ab75c623a8d,greenhouse diversity,/greenhouse diversity/,nhà kính đa dạng,"In Environment & Climate, greenhouse diversity plays an integral role. [Trong Môi trường & Khí hậu, nhà kính đa dạng đóng vai trò thiết yếu.]",en,environment_climate,phrase,B2
fef5cf82-76c4-4a9e-9379-b17dc08918d1,natural energy,/natural energy/,tự nhiên năng lượng,"In Environment & Climate, natural energy plays an integral role. [Trong Môi trường & Khí hậu, tự nhiên năng lượng đóng vai trò thiết yếu.]",en,environment_climate,phrase,C1
eacc64c6-bfc1-480f-a654-0443845617f2,natural balance,/natural balance/,tự nhiên cân bằng,"In Environment & Climate, natural balance plays an integral role. [Trong Môi trường & Khí hậu, tự nhiên cân bằng đóng vai trò thiết yếu.]",en,environment_climate,phrase,B1
33620ce0-d55d-4c2e-9c0e-767170b61220,natural agriculture,/natural agriculture/,tự nhiên nông nghiệp,"In Environment & Climate, natural agriculture plays an integral role. [Trong Môi trường & Khí hậu, tự nhiên nông nghiệp đóng vai trò thiết yếu.]",en,environment_climate,phrase,B2
3bf51072-8112-4abf-90b9-ff608dd63a8e,natural conservation,/natural conservation/,tự nhiên bảo tồn,"In Environment & Climate, natural conservation plays an integral role. [Trong Môi trường & Khí hậu, tự nhiên bảo tồn đóng vai trò thiết yếu.]",en,environment_climate,phrase,C1
6e56400d-8b39-47a0-b97d-0d0a75d39765,natural emission,/natural emission/,tự nhiên phát thải,"In Environment & Climate, natural emission plays an integral role. [Trong Môi trường & Khí hậu, tự nhiên phát thải đóng vai trò thiết yếu.]",en,environment_climate,phrase,B1
0fc72c0a-17b6-44ac-9135-c492115f9eed,natural ecosystem,/natural ecosystem/,tự nhiên hệ sinh thái,"In Environment & Climate, natural ecosystem plays an integral role. [Trong Môi trường & Khí hậu, tự nhiên hệ sinh thái đóng vai trò thiết yếu.]",en,environment_climate,phrase,B2
10b9ecf8-6bec-4a9e-8522-89b78669ab80,natural warming,/natural warming/,tự nhiên nóng lên,"In Environment & Climate, natural warming plays an integral role. [Trong Môi trường & Khí hậu, tự nhiên nóng lên đóng vai trò thiết yếu.]",en,environment_climate,phrase,C1
8bd08048-b11c-4941-b404-cdd226f83b83,natural footprint,/natural footprint/,tự nhiên dấu chân,"In Environment & Climate, natural footprint plays an integral role. [Trong Môi trường & Khí hậu, tự nhiên dấu chân đóng vai trò thiết yếu.]",en,environment_climate,phrase,B1
851d6418-73f0-4a7f-a205-b29777ec16db,natural protection,/natural protection/,tự nhiên bảo vệ,"In Environment & Climate, natural protection plays an integral role. [Trong Môi trường & Khí hậu, tự nhiên bảo vệ đóng vai trò thiết yếu.]",en,environment_climate,phrase,B2
3a1d09d8-45c5-4135-9769-14fc0bd92361,natural diversity,/natural diversity/,tự nhiên đa dạng,"In Environment & Climate, natural diversity plays an integral role. [Trong Môi trường & Khí hậu, tự nhiên đa dạng đóng vai trò thiết yếu.]",en,environment_climate,phrase,C1
fed514ba-e9b6-4e54-8e0b-bf33a7ec3da6,global energy,/global energy/,toàn cầu năng lượng,"In Environment & Climate, global energy plays an integral role. [Trong Môi trường & Khí hậu, toàn cầu năng lượng đóng vai trò thiết yếu.]",en,environment_climate,phrase,B1
7d62bd90-426d-4e7c-b60d-c053fb99783b,global balance,/global balance/,toàn cầu cân bằng,"In Environment & Climate, global balance plays an integral role. [Trong Môi trường & Khí hậu, toàn cầu cân bằng đóng vai trò thiết yếu.]",en,environment_climate,phrase,B2
71647f42-56b5-4ebb-a690-13cfda82a982,global agriculture,/global agriculture/,toàn cầu nông nghiệp,"In Environment & Climate, global agriculture plays an integral role. [Trong Môi trường & Khí hậu, toàn cầu nông nghiệp đóng vai trò thiết yếu.]",en,environment_climate,phrase,C1
7939f5bd-7e12-4248-86b2-ca5aaa1d9986,global conservation,/global conservation/,toàn cầu bảo tồn,"In Environment & Climate, global conservation plays an integral role. [Trong Môi trường & Khí hậu, toàn cầu bảo tồn đóng vai trò thiết yếu.]",en,environment_climate,phrase,B1
f86fa687-bde3-4bf1-9359-45142192f88a,global emission,/global emission/,toàn cầu phát thải,"In Environment & Climate, global emission plays an integral role. [Trong Môi trường & Khí hậu, toàn cầu phát thải đóng vai trò thiết yếu.]",en,environment_climate,phrase,B2
dda81a82-72bf-43c2-a244-8e51685f026b,global ecosystem,/global ecosystem/,toàn cầu hệ sinh thái,"In Environment & Climate, global ecosystem plays an integral role. [Trong Môi trường & Khí hậu, toàn cầu hệ sinh thái đóng vai trò thiết yếu.]",en,environment_climate,phrase,C1
5d91bfba-2d4d-4ec8-a46e-1cd522813279,global warming,/global warming/,toàn cầu nóng lên,"In Environment & Climate, global warming plays an integral role. [Trong Môi trường & Khí hậu, toàn cầu nóng lên đóng vai trò thiết yếu.]",en,environment_climate,phrase,B1
1e9ab8ae-61cd-4d79-9f42-a5198255c7b1,global footprint,/global footprint/,toàn cầu dấu chân,"In Environment & Climate, global footprint plays an integral role. [Trong Môi trường & Khí hậu, toàn cầu dấu chân đóng vai trò thiết yếu.]",en,environment_climate,phrase,B2
12a47f42-ae56-443d-9b53-e149888fe2bb,global protection,/global protection/,toàn cầu bảo vệ,"In Environment & Climate, global protection plays an integral role. [Trong Môi trường & Khí hậu, toàn cầu bảo vệ đóng vai trò thiết yếu.]",en,environment_climate,phrase,C1
09cf860b-3b4c-43bd-a56e-07643435c3bb,global diversity,/global diversity/,toàn cầu đa dạng,"In Environment & Climate, global diversity plays an integral role. [Trong Môi trường & Khí hậu, toàn cầu đa dạng đóng vai trò thiết yếu.]",en,environment_climate,phrase,B1
850b9dce-81e6-43e6-aa04-20640f837c70,brave,/breɪv/,"chiến sĩ da đỏ; gan dạ, can đảm, dũng cảm","In Healthcare & Medicine, 'brave' is an essential term. [Trong Y tế & Sức khỏe, ""brave"" là một thuật ngữ quan trọng.]",en,health_medicine,single_word,B1
9d7df6de-0b77-4fff-b5b3-47d6022f386a,dose,/dəʊs/,liều lượng; median effective d. liều lượng 50% hiệu quả,"In Healthcare & Medicine, 'dose' is an essential term. [Trong Y tế & Sức khỏe, ""dose"" là một thuật ngữ quan trọng.]",en,health_medicine,single_word,B2
195efc79-6bad-4d4a-be2e-8adbd87d45f7,epidemic,/ˌepɪˈdemɪk/,dịch; bệnh dịch  & ),"In Healthcare & Medicine, 'epidemic' is an essential term. [Trong Y tế & Sức khỏe, ""epidemic"" là một thuật ngữ quan trọng.]",en,health_medicine,single_word,C1
35af9040-2202-4b0d-815b-bba7c321d7a7,ill,/ɪl/,"có hại, xấu","In Healthcare & Medicine, 'ill' is an essential term. [Trong Y tế & Sức khỏe, ""ill"" là một thuật ngữ quan trọng.]",en,health_medicine,single_word,B1
919c292a-a75b-4e64-9fbd-6ed030083aa3,immune,/ɪˈmjuːn/,"miễn khỏi, được miễn; người được miễn dịch","In Healthcare & Medicine, 'immune' is an essential term. [Trong Y tế & Sức khỏe, ""immune"" là một thuật ngữ quan trọng.]",en,health_medicine,single_word,B2
a145b7e7-4102-47c4-bf20-9ad1993a74b3,mill,/mɪl/,"min; cối xay, máy xay, nhà máy xay; máy nghiền, máy cán","In Healthcare & Medicine, 'mill' is an essential term. [Trong Y tế & Sức khỏe, ""mill"" là một thuật ngữ quan trọng.]",en,health_medicine,single_word,C1
7ef6485b-1a13-4b7d-af36-af5eac47a60d,physician,/fɪˈzɪʃn/,thầy thuốc; người chữa,"In Healthcare & Medicine, 'physician' is an essential term. [Trong Y tế & Sức khỏe, ""physician"" là một thuật ngữ quan trọng.]",en,health_medicine,single_word,B1
78983dda-38e8-4202-9a59-474bab99ba0b,pill,/pɪl/,"viên thuốc; điều cay đắng, điều tủi nhục, điều sỉ nhục","In Healthcare & Medicine, 'pill' is an essential term. [Trong Y tế & Sức khỏe, ""pill"" là một thuật ngữ quan trọng.]",en,health_medicine,single_word,B2
235175fe-afbc-4312-b358-c6b63a2cb7a7,prescription,/prɪˈskrɪpʃn/,"sự ra lệnh, sự truyền lệnh, sự sai khiến; mệnh lệnh, sắc lệnh","In Healthcare & Medicine, 'prescription' is an essential term. [Trong Y tế & Sức khỏe, ""prescription"" là một thuật ngữ quan trọng.]",en,health_medicine,single_word,C1
00f99a05-d5ba-44e0-b345-f8072cdcc938,rehabilitation,/ˌriːəˌbɪlɪˈteɪʃn/,sự phục hồi; sự cải tạo giáo dục lại,"In Healthcare & Medicine, 'rehabilitation' is an essential term. [Trong Y tế & Sức khỏe, ""rehabilitation"" là một thuật ngữ quan trọng.]",en,health_medicine,single_word,B1
0a731db0-5720-4b29-8d75-fe4feccbfc11,suffer,/ˈsʌfə(r)/,"chịu, bị; cho phép; dung thứ, chịu đựng","In Healthcare & Medicine, 'suffer' is an essential term. [Trong Y tế & Sức khỏe, ""suffer"" là một thuật ngữ quan trọng.]",en,health_medicine,single_word,B2
89daa33a-db04-45fb-9d46-555c811c4571,terminal,/ˈtɜːmɪnl/,"cuối, điểm cuối","In Healthcare & Medicine, 'terminal' is an essential term. [Trong Y tế & Sức khỏe, ""terminal"" là một thuật ngữ quan trọng.]",en,health_medicine,single_word,C1
f1aa3941-f79b-445a-b441-9e2f37551779,therapist,/ˈθerəpɪst/,bác sự chuyên khoa về một phép chữa bệnh nào đó; nhà tri liệu,"In Healthcare & Medicine, 'therapist' is an essential term. [Trong Y tế & Sức khỏe, ""therapist"" là một thuật ngữ quan trọng.]",en,health_medicine,single_word,B1
f13f1dc7-4794-48f3-a221-e753e371f192,victim,/ˈvɪktɪm/,"vật bị hy sinh, người bị chết vì, nạn nhân; người bị lừa","In Healthcare & Medicine, 'victim' is an essential term. [Trong Y tế & Sức khỏe, ""victim"" là một thuật ngữ quan trọng.]",en,health_medicine,single_word,B2
677d3956-5954-4533-b0dd-0bbf1a18d98e,ward,/wɔːd/,"sự trông nom, sự bảo trợ; sự giam giữ; khu, khu vực","In Healthcare & Medicine, 'ward' is an essential term. [Trong Y tế & Sức khỏe, ""ward"" là một thuật ngữ quan trọng.]",en,health_medicine,single_word,C1
612f87cb-4c65-45c8-b40a-06b42456f785,absent,/ˈæbsənt/,"vắng mặt, đi vắng, nghỉ; lơ đãng","In Healthcare & Medicine, 'absent' is an essential term. [Trong Y tế & Sức khỏe, ""absent"" là một thuật ngữ quan trọng.]",en,health_medicine,single_word,B1
538f4c5d-66a3-4504-891e-d87ce678cb8a,absurd,/əbˈsɜːd/,"vô nghĩa, vô lý, phi lý","In Healthcare & Medicine, 'absurd' is an essential term. [Trong Y tế & Sức khỏe, ""absurd"" là một thuật ngữ quan trọng.]",en,health_medicine,single_word,B2
db4245c3-184f-4ae4-9e5e-d1846c6e35dd,accept,/əkˈsept/,"nhận, chấp nhận; thừa nhận; không bác bỏ","In Healthcare & Medicine, 'accept' is an essential term. [Trong Y tế & Sức khỏe, ""accept"" là một thuật ngữ quan trọng.]",en,health_medicine,single_word,C1
44ecd1da-e5df-42bc-be33-bd618f6c55c5,admit,/ədˈmɪt/,"nhận vào, cho vào; kết nạp ; cho hưởng; chứa được, nhận được, có đủ chỗ cho","In Healthcare & Medicine, 'admit' is an essential term. [Trong Y tế & Sức khỏe, ""admit"" là một thuật ngữ quan trọng.]",en,health_medicine,single_word,B1
2bc5012e-4982-4652-a6da-f856e94b0597,ambulance,/ˈæmbjələns/,"xe cứu thương, xe cấp cứu; để cứu thương","In Healthcare & Medicine, 'ambulance' is an essential term. [Trong Y tế & Sức khỏe, ""ambulance"" là một thuật ngữ quan trọng.]",en,health_medicine,single_word,B2
2dc9be51-636c-4ff3-a9c8-491abb2a10f5,assumption,/əˈsʌmpʃn/,"sự giả định, điều giả định, giả thiết","In Healthcare & Medicine, 'assumption' is an essential term. [Trong Y tế & Sức khỏe, ""assumption"" là một thuật ngữ quan trọng.]",en,health_medicine,single_word,C1
83f809ae-173b-4ff3-b66f-b399c2e53420,assurance,/əˈʃʊərəns/,sự bảo hiểm; life a. tk bảo hiểm sinh mạng,"In Healthcare & Medicine, 'assurance' is an essential term. [Trong Y tế & Sức khỏe, ""assurance"" là một thuật ngữ quan trọng.]",en,health_medicine,single_word,B1
9f7b55ea-752a-4e5c-9c6f-1f80eee766f7,attraction,/əˈtrækʃn/,"[sự, lực] hấp dẫn; capillary a. sức hút, mao dẫn","In Healthcare & Medicine, 'attraction' is an essential term. [Trong Y tế & Sức khỏe, ""attraction"" là một thuật ngữ quan trọng.]",en,health_medicine,single_word,B2
3dae45d0-b263-4c83-822b-6a8f5e493012,bee,/biː/,con ong; nhà thơ,"In Healthcare & Medicine, 'bee' is an essential term. [Trong Y tế & Sức khỏe, ""bee"" là một thuật ngữ quan trọng.]",en,health_medicine,single_word,C1
9c7022b6-b4c5-4a3e-b599-c074c3ae652d,bill,/bɪl/,ngân phiếu; hoá đơn; b. of exchange ngân phiếu trao đổi,"In Healthcare & Medicine, 'bill' is an essential term. [Trong Y tế & Sức khỏe, ""bill"" là một thuật ngữ quan trọng.]",en,health_medicine,single_word,B1
d88d05ca-2ad9-477a-8376-4f3c14ac3311,billion,/ˈbɪljən/,"một nghìn tỉ  ,","In Healthcare & Medicine, 'billion' is an essential term. [Trong Y tế & Sức khỏe, ""billion"" là một thuật ngữ quan trọng.]",en,health_medicine,single_word,B2
044d94e0-8b06-44ee-b2f5-d1e5a4218e31,brilliant,/ˈbrɪliənt/,"sáng chói, chói loà; rực rỡ; tài giỏi, lỗi lạc","In Healthcare & Medicine, 'brilliant' is an essential term. [Trong Y tế & Sức khỏe, ""brilliant"" là một thuật ngữ quan trọng.]",en,health_medicine,single_word,C1
10fb0440-52df-4c1f-8052-d3d6f02d518b,cancel,/ˈkænsl/,"giản ước , gạch bỏ c. out triệt tiêu lãn nhau, giản ước","In Healthcare & Medicine, 'cancel' is an essential term. [Trong Y tế & Sức khỏe, ""cancel"" là một thuật ngữ quan trọng.]",en,health_medicine,single_word,B1
13936980-10fe-4562-8c50-670c87cbb81c,casualty,/ˈkæʒuəlti/,"tai hoạ, tai biến; tai nạn; số thương vong, số người chết, số người bị thương, số người mất tích","In Healthcare & Medicine, 'casualty' is an essential term. [Trong Y tế & Sức khỏe, ""casualty"" là một thuật ngữ quan trọng.]",en,health_medicine,single_word,B2
200f1832-45ff-4439-ae2d-cbbf116964a7,caution,/ˈkɔːʃn/,"sự thận trọng, sự cẩn thận; lời cảnh cáo, lời quở trách","In Healthcare & Medicine, 'caution' is an essential term. [Trong Y tế & Sức khỏe, ""caution"" là một thuật ngữ quan trọng.]",en,health_medicine,single_word,C1
da4c4c5e-0ea7-4924-83ee-4eaf019877de,cautious,/ˈkɔːʃəs/,"thận trọng, cẩn thận","In Healthcare & Medicine, 'cautious' is an essential term. [Trong Y tế & Sức khỏe, ""cautious"" là một thuật ngữ quan trọng.]",en,health_medicine,single_word,B1
949d949a-1dc6-4266-839a-fc0496683045,cave,/keɪv/,hang,"In Healthcare & Medicine, 'cave' is an essential term. [Trong Y tế & Sức khỏe, ""cave"" là một thuật ngữ quan trọng.]",en,health_medicine,single_word,B2
cb5b1661-a8fc-483d-8f67-31bfa57fd935,chronic,/ˈkrɒnɪk/,"mạn, kinh niên; ăn sâu, bám chặt, thâm căn cố đế; thành thói quen","In Healthcare & Medicine, 'chronic' is an essential term. [Trong Y tế & Sức khỏe, ""chronic"" là một thuật ngữ quan trọng.]",en,health_medicine,single_word,C1
418ad9e0-a1de-4d8f-a77e-c04612effdd9,cigarette,/ˌsɪɡəˈret/,điếu thuốc lá,"In Healthcare & Medicine, 'cigarette' is an essential term. [Trong Y tế & Sức khỏe, ""cigarette"" là một thuật ngữ quan trọng.]",en,health_medicine,single_word,B1
c9cba3a1-10b6-468d-8a98-973c838b65d3,comfort,/ˈkʌmfət/,"sự an ủi, sự khuyên giải; người an ủi, người khuyên giải; nguồn an ủi, lời an ủi; sự an nhàn, sự nhàn hạ; sự sung túc","In Healthcare & Medicine, 'comfort' is an essential term. [Trong Y tế & Sức khỏe, ""comfort"" là một thuật ngữ quan trọng.]",en,health_medicine,single_word,B2
eba6ba83-eb4c-4062-88ce-953357db24bd,consider,/kənˈsɪdə(r)/,"xét, chú ý đến cho rằng","In Healthcare & Medicine, 'consider' is an essential term. [Trong Y tế & Sức khỏe, ""consider"" là một thuật ngữ quan trọng.]",en,health_medicine,single_word,C1
c2917712-bcc1-447e-baf7-f27c8b76f947,consideration,/kənˌsɪdəˈreɪʃn/,"sự xét đến, sự chú ý in c. of chú ý đến","In Healthcare & Medicine, 'consideration' is an essential term. [Trong Y tế & Sức khỏe, ""consideration"" là một thuật ngữ quan trọng.]",en,health_medicine,single_word,B1
009d34ba-2b23-4897-8bca-0e794efa350b,conspiracy,/kənˈspɪrəsi/,"âm mưu; sự thông đồng, ỉm đi, sự rủ nhau ỉm đi","In Healthcare & Medicine, 'conspiracy' is an essential term. [Trong Y tế & Sức khỏe, ""conspiracy"" là một thuật ngữ quan trọng.]",en,health_medicine,single_word,B2
58db6e29-3783-4f8a-b17a-d5f0e39bbd8b,corruption,/kəˈrʌpʃn/,"sự hối lộ, sự tham nhũng; sự mục nát, sự thối nát","In Healthcare & Medicine, 'corruption' is an essential term. [Trong Y tế & Sức khỏe, ""corruption"" là một thuật ngữ quan trọng.]",en,health_medicine,single_word,C1
a9c61a5a-618d-447c-b228-a9050ca8b914,councillor,/ˈkaʊnsələ(r)/,hội viên hội đồng,"In Healthcare & Medicine, 'councillor' is an essential term. [Trong Y tế & Sức khỏe, ""councillor"" là một thuật ngữ quan trọng.]",en,health_medicine,single_word,B1
6589446e-0bf8-4961-a17e-7197fad8dc6d,coup,/kuː/,việc làm táo bạo; hành động phi thường,"In Healthcare & Medicine, 'coup' is an essential term. [Trong Y tế & Sức khỏe, ""coup"" là một thuật ngữ quan trọng.]",en,health_medicine,single_word,B2
33188be1-1c63-4a2f-929b-cddfe7d31b23,courage,/ˈkʌrɪdʒ/,"sự can đảm, sự dũng cảm, dũng khí; tính anh hùng","In Healthcare & Medicine, 'courage' is an essential term. [Trong Y tế & Sức khỏe, ""courage"" là một thuật ngữ quan trọng.]",en,health_medicine,single_word,C1
be2a8553-7c33-4cd8-ba9b-abaf3e9e9d00,craft,/krɑːft/,"nghề, nghề thủ công; tập thể những người cùng nghề","In Healthcare & Medicine, 'craft' is an essential term. [Trong Y tế & Sức khỏe, ""craft"" là một thuật ngữ quan trọng.]",en,health_medicine,single_word,B1
5ecbdbde-0ea9-4ace-bd24-b46959e59957,custody,/ˈkʌstədi/,"sự coi sóc, sự chăm sóc, sự trông nom, sự canh giữ; sự bắt giam, sự giam cầm","In Healthcare & Medicine, 'custody' is an essential term. [Trong Y tế & Sức khỏe, ""custody"" là một thuật ngữ quan trọng.]",en,health_medicine,single_word,B2
c74d58f6-6cb2-47bb-a2d7-c116105f0977,decide,/dɪˈsaɪd/,"giải quyết, phân xử; quyết định","In Healthcare & Medicine, 'decide' is an essential term. [Trong Y tế & Sức khỏe, ""decide"" là một thuật ngữ quan trọng.]",en,health_medicine,single_word,C1
92f794da-97dd-40b0-9f52-d5a76f53de96,denounce,/dɪˈnaʊns/,"tố cáo, tố giác, vạch mặt; lên án; phản đối kịch liệt; lăng mạ","In Healthcare & Medicine, 'denounce' is an essential term. [Trong Y tế & Sức khỏe, ""denounce"" là một thuật ngữ quan trọng.]",en,health_medicine,single_word,B1
44ed1c45-4fd3-4fbc-927f-1d067abbe679,dentist,/ˈdentɪst/,thầy thuốc chữa răng; thợ trồng răng,"In Healthcare & Medicine, 'dentist' is an essential term. [Trong Y tế & Sức khỏe, ""dentist"" là một thuật ngữ quan trọng.]",en,health_medicine,single_word,B2
a718022d-b792-4749-8d42-4e518c822bfc,detain,/dɪˈteɪn/,"ngăn cản, cản trở; cầm giữ","In Healthcare & Medicine, 'detain' is an essential term. [Trong Y tế & Sức khỏe, ""detain"" là một thuật ngữ quan trọng.]",en,health_medicine,single_word,C1
1a0cacb7-cb6d-44a8-a720-be19f0cdf420,diagnose,/ˈdaɪəɡnəʊz/,"chuẩn đoán, phát hiện sai","In Healthcare & Medicine, 'diagnose' is an essential term. [Trong Y tế & Sức khỏe, ""diagnose"" là một thuật ngữ quan trọng.]",en,health_medicine,single_word,B1
b896f850-ed8b-42f3-979c-be111cbab983,difficult,/ˈdɪfɪkəlt/,khó khăn,"In Healthcare & Medicine, 'difficult' is an essential term. [Trong Y tế & Sức khỏe, ""difficult"" là một thuật ngữ quan trọng.]",en,health_medicine,single_word,B2
7cecd07d-d832-46cd-82d3-1585a1f2463b,clinical trial,/clinical trial/,lâm sàng thử nghiệm,"In Healthcare & Medicine, clinical trial plays an integral role. [Trong Y tế & Sức khỏe, lâm sàng thử nghiệm đóng vai trò thiết yếu.]",en,health_medicine,phrase,B1
3ad7d1af-ff55-42f2-ba0b-9b717aa27018,clinical disease,/clinical disease/,lâm sàng bệnh tật,"In Healthcare & Medicine, clinical disease plays an integral role. [Trong Y tế & Sức khỏe, lâm sàng bệnh tật đóng vai trò thiết yếu.]",en,health_medicine,phrase,B2
15afb304-c251-457d-8817-9b786b621655,clinical medicine,/clinical medicine/,lâm sàng y học,"In Healthcare & Medicine, clinical medicine plays an integral role. [Trong Y tế & Sức khỏe, lâm sàng y học đóng vai trò thiết yếu.]",en,health_medicine,phrase,C1
c525cf7f-aad2-43cc-9e4a-2bfeca6d39d4,clinical procedure,/clinical procedure/,lâm sàng thủ thuật,"In Healthcare & Medicine, clinical procedure plays an integral role. [Trong Y tế & Sức khỏe, lâm sàng thủ thuật đóng vai trò thiết yếu.]",en,health_medicine,phrase,B1
786656e6-32d5-4cad-b8a6-001e59082849,clinical health,/clinical health/,lâm sàng sức khỏe,"In Healthcare & Medicine, clinical health plays an integral role. [Trong Y tế & Sức khỏe, lâm sàng sức khỏe đóng vai trò thiết yếu.]",en,health_medicine,phrase,C1
0f1be751-7719-4eec-b6ad-57a7dabee52a,clinical imaging,/clinical imaging/,lâm sàng hình ảnh,"In Healthcare & Medicine, clinical imaging plays an integral role. [Trong Y tế & Sức khỏe, lâm sàng hình ảnh đóng vai trò thiết yếu.]",en,health_medicine,phrase,B1
eb29cf54-7032-4bd2-af68-c3e65fc815c1,chronic trial,/chronic trial/,mãn tính thử nghiệm,"In Healthcare & Medicine, chronic trial plays an integral role. [Trong Y tế & Sức khỏe, mãn tính thử nghiệm đóng vai trò thiết yếu.]",en,health_medicine,phrase,B2
f3eff1ed-82e8-438f-8ce4-a1ba25ec28fb,chronic disease,/chronic disease/,mãn tính bệnh tật,"In Healthcare & Medicine, chronic disease plays an integral role. [Trong Y tế & Sức khỏe, mãn tính bệnh tật đóng vai trò thiết yếu.]",en,health_medicine,phrase,C1
5a5d4bda-ae7f-429c-a4e2-7f2e2b9ea2f6,chronic medicine,/chronic medicine/,mãn tính y học,"In Healthcare & Medicine, chronic medicine plays an integral role. [Trong Y tế & Sức khỏe, mãn tính y học đóng vai trò thiết yếu.]",en,health_medicine,phrase,B1
2d1243af-84ff-440c-bc30-01e66766de17,chronic procedure,/chronic procedure/,mãn tính thủ thuật,"In Healthcare & Medicine, chronic procedure plays an integral role. [Trong Y tế & Sức khỏe, mãn tính thủ thuật đóng vai trò thiết yếu.]",en,health_medicine,phrase,B2
f6ae7ebd-ca7e-4feb-95a3-179b0f7070fa,chronic diagnosis,/chronic diagnosis/,mãn tính chẩn đoán,"In Healthcare & Medicine, chronic diagnosis plays an integral role. [Trong Y tế & Sức khỏe, mãn tính chẩn đoán đóng vai trò thiết yếu.]",en,health_medicine,phrase,C1
31b056b4-b141-4357-a142-8937485db130,chronic health,/chronic health/,mãn tính sức khỏe,"In Healthcare & Medicine, chronic health plays an integral role. [Trong Y tế & Sức khỏe, mãn tính sức khỏe đóng vai trò thiết yếu.]",en,health_medicine,phrase,B1
75eaf08c-0dbd-4526-8227-df687884ff09,chronic treatment,/chronic treatment/,mãn tính điều trị,"In Healthcare & Medicine, chronic treatment plays an integral role. [Trong Y tế & Sức khỏe, mãn tính điều trị đóng vai trò thiết yếu.]",en,health_medicine,phrase,B2
ef46b680-7a05-42a4-99ac-e4bceaefedd7,chronic therapy,/chronic therapy/,mãn tính trị liệu,"In Healthcare & Medicine, chronic therapy plays an integral role. [Trong Y tế & Sức khỏe, mãn tính trị liệu đóng vai trò thiết yếu.]",en,health_medicine,phrase,C1
40cb420d-2ad8-4114-b228-86e11167a067,chronic care,/chronic care/,mãn tính chăm sóc,"In Healthcare & Medicine, chronic care plays an integral role. [Trong Y tế & Sức khỏe, mãn tính chăm sóc đóng vai trò thiết yếu.]",en,health_medicine,phrase,B1
18895ea8-1ab1-476d-8994-e842c5578b25,chronic imaging,/chronic imaging/,mãn tính hình ảnh,"In Healthcare & Medicine, chronic imaging plays an integral role. [Trong Y tế & Sức khỏe, mãn tính hình ảnh đóng vai trò thiết yếu.]",en,health_medicine,phrase,B2
33171947-520d-41bb-8bf8-abd8abf32f0f,preventive trial,/preventive trial/,dự phòng thử nghiệm,"In Healthcare & Medicine, preventive trial plays an integral role. [Trong Y tế & Sức khỏe, dự phòng thử nghiệm đóng vai trò thiết yếu.]",en,health_medicine,phrase,C1
8332b373-4a67-4537-8be8-c633d961d881,preventive disease,/preventive disease/,dự phòng bệnh tật,"In Healthcare & Medicine, preventive disease plays an integral role. [Trong Y tế & Sức khỏe, dự phòng bệnh tật đóng vai trò thiết yếu.]",en,health_medicine,phrase,B1
b66ab6b8-644f-4923-8fad-3c2c6f7b7c88,preventive medicine,/preventive medicine/,dự phòng y học,"In Healthcare & Medicine, preventive medicine plays an integral role. [Trong Y tế & Sức khỏe, dự phòng y học đóng vai trò thiết yếu.]",en,health_medicine,phrase,B2
09217f1e-e7dc-4672-9437-f1aff1788baa,preventive procedure,/preventive procedure/,dự phòng thủ thuật,"In Healthcare & Medicine, preventive procedure plays an integral role. [Trong Y tế & Sức khỏe, dự phòng thủ thuật đóng vai trò thiết yếu.]",en,health_medicine,phrase,C1
28290af5-0169-4c8f-bf8d-27c8a1729946,preventive health,/preventive health/,dự phòng sức khỏe,"In Healthcare & Medicine, preventive health plays an integral role. [Trong Y tế & Sức khỏe, dự phòng sức khỏe đóng vai trò thiết yếu.]",en,health_medicine,phrase,B2
7d603fc4-54ec-474c-bc5b-befb748c8f32,preventive imaging,/preventive imaging/,dự phòng hình ảnh,"In Healthcare & Medicine, preventive imaging plays an integral role. [Trong Y tế & Sức khỏe, dự phòng hình ảnh đóng vai trò thiết yếu.]",en,health_medicine,phrase,C1
8e21363c-2404-4fad-819b-546f7f2064ca,surgical trial,/surgical trial/,phẫu thuật thử nghiệm,"In Healthcare & Medicine, surgical trial plays an integral role. [Trong Y tế & Sức khỏe, phẫu thuật thử nghiệm đóng vai trò thiết yếu.]",en,health_medicine,phrase,B1
00810692-3c9c-4b01-a87a-fecc765a4e73,surgical disease,/surgical disease/,phẫu thuật bệnh tật,"In Healthcare & Medicine, surgical disease plays an integral role. [Trong Y tế & Sức khỏe, phẫu thuật bệnh tật đóng vai trò thiết yếu.]",en,health_medicine,phrase,B2
6ade4bd9-c438-4afc-b5ce-764b42b3f632,surgical medicine,/surgical medicine/,phẫu thuật y học,"In Healthcare & Medicine, surgical medicine plays an integral role. [Trong Y tế & Sức khỏe, phẫu thuật y học đóng vai trò thiết yếu.]",en,health_medicine,phrase,C1
f5fdc982-95a8-41f9-b465-e8b89fb7cb64,surgical procedure,/surgical procedure/,phẫu thuật thủ thuật,"In Healthcare & Medicine, surgical procedure plays an integral role. [Trong Y tế & Sức khỏe, phẫu thuật thủ thuật đóng vai trò thiết yếu.]",en,health_medicine,phrase,B1
ca6631c8-019f-4d72-ba69-2781ddf20efe,surgical diagnosis,/surgical diagnosis/,phẫu thuật chẩn đoán,"In Healthcare & Medicine, surgical diagnosis plays an integral role. [Trong Y tế & Sức khỏe, phẫu thuật chẩn đoán đóng vai trò thiết yếu.]",en,health_medicine,phrase,B2
c81bfd90-9f20-4d5f-9f12-078ca391c9f4,surgical health,/surgical health/,phẫu thuật sức khỏe,"In Healthcare & Medicine, surgical health plays an integral role. [Trong Y tế & Sức khỏe, phẫu thuật sức khỏe đóng vai trò thiết yếu.]",en,health_medicine,phrase,C1
7728ca1c-cd8f-446a-957b-38c108fb1336,surgical treatment,/surgical treatment/,phẫu thuật điều trị,"In Healthcare & Medicine, surgical treatment plays an integral role. [Trong Y tế & Sức khỏe, phẫu thuật điều trị đóng vai trò thiết yếu.]",en,health_medicine,phrase,B1
f619c6d6-a637-4a4d-9b89-0273dcd26f3a,surgical therapy,/surgical therapy/,phẫu thuật trị liệu,"In Healthcare & Medicine, surgical therapy plays an integral role. [Trong Y tế & Sức khỏe, phẫu thuật trị liệu đóng vai trò thiết yếu.]",en,health_medicine,phrase,B2
140334b1-0d83-489f-a4ea-6ee8dd3058e4,surgical care,/surgical care/,phẫu thuật chăm sóc,"In Healthcare & Medicine, surgical care plays an integral role. [Trong Y tế & Sức khỏe, phẫu thuật chăm sóc đóng vai trò thiết yếu.]",en,health_medicine,phrase,C1
7fbad187-8a88-4156-a921-fdcbbdecf113,surgical imaging,/surgical imaging/,phẫu thuật hình ảnh,"In Healthcare & Medicine, surgical imaging plays an integral role. [Trong Y tế & Sức khỏe, phẫu thuật hình ảnh đóng vai trò thiết yếu.]",en,health_medicine,phrase,B1
51a1ad2e-038e-4e1c-a173-1390bfd52123,medical trial,/medical trial/,y khoa thử nghiệm,"In Healthcare & Medicine, medical trial plays an integral role. [Trong Y tế & Sức khỏe, y khoa thử nghiệm đóng vai trò thiết yếu.]",en,health_medicine,phrase,B2
d198e2fe-6478-43bf-8b38-509c19e43630,medical disease,/medical disease/,y khoa bệnh tật,"In Healthcare & Medicine, medical disease plays an integral role. [Trong Y tế & Sức khỏe, y khoa bệnh tật đóng vai trò thiết yếu.]",en,health_medicine,phrase,C1
d448810f-9344-4c52-9a53-341f698031b8,medical medicine,/medical medicine/,y khoa y học,"In Healthcare & Medicine, medical medicine plays an integral role. [Trong Y tế & Sức khỏe, y khoa y học đóng vai trò thiết yếu.]",en,health_medicine,phrase,B1
e621afe5-80fc-43d8-a3ce-861c91008318,medical procedure,/medical procedure/,y khoa thủ thuật,"In Healthcare & Medicine, medical procedure plays an integral role. [Trong Y tế & Sức khỏe, y khoa thủ thuật đóng vai trò thiết yếu.]",en,health_medicine,phrase,B2
02a06104-ba3e-4d09-9c2d-50ba1234ab3d,medical health,/medical health/,y khoa sức khỏe,"In Healthcare & Medicine, medical health plays an integral role. [Trong Y tế & Sức khỏe, y khoa sức khỏe đóng vai trò thiết yếu.]",en,health_medicine,phrase,B1
e57f7d28-22b7-4f0a-afb8-7183a4ee0832,medical imaging,/medical imaging/,y khoa hình ảnh,"In Healthcare & Medicine, medical imaging plays an integral role. [Trong Y tế & Sức khỏe, y khoa hình ảnh đóng vai trò thiết yếu.]",en,health_medicine,phrase,B2
0c7b604c-4a95-433b-a482-5970ad288a5a,cardiovascular trial,/cardiovascular trial/,tim mạch thử nghiệm,"In Healthcare & Medicine, cardiovascular trial plays an integral role. [Trong Y tế & Sức khỏe, tim mạch thử nghiệm đóng vai trò thiết yếu.]",en,health_medicine,phrase,C1
583b63d0-eef0-41bd-bd23-2d699710a8e7,cardiovascular disease,/cardiovascular disease/,tim mạch bệnh tật,"In Healthcare & Medicine, cardiovascular disease plays an integral role. [Trong Y tế & Sức khỏe, tim mạch bệnh tật đóng vai trò thiết yếu.]",en,health_medicine,phrase,B1
4b020dc8-d1b8-472e-9894-a822fe980064,cardiovascular medicine,/cardiovascular medicine/,tim mạch y học,"In Healthcare & Medicine, cardiovascular medicine plays an integral role. [Trong Y tế & Sức khỏe, tim mạch y học đóng vai trò thiết yếu.]",en,health_medicine,phrase,B2
560f2c82-1610-474c-8602-ae9796675355,cardiovascular procedure,/cardiovascular procedure/,tim mạch thủ thuật,"In Healthcare & Medicine, cardiovascular procedure plays an integral role. [Trong Y tế & Sức khỏe, tim mạch thủ thuật đóng vai trò thiết yếu.]",en,health_medicine,phrase,C1
6d494a38-8c66-4e4b-80e1-84d0cf248e71,cardiovascular diagnosis,/cardiovascular diagnosis/,tim mạch chẩn đoán,"In Healthcare & Medicine, cardiovascular diagnosis plays an integral role. [Trong Y tế & Sức khỏe, tim mạch chẩn đoán đóng vai trò thiết yếu.]",en,health_medicine,phrase,B1
549fb243-039c-4b31-821d-09985aa9736a,cardiovascular health,/cardiovascular health/,tim mạch sức khỏe,"In Healthcare & Medicine, cardiovascular health plays an integral role. [Trong Y tế & Sức khỏe, tim mạch sức khỏe đóng vai trò thiết yếu.]",en,health_medicine,phrase,B2
17ceef1d-71c7-4605-81af-37ec49e94e4d,cardiovascular treatment,/cardiovascular treatment/,tim mạch điều trị,"In Healthcare & Medicine, cardiovascular treatment plays an integral role. [Trong Y tế & Sức khỏe, tim mạch điều trị đóng vai trò thiết yếu.]",en,health_medicine,phrase,C1
37af6b00-74ac-42cd-981b-82ac8c6365ae,cardiovascular therapy,/cardiovascular therapy/,tim mạch trị liệu,"In Healthcare & Medicine, cardiovascular therapy plays an integral role. [Trong Y tế & Sức khỏe, tim mạch trị liệu đóng vai trò thiết yếu.]",en,health_medicine,phrase,B1
a99862e4-361b-4ca7-bee1-4f0d25471d90,cardiovascular care,/cardiovascular care/,tim mạch chăm sóc,"In Healthcare & Medicine, cardiovascular care plays an integral role. [Trong Y tế & Sức khỏe, tim mạch chăm sóc đóng vai trò thiết yếu.]",en,health_medicine,phrase,B2
939051aa-53b3-4c5d-8b2b-bb96f2336331,cardiovascular imaging,/cardiovascular imaging/,tim mạch hình ảnh,"In Healthcare & Medicine, cardiovascular imaging plays an integral role. [Trong Y tế & Sức khỏe, tim mạch hình ảnh đóng vai trò thiết yếu.]",en,health_medicine,phrase,C1
9534fd81-69f5-4ab1-8080-d445c697d3c6,mental trial,/mental trial/,tinh thần thử nghiệm,"In Healthcare & Medicine, mental trial plays an integral role. [Trong Y tế & Sức khỏe, tinh thần thử nghiệm đóng vai trò thiết yếu.]",en,health_medicine,phrase,B1
38a27f54-d29b-406c-9c3f-b555b06a627d,mental disease,/mental disease/,tinh thần bệnh tật,"In Healthcare & Medicine, mental disease plays an integral role. [Trong Y tế & Sức khỏe, tinh thần bệnh tật đóng vai trò thiết yếu.]",en,health_medicine,phrase,B2
e921f92a-c486-4c16-a709-6d5fba844a61,graduate,/ˈɡrædʒuət/,"chia độ, sắp xếp chia","In Education & Academia, 'graduate' is an essential term. [Trong Giáo dục & Học thuật, ""graduate"" là một thuật ngữ quan trọng.]",en,education_academia,single_word,B1
448bc535-7cd1-4083-84aa-bff73e6aaea7,dialogue,/ˈdaɪəlɒɡ/,cuộc đối thoại; đoạn văn đối thoại; tác phẩm đối thoại,"In Education & Academia, 'dialogue' is an essential term. [Trong Giáo dục & Học thuật, ""dialogue"" là một thuật ngữ quan trọng.]",en,education_academia,single_word,B2
5196390b-7d34-4e7e-914a-8d96990d1ac8,gym,/dʒɪm/,gymnasium; thể dục,"In Education & Academia, 'gym' is an essential term. [Trong Giáo dục & Học thuật, ""gym"" là một thuật ngữ quan trọng.]",en,education_academia,single_word,C1
428635f5-35ba-4771-98be-cedb7ef70340,institution,/ˌɪnstɪˈtjuːʃn/,"sự thiết lập; sự đặt nền móng; sự khởi sự, sự bắt đầu; shop i. chỉ dẫn ở nhà máy","In Education & Academia, 'institution' is an essential term. [Trong Giáo dục & Học thuật, ""institution"" là một thuật ngữ quan trọng.]",en,education_academia,single_word,B1
daa0d5d7-bca3-4aea-ac2b-0f1899efa534,mark,/mɑːk/,"ký hiệu, dấu hiệu, vết; mức; cận; giới hạn // ghi dấu hiệu; class m. điểm giữa khoảng nhóm","In Education & Academia, 'mark' is an essential term. [Trong Giáo dục & Học thuật, ""mark"" là một thuật ngữ quan trọng.]",en,education_academia,single_word,B2
a97e1074-3cd8-467f-b5fb-5d561a67560d,revise,/rɪˈvaɪz/,"làm lại, sửa lại, xem lại; bipartite r. phép quay song diện","In Education & Academia, 'revise' is an essential term. [Trong Giáo dục & Học thuật, ""revise"" là một thuật ngữ quan trọng.]",en,education_academia,single_word,C1
0b481666-48ad-4eab-86c5-879a8003824b,specialist,/ˈspeʃəlɪst/,"chuyên gia, chuyên viên, nhà chuyên khoa","In Education & Academia, 'specialist' is an essential term. [Trong Giáo dục & Học thuật, ""specialist"" là một thuật ngữ quan trọng.]",en,education_academia,single_word,B1
00eae3e2-38ed-4923-bc0b-2e077d79e9a5,test,/test/,"phép thử kiểm định, dấu hiệu, tiêu chuẩn; t. for convergence dấu hiệu hội tụ; t. for divisibility dấu hiệu chia hết","In Education & Academia, 'test' is an essential term. [Trong Giáo dục & Học thuật, ""test"" là một thuật ngữ quan trọng.]",en,education_academia,single_word,B2
0e8328da-dbe2-4716-a067-b28ec3a49093,a,/ə/,tài khoản vãng lai; có nghĩa giống như nghĩa của account,"In Education & Academia, 'a' is an essential term. [Trong Giáo dục & Học thuật, ""a"" là một thuật ngữ quan trọng.]",en,education_academia,single_word,C1
ae001676-6bc1-495b-8aea-406779954980,album,/ˈælbəm/,"tập ảnh, quyển anbom","In Education & Academia, 'album' is an essential term. [Trong Giáo dục & Học thuật, ""album"" là một thuật ngữ quan trọng.]",en,education_academia,single_word,B1
621ac63c-02bc-45da-b7d8-48aa59e41667,already,/ɔːlˈredi/,"đã, rồi; đã... rồi","In Education & Academia, 'already' is an essential term. [Trong Giáo dục & Học thuật, ""already"" là một thuật ngữ quan trọng.]",en,education_academia,single_word,B2
b2a7bea3-240f-4ef1-a408-9f9ebb5d6183,angle,/ˈæŋɡl/,góc; a. of attack góc đụng,"In Education & Academia, 'angle' is an essential term. [Trong Giáo dục & Học thuật, ""angle"" là một thuật ngữ quan trọng.]",en,education_academia,single_word,C1
d5959e24-7ad0-4ca3-a315-9f17d77df25d,basket,/ˈbɑːskɪt/,"cái rổ, cái giỏ, cái thúng; tay cầm của roi song; roi song; roi mây","In Education & Academia, 'basket' is an essential term. [Trong Giáo dục & Học thuật, ""basket"" là một thuật ngữ quan trọng.]",en,education_academia,single_word,B1
61064480-0cef-4e23-be60-2a24bd7e2aba,before,/bɪˈfɔː(r)/,"trước, đằng trước; trước đây, ngày trước","In Education & Academia, 'before' is an essential term. [Trong Giáo dục & Học thuật, ""before"" là một thuật ngữ quan trọng.]",en,education_academia,single_word,B2
db208717-1a95-4022-89df-fc7da6615ef8,big,/bɪɡ/,"to, lớn; bụng to, có mang, có chửa","In Education & Academia, 'big' is an essential term. [Trong Giáo dục & Học thuật, ""big"" là một thuật ngữ quan trọng.]",en,education_academia,single_word,C1
73ea3f65-1383-4127-b6c8-19f2a80e0d10,board,/bɔːd/,bảng; bàn,"In Education & Academia, 'board' is an essential term. [Trong Giáo dục & Học thuật, ""board"" là một thuật ngữ quan trọng.]",en,education_academia,single_word,B1
5d0903c6-84f8-480a-b605-bac130ffe7d9,catch,/kætʃ/,"sự bắt, sự nắm lấy; cái bắt, cái vồ, cái chộp; sự đánh cá; mẻ cá","In Education & Academia, 'catch' is an essential term. [Trong Giáo dục & Học thuật, ""catch"" là một thuật ngữ quan trọng.]",en,education_academia,single_word,B2
d76c15e5-31b4-4fad-a708-a96bc302ff5a,check,/tʃek/,kiểm tra,"In Education & Academia, 'check' is an essential term. [Trong Giáo dục & Học thuật, ""check"" là một thuật ngữ quan trọng.]",en,education_academia,single_word,C1
7eb9cbd1-6204-4ad0-9541-36366a2194ee,cite,/saɪt/,"dẫn, trích dẫn; đòi ra toà","In Education & Academia, 'cite' is an essential term. [Trong Giáo dục & Học thuật, ""cite"" là một thuật ngữ quan trọng.]",en,education_academia,single_word,B1
3a1f452f-9128-4c75-8da4-80cd3a8756f8,clever,/ˈklevə(r)/,"lanh lợi, thông minh; giỏi, tài giỏi, khéo léo, lành nghề","In Education & Academia, 'clever' is an essential term. [Trong Giáo dục & Học thuật, ""clever"" là một thuật ngữ quan trọng.]",en,education_academia,single_word,B2
099b32bc-cadf-4354-8873-f7cc5bdf8410,compare,/kəmˈpeə(r)/,so sánh,"In Education & Academia, 'compare' is an essential term. [Trong Giáo dục & Học thuật, ""compare"" là một thuật ngữ quan trọng.]",en,education_academia,single_word,C1
f0fec872-ddb3-4322-b09b-fea4be6e8010,composer,/kəmˈpəʊzə(r)/,máy sắp chữ,"In Education & Academia, 'composer' is an essential term. [Trong Giáo dục & Học thuật, ""composer"" là một thuật ngữ quan trọng.]",en,education_academia,single_word,B1
9bee4e86-dc01-4997-ab10-60940e5729a8,critic,/ˈkrɪtɪk/,nhà phê bình; người chỉ trích,"In Education & Academia, 'critic' is an essential term. [Trong Giáo dục & Học thuật, ""critic"" là một thuật ngữ quan trọng.]",en,education_academia,single_word,B2
f59acbab-dc1a-4c97-a396-d7c55364ba56,density,/ˈdensəti/,"mật độ, tính trù mật; tỷ trọng; d. of intergers  mật độ các số nguyên","In Education & Academia, 'density' is an essential term. [Trong Giáo dục & Học thuật, ""density"" là một thuật ngữ quan trọng.]",en,education_academia,single_word,C1
9a9cf976-26dd-42e5-8ab1-56f2174eb505,desk,/desk/,bàn; chỗ để bìa đục lỗ; control d. bàn điều khiển,"In Education & Academia, 'desk' is an essential term. [Trong Giáo dục & Học thuật, ""desk"" là một thuật ngữ quan trọng.]",en,education_academia,single_word,B1
365cace6-999b-404d-82c4-224bbc9be9a6,desperately,/ˈdespərətli/,"liều lĩnh, liều mạng","In Education & Academia, 'desperately' is an essential term. [Trong Giáo dục & Học thuật, ""desperately"" là một thuật ngữ quan trọng.]",en,education_academia,single_word,B2
75e961d4-5855-43e5-9454-67300e8f32b9,dimension,/daɪˈmenʃn/,"chiều, thứ nguyên; cohomology d. thứ nguyên đối đồng đều","In Education & Academia, 'dimension' is an essential term. [Trong Giáo dục & Học thuật, ""dimension"" là một thuật ngữ quan trọng.]",en,education_academia,single_word,C1
3da87ac7-2220-430e-83e0-767b4a723409,dirt,/dɜːt/,"đâm bằng dao găm; đồ bẩn thỉu, đồ dơ bẩn, đồ dơ dáy","In Education & Academia, 'dirt' is an essential term. [Trong Giáo dục & Học thuật, ""dirt"" là một thuật ngữ quan trọng.]",en,education_academia,single_word,B1
43ff0699-21ea-4cfb-b29f-736b047aae3b,dismissal,/dɪsˈmɪsl/,sự giải tán; sự cho đi,"In Education & Academia, 'dismissal' is an essential term. [Trong Giáo dục & Học thuật, ""dismissal"" là một thuật ngữ quan trọng.]",en,education_academia,single_word,B2
47d5e79b-10e4-4a8d-bb02-21bf6fc34c9e,distribution,/ˌdɪstrɪˈbjuːʃn/,Phân phối.,"In Education & Academia, 'distribution' is an essential term. [Trong Giáo dục & Học thuật, ""distribution"" là một thuật ngữ quan trọng.]",en,education_academia,single_word,C1
9af484b6-1013-4172-ac45-a45d4ac8e328,document,/ˈdɒkjumənt/,"tài liệu, hồ sơ, văn kiện; thu thập tin tức ; chuẩn bị tài liệu","In Education & Academia, 'document' is an essential term. [Trong Giáo dục & Học thuật, ""document"" là một thuật ngữ quan trọng.]",en,education_academia,single_word,B1
818fe561-2a18-4c41-88c1-ebe897aa64eb,dog,/dɒɡ/,chó; chó săn,"In Education & Academia, 'dog' is an essential term. [Trong Giáo dục & Học thuật, ""dog"" là một thuật ngữ quan trọng.]",en,education_academia,single_word,B2
f86d967c-0432-4e93-8ce4-e6d755f9976f,domain,/dəˈmeɪn/,"miền, miền xác định; d. of attraction miền hấp dẫn","In Education & Academia, 'domain' is an essential term. [Trong Giáo dục & Học thuật, ""domain"" là một thuật ngữ quan trọng.]",en,education_academia,single_word,C1
1415d165-d35d-4fac-881a-5bfd03731998,edit,/ˈedɪt/,"biên soạn, biên tập, xuất bản","In Education & Academia, 'edit' is an essential term. [Trong Giáo dục & Học thuật, ""edit"" là một thuật ngữ quan trọng.]",en,education_academia,single_word,B1
301b9099-bfcc-4e2f-81dd-5dbdf6712fdf,edition,/ɪˈdɪʃn/,sự xuất bản,"In Education & Academia, 'edition' is an essential term. [Trong Giáo dục & Học thuật, ""edition"" là một thuật ngữ quan trọng.]",en,education_academia,single_word,B2
3fae067f-a6ff-4f4e-bdec-c1a0e949caac,either,/ˈaɪðə(r)/,"mỗi , một; cả hai","In Education & Academia, 'either' is an essential term. [Trong Giáo dục & Học thuật, ""either"" là một thuật ngữ quan trọng.]",en,education_academia,single_word,C1
21b460a3-f1c8-4e75-b667-066701da47ce,else,/els/,"khác, nữa; nếu không","In Education & Academia, 'else' is an essential term. [Trong Giáo dục & Học thuật, ""else"" là một thuật ngữ quan trọng.]",en,education_academia,single_word,B1
41b30b2f-0537-4e02-b51a-742c22cc0677,enough,/ɪˈnʌf/,đủ,"In Education & Academia, 'enough' is an essential term. [Trong Giáo dục & Học thuật, ""enough"" là một thuật ngữ quan trọng.]",en,education_academia,single_word,B2
8ff0c1ad-72f4-4450-a523-be0b24590b70,enrol,/ɪnˈrəʊl/,"tuyển; kết nạp vào, ghi tên cho vào","In Education & Academia, 'enrol' is an essential term. [Trong Giáo dục & Học thuật, ""enrol"" là một thuật ngữ quan trọng.]",en,education_academia,single_word,C1
c7237601-b4c6-4abb-9c50-7621008d7525,entertainment,/ˌentəˈteɪnmənt/,"sự tiếp đãi; sự chiêu đãi; buổi chiêu đãi; sự giải trí, sự tiêu khiển, sự vui chơi; cuộc biểu diễn văn nghệ","In Education & Academia, 'entertainment' is an essential term. [Trong Giáo dục & Học thuật, ""entertainment"" là một thuật ngữ quan trọng.]",en,education_academia,single_word,B1
c5e6bd18-e27a-4edb-8f35-9f558fda20dd,equally,/ˈiːkwəli/,"bằng nhau, ngang nhau, như nhau; đều","In Education & Academia, 'equally' is an essential term. [Trong Giáo dục & Học thuật, ""equally"" là một thuật ngữ quan trọng.]",en,education_academia,single_word,B2
e27a979c-6fe4-4bef-b377-ce8311b53153,equation,/ɪˈkweɪʒn/,phương trình; in line coordinates phương trình theo toạ độ đường,"In Education & Academia, 'equation' is an essential term. [Trong Giáo dục & Học thuật, ""equation"" là một thuật ngữ quan trọng.]",en,education_academia,single_word,C1
79c7d8bd-c109-4752-8f3b-cc6c08881672,exhibit,/ɪɡˈzɪbɪt/,"vật trưng bày, vật triển lãm; sự phô bày, sự trưng bày","In Education & Academia, 'exhibit' is an essential term. [Trong Giáo dục & Học thuật, ""exhibit"" là một thuật ngữ quan trọng.]",en,education_academia,single_word,B1
3d02eb59-9c1b-4e2e-ac81-776ae62eb2bd,exhibition,/ˌeksɪˈbɪʃn/,"cuộc triển lãm cuộc trưng bày; sự phô bày, sự trưng bày","In Education & Academia, 'exhibition' is an essential term. [Trong Giáo dục & Học thuật, ""exhibition"" là một thuật ngữ quan trọng.]",en,education_academia,single_word,B2
b54c8edc-1e65-4333-95fd-9329e7575605,expert,/ˈekspɜːt/,"chuyên môn, thành thạo, thông thạo, lão luyện; của nhà chuyên môn; về mặt chuyên môn","In Education & Academia, 'expert' is an essential term. [Trong Giáo dục & Học thuật, ""expert"" là một thuật ngữ quan trọng.]",en,education_academia,single_word,C1
f10265ed-93f4-4e71-b8a0-4cc3afc3fdea,extra,/ˈekstrə/,bổ sung; đặc biệt hơn,"In Education & Academia, 'extra' is an essential term. [Trong Giáo dục & Học thuật, ""extra"" là một thuật ngữ quan trọng.]",en,education_academia,single_word,B1
abb26464-a17d-4696-b2e6-9d6df8b4c584,extract,/ˈekstrækt/,"trích, khai  e. a root of a number khai căn một số","In Education & Academia, 'extract' is an essential term. [Trong Giáo dục & Học thuật, ""extract"" là một thuật ngữ quan trọng.]",en,education_academia,single_word,B2
c95be6df-ea33-4764-81af-dbe0be2f80e3,extreme,/ɪkˈstriːm/,"cực trị ở đầu mút, cực hạn","In Education & Academia, 'extreme' is an essential term. [Trong Giáo dục & Học thuật, ""extreme"" là một thuật ngữ quan trọng.]",en,education_academia,single_word,C1
77986aba-648c-428c-aba0-d145dc136ea2,extremely,/ɪkˈstriːmli/,"thái cực; mức độ cùng cực, tình trạng cùng cực; bước đường cùng","In Education & Academia, 'extremely' is an essential term. [Trong Giáo dục & Học thuật, ""extremely"" là một thuật ngữ quan trọng.]",en,education_academia,single_word,B1
168c4d57-416d-4cc4-8e97-85afd5332ead,faculty,/ˈfæklti/,"tính năng, khả năng;  khả năng quản trị; năng lực","In Education & Academia, 'faculty' is an essential term. [Trong Giáo dục & Học thuật, ""faculty"" là một thuật ngữ quan trọng.]",en,education_academia,single_word,B2
a86c54e7-9443-4b04-b9f4-c6f4f626cc79,academic performance,/academic performance/,học thuật thành tích,"In Education & Academia, academic performance plays an integral role. [Trong Giáo dục & Học thuật, học thuật thành tích đóng vai trò thiết yếu.]",en,education_academia,phrase,B1
047aa9e7-a661-4070-bf97-7008dc4c5b8e,academic learning,/academic learning/,học thuật học tập,"In Education & Academia, academic learning plays an integral role. [Trong Giáo dục & Học thuật, học thuật học tập đóng vai trò thiết yếu.]",en,education_academia,phrase,B2
d51239d2-cd0b-4a0c-b4ae-b2fc300442f4,academic education,/academic education/,học thuật giáo dục,"In Education & Academia, academic education plays an integral role. [Trong Giáo dục & Học thuật, học thuật giáo dục đóng vai trò thiết yếu.]",en,education_academia,phrase,C1
66362c7f-e929-4aab-b6cc-30c38c1fa51d,academic thinking,/academic thinking/,học thuật tư duy,"In Education & Academia, academic thinking plays an integral role. [Trong Giáo dục & Học thuật, học thuật tư duy đóng vai trò thiết yếu.]",en,education_academia,phrase,B2
8c272af2-0d9e-4b43-853e-a19114f36e5b,academic training,/academic training/,học thuật đào tạo,"In Education & Academia, academic training plays an integral role. [Trong Giáo dục & Học thuật, học thuật đào tạo đóng vai trò thiết yếu.]",en,education_academia,phrase,C1
93ba8c47-6bc5-4fcc-bef8-578391b6f393,academic assessment,/academic assessment/,học thuật đánh giá,"In Education & Academia, academic assessment plays an integral role. [Trong Giáo dục & Học thuật, học thuật đánh giá đóng vai trò thiết yếu.]",en,education_academia,phrase,B1
1e7e9fa9-ce24-42a2-ac5e-6bd9df6ac0b0,academic development,/academic development/,học thuật phát triển,"In Education & Academia, academic development plays an integral role. [Trong Giáo dục & Học thuật, học thuật phát triển đóng vai trò thiết yếu.]",en,education_academia,phrase,C1
1a1c968f-66da-4dba-943c-27a549e1c9e0,academic standard,/academic standard/,học thuật tiêu chuẩn,"In Education & Academia, academic standard plays an integral role. [Trong Giáo dục & Học thuật, học thuật tiêu chuẩn đóng vai trò thiết yếu.]",en,education_academia,phrase,B1
e7cbbfd9-ace0-4997-afe8-a01866c89f11,educational performance,/educational performance/,giáo dục thành tích,"In Education & Academia, educational performance plays an integral role. [Trong Giáo dục & Học thuật, giáo dục thành tích đóng vai trò thiết yếu.]",en,education_academia,phrase,B2
3fdac2e5-a70c-4a0e-9805-daf9b99b2f40,educational learning,/educational learning/,giáo dục học tập,"In Education & Academia, educational learning plays an integral role. [Trong Giáo dục & Học thuật, giáo dục học tập đóng vai trò thiết yếu.]",en,education_academia,phrase,C1
465a15cb-924e-4864-8c3a-9ca12b29a737,educational education,/educational education/,giáo dục giáo dục,"In Education & Academia, educational education plays an integral role. [Trong Giáo dục & Học thuật, giáo dục giáo dục đóng vai trò thiết yếu.]",en,education_academia,phrase,B1
53482b32-3574-43b9-a926-e173a11dd6e5,educational thinking,/educational thinking/,giáo dục tư duy,"In Education & Academia, educational thinking plays an integral role. [Trong Giáo dục & Học thuật, giáo dục tư duy đóng vai trò thiết yếu.]",en,education_academia,phrase,C1
8e1e2b8a-70ef-41be-936c-973faaef7085,educational training,/educational training/,giáo dục đào tạo,"In Education & Academia, educational training plays an integral role. [Trong Giáo dục & Học thuật, giáo dục đào tạo đóng vai trò thiết yếu.]",en,education_academia,phrase,B1
0b0bfd06-b137-495d-9302-f998bb1e786d,educational assessment,/educational assessment/,giáo dục đánh giá,"In Education & Academia, educational assessment plays an integral role. [Trong Giáo dục & Học thuật, giáo dục đánh giá đóng vai trò thiết yếu.]",en,education_academia,phrase,B2
ee4c3e89-31f3-4909-9343-04675212ab66,educational development,/educational development/,giáo dục phát triển,"In Education & Academia, educational development plays an integral role. [Trong Giáo dục & Học thuật, giáo dục phát triển đóng vai trò thiết yếu.]",en,education_academia,phrase,B1
bc11269b-3b6c-46ad-8a85-4877d6a84cb7,educational standard,/educational standard/,giáo dục tiêu chuẩn,"In Education & Academia, educational standard plays an integral role. [Trong Giáo dục & Học thuật, giáo dục tiêu chuẩn đóng vai trò thiết yếu.]",en,education_academia,phrase,B2
376a5916-0b76-47a6-90b6-5f105cce7854,higher performance,/higher performance/,đại học thành tích,"In Education & Academia, higher performance plays an integral role. [Trong Giáo dục & Học thuật, đại học thành tích đóng vai trò thiết yếu.]",en,education_academia,phrase,C1
f9b12f6f-466a-47aa-b4c8-7f44c94c795b,higher learning,/higher learning/,đại học học tập,"In Education & Academia, higher learning plays an integral role. [Trong Giáo dục & Học thuật, đại học học tập đóng vai trò thiết yếu.]",en,education_academia,phrase,B1
93cc7f50-1225-4383-a2a9-eb6f10c6b484,higher education,/higher education/,đại học giáo dục,"In Education & Academia, higher education plays an integral role. [Trong Giáo dục & Học thuật, đại học giáo dục đóng vai trò thiết yếu.]",en,education_academia,phrase,B2
cd74c62b-7577-4b0f-9009-519e97e67a8f,higher dissertation,/higher dissertation/,đại học luận án,"In Education & Academia, higher dissertation plays an integral role. [Trong Giáo dục & Học thuật, đại học luận án đóng vai trò thiết yếu.]",en,education_academia,phrase,C1
24e04eb0-83a0-46de-9726-2fb8477fcc85,higher thinking,/higher thinking/,đại học tư duy,"In Education & Academia, higher thinking plays an integral role. [Trong Giáo dục & Học thuật, đại học tư duy đóng vai trò thiết yếu.]",en,education_academia,phrase,B1
2173a5e4-4857-4c86-9b97-99f18b54b104,higher training,/higher training/,đại học đào tạo,"In Education & Academia, higher training plays an integral role. [Trong Giáo dục & Học thuật, đại học đào tạo đóng vai trò thiết yếu.]",en,education_academia,phrase,B2
6633ff89-214c-4f98-ba7c-4391240bf42e,higher assessment,/higher assessment/,đại học đánh giá,"In Education & Academia, higher assessment plays an integral role. [Trong Giáo dục & Học thuật, đại học đánh giá đóng vai trò thiết yếu.]",en,education_academia,phrase,C1
9cfcd159-fd5e-4b5a-8cf6-983ac90d22df,higher scholarship,/higher scholarship/,đại học học bổng,"In Education & Academia, higher scholarship plays an integral role. [Trong Giáo dục & Học thuật, đại học học bổng đóng vai trò thiết yếu.]",en,education_academia,phrase,B1
4b7df246-55fd-49ae-9625-22bd5c66bd66,higher development,/higher development/,đại học phát triển,"In Education & Academia, higher development plays an integral role. [Trong Giáo dục & Học thuật, đại học phát triển đóng vai trò thiết yếu.]",en,education_academia,phrase,B2
acb95af1-b732-4ee2-ac2b-0c43534c9cd0,higher standard,/higher standard/,đại học tiêu chuẩn,"In Education & Academia, higher standard plays an integral role. [Trong Giáo dục & Học thuật, đại học tiêu chuẩn đóng vai trò thiết yếu.]",en,education_academia,phrase,C1
5b12ea7c-d41a-40b6-b88a-ae38d23766d9,distance performance,/distance performance/,từ xa thành tích,"In Education & Academia, distance performance plays an integral role. [Trong Giáo dục & Học thuật, từ xa thành tích đóng vai trò thiết yếu.]",en,education_academia,phrase,B1
5aa11263-1a17-468e-a157-713836ceb9b7,distance learning,/distance learning/,từ xa học tập,"In Education & Academia, distance learning plays an integral role. [Trong Giáo dục & Học thuật, từ xa học tập đóng vai trò thiết yếu.]",en,education_academia,phrase,B2
29d554e3-163e-4bb4-bbc9-16f9c6b54f35,distance education,/distance education/,từ xa giáo dục,"In Education & Academia, distance education plays an integral role. [Trong Giáo dục & Học thuật, từ xa giáo dục đóng vai trò thiết yếu.]",en,education_academia,phrase,C1
a9dbd0e8-4142-4ff5-8d92-2377381758ca,distance dissertation,/distance dissertation/,từ xa luận án,"In Education & Academia, distance dissertation plays an integral role. [Trong Giáo dục & Học thuật, từ xa luận án đóng vai trò thiết yếu.]",en,education_academia,phrase,B1
5574be3f-2c53-4929-883e-803631a8ef9a,distance thinking,/distance thinking/,từ xa tư duy,"In Education & Academia, distance thinking plays an integral role. [Trong Giáo dục & Học thuật, từ xa tư duy đóng vai trò thiết yếu.]",en,education_academia,phrase,B2
c37a84a6-13f3-4586-84f9-a88b3cfdd423,distance training,/distance training/,từ xa đào tạo,"In Education & Academia, distance training plays an integral role. [Trong Giáo dục & Học thuật, từ xa đào tạo đóng vai trò thiết yếu.]",en,education_academia,phrase,C1
25f4f2cc-93ee-46bb-bd79-b04446bb11ac,distance assessment,/distance assessment/,từ xa đánh giá,"In Education & Academia, distance assessment plays an integral role. [Trong Giáo dục & Học thuật, từ xa đánh giá đóng vai trò thiết yếu.]",en,education_academia,phrase,B1
b4c62077-2d32-4361-a69d-2b31079c8a51,distance scholarship,/distance scholarship/,từ xa học bổng,"In Education & Academia, distance scholarship plays an integral role. [Trong Giáo dục & Học thuật, từ xa học bổng đóng vai trò thiết yếu.]",en,education_academia,phrase,B2
f5d2d09e-be9d-4df9-9409-aa353c8dde29,distance development,/distance development/,từ xa phát triển,"In Education & Academia, distance development plays an integral role. [Trong Giáo dục & Học thuật, từ xa phát triển đóng vai trò thiết yếu.]",en,education_academia,phrase,C1
3c55c53a-81bd-431d-bd99-6d348b0f0f84,distance standard,/distance standard/,từ xa tiêu chuẩn,"In Education & Academia, distance standard plays an integral role. [Trong Giáo dục & Học thuật, từ xa tiêu chuẩn đóng vai trò thiết yếu.]",en,education_academia,phrase,B1
2f88c1be-24cb-4c30-b84e-9df1cbb34691,doctoral performance,/doctoral performance/,tiến sĩ thành tích,"In Education & Academia, doctoral performance plays an integral role. [Trong Giáo dục & Học thuật, tiến sĩ thành tích đóng vai trò thiết yếu.]",en,education_academia,phrase,B2
72228364-d6df-4516-8731-710b71678160,doctoral learning,/doctoral learning/,tiến sĩ học tập,"In Education & Academia, doctoral learning plays an integral role. [Trong Giáo dục & Học thuật, tiến sĩ học tập đóng vai trò thiết yếu.]",en,education_academia,phrase,C1
1eba5841-b09e-4606-af39-05574e55fe70,doctoral education,/doctoral education/,tiến sĩ giáo dục,"In Education & Academia, doctoral education plays an integral role. [Trong Giáo dục & Học thuật, tiến sĩ giáo dục đóng vai trò thiết yếu.]",en,education_academia,phrase,B1
33832225-896d-499c-9cfd-b17c95a676c4,doctoral dissertation,/doctoral dissertation/,tiến sĩ luận án,"In Education & Academia, doctoral dissertation plays an integral role. [Trong Giáo dục & Học thuật, tiến sĩ luận án đóng vai trò thiết yếu.]",en,education_academia,phrase,B2
f0dd5c95-41a8-4a80-a188-641278e72bc9,doctoral thinking,/doctoral thinking/,tiến sĩ tư duy,"In Education & Academia, doctoral thinking plays an integral role. [Trong Giáo dục & Học thuật, tiến sĩ tư duy đóng vai trò thiết yếu.]",en,education_academia,phrase,C1
2f12e5eb-1248-449f-a129-ad67cea16578,doctoral training,/doctoral training/,tiến sĩ đào tạo,"In Education & Academia, doctoral training plays an integral role. [Trong Giáo dục & Học thuật, tiến sĩ đào tạo đóng vai trò thiết yếu.]",en,education_academia,phrase,B1
da27751c-e9b5-4d63-ba6b-dcaece93ecc6,doctoral assessment,/doctoral assessment/,tiến sĩ đánh giá,"In Education & Academia, doctoral assessment plays an integral role. [Trong Giáo dục & Học thuật, tiến sĩ đánh giá đóng vai trò thiết yếu.]",en,education_academia,phrase,B2
34109a69-8647-4b55-b8d1-eb4431917e3a,doctoral scholarship,/doctoral scholarship/,tiến sĩ học bổng,"In Education & Academia, doctoral scholarship plays an integral role. [Trong Giáo dục & Học thuật, tiến sĩ học bổng đóng vai trò thiết yếu.]",en,education_academia,phrase,C1
cc14c71a-40f9-447c-9b7d-ef3f2b6bcbdf,doctoral development,/doctoral development/,tiến sĩ phát triển,"In Education & Academia, doctoral development plays an integral role. [Trong Giáo dục & Học thuật, tiến sĩ phát triển đóng vai trò thiết yếu.]",en,education_academia,phrase,B1
88478071-c138-49ec-859d-341ec6c7611c,doctoral standard,/doctoral standard/,tiến sĩ tiêu chuẩn,"In Education & Academia, doctoral standard plays an integral role. [Trong Giáo dục & Học thuật, tiến sĩ tiêu chuẩn đóng vai trò thiết yếu.]",en,education_academia,phrase,B2
23349c68-76bd-4cbe-9a0d-10113e4e8c14,critical performance,/critical performance/,phản biện thành tích,"In Education & Academia, critical performance plays an integral role. [Trong Giáo dục & Học thuật, phản biện thành tích đóng vai trò thiết yếu.]",en,education_academia,phrase,C1
808aaf5b-5fd5-4ce0-81a0-583b6ec85a3e,critical learning,/critical learning/,phản biện học tập,"In Education & Academia, critical learning plays an integral role. [Trong Giáo dục & Học thuật, phản biện học tập đóng vai trò thiết yếu.]",en,education_academia,phrase,B1
f97e93f0-f596-44df-9088-3a4154229027,critical education,/critical education/,phản biện giáo dục,"In Education & Academia, critical education plays an integral role. [Trong Giáo dục & Học thuật, phản biện giáo dục đóng vai trò thiết yếu.]",en,education_academia,phrase,B2
98d6ff74-8e3f-4618-9624-c14932fe141e,critical dissertation,/critical dissertation/,phản biện luận án,"In Education & Academia, critical dissertation plays an integral role. [Trong Giáo dục & Học thuật, phản biện luận án đóng vai trò thiết yếu.]",en,education_academia,phrase,C1
3c88bea5-64b3-4b8a-a1f8-c5329b1e2d86,comply,/kəmˈplaɪ/,"tuân theo, chiếu theo, đồng ý làm theo","In Law & Justice, 'comply' is an essential term. [Trong Pháp luật & Tư pháp, ""comply"" là một thuật ngữ quan trọng.]",en,law_justice,single_word,B1
aaa15c49-876d-472e-9547-78756238b151,confession,/kənˈfeʃn/,"sự thú tội, sự thú nhận; sự xưng tội","In Law & Justice, 'confession' is an essential term. [Trong Pháp luật & Tư pháp, ""confession"" là một thuật ngữ quan trọng.]",en,law_justice,single_word,B2
a428b5ed-5c1c-43cb-bc7e-020e77d177c5,copyright,/ˈkɒpiraɪt/,"tác quyền, bản quyền","In Law & Justice, 'copyright' is an essential term. [Trong Pháp luật & Tư pháp, ""copyright"" là một thuật ngữ quan trọng.]",en,law_justice,single_word,C1
a35b7770-92e4-4774-a488-099e3dae1c95,execute,/ˈeksɪkjuːt/,"chấp hành, thi hành, thực hành","In Law & Justice, 'execute' is an essential term. [Trong Pháp luật & Tư pháp, ""execute"" là một thuật ngữ quan trọng.]",en,law_justice,single_word,B1
7c28b756-ba80-4ac7-b8f0-c37ddb1fac4b,execution,/ˌeksɪˈkjuːʃn/,"sự thực hiện, sự thi hành, sự thừa hành, sự chấp hành; sự thể hiện; sự biểu diễn","In Law & Justice, 'execution' is an essential term. [Trong Pháp luật & Tư pháp, ""execution"" là một thuật ngữ quan trọng.]",en,law_justice,single_word,B2
b05ab4d3-115f-4f64-92bf-08dd0e0ed298,inspection,/ɪnˈspekʃn/,"sự kiểm tra, sự kiển; acceptance i. kiểm tra thu nhận","In Law & Justice, 'inspection' is an essential term. [Trong Pháp luật & Tư pháp, ""inspection"" là một thuật ngữ quan trọng.]",en,law_justice,single_word,C1
e1657531-30ec-4338-abb4-742b0780f248,prosecute,/ˈprɒsɪkjuːt/,"theo đuổi, tiếp tục , tiến hành ; hành; khởi tố, kiện","In Law & Justice, 'prosecute' is an essential term. [Trong Pháp luật & Tư pháp, ""prosecute"" là một thuật ngữ quan trọng.]",en,law_justice,single_word,B1
2a753af4-10ff-42e9-93f2-72c154731939,prosecutor,/ˈprɒsɪkjuːtə(r)/,"người khởi tố, bên nguyên; uỷ viên công tố","In Law & Justice, 'prosecutor' is an essential term. [Trong Pháp luật & Tư pháp, ""prosecutor"" là một thuật ngữ quan trọng.]",en,law_justice,single_word,B2
c436e008-f766-49d2-a473-467b20c7f83b,spectacle,/ˈspektəkl/,"cảnh tượng, quang cảnh; sự trình diễn, sự biểu diễn","In Law & Justice, 'spectacle' is an essential term. [Trong Pháp luật & Tư pháp, ""spectacle"" là một thuật ngữ quan trọng.]",en,law_justice,single_word,C1
8ff89a9e-3a37-44cb-9412-20d4f548fee7,squad,/skwɒd/,"tổ, đội; kíp","In Law & Justice, 'squad' is an essential term. [Trong Pháp luật & Tư pháp, ""squad"" là một thuật ngữ quan trọng.]",en,law_justice,single_word,B1
fbff8e1d-22b6-44db-80ea-067c5b5f6e63,torture,/ˈtɔːtʃə(r)/,"sự tra tấn, sự tra khảo; cách tra tấn","In Law & Justice, 'torture' is an essential term. [Trong Pháp luật & Tư pháp, ""torture"" là một thuật ngữ quan trọng.]",en,law_justice,single_word,B2
1b71d97b-847a-44db-812b-fffbaa87d778,accuse,/əˈkjuːz/,"buộc tội, kết tội; tố cáo","In Law & Justice, 'accuse' is an essential term. [Trong Pháp luật & Tư pháp, ""accuse"" là một thuật ngữ quan trọng.]",en,law_justice,single_word,C1
2c4d3d7e-0184-4dfb-9753-7330d2eed330,ally,/ˈælaɪ/,"hòn bi; nước đồng minh, nước liên minh; bạn đồng minh","In Law & Justice, 'ally' is an essential term. [Trong Pháp luật & Tư pháp, ""ally"" là một thuật ngữ quan trọng.]",en,law_justice,single_word,B1
18345dc9-4606-47f1-837d-e614bf4af034,ask,/ɑːsk/,"hỏi; xin, yêu cầu, thỉnh cầu","In Law & Justice, 'ask' is an essential term. [Trong Pháp luật & Tư pháp, ""ask"" là một thuật ngữ quan trọng.]",en,law_justice,single_word,B2
11f1ede6-f42d-422b-8a60-76781484898d,ban,/bæn/,"cấm, cấm chỉ; nguyền rủa","In Law & Justice, 'ban' is an essential term. [Trong Pháp luật & Tư pháp, ""ban"" là một thuật ngữ quan trọng.]",en,law_justice,single_word,C1
f5f4afc6-16fd-432d-a775-8140d2f30601,behalf,/bɪˈhɑːf/,"on  behalf of thay mặt cho, nhân danh","In Law & Justice, 'behalf' is an essential term. [Trong Pháp luật & Tư pháp, ""behalf"" là một thuật ngữ quan trọng.]",en,law_justice,single_word,B1
8d843cf4-78c9-4cfd-8aaa-28dcf779a432,belong,/bɪˈlɒŋ/,thuộc về,"In Law & Justice, 'belong' is an essential term. [Trong Pháp luật & Tư pháp, ""belong"" là một thuật ngữ quan trọng.]",en,law_justice,single_word,B2
c81819ed-9264-4149-9971-a9c486671009,bias,/ˈbaɪəs/,inherent b. tk độ chệch không khử được; interviewer b.  độ chệch phủ quan (độ chệch của kết quả điều tra do,"In Law & Justice, 'bias' is an essential term. [Trong Pháp luật & Tư pháp, ""bias"" là một thuật ngữ quan trọng.]",en,law_justice,single_word,C1
00daf8f2-5502-49a6-9a56-6a448dd618df,breach,/briːtʃ/,"lỗ đạn, lỗ thủng; mối bất hoà; sự tuyệt giao, sự chia lìa, sự tan vỡ","In Law & Justice, 'breach' is an essential term. [Trong Pháp luật & Tư pháp, ""breach"" là một thuật ngữ quan trọng.]",en,law_justice,single_word,B1
0069982e-6fcb-4140-804e-0f147dded24d,bright,/braɪt/,"sáng, sáng chói; tươi","In Law & Justice, 'bright' is an essential term. [Trong Pháp luật & Tư pháp, ""bright"" là một thuật ngữ quan trọng.]",en,law_justice,single_word,B2
50dd197b-504a-41b9-9cb4-e5e87c09a757,chaos,/ˈkeɪɒs/,"hỗn độn, lộn xộn","In Law & Justice, 'chaos' is an essential term. [Trong Pháp luật & Tư pháp, ""chaos"" là một thuật ngữ quan trọng.]",en,law_justice,single_word,C1
f9ecdb8e-dc64-438d-b750-2c653b0b883a,chase,/tʃeɪs/,theo dõi,"In Law & Justice, 'chase' is an essential term. [Trong Pháp luật & Tư pháp, ""chase"" là một thuật ngữ quan trọng.]",en,law_justice,single_word,B1
6193c04f-f823-43b9-b061-64369d5957d2,comparative,/kəmˈpærətɪv/,so sánh,"In Law & Justice, 'comparative' is an essential term. [Trong Pháp luật & Tư pháp, ""comparative"" là một thuật ngữ quan trọng.]",en,law_justice,single_word,B2
b3522cb4-1564-4e73-b240-f26cbd7244b4,compliance,/kəmˈplaɪəns/,"thuận, hoà hợp, sự dễ dãi; coustic c. âm thuận","In Law & Justice, 'compliance' is an essential term. [Trong Pháp luật & Tư pháp, ""compliance"" là một thuật ngữ quan trọng.]",en,law_justice,single_word,C1
199dff68-6b2d-4e0b-930d-7b1ad46ae735,concession,/kənˈseʃn/,"sự nhượng, sự nhượng bộ; sự nhường; đất nhượng","In Law & Justice, 'concession' is an essential term. [Trong Pháp luật & Tư pháp, ""concession"" là một thuật ngữ quan trọng.]",en,law_justice,single_word,B1
217871a2-15e7-4dd9-97a2-725c155c0b92,confer,/kənˈfɜː(r)/,"phong, ban; bàn bạc, hỏi ý kiến, hội ý","In Law & Justice, 'confer' is an essential term. [Trong Pháp luật & Tư pháp, ""confer"" là một thuật ngữ quan trọng.]",en,law_justice,single_word,B2
b678a0fc-cea2-46f8-88c8-8cd4b3820d0d,contact,/ˈkɒntækt/,sự tiếp xúc; sự mật tiếp; công tắc // tiếp xúc; c. of higher order sự tiếp xúc bậc cao,"In Law & Justice, 'contact' is an essential term. [Trong Pháp luật & Tư pháp, ""contact"" là một thuật ngữ quan trọng.]",en,law_justice,single_word,C1
1ad5bda2-3065-4a69-b2c3-3543a9e2e31f,convention,/kənˈvenʃn/,"quy ước, hiệp ước","In Law & Justice, 'convention' is an essential term. [Trong Pháp luật & Tư pháp, ""convention"" là một thuật ngữ quan trọng.]",en,law_justice,single_word,B1
56b48de3-786a-4165-9faf-dc0a3f669a57,cop,/kɒp/,"suốt chỉ, con chỉ; cảnh sát, mật thám, cớm","In Law & Justice, 'cop' is an essential term. [Trong Pháp luật & Tư pháp, ""cop"" là một thuật ngữ quan trọng.]",en,law_justice,single_word,B2
34622cbb-1dc1-4811-bba7-cee96db14d2b,criterion,/kraɪˈtɪəriən/,tiêu chuẩn; control . tiêu chuẩn kiểm tra,"In Law & Justice, 'criterion' is an essential term. [Trong Pháp luật & Tư pháp, ""criterion"" là một thuật ngữ quan trọng.]",en,law_justice,single_word,C1
cfad84cd-67ba-436b-a1a9-f045367bcf95,decision,/dɪˈsɪʒn/,"sự giải quyết ; sự phân xử, sự phán quyết; sự quyết định, quyết nghị","In Law & Justice, 'decision' is an essential term. [Trong Pháp luật & Tư pháp, ""decision"" là một thuật ngữ quan trọng.]",en,law_justice,single_word,B1
cf636b54-e04d-4d08-99e5-eebd511355d5,dependence,/dɪˈpendəns/,sự phụ thuộc; functional d. phụ thuộc hàm,"In Law & Justice, 'dependence' is an essential term. [Trong Pháp luật & Tư pháp, ""dependence"" là một thuật ngữ quan trọng.]",en,law_justice,single_word,B2
902927cd-2a6c-4b73-8bf7-8b6c7db634df,dependent,/dɪˈpendənt/,phụ thuộc; algebraically d. phụ thuộc đại số,"In Law & Justice, 'dependent' is an essential term. [Trong Pháp luật & Tư pháp, ""dependent"" là một thuật ngữ quan trọng.]",en,law_justice,single_word,C1
e22d0b8d-af36-40e4-bea6-fe230143b68d,deserve,/dɪˈzɜːv/,"đáng, xứng đáng","In Law & Justice, 'deserve' is an essential term. [Trong Pháp luật & Tư pháp, ""deserve"" là một thuật ngữ quan trọng.]",en,law_justice,single_word,B1
35b0f9d8-ebfb-4e56-a4c0-03f53332165e,detention,/dɪˈtenʃn/,"sự giam cầm, sự cầm tù; tình trạng bị giam cầm, tình trạng bị cầm tù; sự phạt không cho ra ngoài; sự bắt ở lại trường sau khi tan học","In Law & Justice, 'detention' is an essential term. [Trong Pháp luật & Tư pháp, ""detention"" là một thuật ngữ quan trọng.]",en,law_justice,single_word,B2
25c4268a-d5fa-4efa-8ec3-23ac526bf2e3,discharge,/dɪsˈtʃɑːdʒ/,sự phóng điện; critical d. lưu lượng tới hạn,"In Law & Justice, 'discharge' is an essential term. [Trong Pháp luật & Tư pháp, ""discharge"" là một thuật ngữ quan trọng.]",en,law_justice,single_word,C1
66a5f88c-1fb5-4a86-9ced-f16752920302,discuss,/dɪˈskʌs/,thảo luận,"In Law & Justice, 'discuss' is an essential term. [Trong Pháp luật & Tư pháp, ""discuss"" là một thuật ngữ quan trọng.]",en,law_justice,single_word,B1
6f0a7d4f-b5df-482f-8d23-5909559cb85f,disorder,/dɪsˈɔːdə(r)/,"không có thứ tự, làm mất trật tự","In Law & Justice, 'disorder' is an essential term. [Trong Pháp luật & Tư pháp, ""disorder"" là một thuật ngữ quan trọng.]",en,law_justice,single_word,B2
4fd70057-5bd8-44e5-8630-d7f04f9f3042,divorce,/dɪˈvɔːs/,"sự ly dị; sự lìa ra, sự tách ra","In Law & Justice, 'divorce' is an essential term. [Trong Pháp luật & Tư pháp, ""divorce"" là một thuật ngữ quan trọng.]",en,law_justice,single_word,C1
12df6746-e062-49cc-9483-aaa736b1dd23,divorced,/dɪˈvɔːst/,đã ly dị,"In Law & Justice, 'divorced' is an essential term. [Trong Pháp luật & Tư pháp, ""divorced"" là một thuật ngữ quan trọng.]",en,law_justice,single_word,B1
2af9b41b-7910-45de-8ed9-7d88fd854f6d,duty,/ˈdjuːti/,"nghĩa vụ, nhiệm vụ; ad valorem d.  thuế phần trăm","In Law & Justice, 'duty' is an essential term. [Trong Pháp luật & Tư pháp, ""duty"" là một thuật ngữ quan trọng.]",en,law_justice,single_word,B2
fc1b39a3-9c44-4a5f-aa6a-78d735adbf4a,eligible,/ˈelɪdʒəbl/,"đủ tư cách, thích hợp; có thể chọn được","In Law & Justice, 'eligible' is an essential term. [Trong Pháp luật & Tư pháp, ""eligible"" là một thuật ngữ quan trọng.]",en,law_justice,single_word,C1
b414cbd1-aaa5-41dc-ab21-1b64fb866d5b,embarrassment,/ɪmˈbærəsmənt/,"sự lúng túng, sự ngượng ngịu; tình trạng lúng túng, tình trạng bối rối; điều làm lúng túng, điều làm bối rối; điều làm ngượng","In Law & Justice, 'embarrassment' is an essential term. [Trong Pháp luật & Tư pháp, ""embarrassment"" là một thuật ngữ quan trọng.]",en,law_justice,single_word,B1
bcd4de05-a52d-4f9a-bafb-b9895e012640,enact,/ɪˈnækt/,"ban hành; đóng, diễn","In Law & Justice, 'enact' is an essential term. [Trong Pháp luật & Tư pháp, ""enact"" là một thuật ngữ quan trọng.]",en,law_justice,single_word,B2
75993df1-e355-47e2-a358-806cbb57c57d,entertain,/ˌentəˈteɪn/,"tiếp đãi; chiêu đãi; giải trí, tiêu khiển","In Law & Justice, 'entertain' is an essential term. [Trong Pháp luật & Tư pháp, ""entertain"" là một thuật ngữ quan trọng.]",en,law_justice,single_word,C1
8303b4e0-0d09-44cf-b752-2d80a9eebdb5,entitle,/ɪnˈtaɪtl/,"cho đầu đề, cho tên; xưng hô bằng tước","In Law & Justice, 'entitle' is an essential term. [Trong Pháp luật & Tư pháp, ""entitle"" là một thuật ngữ quan trọng.]",en,law_justice,single_word,B1
e871fc0a-5cfe-48f7-9870-a29d516e2c9d,equality,/iˈkwɒləti/,đẳng thức; e. of two complex numbers đẳng thức của hai số phức,"In Law & Justice, 'equality' is an essential term. [Trong Pháp luật & Tư pháp, ""equality"" là một thuật ngữ quan trọng.]",en,law_justice,single_word,B2
794d3e02-5fb2-499b-ab37-55df6f1855cf,estimate,/ˈestɪmət/,"ước lượng, đánh giá; e. of the number of zeros ước lượng số lượng các không điểm","In Law & Justice, 'estimate' is an essential term. [Trong Pháp luật & Tư pháp, ""estimate"" là một thuật ngữ quan trọng.]",en,law_justice,single_word,C1
32435d4b-59a7-4ff5-9aa5-e98d7d8781f4,excess,/ˈekses/,"dư, số thừa;  dộ nhọn; e. of nine số dư","In Law & Justice, 'excess' is an essential term. [Trong Pháp luật & Tư pháp, ""excess"" là một thuật ngữ quan trọng.]",en,law_justice,single_word,B1
67d71c43-e07c-4077-ac39-9c8495c77765,expire,/ɪkˈspaɪə(r)/,"thở ra; thở hắt ra; tắt thở, chết; tắt","In Law & Justice, 'expire' is an essential term. [Trong Pháp luật & Tư pháp, ""expire"" là một thuật ngữ quan trọng.]",en,law_justice,single_word,B2
754eaa35-6885-423f-a5ba-f7f7aa392cd2,legal proceeding,/legal proceeding/,pháp lý tố tụng,"In Law & Justice, legal proceeding plays an integral role. [Trong Pháp luật & Tư pháp, pháp lý tố tụng đóng vai trò thiết yếu.]",en,law_justice,phrase,B1
57863f32-0294-4984-8162-ec254a958134,legal review,/legal review/,pháp lý xem xét,"In Law & Justice, legal review plays an integral role. [Trong Pháp luật & Tư pháp, pháp lý xem xét đóng vai trò thiết yếu.]",en,law_justice,phrase,B2
dab81b09-b88b-49df-b0b2-1a09929697ca,legal offense,/legal offense/,pháp lý tội danh,"In Law & Justice, legal offense plays an integral role. [Trong Pháp luật & Tư pháp, pháp lý tội danh đóng vai trò thiết yếu.]",en,law_justice,phrase,C1
2d75560e-b741-4f47-902d-d3b5e0c02bf9,legal lawsuit,/legal lawsuit/,pháp lý vụ kiện,"In Law & Justice, legal lawsuit plays an integral role. [Trong Pháp luật & Tư pháp, pháp lý vụ kiện đóng vai trò thiết yếu.]",en,law_justice,phrase,B1
d0873c59-6316-428e-8cda-f41bf2e009cc,legal right,/legal right/,pháp lý quyền lợi,"In Law & Justice, legal right plays an integral role. [Trong Pháp luật & Tư pháp, pháp lý quyền lợi đóng vai trò thiết yếu.]",en,law_justice,phrase,B2
11c09bbc-b711-4224-9e36-b019a681f0aa,legal doubt,/legal doubt/,pháp lý nghi ngờ,"In Law & Justice, legal doubt plays an integral role. [Trong Pháp luật & Tư pháp, pháp lý nghi ngờ đóng vai trò thiết yếu.]",en,law_justice,phrase,C1
2a363f43-160b-4bbb-b9ef-ee80c83d9813,legal liability,/legal liability/,pháp lý trách nhiệm,"In Law & Justice, legal liability plays an integral role. [Trong Pháp luật & Tư pháp, pháp lý trách nhiệm đóng vai trò thiết yếu.]",en,law_justice,phrase,B1
1bb7d3b8-608d-4fcf-8775-6df2f9e3de24,legal court,/legal court/,pháp lý tòa án,"In Law & Justice, legal court plays an integral role. [Trong Pháp luật & Tư pháp, pháp lý tòa án đóng vai trò thiết yếu.]",en,law_justice,phrase,B2
1639828d-3b7b-4470-989b-8a8bb43af46c,legal conviction,/legal conviction/,pháp lý kết án,"In Law & Justice, legal conviction plays an integral role. [Trong Pháp luật & Tư pháp, pháp lý kết án đóng vai trò thiết yếu.]",en,law_justice,phrase,B1
85c72f04-ad53-421f-a8fc-78b77315e879,judicial proceeding,/judicial proceeding/,tư pháp tố tụng,"In Law & Justice, judicial proceeding plays an integral role. [Trong Pháp luật & Tư pháp, tư pháp tố tụng đóng vai trò thiết yếu.]",en,law_justice,phrase,B2
d5290e0d-b7f0-449a-90f2-511162b8df30,judicial review,/judicial review/,tư pháp xem xét,"In Law & Justice, judicial review plays an integral role. [Trong Pháp luật & Tư pháp, tư pháp xem xét đóng vai trò thiết yếu.]",en,law_justice,phrase,C1
8154538d-7219-4d9f-8b91-809653e18a79,judicial offense,/judicial offense/,tư pháp tội danh,"In Law & Justice, judicial offense plays an integral role. [Trong Pháp luật & Tư pháp, tư pháp tội danh đóng vai trò thiết yếu.]",en,law_justice,phrase,B1
4007f02d-4fb0-41cc-bb97-4d5b4d816ef6,judicial lawsuit,/judicial lawsuit/,tư pháp vụ kiện,"In Law & Justice, judicial lawsuit plays an integral role. [Trong Pháp luật & Tư pháp, tư pháp vụ kiện đóng vai trò thiết yếu.]",en,law_justice,phrase,B2
724e8a21-104b-438b-8f1c-7934cecf07b2,judicial right,/judicial right/,tư pháp quyền lợi,"In Law & Justice, judicial right plays an integral role. [Trong Pháp luật & Tư pháp, tư pháp quyền lợi đóng vai trò thiết yếu.]",en,law_justice,phrase,C1
14f253b8-7228-41f8-8d65-7037a108f09f,judicial doubt,/judicial doubt/,tư pháp nghi ngờ,"In Law & Justice, judicial doubt plays an integral role. [Trong Pháp luật & Tư pháp, tư pháp nghi ngờ đóng vai trò thiết yếu.]",en,law_justice,phrase,B1
08da0f12-1ffe-4379-b62c-86976dd4db99,judicial liability,/judicial liability/,tư pháp trách nhiệm,"In Law & Justice, judicial liability plays an integral role. [Trong Pháp luật & Tư pháp, tư pháp trách nhiệm đóng vai trò thiết yếu.]",en,law_justice,phrase,B2
26061c17-d5dd-4e4f-9346-73b283cb726f,judicial court,/judicial court/,tư pháp tòa án,"In Law & Justice, judicial court plays an integral role. [Trong Pháp luật & Tư pháp, tư pháp tòa án đóng vai trò thiết yếu.]",en,law_justice,phrase,C1
0fc9c31c-2e16-488a-8c14-6bc17410b41b,judicial conviction,/judicial conviction/,tư pháp kết án,"In Law & Justice, judicial conviction plays an integral role. [Trong Pháp luật & Tư pháp, tư pháp kết án đóng vai trò thiết yếu.]",en,law_justice,phrase,B2
6a3815bd-eb7c-45c2-9d08-754ae8f1c0db,criminal proceeding,/criminal proceeding/,hình sự tố tụng,"In Law & Justice, criminal proceeding plays an integral role. [Trong Pháp luật & Tư pháp, hình sự tố tụng đóng vai trò thiết yếu.]",en,law_justice,phrase,C1
680dec8f-b02f-42fc-a167-ef655f9161ff,criminal review,/criminal review/,hình sự xem xét,"In Law & Justice, criminal review plays an integral role. [Trong Pháp luật & Tư pháp, hình sự xem xét đóng vai trò thiết yếu.]",en,law_justice,phrase,B1
3bc85e45-cb00-4e33-b89a-3b8df0a76fc3,criminal offense,/criminal offense/,hình sự tội danh,"In Law & Justice, criminal offense plays an integral role. [Trong Pháp luật & Tư pháp, hình sự tội danh đóng vai trò thiết yếu.]",en,law_justice,phrase,B2
ba6c958d-2021-4d07-9068-c5903ac094d7,criminal lawsuit,/criminal lawsuit/,hình sự vụ kiện,"In Law & Justice, criminal lawsuit plays an integral role. [Trong Pháp luật & Tư pháp, hình sự vụ kiện đóng vai trò thiết yếu.]",en,law_justice,phrase,C1
1f5a82e1-382d-421b-b237-889e250ee069,criminal right,/criminal right/,hình sự quyền lợi,"In Law & Justice, criminal right plays an integral role. [Trong Pháp luật & Tư pháp, hình sự quyền lợi đóng vai trò thiết yếu.]",en,law_justice,phrase,B1
188843df-112d-4c20-9f22-424cea1e97b7,criminal doubt,/criminal doubt/,hình sự nghi ngờ,"In Law & Justice, criminal doubt plays an integral role. [Trong Pháp luật & Tư pháp, hình sự nghi ngờ đóng vai trò thiết yếu.]",en,law_justice,phrase,B2
c040b5e7-08d6-49dd-8adb-c520d44cbcd9,criminal liability,/criminal liability/,hình sự trách nhiệm,"In Law & Justice, criminal liability plays an integral role. [Trong Pháp luật & Tư pháp, hình sự trách nhiệm đóng vai trò thiết yếu.]",en,law_justice,phrase,C1
c5dafb7e-2234-4936-a75f-7bffd8412d02,criminal court,/criminal court/,hình sự tòa án,"In Law & Justice, criminal court plays an integral role. [Trong Pháp luật & Tư pháp, hình sự tòa án đóng vai trò thiết yếu.]",en,law_justice,phrase,B1
4b3aea99-ccf3-484e-b035-8ef3941d4d08,criminal conviction,/criminal conviction/,hình sự kết án,"In Law & Justice, criminal conviction plays an integral role. [Trong Pháp luật & Tư pháp, hình sự kết án đóng vai trò thiết yếu.]",en,law_justice,phrase,C1
6389a06b-f253-4745-a243-89ba6fa15f86,civil proceeding,/civil proceeding/,dân sự tố tụng,"In Law & Justice, civil proceeding plays an integral role. [Trong Pháp luật & Tư pháp, dân sự tố tụng đóng vai trò thiết yếu.]",en,law_justice,phrase,B1
b2eae74a-3565-4b88-8c07-c05ef80b58d5,civil review,/civil review/,dân sự xem xét,"In Law & Justice, civil review plays an integral role. [Trong Pháp luật & Tư pháp, dân sự xem xét đóng vai trò thiết yếu.]",en,law_justice,phrase,B2
780027f1-8b7e-4dac-b261-dd5fa2296038,civil offense,/civil offense/,dân sự tội danh,"In Law & Justice, civil offense plays an integral role. [Trong Pháp luật & Tư pháp, dân sự tội danh đóng vai trò thiết yếu.]",en,law_justice,phrase,C1
d7e4156c-6abe-462b-ba50-54ba4b28c240,civil lawsuit,/civil lawsuit/,dân sự vụ kiện,"In Law & Justice, civil lawsuit plays an integral role. [Trong Pháp luật & Tư pháp, dân sự vụ kiện đóng vai trò thiết yếu.]",en,law_justice,phrase,B1
c74b89bc-73da-40ea-9386-726762e3e6d6,civil right,/civil right/,dân sự quyền lợi,"In Law & Justice, civil right plays an integral role. [Trong Pháp luật & Tư pháp, dân sự quyền lợi đóng vai trò thiết yếu.]",en,law_justice,phrase,B2
e654cf1f-ce2d-4771-9144-72187b9abdcc,civil doubt,/civil doubt/,dân sự nghi ngờ,"In Law & Justice, civil doubt plays an integral role. [Trong Pháp luật & Tư pháp, dân sự nghi ngờ đóng vai trò thiết yếu.]",en,law_justice,phrase,C1
6d2952cd-0c7e-4b26-838f-2c6395da347f,civil liability,/civil liability/,dân sự trách nhiệm,"In Law & Justice, civil liability plays an integral role. [Trong Pháp luật & Tư pháp, dân sự trách nhiệm đóng vai trò thiết yếu.]",en,law_justice,phrase,B1
adfaf4f7-a91e-4106-b2cf-385278bed48d,civil court,/civil court/,dân sự tòa án,"In Law & Justice, civil court plays an integral role. [Trong Pháp luật & Tư pháp, dân sự tòa án đóng vai trò thiết yếu.]",en,law_justice,phrase,B2
23e4abba-8500-47fa-892c-3ec368063d99,civil verdict,/civil verdict/,dân sự phán quyết,"In Law & Justice, civil verdict plays an integral role. [Trong Pháp luật & Tư pháp, dân sự phán quyết đóng vai trò thiết yếu.]",en,law_justice,phrase,C1
84203f99-76b7-4c30-bdc6-c758b710cf51,civil conviction,/civil conviction/,dân sự kết án,"In Law & Justice, civil conviction plays an integral role. [Trong Pháp luật & Tư pháp, dân sự kết án đóng vai trò thiết yếu.]",en,law_justice,phrase,B1
4c46b258-5e45-4ebb-87c2-2b468f6a83a8,constitutional proceeding,/constitutional proceeding/,hiến pháp tố tụng,"In Law & Justice, constitutional proceeding plays an integral role. [Trong Pháp luật & Tư pháp, hiến pháp tố tụng đóng vai trò thiết yếu.]",en,law_justice,phrase,B2
7b5d90da-4af8-4665-8a60-d4704f9224fd,constitutional review,/constitutional review/,hiến pháp xem xét,"In Law & Justice, constitutional review plays an integral role. [Trong Pháp luật & Tư pháp, hiến pháp xem xét đóng vai trò thiết yếu.]",en,law_justice,phrase,C1
68bae0c9-40e8-424a-80fc-87a5f80434c7,constitutional offense,/constitutional offense/,hiến pháp tội danh,"In Law & Justice, constitutional offense plays an integral role. [Trong Pháp luật & Tư pháp, hiến pháp tội danh đóng vai trò thiết yếu.]",en,law_justice,phrase,B1
41d9c8da-32cd-4a14-93cd-13ef2b5fca69,constitutional lawsuit,/constitutional lawsuit/,hiến pháp vụ kiện,"In Law & Justice, constitutional lawsuit plays an integral role. [Trong Pháp luật & Tư pháp, hiến pháp vụ kiện đóng vai trò thiết yếu.]",en,law_justice,phrase,B2
3884c80c-7820-4564-80f7-88640b3ea8e0,constitutional right,/constitutional right/,hiến pháp quyền lợi,"In Law & Justice, constitutional right plays an integral role. [Trong Pháp luật & Tư pháp, hiến pháp quyền lợi đóng vai trò thiết yếu.]",en,law_justice,phrase,C1
3a129c53-2129-481c-93f8-f9e9df532385,constitutional doubt,/constitutional doubt/,hiến pháp nghi ngờ,"In Law & Justice, constitutional doubt plays an integral role. [Trong Pháp luật & Tư pháp, hiến pháp nghi ngờ đóng vai trò thiết yếu.]",en,law_justice,phrase,B1
99a76de0-1337-43c9-83ce-79d46ca41e8b,constitutional liability,/constitutional liability/,hiến pháp trách nhiệm,"In Law & Justice, constitutional liability plays an integral role. [Trong Pháp luật & Tư pháp, hiến pháp trách nhiệm đóng vai trò thiết yếu.]",en,law_justice,phrase,B2
fff603c8-4a93-4437-b321-b17f65d2ac62,constitutional court,/constitutional court/,hiến pháp tòa án,"In Law & Justice, constitutional court plays an integral role. [Trong Pháp luật & Tư pháp, hiến pháp tòa án đóng vai trò thiết yếu.]",en,law_justice,phrase,C1
80b56c5f-87b6-47e3-a0d9-7e26dee9fa69,constitutional conviction,/constitutional conviction/,hiến pháp kết án,"In Law & Justice, constitutional conviction plays an integral role. [Trong Pháp luật & Tư pháp, hiến pháp kết án đóng vai trò thiết yếu.]",en,law_justice,phrase,B2
1d5a5391-f08d-4fe4-a662-fc738a3e82ac,human proceeding,/human proceeding/,nhân quyền tố tụng,"In Law & Justice, human proceeding plays an integral role. [Trong Pháp luật & Tư pháp, nhân quyền tố tụng đóng vai trò thiết yếu.]",en,law_justice,phrase,C1
1ac49f25-0e63-4a28-9cf7-cbbe3141c4fd,human review,/human review/,nhân quyền xem xét,"In Law & Justice, human review plays an integral role. [Trong Pháp luật & Tư pháp, nhân quyền xem xét đóng vai trò thiết yếu.]",en,law_justice,phrase,B1
9a697a16-757c-488e-b959-6fc62154dc54,human offense,/human offense/,nhân quyền tội danh,"In Law & Justice, human offense plays an integral role. [Trong Pháp luật & Tư pháp, nhân quyền tội danh đóng vai trò thiết yếu.]",en,law_justice,phrase,B2
181e0aaf-32f1-43c4-8c2a-17200f86e41e,human lawsuit,/human lawsuit/,nhân quyền vụ kiện,"In Law & Justice, human lawsuit plays an integral role. [Trong Pháp luật & Tư pháp, nhân quyền vụ kiện đóng vai trò thiết yếu.]",en,law_justice,phrase,C1
944d44af-96da-45ee-968f-13d6a40b3c98,transmit,/trænzˈmɪt/,truyền,"In Media & Journalism, 'transmit' is an essential term. [Trong Truyền thông & Báo chí, ""transmit"" là một thuật ngữ quan trọng.]",en,media_communication,single_word,B1
95ed3056-3335-4e91-b20c-5628a38ca1bc,commentary,/ˈkɒməntri/,"bài bình luận; lời chú thích, lời dẫn giải","In Media & Journalism, 'commentary' is an essential term. [Trong Truyền thông & Báo chí, ""commentary"" là một thuật ngữ quan trọng.]",en,media_communication,single_word,B2
f68dcf03-53cb-4ae9-a461-d8849298f040,commentator,/ˈkɒmənteɪtə(r)/,"nhà bình luận; người viết chú thích, người viết dẫn giải","In Media & Journalism, 'commentator' is an essential term. [Trong Truyền thông & Báo chí, ""commentator"" là một thuật ngữ quan trọng.]",en,media_communication,single_word,C1
df3ff1b2-994e-4460-886c-86b343610cda,debate,/dɪˈbeɪt/,"cuộc tranh luận, cuộc thảo luận, cuộc tranh cãi; biên bản chính thức của những phiên họp nghị viện","In Media & Journalism, 'debate' is an essential term. [Trong Truyền thông & Báo chí, ""debate"" là một thuật ngữ quan trọng.]",en,media_communication,single_word,B1
65838cd3-7528-45e6-8a0b-bfa2457f1621,drama,/ˈdrɑːmə/,kịch; tuồng; nghệ thuật kịch; nghệ thuật tuồng,"In Media & Journalism, 'drama' is an essential term. [Trong Truyền thông & Báo chí, ""drama"" là một thuật ngữ quan trọng.]",en,media_communication,single_word,B2
e1796bd8-75a6-48b9-88ee-2573612b0a5e,programme,/ˈprəʊɡræm/,chương trình; cương lĩnh,"In Media & Journalism, 'programme' is an essential term. [Trong Truyền thông & Báo chí, ""programme"" là một thuật ngữ quan trọng.]",en,media_communication,single_word,C1
8b5a78e3-25e0-4d9c-ba81-f71467c671c6,script,/skrɪpt/,"chữ viết, bản thảo","In Media & Journalism, 'script' is an essential term. [Trong Truyền thông & Báo chí, ""script"" là một thuật ngữ quan trọng.]",en,media_communication,single_word,B1
56e9ffde-439f-467f-8877-6b5ff9e28060,send,/send/,phát đi,"In Media & Journalism, 'send' is an essential term. [Trong Truyền thông & Báo chí, ""send"" là một thuật ngữ quan trọng.]",en,media_communication,single_word,B2
523a144f-6e7c-49e8-a6a4-99f8e41a3bd7,series,/ˈsɪəriːz/,"chuỗi, loạt; s. of derived groups dãy các nhóm dẫn suất","In Media & Journalism, 'series' is an essential term. [Trong Truyền thông & Báo chí, ""series"" là một thuật ngữ quan trọng.]",en,media_communication,single_word,C1
e168ab65-1f5d-4ed1-bfa5-f6b0caf4eedb,show,/ʃəʊ/,chứng tỏ,"In Media & Journalism, 'show' is an essential term. [Trong Truyền thông & Báo chí, ""show"" là một thuật ngữ quan trọng.]",en,media_communication,single_word,B1
76ba13db-8f67-426c-b6c5-3423d9f38f43,spoken,/ˈspəʊkən/,"nói; nói với, nói chuyện, nói lên","In Media & Journalism, 'spoken' is an essential term. [Trong Truyền thông & Báo chí, ""spoken"" là một thuật ngữ quan trọng.]",en,media_communication,single_word,B2
881b89cd-cfa9-4977-9477-1ffb5a96971f,telephone,/ˈtelɪfəʊn/,"dây nói, điện thoại; gọi điện, nói chuyện bằng điện thoại","In Media & Journalism, 'telephone' is an essential term. [Trong Truyền thông & Báo chí, ""telephone"" là một thuật ngữ quan trọng.]",en,media_communication,single_word,C1
ac8282e4-b545-4646-a333-5a9a382b5cc4,update,/ˈʌpdeɪt/,"làm cho cập nhật, hiện đại hoá; cho ai thông tin mới nhất","In Media & Journalism, 'update' is an essential term. [Trong Truyền thông & Báo chí, ""update"" là một thuật ngữ quan trọng.]",en,media_communication,single_word,B1
553a1001-c79c-4113-a229-99b4be65a780,viewer,/ˈvjuːə(r)/,"người xem; người khám xét, người thẩm tra","In Media & Journalism, 'viewer' is an essential term. [Trong Truyền thông & Báo chí, ""viewer"" là một thuật ngữ quan trọng.]",en,media_communication,single_word,B2
b0902fbe-9f87-4890-b0e1-5fd2c5a3e099,actor,/ˈæktə(r)/,"diễn viên ; kép, kép hát; người làm","In Media & Journalism, 'actor' is an essential term. [Trong Truyền thông & Báo chí, ""actor"" là một thuật ngữ quan trọng.]",en,media_communication,single_word,C1
6a565971-8c3d-4234-9b5f-a42631a35ad0,actress,/ˈæktrəs/,"nữ diễn viên, đào hát","In Media & Journalism, 'actress' is an essential term. [Trong Truyền thông & Báo chí, ""actress"" là một thuật ngữ quan trọng.]",en,media_communication,single_word,B1
560fbe71-4b49-4eda-bf6b-0d4276ae7003,actually,/ˈæktʃuəli/,"thực sự, quả thật, đúng, quả là; hiện tại, hiện thời, hiện nay","In Media & Journalism, 'actually' is an essential term. [Trong Truyền thông & Báo chí, ""actually"" là một thuật ngữ quan trọng.]",en,media_communication,single_word,B2
ba7d1a56-8cef-4ede-acc0-a9f346e178b4,ah,/ɑː/,"a!, chà!, chao!, ôi chao!","In Media & Journalism, 'ah' is an essential term. [Trong Truyền thông & Báo chí, ""ah"" là một thuật ngữ quan trọng.]",en,media_communication,single_word,C1
3df0331c-7b33-4616-afa0-676d3dd0a8ea,allegedly,/əˈledʒɪdli/,được cho là,"In Media & Journalism, 'allegedly' is an essential term. [Trong Truyền thông & Báo chí, ""allegedly"" là một thuật ngữ quan trọng.]",en,media_communication,single_word,B1
365144f7-194f-4966-9965-33b35efab0b4,argue,/ˈɑːɡjuː/,"thảo luận, bàn luận, lý luận; phán đoán; a. from the sample dựa vào mẫu để phán đoán","In Media & Journalism, 'argue' is an essential term. [Trong Truyền thông & Báo chí, ""argue"" là một thuật ngữ quan trọng.]",en,media_communication,single_word,B2
ca055e85-ce62-4034-929e-aa0cee56320d,array,/əˈreɪ/,"bảng, dãy sắp xếp;  mảng; frequency a. dãy tần số","In Media & Journalism, 'array' is an essential term. [Trong Truyền thông & Báo chí, ""array"" là một thuật ngữ quan trọng.]",en,media_communication,single_word,C1
eb956b31-d3e7-4052-8bd7-4593f73f9647,boast,/bəʊst/,lời nói khoác; sự khoe khoang,"In Media & Journalism, 'boast' is an essential term. [Trong Truyền thông & Báo chí, ""boast"" là một thuật ngữ quan trọng.]",en,media_communication,single_word,B1
8ef9901b-e151-465e-bcae-171e38bdcc0b,burst,/bɜːst/,"nổ; tín hiệu ; chớp sáng; từng loạt, từng khối","In Media & Journalism, 'burst' is an essential term. [Trong Truyền thông & Báo chí, ""burst"" là một thuật ngữ quan trọng.]",en,media_communication,single_word,B2
3d730b65-4e6c-4f56-b392-935cad673c48,clarity,/ˈklærəti/,"sự trong; sự rõ ràng, sự sáng sủa","In Media & Journalism, 'clarity' is an essential term. [Trong Truyền thông & Báo chí, ""clarity"" là một thuật ngữ quan trọng.]",en,media_communication,single_word,C1
bbcdd2bb-e881-4d3e-946e-60ae4ac2eac9,conversation,/ˌkɒnvəˈseɪʃn/,"trao đổi; nói chuyện, đối thoại, hội thoại, đàm thoại","In Media & Journalism, 'conversation' is an essential term. [Trong Truyền thông & Báo chí, ""conversation"" là một thuật ngữ quan trọng.]",en,media_communication,single_word,B1
d1b94439-1ebf-4d1d-b03d-d2016f61b643,criticism,/ˈkrɪtɪsɪzəm/,"sự phê bình, sự phê phán, sự bình phẩm, sự chỉ trích; lời phê bình, lời phê phán, lời bình phẩm, lời chỉ trích","In Media & Journalism, 'criticism' is an essential term. [Trong Truyền thông & Báo chí, ""criticism"" là một thuật ngữ quan trọng.]",en,media_communication,single_word,B2
b816f9da-63e0-48e5-acef-94a3e3992dce,crush,/krʌʃ/,"sự ép, sự vắt; sự nghiến, sự đè nát; đám đông, chen chúc, đám đông xô đẩy chen lấn nhau","In Media & Journalism, 'crush' is an essential term. [Trong Truyền thông & Báo chí, ""crush"" là một thuật ngữ quan trọng.]",en,media_communication,single_word,C1
9125b180-ee55-451d-b7f4-fa452615c38b,cry,/kraɪ/,"tiếng kêu, tiêng la, tiếng hò hét, tiếng hò reo; tiếng rao hàng ngoài phố","In Media & Journalism, 'cry' is an essential term. [Trong Truyền thông & Báo chí, ""cry"" là một thuật ngữ quan trọng.]",en,media_communication,single_word,B1
af6b1117-b0b1-4259-b9af-a49d654d73d9,dismiss,/dɪsˈmɪs/,giải tán; cho đi,"In Media & Journalism, 'dismiss' is an essential term. [Trong Truyền thông & Báo chí, ""dismiss"" là một thuật ngữ quan trọng.]",en,media_communication,single_word,B2
cd0eb7d0-a27e-467f-bb53-7522f5afd434,emergency,/ɪˈmɜːdʒənsi/,"trường hợp bất ngờ, sự hỏng bất ngờ","In Media & Journalism, 'emergency' is an essential term. [Trong Truyền thông & Báo chí, ""emergency"" là một thuật ngữ quan trọng.]",en,media_communication,single_word,C1
fa316190-a646-4ffb-b219-2d3741dcf157,enemy,/ˈenəmi/,"kẻ thù, kẻ địch, địch thủ; quân địch, tàu địch; thì giờ","In Media & Journalism, 'enemy' is an essential term. [Trong Truyền thông & Báo chí, ""enemy"" là một thuật ngữ quan trọng.]",en,media_communication,single_word,B1
338f00be-6bb1-431d-8af2-0d9962035679,evaluation,/ɪˌvæljuˈeɪʃn/,"sự đánh giá, sự ước lượng; e. of an algebraic expression tính giá trị của một biểu thức đại số","In Media & Journalism, 'evaluation' is an essential term. [Trong Truyền thông & Báo chí, ""evaluation"" là một thuật ngữ quan trọng.]",en,media_communication,single_word,B2
d8c4dd57-897e-451d-9ccc-95f281df02e4,facility,/fəˈsɪləti/,"thiết bị, trang bị, công cụ, phương tiện; communication f. phương tiện thông tin","In Media & Journalism, 'facility' is an essential term. [Trong Truyền thông & Báo chí, ""facility"" là một thuật ngữ quan trọng.]",en,media_communication,single_word,C1
0a06aa0f-313b-4f74-b25e-5cadaca0ad27,fame,/feɪm/,"tiếng tăm, danh tiếng, danh thơm, tên tuổi; tiếng đồn","In Media & Journalism, 'fame' is an essential term. [Trong Truyền thông & Báo chí, ""fame"" là một thuật ngữ quan trọng.]",en,media_communication,single_word,B1
eb402d5e-db5b-4f6f-b5a0-760e16492071,fancy,/ˈfænsi/,sự tưởng tượng; sự võ đoán,"In Media & Journalism, 'fancy' is an essential term. [Trong Truyền thông & Báo chí, ""fancy"" là một thuật ngữ quan trọng.]",en,media_communication,single_word,B2
713659d1-b570-4365-8235-0be87315427f,fence,/fens/,hàng rào; thuật đánh kiếm;  tài tranh luận,"In Media & Journalism, 'fence' is an essential term. [Trong Truyền thông & Báo chí, ""fence"" là một thuật ngữ quan trọng.]",en,media_communication,single_word,C1
a8bd325e-9c5b-457a-ba46-31fd79072958,firm,/fɜːm/,"hàng buôn // rắn, bền; ổn định","In Media & Journalism, 'firm' is an essential term. [Trong Truyền thông & Báo chí, ""firm"" là một thuật ngữ quan trọng.]",en,media_communication,single_word,B1
313cb3b4-361b-4ca7-8922-bd8114de3348,fluid,/ˈfluːɪd/,chất lỏng; môi trường; compressible f. chất lỏng nén được,"In Media & Journalism, 'fluid' is an essential term. [Trong Truyền thông & Báo chí, ""fluid"" là một thuật ngữ quan trọng.]",en,media_communication,single_word,B2
907e19fc-b9af-4537-839c-1eedf40c8bf1,forthcoming,/ˌfɔːθˈkʌmɪŋ/,"sắp đến, sắp rời; sắp xuất bản","In Media & Journalism, 'forthcoming' is an essential term. [Trong Truyền thông & Báo chí, ""forthcoming"" là một thuật ngữ quan trọng.]",en,media_communication,single_word,C1
29ab2d08-dedb-469c-883f-681c68f8bc64,gig,/ɡɪɡ/,xe độc mã hai banh; xuồng nhỏ,"In Media & Journalism, 'gig' is an essential term. [Trong Truyền thông & Báo chí, ""gig"" là một thuật ngữ quan trọng.]",en,media_communication,single_word,B1
26188e60-b3c2-4351-93ab-dcf4f7e32928,grand,/ɡrænd/,"to, lớn, quan trọng","In Media & Journalism, 'grand' is an essential term. [Trong Truyền thông & Báo chí, ""grand"" là một thuật ngữ quan trọng.]",en,media_communication,single_word,B2
18e5fb7f-ec98-4d0e-8d78-1730d6f19244,grind,/ɡraɪnd/,"sự xay, sự tán, sự nghiền; sự mài","In Media & Journalism, 'grind' is an essential term. [Trong Truyền thông & Báo chí, ""grind"" là một thuật ngữ quan trọng.]",en,media_communication,single_word,C1
4687c769-6d27-4901-942d-f0747e9bee5f,hail,/heɪl/,"mưa đá; loạt, tràng dồn dập ; trận tới tấp","In Media & Journalism, 'hail' is an essential term. [Trong Truyền thông & Báo chí, ""hail"" là một thuật ngữ quan trọng.]",en,media_communication,single_word,B1
ebf3e0ad-f446-405e-bd88-40379cbe3ab3,harassment,/ˈhærəsmənt/,"sự quấy rầy, sự phiền nhiễu; sự lo lắng ưu phiền; sự quấy rối","In Media & Journalism, 'harassment' is an essential term. [Trong Truyền thông & Báo chí, ""harassment"" là một thuật ngữ quan trọng.]",en,media_communication,single_word,B2
459cbaa1-2e88-4711-b2b7-6621d4e02ff2,hesitate,/ˈhezɪteɪt/,"do dự, ngập ngừng, lưỡng lự, không nhất quyết","In Media & Journalism, 'hesitate' is an essential term. [Trong Truyền thông & Báo chí, ""hesitate"" là một thuật ngữ quan trọng.]",en,media_communication,single_word,C1
702dd8ab-e864-4b46-aabf-57cb289418c8,hey,/heɪ/,"ô!, ơ!; này!","In Media & Journalism, 'hey' is an essential term. [Trong Truyền thông & Báo chí, ""hey"" là một thuật ngữ quan trọng.]",en,media_communication,single_word,B1
b9555089-2cf9-4d70-9645-d4d5bea90379,high-profile,/ˌhaɪ ˈprəʊfaɪl/,cao cấp,"In Media & Journalism, 'high-profile' is an essential term. [Trong Truyền thông & Báo chí, ""high-profile"" là một thuật ngữ quan trọng.]",en,media_communication,single_word,B2
8c33fbb8-a318-4d41-9406-11c408bfee8c,hopefully,/ˈhəʊpfəli/,"đầy hy vọng, phấn khởi","In Media & Journalism, 'hopefully' is an essential term. [Trong Truyền thông & Báo chí, ""hopefully"" là một thuật ngữ quan trọng.]",en,media_communication,single_word,C1
b6c58916-12bd-409b-9556-df45a440efb0,i,/aɪ/,hệ thống vào/ra,"In Media & Journalism, 'i' is an essential term. [Trong Truyền thông & Báo chí, ""i"" là một thuật ngữ quan trọng.]",en,media_communication,single_word,B1
747c19aa-780a-4c7c-b822-1f5995774b67,instant,/ˈɪnstənt/,"một lúc, một khoảnh khắc","In Media & Journalism, 'instant' is an essential term. [Trong Truyền thông & Báo chí, ""instant"" là một thuật ngữ quan trọng.]",en,media_communication,single_word,B2
5ba640bf-6539-46e6-b296-093181765700,mass media,/mass media/,đại chúng truyền thông,"In Media & Journalism, mass media plays an integral role. [Trong Truyền thông & Báo chí, đại chúng truyền thông đóng vai trò thiết yếu.]",en,media_communication,phrase,B1
f8362a88-5c8b-4123-a4bb-9b01778ad5c0,mass journalism,/mass journalism/,đại chúng báo chí,"In Media & Journalism, mass journalism plays an integral role. [Trong Truyền thông & Báo chí, đại chúng báo chí đóng vai trò thiết yếu.]",en,media_communication,phrase,B2
556600d8-decf-4a4f-a026-4c6232fb3285,mass reporting,/mass reporting/,đại chúng phóng sự,"In Media & Journalism, mass reporting plays an integral role. [Trong Truyền thông & Báo chí, đại chúng phóng sự đóng vai trò thiết yếu.]",en,media_communication,phrase,C1
4dec0b86-44b1-43ed-bdac-e17402d5e3d5,mass relations,/mass relations/,đại chúng quan hệ,"In Media & Journalism, mass relations plays an integral role. [Trong Truyền thông & Báo chí, đại chúng quan hệ đóng vai trò thiết yếu.]",en,media_communication,phrase,B1
7a1eee04-194e-43df-b0e9-a2af9925869c,mass platform,/mass platform/,đại chúng nền tảng,"In Media & Journalism, mass platform plays an integral role. [Trong Truyền thông & Báo chí, đại chúng nền tảng đóng vai trò thiết yếu.]",en,media_communication,phrase,B2
8f1fda60-319f-41aa-b6e0-6cd65ca3e3bf,mass release,/mass release/,đại chúng thông cáo,"In Media & Journalism, mass release plays an integral role. [Trong Truyền thông & Báo chí, đại chúng thông cáo đóng vai trò thiết yếu.]",en,media_communication,phrase,C1
34ea5a0e-346d-4c79-a92d-799746175dc4,mass coverage,/mass coverage/,đại chúng đưa tin,"In Media & Journalism, mass coverage plays an integral role. [Trong Truyền thông & Báo chí, đại chúng đưa tin đóng vai trò thiết yếu.]",en,media_communication,phrase,B1
65ff21db-962c-445e-8b26-dfa1a7a3368f,mass communication,/mass communication/,đại chúng giao tiếp,"In Media & Journalism, mass communication plays an integral role. [Trong Truyền thông & Báo chí, đại chúng giao tiếp đóng vai trò thiết yếu.]",en,media_communication,phrase,B2
b68ce8e2-5bfb-4c61-aa3c-9882c5a30f15,mass content,/mass content/,đại chúng nội dung,"In Media & Journalism, mass content plays an integral role. [Trong Truyền thông & Báo chí, đại chúng nội dung đóng vai trò thiết yếu.]",en,media_communication,phrase,C1
246a1b79-736c-4fa0-9d20-e0952d9ee976,mass broadcasting,/mass broadcasting/,đại chúng phát sóng,"In Media & Journalism, mass broadcasting plays an integral role. [Trong Truyền thông & Báo chí, đại chúng phát sóng đóng vai trò thiết yếu.]",en,media_communication,phrase,B1
343a75f9-b5f8-48f3-9f3b-5154aacebd19,digital media,/digital media/,kỹ thuật số truyền thông,"In Media & Journalism, digital media plays an integral role. [Trong Truyền thông & Báo chí, kỹ thuật số truyền thông đóng vai trò thiết yếu.]",en,media_communication,phrase,B2
f0afce3d-d329-4d41-bbcc-3c7a2c751937,digital relations,/digital relations/,kỹ thuật số quan hệ,"In Media & Journalism, digital relations plays an integral role. [Trong Truyền thông & Báo chí, kỹ thuật số quan hệ đóng vai trò thiết yếu.]",en,media_communication,phrase,B2
b0d511ff-bb20-4719-8d8e-900f895e2b75,digital platform,/digital platform/,kỹ thuật số nền tảng,"In Media & Journalism, digital platform plays an integral role. [Trong Truyền thông & Báo chí, kỹ thuật số nền tảng đóng vai trò thiết yếu.]",en,media_communication,phrase,C1
96a9d951-ea1e-4359-b16d-aa104d3483a9,digital release,/digital release/,kỹ thuật số thông cáo,"In Media & Journalism, digital release plays an integral role. [Trong Truyền thông & Báo chí, kỹ thuật số thông cáo đóng vai trò thiết yếu.]",en,media_communication,phrase,B1
394b6bea-7503-439f-9926-ff23676de460,digital communication,/digital communication/,kỹ thuật số giao tiếp,"In Media & Journalism, digital communication plays an integral role. [Trong Truyền thông & Báo chí, kỹ thuật số giao tiếp đóng vai trò thiết yếu.]",en,media_communication,phrase,C1
5fb44f74-f0e6-4314-8782-e8e3c1cab33f,digital content,/digital content/,kỹ thuật số nội dung,"In Media & Journalism, digital content plays an integral role. [Trong Truyền thông & Báo chí, kỹ thuật số nội dung đóng vai trò thiết yếu.]",en,media_communication,phrase,B1
bcbffdad-da38-420d-aaf4-b7168c00af58,investigative media,/investigative media/,điều tra truyền thông,"In Media & Journalism, investigative media plays an integral role. [Trong Truyền thông & Báo chí, điều tra truyền thông đóng vai trò thiết yếu.]",en,media_communication,phrase,C1
310c7541-23c1-4492-901b-413efbcd4dea,investigative reporting,/investigative reporting/,điều tra phóng sự,"In Media & Journalism, investigative reporting plays an integral role. [Trong Truyền thông & Báo chí, điều tra phóng sự đóng vai trò thiết yếu.]",en,media_communication,phrase,B2
b57766dc-7dee-4012-baaa-c40ceca6442d,investigative relations,/investigative relations/,điều tra quan hệ,"In Media & Journalism, investigative relations plays an integral role. [Trong Truyền thông & Báo chí, điều tra quan hệ đóng vai trò thiết yếu.]",en,media_communication,phrase,C1
bc4c9294-f459-4061-9b49-c31805c3bfaa,investigative platform,/investigative platform/,điều tra nền tảng,"In Media & Journalism, investigative platform plays an integral role. [Trong Truyền thông & Báo chí, điều tra nền tảng đóng vai trò thiết yếu.]",en,media_communication,phrase,B1
a5e396f2-0125-451c-a1cd-1fe347480eb3,investigative release,/investigative release/,điều tra thông cáo,"In Media & Journalism, investigative release plays an integral role. [Trong Truyền thông & Báo chí, điều tra thông cáo đóng vai trò thiết yếu.]",en,media_communication,phrase,B2
baf1b6af-21b8-4c2d-bb8d-8ac79e55be31,investigative coverage,/investigative coverage/,điều tra đưa tin,"In Media & Journalism, investigative coverage plays an integral role. [Trong Truyền thông & Báo chí, điều tra đưa tin đóng vai trò thiết yếu.]",en,media_communication,phrase,C1
d5ab8398-d84c-471c-a563-2bf37b720be1,investigative communication,/investigative communication/,điều tra giao tiếp,"In Media & Journalism, investigative communication plays an integral role. [Trong Truyền thông & Báo chí, điều tra giao tiếp đóng vai trò thiết yếu.]",en,media_communication,phrase,B1
bf21e2c7-d294-47e6-af74-0bae267779ee,investigative content,/investigative content/,điều tra nội dung,"In Media & Journalism, investigative content plays an integral role. [Trong Truyền thông & Báo chí, điều tra nội dung đóng vai trò thiết yếu.]",en,media_communication,phrase,B2
345f2e53-e1ed-44e0-a633-20d711ad5d3b,broadcast media,/broadcast media/,phát thanh truyền hình truyền thông,"In Media & Journalism, broadcast media plays an integral role. [Trong Truyền thông & Báo chí, phát thanh truyền hình truyền thông đóng vai trò thiết yếu.]",en,media_communication,phrase,B1
c259307c-6869-4ad9-95fc-22caec855228,broadcast relations,/broadcast relations/,phát thanh truyền hình quan hệ,"In Media & Journalism, broadcast relations plays an integral role. [Trong Truyền thông & Báo chí, phát thanh truyền hình quan hệ đóng vai trò thiết yếu.]",en,media_communication,phrase,B1
bb349e24-adca-4513-984c-5e8fe903f71f,broadcast platform,/broadcast platform/,phát thanh truyền hình nền tảng,"In Media & Journalism, broadcast platform plays an integral role. [Trong Truyền thông & Báo chí, phát thanh truyền hình nền tảng đóng vai trò thiết yếu.]",en,media_communication,phrase,B2
8d3b6699-9c30-4456-b37a-ef7cd84e9491,broadcast release,/broadcast release/,phát thanh truyền hình thông cáo,"In Media & Journalism, broadcast release plays an integral role. [Trong Truyền thông & Báo chí, phát thanh truyền hình thông cáo đóng vai trò thiết yếu.]",en,media_communication,phrase,C1
975b4b9a-7a3f-4f0d-a6dc-14ec70df3f04,broadcast communication,/broadcast communication/,phát thanh truyền hình giao tiếp,"In Media & Journalism, broadcast communication plays an integral role. [Trong Truyền thông & Báo chí, phát thanh truyền hình giao tiếp đóng vai trò thiết yếu.]",en,media_communication,phrase,B2
cc83fc5d-cddc-4540-8736-c6528d9de623,broadcast content,/broadcast content/,phát thanh truyền hình nội dung,"In Media & Journalism, broadcast content plays an integral role. [Trong Truyền thông & Báo chí, phát thanh truyền hình nội dung đóng vai trò thiết yếu.]",en,media_communication,phrase,C1
67e1a4da-fbac-4183-9f91-1bded223b533,public media,/public media/,công chúng truyền thông,"In Media & Journalism, public media plays an integral role. [Trong Truyền thông & Báo chí, công chúng truyền thông đóng vai trò thiết yếu.]",en,media_communication,phrase,B2
0d5a9a97-1755-43ba-a0ab-828d59e53500,public relations,/public relations/,công chúng quan hệ,"In Media & Journalism, public relations plays an integral role. [Trong Truyền thông & Báo chí, công chúng quan hệ đóng vai trò thiết yếu.]",en,media_communication,phrase,B2
9eaded67-472c-4c58-aee3-7c6c65d271df,public platform,/public platform/,công chúng nền tảng,"In Media & Journalism, public platform plays an integral role. [Trong Truyền thông & Báo chí, công chúng nền tảng đóng vai trò thiết yếu.]",en,media_communication,phrase,C1
50e2c31d-ae7c-49e1-b0dd-f523f20fdeb0,public release,/public release/,công chúng thông cáo,"In Media & Journalism, public release plays an integral role. [Trong Truyền thông & Báo chí, công chúng thông cáo đóng vai trò thiết yếu.]",en,media_communication,phrase,B1
e198772a-f385-47c7-a239-c82224e84bf6,public communication,/public communication/,công chúng giao tiếp,"In Media & Journalism, public communication plays an integral role. [Trong Truyền thông & Báo chí, công chúng giao tiếp đóng vai trò thiết yếu.]",en,media_communication,phrase,C1
6787f249-28e8-4c37-9776-57ce26a6970b,public content,/public content/,công chúng nội dung,"In Media & Journalism, public content plays an integral role. [Trong Truyền thông & Báo chí, công chúng nội dung đóng vai trò thiết yếu.]",en,media_communication,phrase,B1
95c12db8-5155-4b43-9416-126a7551d490,social media,/social media/,xã hội truyền thông,"In Media & Journalism, social media plays an integral role. [Trong Truyền thông & Báo chí, xã hội truyền thông đóng vai trò thiết yếu.]",en,media_communication,phrase,C1
3e120c2b-4814-4e44-b33e-d1d07912e7f2,social journalism,/social journalism/,xã hội báo chí,"In Media & Journalism, social journalism plays an integral role. [Trong Truyền thông & Báo chí, xã hội báo chí đóng vai trò thiết yếu.]",en,media_communication,phrase,B1
0aa6ee01-dfe1-4d64-9706-bdb9a5e5dc08,social reporting,/social reporting/,xã hội phóng sự,"In Media & Journalism, social reporting plays an integral role. [Trong Truyền thông & Báo chí, xã hội phóng sự đóng vai trò thiết yếu.]",en,media_communication,phrase,B2
d5055ed2-256d-4148-9c28-a7a54c40b067,social relations,/social relations/,xã hội quan hệ,"In Media & Journalism, social relations plays an integral role. [Trong Truyền thông & Báo chí, xã hội quan hệ đóng vai trò thiết yếu.]",en,media_communication,phrase,C1
accd1b51-9288-4351-ac32-2184746d39bb,social platform,/social platform/,xã hội nền tảng,"In Media & Journalism, social platform plays an integral role. [Trong Truyền thông & Báo chí, xã hội nền tảng đóng vai trò thiết yếu.]",en,media_communication,phrase,B1
55384930-c2b9-4cbd-a97a-517d4dd8217b,social release,/social release/,xã hội thông cáo,"In Media & Journalism, social release plays an integral role. [Trong Truyền thông & Báo chí, xã hội thông cáo đóng vai trò thiết yếu.]",en,media_communication,phrase,B2
5e62150d-a35e-4811-97d0-517406ed3bff,social coverage,/social coverage/,xã hội đưa tin,"In Media & Journalism, social coverage plays an integral role. [Trong Truyền thông & Báo chí, xã hội đưa tin đóng vai trò thiết yếu.]",en,media_communication,phrase,C1
0b6247ad-6eb7-422d-bd20-3c4e93531ef7,social communication,/social communication/,xã hội giao tiếp,"In Media & Journalism, social communication plays an integral role. [Trong Truyền thông & Báo chí, xã hội giao tiếp đóng vai trò thiết yếu.]",en,media_communication,phrase,B1
5a4ef889-a4b5-47d2-a453-6d88fbffcd7d,social content,/social content/,xã hội nội dung,"In Media & Journalism, social content plays an integral role. [Trong Truyền thông & Báo chí, xã hội nội dung đóng vai trò thiết yếu.]",en,media_communication,phrase,B2
2a1ea51d-cd5c-47e6-9f84-6936689d51e6,social broadcasting,/social broadcasting/,xã hội phát sóng,"In Media & Journalism, social broadcasting plays an integral role. [Trong Truyền thông & Báo chí, xã hội phát sóng đóng vai trò thiết yếu.]",en,media_communication,phrase,C1
40a5220c-34c2-4f32-a25e-6a0091c3ec78,press media,/press media/,báo chí truyền thông,"In Media & Journalism, press media plays an integral role. [Trong Truyền thông & Báo chí, báo chí truyền thông đóng vai trò thiết yếu.]",en,media_communication,phrase,B1
fa295854-899f-4f35-aa34-65c1f6b422ab,press journalism,/press journalism/,báo chí báo chí,"In Media & Journalism, press journalism plays an integral role. [Trong Truyền thông & Báo chí, báo chí báo chí đóng vai trò thiết yếu.]",en,media_communication,phrase,B2
10e3aaef-122a-4fca-8b66-564e79035423,press reporting,/press reporting/,báo chí phóng sự,"In Media & Journalism, press reporting plays an integral role. [Trong Truyền thông & Báo chí, báo chí phóng sự đóng vai trò thiết yếu.]",en,media_communication,phrase,C1
451f76d9-e9ec-4cca-b542-797f57b6b8aa,press relations,/press relations/,báo chí quan hệ,"In Media & Journalism, press relations plays an integral role. [Trong Truyền thông & Báo chí, báo chí quan hệ đóng vai trò thiết yếu.]",en,media_communication,phrase,B1
e752a500-e36c-4919-ab5d-ee65194321e9,gender,/ˈdʒendə(r)/,giống; engender,"In Society & Culture, 'gender' is an essential term. [Trong Xã hội & Bản sắc, ""gender"" là một thuật ngữ quan trọng.]",en,society_culture,single_word,B1
e90d6372-ae6d-47be-8d3d-1ffd07d21b71,indigenous,/ɪnˈdɪdʒənəs/,bản xứ,"In Society & Culture, 'indigenous' is an essential term. [Trong Xã hội & Bản sắc, ""indigenous"" là một thuật ngữ quan trọng.]",en,society_culture,single_word,B2
be676da5-3e87-4339-b5da-7f68cf36bad3,monk,/mʌŋk/,"thầy tu, thầy tăng; thượng toạ","In Society & Culture, 'monk' is an essential term. [Trong Xã hội & Bản sắc, ""monk"" là một thuật ngữ quan trọng.]",en,society_culture,single_word,C1
12dae865-8377-4196-aeb3-723480ead3dc,riot,/ˈraɪət/,"sự náo động, sự náo loạn, sự tụ tập phá rối; cuộc nổi loạn, cuộc dấy loạn","In Society & Culture, 'riot' is an essential term. [Trong Xã hội & Bản sắc, ""riot"" là một thuật ngữ quan trọng.]",en,society_culture,single_word,B1
9bcd0a45-3ae3-4a81-812d-38851f92dc02,acceptable,/əkˈseptəbl/,"nhận được, chấp nhận được, thừa nhận được","In Society & Culture, 'acceptable' is an essential term. [Trong Xã hội & Bản sắc, ""acceptable"" là một thuật ngữ quan trọng.]",en,society_culture,single_word,B2
fb739f80-7653-469e-83d3-3a4c9b354555,association,/əˌsəʊsiˈeɪʃn/,"sự liên kết, sự kết hợp","In Society & Culture, 'association' is an essential term. [Trong Xã hội & Bản sắc, ""association"" là một thuật ngữ quan trọng.]",en,society_culture,single_word,C1
b2af4ae0-b7c4-4a67-ba46-a841cd34eafa,ceremony,/ˈserəməni/,"nghi thức, nghi lễ; sự khách sáo, sự kiểu cách","In Society & Culture, 'ceremony' is an essential term. [Trong Xã hội & Bản sắc, ""ceremony"" là một thuật ngữ quan trọng.]",en,society_culture,single_word,B1
3e0e07c9-d7ca-46f2-9084-fe1b87f49433,clash,/klæʃ/,"tiếng chan chát, tiếng loảng xoảng; sự xung đột, sự va chạm, sự mâu thuẫn, sự bất đồng","In Society & Culture, 'clash' is an essential term. [Trong Xã hội & Bản sắc, ""clash"" là một thuật ngữ quan trọng.]",en,society_culture,single_word,B2
12cae820-f094-428d-bd43-4e1450c29601,commission,/kəˈmɪʃn/,tiền hoa hồng,"In Society & Culture, 'commission' is an essential term. [Trong Xã hội & Bản sắc, ""commission"" là một thuật ngữ quan trọng.]",en,society_culture,single_word,C1
a96ad1eb-4019-4e88-bdeb-25e707b0c932,commissioner,/kəˈmɪʃənə(r)/,người được uỷ quyền; uỷ viên hội đồng,"In Society & Culture, 'commissioner' is an essential term. [Trong Xã hội & Bản sắc, ""commissioner"" là một thuật ngữ quan trọng.]",en,society_culture,single_word,B1
c9ed1994-cdc5-4bf6-8602-1cd57ce2b0b0,committee,/kəˈmɪti/,uỷ ban,"In Society & Culture, 'committee' is an essential term. [Trong Xã hội & Bản sắc, ""committee"" là một thuật ngữ quan trọng.]",en,society_culture,single_word,B2
8ed22a4e-f0a5-4c53-b2c1-9f2ee9dfaa19,compromise,/ˈkɒmprəmaɪz/,dung hòa,"In Society & Culture, 'compromise' is an essential term. [Trong Xã hội & Bản sắc, ""compromise"" là một thuật ngữ quan trọng.]",en,society_culture,single_word,C1
aae1e257-b5a1-4497-b3d9-60e11967e9d5,conflict,/ˈkɒnflɪkt/,"xung đột, tranh chấp","In Society & Culture, 'conflict' is an essential term. [Trong Xã hội & Bản sắc, ""conflict"" là một thuật ngữ quan trọng.]",en,society_culture,single_word,B1
6ce71d6d-1ecd-4735-aff7-f4063cf1215d,confrontation,/ˌkɒnfrʌnˈteɪʃn/,"sự chạm trán, sự đương đầu; sự đối chất","In Society & Culture, 'confrontation' is an essential term. [Trong Xã hội & Bản sắc, ""confrontation"" là một thuật ngữ quan trọng.]",en,society_culture,single_word,B2
73723601-e12d-45f8-9be2-90dbcd528ded,congregation,/ˌkɒŋɡrɪˈɡeɪʃn/,"sự tập hợp, sự thu thập","In Society & Culture, 'congregation' is an essential term. [Trong Xã hội & Bản sắc, ""congregation"" là một thuật ngữ quan trọng.]",en,society_culture,single_word,C1
ebb8be41-2498-4801-8c12-d2b79b6fadd4,conservative,/kənˈsɜːvətɪv/,bảo toàn,"In Society & Culture, 'conservative' is an essential term. [Trong Xã hội & Bản sắc, ""conservative"" là một thuật ngữ quan trọng.]",en,society_culture,single_word,B1
6e0a397c-c250-4dba-b095-e77c9ac0f8b8,consultation,/ˌkɒnslˈteɪʃn/,"sự hỏi ý kiến; sự tra cứu, sự tham khảo","In Society & Culture, 'consultation' is an essential term. [Trong Xã hội & Bản sắc, ""consultation"" là một thuật ngữ quan trọng.]",en,society_culture,single_word,B2
34975e32-dddd-4f0d-8ceb-30bb2dfef206,controversy,/ˈkɒntrəvɜːsi/,"sự tranh luận, sự tranh cãi; cuộc tranh luận, cuộc bàn cãi, cuộc luận chiến; cuộc bút chiến","In Society & Culture, 'controversy' is an essential term. [Trong Xã hội & Bản sắc, ""controversy"" là một thuật ngữ quan trọng.]",en,society_culture,single_word,C1
9cb7b0fc-c38c-4b5d-ba68-fdef88cc5def,cult,/kʌlt/,"sự thờ cúng, sự cúng bái; sự tôn sùng, sự tôn kính, sự sùng bái; sự sính","In Society & Culture, 'cult' is an essential term. [Trong Xã hội & Bản sắc, ""cult"" là một thuật ngữ quan trọng.]",en,society_culture,single_word,B1
8a1b49ca-2e2e-40c8-b8a7-285de82e3f26,delegate,/ˈdelɪɡət/,"người đại biểu, người đại diện; người được uỷ nhiệm","In Society & Culture, 'delegate' is an essential term. [Trong Xã hội & Bản sắc, ""delegate"" là một thuật ngữ quan trọng.]",en,society_culture,single_word,B2
2a7da342-db54-4ce7-b027-8d486bef05d3,delegation,/ˌdelɪˈɡeɪʃn/,"phái đoàn, đoàn đại biểu; sự cử đại biểu","In Society & Culture, 'delegation' is an essential term. [Trong Xã hội & Bản sắc, ""delegation"" là một thuật ngữ quan trọng.]",en,society_culture,single_word,C1
515d14d7-656c-4004-b679-5cfd08210301,distinction,/dɪˈstɪŋkʃn/,sự phân biệt; đặc điểm phân biệt; sự đặc thù,"In Society & Culture, 'distinction' is an essential term. [Trong Xã hội & Bản sắc, ""distinction"" là một thuật ngữ quan trọng.]",en,society_culture,single_word,B1
1fc0865d-6320-40c0-a1eb-328db22ab2b0,divide,/dɪˈvaɪd/,"chia, phân chia","In Society & Culture, 'divide' is an essential term. [Trong Xã hội & Bản sắc, ""divide"" là một thuật ngữ quan trọng.]",en,society_culture,single_word,B2
d7b36b60-496c-497f-a8e1-337d25a332b1,every,/ˈevri/,"mỗi, mọi","In Society & Culture, 'every' is an essential term. [Trong Xã hội & Bản sắc, ""every"" là một thuật ngữ quan trọng.]",en,society_culture,single_word,C1
833c0ef3-b8e8-4c89-89bc-8eb03fce172a,extension,/ɪkˈstenʃn/,"sự mở rộng; sự kéo dài; sự giãn được, sự khuếch; e. of a field mở rộng một trường","In Society & Culture, 'extension' is an essential term. [Trong Xã hội & Bản sắc, ""extension"" là một thuật ngữ quan trọng.]",en,society_culture,single_word,B1
9c83317a-391c-4bf7-8673-34081bf0b2c1,isolate,/ˈaɪsəleɪt/,"cô lập, tách biệt, riêng biệt","In Society & Culture, 'isolate' is an essential term. [Trong Xã hội & Bản sắc, ""isolate"" là một thuật ngữ quan trọng.]",en,society_culture,single_word,B2
86a7bff9-5fe9-4e04-86e4-c058c0cbf9bd,lion,/ˈlaɪən/,con sư tử; cung Sư tử,"In Society & Culture, 'lion' is an essential term. [Trong Xã hội & Bản sắc, ""lion"" là một thuật ngữ quan trọng.]",en,society_culture,single_word,C1
1db547bd-a476-436d-81e5-6657a3f25eb8,litter,/ˈlɪtə(r)/,rác rưởi bừa bãi; ổ rơm,"In Society & Culture, 'litter' is an essential term. [Trong Xã hội & Bản sắc, ""litter"" là một thuật ngữ quan trọng.]",en,society_culture,single_word,B1
01d3dd65-4403-403a-bfe9-5b9c52f88cb2,lobby,/ˈlɒbi/,hành lang; hành lang ở nghị viện,"In Society & Culture, 'lobby' is an essential term. [Trong Xã hội & Bản sắc, ""lobby"" là một thuật ngữ quan trọng.]",en,society_culture,single_word,B2
655b213a-f551-42e0-b9a8-1915c81ff4f3,majority,/məˈdʒɒrəti/,"đại bộ phận, phần lớn","In Society & Culture, 'majority' is an essential term. [Trong Xã hội & Bản sắc, ""majority"" là một thuật ngữ quan trọng.]",en,society_culture,single_word,C1
4bddfe0a-3b64-49e5-83d0-208cc03b0c62,manner,/ˈmænə(r)/,"phương pháp, hình ảnh, tác động","In Society & Culture, 'manner' is an essential term. [Trong Xã hội & Bản sắc, ""manner"" là một thuật ngữ quan trọng.]",en,society_culture,single_word,B1
4ff1142e-2e80-4e91-acf6-3332a682d789,middle,/ˈmɪdl/,giữa // để ở giữa,"In Society & Culture, 'middle' is an essential term. [Trong Xã hội & Bản sắc, ""middle"" là một thuật ngữ quan trọng.]",en,society_culture,single_word,B2
ff28b33a-dfa5-43ec-8c3a-fb848f3bc8fe,minority,/maɪˈnɒrəti/,phần ít; thiểu số; only a minority of British households do/does not have a car,"In Society & Culture, 'minority' is an essential term. [Trong Xã hội & Bản sắc, ""minority"" là một thuật ngữ quan trọng.]",en,society_culture,single_word,C1
4e3ccd3d-3306-4d72-bd94-f971e829ed43,mix,/mɪks/,trộn,"In Society & Culture, 'mix' is an essential term. [Trong Xã hội & Bản sắc, ""mix"" là một thuật ngữ quan trọng.]",en,society_culture,single_word,B1
967edf68-fdb5-4e78-9712-47d3aac9210b,mobilize,/ˈməʊbəlaɪz/,"huy động, động viên","In Society & Culture, 'mobilize' is an essential term. [Trong Xã hội & Bản sắc, ""mobilize"" là một thuật ngữ quan trọng.]",en,society_culture,single_word,B2
4189b0a2-1b41-4977-bcc6-0f2798f7ee94,mouse,/maʊs/,mauz/; chuột,"In Society & Culture, 'mouse' is an essential term. [Trong Xã hội & Bản sắc, ""mouse"" là một thuật ngữ quan trọng.]",en,society_culture,single_word,C1
bde09546-24ca-47af-9abe-0e4d671bed47,museum,/mjuˈziːəm/,nhà bảo tàng,"In Society & Culture, 'museum' is an essential term. [Trong Xã hội & Bản sắc, ""museum"" là một thuật ngữ quan trọng.]",en,society_culture,single_word,B1
dd8c1664-5a2a-447c-ba0c-1f19d3f91074,native,/ˈneɪtɪv/,"nơi sinh; tự nhiên, bẩm sinh","In Society & Culture, 'native' is an essential term. [Trong Xã hội & Bản sắc, ""native"" là một thuật ngữ quan trọng.]",en,society_culture,single_word,B2
55828aed-fee3-42eb-b83c-d701acc394ae,none,/nʌn/,"không một, hoàn toàn không","In Society & Culture, 'none' is an essential term. [Trong Xã hội & Bản sắc, ""none"" là một thuật ngữ quan trọng.]",en,society_culture,single_word,C1
2a8f6b62-c555-442a-b794-a12c1e39301a,orchestra,/ˈɔːkɪstrə/,"ban nhạc, dàn nhạc; khoang nhạc","In Society & Culture, 'orchestra' is an essential term. [Trong Xã hội & Bản sắc, ""orchestra"" là một thuật ngữ quan trọng.]",en,society_culture,single_word,B1
65da777a-5281-45be-bf9a-3ebdfdc7fbe3,order,/ˈɔːdə(r)/,"thứ tự, trình tự; cấp; bậc;  lệnh o. by fist difference thứ tự điểm,","In Society & Culture, 'order' is an essential term. [Trong Xã hội & Bản sắc, ""order"" là một thuật ngữ quan trọng.]",en,society_culture,single_word,B2
e2fa8846-cdd4-44b0-92fb-8ae49170ddd1,organization,/ˌɔːɡənaɪˈzeɪʃn/,"sự tổ chức, sự cấu tạo; tổ chức, cơ quan","In Society & Culture, 'organization' is an essential term. [Trong Xã hội & Bản sắc, ""organization"" là một thuật ngữ quan trọng.]",en,society_culture,single_word,C1
b7963a54-4d66-4242-a709-9dd148d3bdab,outing,/ˈaʊtɪŋ/,cuộc đi chơi; cuộc đi nghỉ hè,"In Society & Culture, 'outing' is an essential term. [Trong Xã hội & Bản sắc, ""outing"" là một thuật ngữ quan trọng.]",en,society_culture,single_word,B1
535b7eea-a0f5-4703-971b-751999bf96e0,outsider,/ˌaʊtˈsaɪdə(r)/,người ngoài cuộc; người không thể cho nhập bọn; người không cùng nghề; người không chuyên môn,"In Society & Culture, 'outsider' is an essential term. [Trong Xã hội & Bản sắc, ""outsider"" là một thuật ngữ quan trọng.]",en,society_culture,single_word,B2
22cadfce-bdbc-4c67-b4eb-86470936ad28,path,/pɑːθ/,"bước, đường đi; quỹ đạo; p. of continuous group quỹ đạo trong một nhóm liên tục","In Society & Culture, 'path' is an essential term. [Trong Xã hội & Bản sắc, ""path"" là một thuật ngữ quan trọng.]",en,society_culture,single_word,C1
fbdb8f2e-1cb6-4898-bab2-452fdad5334d,poll,/pəʊl/,"sự bầu cử; nơi bầu cử; số phiếu bầu, số người bỏ phiếu","In Society & Culture, 'poll' is an essential term. [Trong Xã hội & Bản sắc, ""poll"" là một thuật ngữ quan trọng.]",en,society_culture,single_word,B1
8501bdc8-0a03-48f6-9ffa-17f029c06b4d,prejudice,/ˈpredʒədɪs/,"định kiến, thành kiến, thiên kiến; mối hại, mối tổn hại, mối thiệt hại","In Society & Culture, 'prejudice' is an essential term. [Trong Xã hội & Bản sắc, ""prejudice"" là một thuật ngữ quan trọng.]",en,society_culture,single_word,B2
d80eb482-4f87-4d5d-bc01-d42bbcde2a1c,private,/ˈpraɪvət/,"riêng, tư, cá nhân; riêng, mật, kín","In Society & Culture, 'private' is an essential term. [Trong Xã hội & Bản sắc, ""private"" là một thuật ngữ quan trọng.]",en,society_culture,single_word,C1
0698d3bb-a5b3-4024-8c8f-ec847cfe2999,privilege,/ˈprɪvəlɪdʒ/,"đặc quyền, đặc ân; cho đặc quyền; ban đặc ân","In Society & Culture, 'privilege' is an essential term. [Trong Xã hội & Bản sắc, ""privilege"" là một thuật ngữ quan trọng.]",en,society_culture,single_word,B1
1ccf2b76-f055-4fec-a78f-8f5d9178909e,proclaim,/prəˈkleɪm/,"công bố, tuyên bố; để lộ ra, chỉ ra","In Society & Culture, 'proclaim' is an essential term. [Trong Xã hội & Bản sắc, ""proclaim"" là một thuật ngữ quan trọng.]",en,society_culture,single_word,B2
e48494bb-e8eb-455d-a222-029ec643bb69,cultural cohesion,/cultural cohesion/,văn hóa gắn kết,"In Society & Culture, cultural cohesion plays an integral role. [Trong Xã hội & Bản sắc, văn hóa gắn kết đóng vai trò thiết yếu.]",en,society_culture,phrase,B2
ab08c158-d52c-40ef-a110-eb5204b3c3f2,cultural society,/cultural society/,văn hóa xã hội,"In Society & Culture, cultural society plays an integral role. [Trong Xã hội & Bản sắc, văn hóa xã hội đóng vai trò thiết yếu.]",en,society_culture,phrase,C1
8ddceb56-78ec-408f-a98e-c71d5479aa6f,cultural shift,/cultural shift/,văn hóa chuyển dịch,"In Society & Culture, cultural shift plays an integral role. [Trong Xã hội & Bản sắc, văn hóa chuyển dịch đóng vai trò thiết yếu.]",en,society_culture,phrase,B1
f09ad237-06d2-4c11-b8cc-b7b2513bac4a,cultural engagement,/cultural engagement/,văn hóa gắn bó,"In Society & Culture, cultural engagement plays an integral role. [Trong Xã hội & Bản sắc, văn hóa gắn bó đóng vai trò thiết yếu.]",en,society_culture,phrase,B2
3a345483-60a1-47d5-a7ef-529499ddfe18,cultural movement,/cultural movement/,văn hóa phong trào,"In Society & Culture, cultural movement plays an integral role. [Trong Xã hội & Bản sắc, văn hóa phong trào đóng vai trò thiết yếu.]",en,society_culture,phrase,B2
0c87c3ec-5433-4715-a2ae-3da833040d7b,cultural dialogue,/cultural dialogue/,văn hóa đối thoại,"In Society & Culture, cultural dialogue plays an integral role. [Trong Xã hội & Bản sắc, văn hóa đối thoại đóng vai trò thiết yếu.]",en,society_culture,phrase,B1
3ebdda34-2f9b-486f-bfea-4150e4b4c15f,social heritage,/social heritage/,xã hội di sản,"In Society & Culture, social heritage plays an integral role. [Trong Xã hội & Bản sắc, xã hội di sản đóng vai trò thiết yếu.]",en,society_culture,phrase,B2
0c63f98b-6be7-4594-b0df-cddd3490fa75,social cohesion,/social cohesion/,xã hội gắn kết,"In Society & Culture, social cohesion plays an integral role. [Trong Xã hội & Bản sắc, xã hội gắn kết đóng vai trò thiết yếu.]",en,society_culture,phrase,C1
4cad2884-df48-4cbe-8f90-bbf94ddcec10,social society,/social society/,xã hội xã hội,"In Society & Culture, social society plays an integral role. [Trong Xã hội & Bản sắc, xã hội xã hội đóng vai trò thiết yếu.]",en,society_culture,phrase,B1
20144d53-4650-423c-b168-81c9c5f46c04,social shift,/social shift/,xã hội chuyển dịch,"In Society & Culture, social shift plays an integral role. [Trong Xã hội & Bản sắc, xã hội chuyển dịch đóng vai trò thiết yếu.]",en,society_culture,phrase,B2
e14f9185-9f08-4931-b414-0f19e2211fe6,social engagement,/social engagement/,xã hội gắn bó,"In Society & Culture, social engagement plays an integral role. [Trong Xã hội & Bản sắc, xã hội gắn bó đóng vai trò thiết yếu.]",en,society_culture,phrase,C1
13e54b37-b976-49df-8422-2b645a366f4a,social custom,/social custom/,xã hội phong tục,"In Society & Culture, social custom plays an integral role. [Trong Xã hội & Bản sắc, xã hội phong tục đóng vai trò thiết yếu.]",en,society_culture,phrase,B1
0ffe3bbe-b3f7-44af-a159-e15fa9352e57,social identity,/social identity/,xã hội bản sắc,"In Society & Culture, social identity plays an integral role. [Trong Xã hội & Bản sắc, xã hội bản sắc đóng vai trò thiết yếu.]",en,society_culture,phrase,B2
84fe829a-7a8e-4fa8-ad49-58ce309b567f,social movement,/social movement/,xã hội phong trào,"In Society & Culture, social movement plays an integral role. [Trong Xã hội & Bản sắc, xã hội phong trào đóng vai trò thiết yếu.]",en,society_culture,phrase,C1
c34c2205-2744-47c7-b7c8-a3efccbac7ea,social integration,/social integration/,xã hội hội nhập,"In Society & Culture, social integration plays an integral role. [Trong Xã hội & Bản sắc, xã hội hội nhập đóng vai trò thiết yếu.]",en,society_culture,phrase,B1
ddb44b1e-2a71-494f-b41f-778651f21215,social dialogue,/social dialogue/,xã hội đối thoại,"In Society & Culture, social dialogue plays an integral role. [Trong Xã hội & Bản sắc, xã hội đối thoại đóng vai trò thiết yếu.]",en,society_culture,phrase,B2
659c3220-5bdd-438e-bb80-8a89978ed495,multicultural cohesion,/multicultural cohesion/,đa văn hóa gắn kết,"In Society & Culture, multicultural cohesion plays an integral role. [Trong Xã hội & Bản sắc, đa văn hóa gắn kết đóng vai trò thiết yếu.]",en,society_culture,phrase,B1
79a795bf-dfb0-4d82-bece-bda84856d42d,multicultural society,/multicultural society/,đa văn hóa xã hội,"In Society & Culture, multicultural society plays an integral role. [Trong Xã hội & Bản sắc, đa văn hóa xã hội đóng vai trò thiết yếu.]",en,society_culture,phrase,B2
f4405fe0-0566-46be-95c8-46a5431e4cd1,multicultural shift,/multicultural shift/,đa văn hóa chuyển dịch,"In Society & Culture, multicultural shift plays an integral role. [Trong Xã hội & Bản sắc, đa văn hóa chuyển dịch đóng vai trò thiết yếu.]",en,society_culture,phrase,C1
1bcd3aef-4953-484d-8b12-2cb3b324fed7,multicultural engagement,/multicultural engagement/,đa văn hóa gắn bó,"In Society & Culture, multicultural engagement plays an integral role. [Trong Xã hội & Bản sắc, đa văn hóa gắn bó đóng vai trò thiết yếu.]",en,society_culture,phrase,B1
eca15083-a40a-4c0c-b028-e467b603ecad,multicultural custom,/multicultural custom/,đa văn hóa phong tục,"In Society & Culture, multicultural custom plays an integral role. [Trong Xã hội & Bản sắc, đa văn hóa phong tục đóng vai trò thiết yếu.]",en,society_culture,phrase,B2
5a2fb23d-caed-49ce-9a26-dfda83a0f2b9,multicultural movement,/multicultural movement/,đa văn hóa phong trào,"In Society & Culture, multicultural movement plays an integral role. [Trong Xã hội & Bản sắc, đa văn hóa phong trào đóng vai trò thiết yếu.]",en,society_culture,phrase,B1
d098d11d-b62d-48aa-8f9d-e5218284a925,multicultural integration,/multicultural integration/,đa văn hóa hội nhập,"In Society & Culture, multicultural integration plays an integral role. [Trong Xã hội & Bản sắc, đa văn hóa hội nhập đóng vai trò thiết yếu.]",en,society_culture,phrase,B2
0de43b07-e991-4d50-acad-9dfbfae21c6e,multicultural dialogue,/multicultural dialogue/,đa văn hóa đối thoại,"In Society & Culture, multicultural dialogue plays an integral role. [Trong Xã hội & Bản sắc, đa văn hóa đối thoại đóng vai trò thiết yếu.]",en,society_culture,phrase,C1
82d94dd4-24eb-4a39-a072-e18032a6079c,demographic heritage,/demographic heritage/,nhân khẩu di sản,"In Society & Culture, demographic heritage plays an integral role. [Trong Xã hội & Bản sắc, nhân khẩu di sản đóng vai trò thiết yếu.]",en,society_culture,phrase,B1
dd80a326-75b0-4fb6-864c-df8b72d80194,demographic cohesion,/demographic cohesion/,nhân khẩu gắn kết,"In Society & Culture, demographic cohesion plays an integral role. [Trong Xã hội & Bản sắc, nhân khẩu gắn kết đóng vai trò thiết yếu.]",en,society_culture,phrase,B2
6487109a-2764-4ca6-8874-e8dbcaa850bb,demographic society,/demographic society/,nhân khẩu xã hội,"In Society & Culture, demographic society plays an integral role. [Trong Xã hội & Bản sắc, nhân khẩu xã hội đóng vai trò thiết yếu.]",en,society_culture,phrase,C1
c10cce53-6f2f-4d9a-8496-60477f764c6a,demographic shift,/demographic shift/,nhân khẩu chuyển dịch,"In Society & Culture, demographic shift plays an integral role. [Trong Xã hội & Bản sắc, nhân khẩu chuyển dịch đóng vai trò thiết yếu.]",en,society_culture,phrase,B1
965fc4a7-657b-40a9-b7f3-d8495349cae6,demographic engagement,/demographic engagement/,nhân khẩu gắn bó,"In Society & Culture, demographic engagement plays an integral role. [Trong Xã hội & Bản sắc, nhân khẩu gắn bó đóng vai trò thiết yếu.]",en,society_culture,phrase,B2
23e85d54-a7a9-4d0f-8bea-d0ef1b3cd920,demographic custom,/demographic custom/,nhân khẩu phong tục,"In Society & Culture, demographic custom plays an integral role. [Trong Xã hội & Bản sắc, nhân khẩu phong tục đóng vai trò thiết yếu.]",en,society_culture,phrase,C1
22f25364-4abd-4cff-bda9-5c0dd38784f9,demographic identity,/demographic identity/,nhân khẩu bản sắc,"In Society & Culture, demographic identity plays an integral role. [Trong Xã hội & Bản sắc, nhân khẩu bản sắc đóng vai trò thiết yếu.]",en,society_culture,phrase,B1
b75117ea-95bc-459d-89b4-bff71e3817cd,demographic movement,/demographic movement/,nhân khẩu phong trào,"In Society & Culture, demographic movement plays an integral role. [Trong Xã hội & Bản sắc, nhân khẩu phong trào đóng vai trò thiết yếu.]",en,society_culture,phrase,B2
58c9439d-6069-4d0d-8c59-a2d8c7d57396,demographic integration,/demographic integration/,nhân khẩu hội nhập,"In Society & Culture, demographic integration plays an integral role. [Trong Xã hội & Bản sắc, nhân khẩu hội nhập đóng vai trò thiết yếu.]",en,society_culture,phrase,C1
79e469b6-af6b-4ec2-abd0-bad67633a998,demographic dialogue,/demographic dialogue/,nhân khẩu đối thoại,"In Society & Culture, demographic dialogue plays an integral role. [Trong Xã hội & Bản sắc, nhân khẩu đối thoại đóng vai trò thiết yếu.]",en,society_culture,phrase,B1
2de008e2-d2c3-408d-b03d-b05e0084c94a,community heritage,/community heritage/,cộng đồng di sản,"In Society & Culture, community heritage plays an integral role. [Trong Xã hội & Bản sắc, cộng đồng di sản đóng vai trò thiết yếu.]",en,society_culture,phrase,B2
e2c60c95-4d5f-4f58-91b9-2fc9dc1eb37d,community cohesion,/community cohesion/,cộng đồng gắn kết,"In Society & Culture, community cohesion plays an integral role. [Trong Xã hội & Bản sắc, cộng đồng gắn kết đóng vai trò thiết yếu.]",en,society_culture,phrase,C1
d629ecff-eece-4726-b6f9-4d5505965c39,community society,/community society/,cộng đồng xã hội,"In Society & Culture, community society plays an integral role. [Trong Xã hội & Bản sắc, cộng đồng xã hội đóng vai trò thiết yếu.]",en,society_culture,phrase,B1
5325ef3a-8a57-433c-a516-41eb817c3b23,community shift,/community shift/,cộng đồng chuyển dịch,"In Society & Culture, community shift plays an integral role. [Trong Xã hội & Bản sắc, cộng đồng chuyển dịch đóng vai trò thiết yếu.]",en,society_culture,phrase,B2
265db5c0-8187-427f-ae13-c11cc6314c20,community engagement,/community engagement/,cộng đồng gắn bó,"In Society & Culture, community engagement plays an integral role. [Trong Xã hội & Bản sắc, cộng đồng gắn bó đóng vai trò thiết yếu.]",en,society_culture,phrase,C1
d568d438-3d03-4969-9628-fdae995d7b4f,community custom,/community custom/,cộng đồng phong tục,"In Society & Culture, community custom plays an integral role. [Trong Xã hội & Bản sắc, cộng đồng phong tục đóng vai trò thiết yếu.]",en,society_culture,phrase,B1
6956b228-6c13-4687-abe6-1d1995ad4b07,community identity,/community identity/,cộng đồng bản sắc,"In Society & Culture, community identity plays an integral role. [Trong Xã hội & Bản sắc, cộng đồng bản sắc đóng vai trò thiết yếu.]",en,society_culture,phrase,B2
cb266fe4-7c4a-484f-bc8b-b26d3c950755,community movement,/community movement/,cộng đồng phong trào,"In Society & Culture, community movement plays an integral role. [Trong Xã hội & Bản sắc, cộng đồng phong trào đóng vai trò thiết yếu.]",en,society_culture,phrase,C1
1c7c1322-c840-4a8b-90df-16f66425c85d,community integration,/community integration/,cộng đồng hội nhập,"In Society & Culture, community integration plays an integral role. [Trong Xã hội & Bản sắc, cộng đồng hội nhập đóng vai trò thiết yếu.]",en,society_culture,phrase,B1
d0ed7618-6074-4bcb-a562-2d1093268810,community dialogue,/community dialogue/,cộng đồng đối thoại,"In Society & Culture, community dialogue plays an integral role. [Trong Xã hội & Bản sắc, cộng đồng đối thoại đóng vai trò thiết yếu.]",en,society_culture,phrase,B2
ab4c2a9f-ea8b-491c-896a-8172247771d3,traditional cohesion,/traditional cohesion/,truyền thống gắn kết,"In Society & Culture, traditional cohesion plays an integral role. [Trong Xã hội & Bản sắc, truyền thống gắn kết đóng vai trò thiết yếu.]",en,society_culture,phrase,B1
a1315a9f-5fd1-4e0c-9ba8-899aaa84c091,traditional society,/traditional society/,truyền thống xã hội,"In Society & Culture, traditional society plays an integral role. [Trong Xã hội & Bản sắc, truyền thống xã hội đóng vai trò thiết yếu.]",en,society_culture,phrase,B2
b62e2dec-4a94-49e5-9166-394b9fd42902,traditional shift,/traditional shift/,truyền thống chuyển dịch,"In Society & Culture, traditional shift plays an integral role. [Trong Xã hội & Bản sắc, truyền thống chuyển dịch đóng vai trò thiết yếu.]",en,society_culture,phrase,C1
25b02d2f-bc87-4e29-92f5-0d15c212138a,traditional engagement,/traditional engagement/,truyền thống gắn bó,"In Society & Culture, traditional engagement plays an integral role. [Trong Xã hội & Bản sắc, truyền thống gắn bó đóng vai trò thiết yếu.]",en,society_culture,phrase,B1
e800d1f0-5837-4c41-b49c-ad579ce1fde8,traditional movement,/traditional movement/,truyền thống phong trào,"In Society & Culture, traditional movement plays an integral role. [Trong Xã hội & Bản sắc, truyền thống phong trào đóng vai trò thiết yếu.]",en,society_culture,phrase,B1
b45e653d-48ac-4cb2-a1b0-042daa850619,traditional dialogue,/traditional dialogue/,truyền thống đối thoại,"In Society & Culture, traditional dialogue plays an integral role. [Trong Xã hội & Bản sắc, truyền thống đối thoại đóng vai trò thiết yếu.]",en,society_culture,phrase,C1
77afb4fe-4daa-4b17-91ce-db934c5eef0b,piano,/piˈænəʊ/,pianô; nhẹ,"In Arts & Literature, 'piano' is an essential term. [Trong Nghệ thuật & Văn học, ""piano"" là một thuật ngữ quan trọng.]",en,arts_literature,single_word,B1
ebaae20a-c4b0-4d84-83e6-9de2847cc92a,sing,/sɪŋ/,"hát, ca hát; ca ngợi","In Arts & Literature, 'sing' is an essential term. [Trong Nghệ thuật & Văn học, ""sing"" là một thuật ngữ quan trọng.]",en,arts_literature,single_word,B2
46989122-5c0e-41b3-aff5-3e48db3f462c,tune,/tjuːn/,"điệu , giai điệu; sự đúng điệu; sự hoà âm","In Arts & Literature, 'tune' is an essential term. [Trong Nghệ thuật & Văn học, ""tune"" là một thuật ngữ quan trọng.]",en,arts_literature,single_word,C1
c141dc1f-66b5-4f8c-ab99-b9fab6ff6cb1,band,/bænd/,dải băng bó; b. of semigroup bó nửa nhóm,"In Arts & Literature, 'band' is an essential term. [Trong Nghệ thuật & Văn học, ""band"" là một thuật ngữ quan trọng.]",en,arts_literature,single_word,B1
6d4491ac-c572-45c7-bde0-86c7f90b6431,bass,/beɪs/,âm thanh trầm,"In Arts & Literature, 'bass' is an essential term. [Trong Nghệ thuật & Văn học, ""bass"" là một thuật ngữ quan trọng.]",en,arts_literature,single_word,B2
03e2cfb8-3486-45a6-a5a3-fd5bcd4cc080,cast,/kɑːst/,"ném, quăng","In Arts & Literature, 'cast' is an essential term. [Trong Nghệ thuật & Văn học, ""cast"" là một thuật ngữ quan trọng.]",en,arts_literature,single_word,C1
3547dee5-9053-4613-b6af-98ce8aac3a9f,chest,/tʃest/,"rương, hòm, tủ, két; tủ com mốt  chest of drawers)","In Arts & Literature, 'chest' is an essential term. [Trong Nghệ thuật & Văn học, ""chest"" là một thuật ngữ quan trọng.]",en,arts_literature,single_word,B1
ca47b9ab-d903-4014-9d5d-4d941ea302f7,compose,/kəmˈpəʊz/,soạn; sáng tác; hình thành; tạo thành ; sắp chữ,"In Arts & Literature, 'compose' is an essential term. [Trong Nghệ thuật & Văn học, ""compose"" là một thuật ngữ quan trọng.]",en,arts_literature,single_word,B2
212ecbcd-4bdb-4cd9-9094-aa25425eff96,dancing,/ˈdɑːnsɪŋ/,"sự nhảy múa, sự khiêu vũ; đang nhảy múa, rung rinh, bập bềnh","In Arts & Literature, 'dancing' is an essential term. [Trong Nghệ thuật & Văn học, ""dancing"" là một thuật ngữ quan trọng.]",en,arts_literature,single_word,C1
ccfe86a6-17d8-4505-a348-64db4c404427,draw,/drɔː/,"kéo, rút ; vẽ; d. a line vẽ đường thẳng","In Arts & Literature, 'draw' is an essential term. [Trong Nghệ thuật & Văn học, ""draw"" là một thuật ngữ quan trọng.]",en,arts_literature,single_word,B1
c3c59fb4-4371-4b64-bcce-d7f6b1df1b92,drum,/drʌm/,"cái trống, hình trụ, màng tròn; magnetic d. trống từ","In Arts & Literature, 'drum' is an essential term. [Trong Nghệ thuật & Văn học, ""drum"" là một thuật ngữ quan trọng.]",en,arts_literature,single_word,B2
38a4cfca-ca96-4ff0-ac55-69f4b7b4ce9d,echo,/ˈekəʊ/,tiếng vang; flutter e. tiếng vang phách,"In Arts & Literature, 'echo' is an essential term. [Trong Nghệ thuật & Văn học, ""echo"" là một thuật ngữ quan trọng.]",en,arts_literature,single_word,C1
bc55bffa-e996-4a38-bf8c-dfd1a13abaf7,ending,/ˈendɪŋ/,"sự kết thúc, sự chấm dứt; sự kết liễu, sự diệt","In Arts & Literature, 'ending' is an essential term. [Trong Nghệ thuật & Văn học, ""ending"" là một thuật ngữ quan trọng.]",en,arts_literature,single_word,B1
4e161fa0-28a0-4373-84c4-f4a531065cbc,guitar,/ɡɪˈtɑː(r)/,<nhạc> đàn ghita; chơi đàn ghita,"In Arts & Literature, 'guitar' is an essential term. [Trong Nghệ thuật & Văn học, ""guitar"" là một thuật ngữ quan trọng.]",en,arts_literature,single_word,B2
19fd0207-ee2f-4941-b13a-ed0ef4fd60eb,instrument,/ˈɪnstrəmənt/,"dụng cụ; dial i. dụng cụ có mặt số, đồng hồ đo","In Arts & Literature, 'instrument' is an essential term. [Trong Nghệ thuật & Văn học, ""instrument"" là một thuật ngữ quan trọng.]",en,arts_literature,single_word,C1
478d4527-9591-4f42-8a5b-d28f52451c8c,opera,/ˈɒprə/,Opêra; the opera) nghệ thuật opêra,"In Arts & Literature, 'opera' is an essential term. [Trong Nghệ thuật & Văn học, ""opera"" là một thuật ngữ quan trọng.]",en,arts_literature,single_word,B1
3060ecf4-9ec7-4fc6-81e5-9c53a810930b,paper,/ˈpeɪpə(r)/,giấy; bài; coordinate p. giấy toạ độ,"In Arts & Literature, 'paper' is an essential term. [Trong Nghệ thuật & Văn học, ""paper"" là một thuật ngữ quan trọng.]",en,arts_literature,single_word,B2
a0e421ec-32f6-4df7-9cbe-8411150e723e,parallel,/ˈpærəlel/,song song // đường song song; sự so sánh; vĩ tuyến; p. of Clifford đường song song Clifơt,"In Arts & Literature, 'parallel' is an essential term. [Trong Nghệ thuật & Văn học, ""parallel"" là một thuật ngữ quan trọng.]",en,arts_literature,single_word,C1
5a20c921-045a-4d6e-8c44-f57db8f3d95e,patron,/ˈpeɪtrən/,"người bảo trợ, người đỡ đầu; ông chủ, ông bầu; khách hàng quen","In Arts & Literature, 'patron' is an essential term. [Trong Nghệ thuật & Văn học, ""patron"" là một thuật ngữ quan trọng.]",en,arts_literature,single_word,B1
72e0f25c-4de2-4590-a64f-3bb22119b87b,perform,/pəˈfɔːm/,thực hiện p. a multiplication thực hiện phép nhân,"In Arts & Literature, 'perform' is an essential term. [Trong Nghệ thuật & Văn học, ""perform"" là một thuật ngữ quan trọng.]",en,arts_literature,single_word,B2
ec6ffefe-d974-4aa3-8cf6-d215bec9fbcf,photography,/fəˈtɒɡrəfi/,"thuật nhiếp ảnh, thuật chụp ảnh; sự chụp ảnh","In Arts & Literature, 'photography' is an essential term. [Trong Nghệ thuật & Văn học, ""photography"" là một thuật ngữ quan trọng.]",en,arts_literature,single_word,C1
9dd24b8d-a06c-4c99-b8fd-a8fdb5062e2a,plot,/plɒt/,"biểu đồ, đồ thị;  kế hoạch chơi","In Arts & Literature, 'plot' is an essential term. [Trong Nghệ thuật & Văn học, ""plot"" là một thuật ngữ quan trọng.]",en,arts_literature,single_word,B1
ba89d018-9b18-4ec6-88d7-f9794da0dc96,poem,/ˈpəʊɪm/,"bài thơ; vật đẹp như bài thơ, cái nên thơ","In Arts & Literature, 'poem' is an essential term. [Trong Nghệ thuật & Văn học, ""poem"" là một thuật ngữ quan trọng.]",en,arts_literature,single_word,B2
06526f81-74d7-499a-8ed2-f234be6c05bb,poet,/ˈpəʊɪt/,"nhà thơ, thi sĩ","In Arts & Literature, 'poet' is an essential term. [Trong Nghệ thuật & Văn học, ""poet"" là một thuật ngữ quan trọng.]",en,arts_literature,single_word,C1
a285f7f3-44d6-4751-84d3-424a66855b26,portrait,/ˈpɔːtreɪt/,"chân dung, ảnh; hình tượng, điển hình","In Arts & Literature, 'portrait' is an essential term. [Trong Nghệ thuật & Văn học, ""portrait"" là một thuật ngữ quan trọng.]",en,arts_literature,single_word,B1
61cdfcda-f149-41f3-a5e1-5c2c64411e3d,pronounce,/prəˈnaʊns/,"tuyên bố; phát âm, đọc","In Arts & Literature, 'pronounce' is an essential term. [Trong Nghệ thuật & Văn học, ""pronounce"" là một thuật ngữ quan trọng.]",en,arts_literature,single_word,B2
5b71930c-620a-4f2e-8623-2edefdba0170,singing,/ˈsɪŋɪŋ/,"nghệ thuật của ca sự; sự hát, hành động hát; tiếng hát","In Arts & Literature, 'singing' is an essential term. [Trong Nghệ thuật & Văn học, ""singing"" là một thuật ngữ quan trọng.]",en,arts_literature,single_word,C1
4ce92d0b-57b1-497f-90a5-cd585d4f2af1,toy,/tɔɪ/,"đồ chơi; đồ chơi, đồ vô giá trị; trò chơi, trò đùa","In Arts & Literature, 'toy' is an essential term. [Trong Nghệ thuật & Văn học, ""toy"" là một thuật ngữ quan trọng.]",en,arts_literature,single_word,B1
3c82f5d2-21a0-45c2-abc5-d7b80266d40e,tribunal,/traɪˈbjuːnl/,toà án; rent tribunal,"In Arts & Literature, 'tribunal' is an essential term. [Trong Nghệ thuật & Văn học, ""tribunal"" là một thuật ngữ quan trọng.]",en,arts_literature,single_word,B2
2d6d6ac7-8a6d-49b3-9a58-674e3878e4ae,writer,/ˈraɪtə(r)/,"nhà văn; tác giả; người viết, người thảo","In Arts & Literature, 'writer' is an essential term. [Trong Nghệ thuật & Văn học, ""writer"" là một thuật ngữ quan trọng.]",en,arts_literature,single_word,C1
1b9216a4-55fd-4744-983b-edd6183c2300,accordingly,/əˈkɔːdɪŋli/,"do đó, vì vậy, cho nên; cho phù hợp","In Arts & Literature, 'accordingly' is an essential term. [Trong Nghệ thuật & Văn học, ""accordingly"" là một thuật ngữ quan trọng.]",en,arts_literature,single_word,B1
41bbbb75-af11-435f-b510-341de4764dca,achieve,/əˈtʃiːv/,"đạt được, giành được; hoàn thành, thực hiện","In Arts & Literature, 'achieve' is an essential term. [Trong Nghệ thuật & Văn học, ""achieve"" là một thuật ngữ quan trọng.]",en,arts_literature,single_word,B2
847595f1-d640-463c-a2cd-42189921c48b,act,/ækt/,tác động,"In Arts & Literature, 'act' is an essential term. [Trong Nghệ thuật & Văn học, ""act"" là một thuật ngữ quan trọng.]",en,arts_literature,single_word,C1
700b7167-8208-442c-bd76-dfc04102c0ea,adequate,/ˈædɪkwət/,"phù hợp, thích hợp","In Arts & Literature, 'adequate' is an essential term. [Trong Nghệ thuật & Văn học, ""adequate"" là một thuật ngữ quan trọng.]",en,arts_literature,single_word,B1
2cca943b-f107-43d1-bef8-ba016d51fc68,adequately,/ˈædɪkwətli/,"tương xứng, thích đáng, thoả đáng","In Arts & Literature, 'adequately' is an essential term. [Trong Nghệ thuật & Văn học, ""adequately"" là một thuật ngữ quan trọng.]",en,arts_literature,single_word,B2
fd72fd60-b540-4a6b-9a2d-bf8d7e07d67b,advice,/ədˈvaɪs/,"lời khuyên, lời chỉ bảo; số nhiều) tin tức","In Arts & Literature, 'advice' is an essential term. [Trong Nghệ thuật & Văn học, ""advice"" là một thuật ngữ quan trọng.]",en,arts_literature,single_word,C1
a16bca74-5c54-463f-90cd-cdce4c6c5fbf,advise,/ədˈvaɪz/,"khuyên, khuyên bảo, răn bảo; báo cho biết","In Arts & Literature, 'advise' is an essential term. [Trong Nghệ thuật & Văn học, ""advise"" là một thuật ngữ quan trọng.]",en,arts_literature,single_word,B1
513a93f6-128d-4d3e-896c-c1743de84025,allocate,/ˈæləkeɪt/,"sắp xếp, phân bố","In Arts & Literature, 'allocate' is an essential term. [Trong Nghệ thuật & Văn học, ""allocate"" là một thuật ngữ quan trọng.]",en,arts_literature,single_word,B2
35d4256e-bd04-4f3a-8ff2-993d5dae80bd,answer,/ˈɑːnsə(r)/,"trả lời, đáp; nhận","In Arts & Literature, 'answer' is an essential term. [Trong Nghệ thuật & Văn học, ""answer"" là một thuật ngữ quan trọng.]",en,arts_literature,single_word,C1
68a2a87e-c238-4d4a-ad92-e96cc9ef6833,arise,/əˈraɪz/,"xuất hiện, nảy sinh ra, xảy ra; phát sinh do; do bởi","In Arts & Literature, 'arise' is an essential term. [Trong Nghệ thuật & Văn học, ""arise"" là một thuật ngữ quan trọng.]",en,arts_literature,single_word,B1
66d6aeba-7b99-44df-9ae1-e6dd316f291d,aspect,/ˈæspekt/,dạng; phía; khía cạnh,"In Arts & Literature, 'aspect' is an essential term. [Trong Nghệ thuật & Văn học, ""aspect"" là một thuật ngữ quan trọng.]",en,arts_literature,single_word,B2
5525a446-6201-40e4-83ba-5ed96ba41dd2,balanced,/ˈbælənst/,được cân bằng,"In Arts & Literature, 'balanced' is an essential term. [Trong Nghệ thuật & Văn học, ""balanced"" là một thuật ngữ quan trọng.]",en,arts_literature,single_word,C1
95d511f2-fed5-4d28-b9fd-8b20832042bc,basement,/ˈbeɪsmənt/,"nền móng, móng; tầng hầm","In Arts & Literature, 'basement' is an essential term. [Trong Nghệ thuật & Văn học, ""basement"" là một thuật ngữ quan trọng.]",en,arts_literature,single_word,B1
cb27a8e7-0604-4c74-85a2-d1d6a54b0bd3,basic,/ˈbeɪsɪk/,"cơ sở, cốt yếu","In Arts & Literature, 'basic' is an essential term. [Trong Nghệ thuật & Văn học, ""basic"" là một thuật ngữ quan trọng.]",en,arts_literature,single_word,B2
b916cc1e-353e-4733-bfc5-a1389ca17a3a,beam,/biːm/,dầm; tia  chùm; b. on elastic foundation dần trên nền đàn hồi,"In Arts & Literature, 'beam' is an essential term. [Trong Nghệ thuật & Văn học, ""beam"" là một thuật ngữ quan trọng.]",en,arts_literature,single_word,C1
68cbab3c-b862-422b-b1ce-33c6a80772d8,begin,/bɪˈɡɪn/,"bắt đầu, mở đầu, khởi đầu; bắt đầu nói","In Arts & Literature, 'begin' is an essential term. [Trong Nghệ thuật & Văn học, ""begin"" là một thuật ngữ quan trọng.]",en,arts_literature,single_word,B1
8e08a821-6da3-43ec-8e32-057d0a49e559,beginning,/bɪˈɡɪnɪŋ/,"phần đầu; lúc bắt đầu, lúc khởi đầu; căn nguyên, nguyên do","In Arts & Literature, 'beginning' is an essential term. [Trong Nghệ thuật & Văn học, ""beginning"" là một thuật ngữ quan trọng.]",en,arts_literature,single_word,B2
c9d39e8a-076b-4a44-bad7-b81aa23c5587,behave,/bɪˈheɪv/,"chạy, vận hành  = run","In Arts & Literature, 'behave' is an essential term. [Trong Nghệ thuật & Văn học, ""behave"" là một thuật ngữ quan trọng.]",en,arts_literature,single_word,C1
3ab5ce7c-fbba-46f5-b994-eb41766044af,bell,/bel/,chuông,"In Arts & Literature, 'bell' is an essential term. [Trong Nghệ thuật & Văn học, ""bell"" là một thuật ngữ quan trọng.]",en,arts_literature,single_word,B1
0650392b-c0d1-4cf1-9b45-313c6e7cab67,blade,/bleɪd/,lưỡi; lá,"In Arts & Literature, 'blade' is an essential term. [Trong Nghệ thuật & Văn học, ""blade"" là một thuật ngữ quan trọng.]",en,arts_literature,single_word,B2
6592ecd6-587d-47f9-897c-1a3a96cbeb92,visual art,/visual art/,thị giác nghệ thuật,"In Arts & Literature, visual art plays an integral role. [Trong Nghệ thuật & Văn học, thị giác nghệ thuật đóng vai trò thiết yếu.]",en,arts_literature,phrase,B1
617576be-24b3-4cd0-842e-b8bebd679811,visual writing,/visual writing/,thị giác văn chương,"In Arts & Literature, visual writing plays an integral role. [Trong Nghệ thuật & Văn học, thị giác văn chương đóng vai trò thiết yếu.]",en,arts_literature,phrase,B2
5c75cf4b-d77d-4865-92b9-c1a2a896eaf1,visual expression,/visual expression/,thị giác biểu đạt,"In Arts & Literature, visual expression plays an integral role. [Trong Nghệ thuật & Văn học, thị giác biểu đạt đóng vai trò thiết yếu.]",en,arts_literature,phrase,C1
03028ca7-f624-48c8-a391-54a65c5f8bd9,visual work,/visual work/,thị giác tác phẩm,"In Arts & Literature, visual work plays an integral role. [Trong Nghệ thuật & Văn học, thị giác tác phẩm đóng vai trò thiết yếu.]",en,arts_literature,phrase,B1
0f291d92-8da8-4c45-862a-9b933d1bbf51,visual music,/visual music/,thị giác âm nhạc,"In Arts & Literature, visual music plays an integral role. [Trong Nghệ thuật & Văn học, thị giác âm nhạc đóng vai trò thiết yếu.]",en,arts_literature,phrase,B2
f6eafa2f-c83f-41a8-8fdb-f7f9e20235db,visual performance,/visual performance/,thị giác buổi diễn,"In Arts & Literature, visual performance plays an integral role. [Trong Nghệ thuật & Văn học, thị giác buổi diễn đóng vai trò thiết yếu.]",en,arts_literature,phrase,C1
d6a240dc-f6fe-491c-83dc-37b8a78ef795,visual exhibition,/visual exhibition/,thị giác triển lãm,"In Arts & Literature, visual exhibition plays an integral role. [Trong Nghệ thuật & Văn học, thị giác triển lãm đóng vai trò thiết yếu.]",en,arts_literature,phrase,B1
2d32cf89-84aa-4dfa-88b1-dbc8cf4aa6ce,visual device,/visual device/,thị giác thủ pháp,"In Arts & Literature, visual device plays an integral role. [Trong Nghệ thuật & Văn học, thị giác thủ pháp đóng vai trò thiết yếu.]",en,arts_literature,phrase,B2
35e7b5cc-ceda-4683-bb8d-56a54ec1da8b,visual sculpture,/visual sculpture/,thị giác điêu khắc,"In Arts & Literature, visual sculpture plays an integral role. [Trong Nghệ thuật & Văn học, thị giác điêu khắc đóng vai trò thiết yếu.]",en,arts_literature,phrase,C1
b4096169-cb45-40a3-bc3c-069ac9cbd637,visual value,/visual value/,thị giác giá trị,"In Arts & Literature, visual value plays an integral role. [Trong Nghệ thuật & Văn học, thị giác giá trị đóng vai trò thiết yếu.]",en,arts_literature,phrase,B1
2b4241bd-6e04-4f9d-a089-d5abe8e69921,performing art,/performing art/,biểu diễn nghệ thuật,"In Arts & Literature, performing art plays an integral role. [Trong Nghệ thuật & Văn học, biểu diễn nghệ thuật đóng vai trò thiết yếu.]",en,arts_literature,phrase,B2
5a7acb51-18f3-4924-a655-e74e2eead779,performing writing,/performing writing/,biểu diễn văn chương,"In Arts & Literature, performing writing plays an integral role. [Trong Nghệ thuật & Văn học, biểu diễn văn chương đóng vai trò thiết yếu.]",en,arts_literature,phrase,C1
e5caf41f-06ec-482a-9711-f703f83dac51,performing expression,/performing expression/,biểu diễn biểu đạt,"In Arts & Literature, performing expression plays an integral role. [Trong Nghệ thuật & Văn học, biểu diễn biểu đạt đóng vai trò thiết yếu.]",en,arts_literature,phrase,B1
340e64f2-01a1-4e90-8b74-4750a9d8d74e,performing work,/performing work/,biểu diễn tác phẩm,"In Arts & Literature, performing work plays an integral role. [Trong Nghệ thuật & Văn học, biểu diễn tác phẩm đóng vai trò thiết yếu.]",en,arts_literature,phrase,B2
7dcebf5a-954e-4e77-9672-7e0b7c408a56,performing music,/performing music/,biểu diễn âm nhạc,"In Arts & Literature, performing music plays an integral role. [Trong Nghệ thuật & Văn học, biểu diễn âm nhạc đóng vai trò thiết yếu.]",en,arts_literature,phrase,C1
2c22908a-8c85-42d4-9820-e46273105fe0,performing performance,/performing performance/,biểu diễn buổi diễn,"In Arts & Literature, performing performance plays an integral role. [Trong Nghệ thuật & Văn học, biểu diễn buổi diễn đóng vai trò thiết yếu.]",en,arts_literature,phrase,B1
1410f8f8-672d-47d6-96ae-f353edf66876,performing exhibition,/performing exhibition/,biểu diễn triển lãm,"In Arts & Literature, performing exhibition plays an integral role. [Trong Nghệ thuật & Văn học, biểu diễn triển lãm đóng vai trò thiết yếu.]",en,arts_literature,phrase,B2
15ab3bd7-1590-40e4-a24f-69191bd9a2e9,performing device,/performing device/,biểu diễn thủ pháp,"In Arts & Literature, performing device plays an integral role. [Trong Nghệ thuật & Văn học, biểu diễn thủ pháp đóng vai trò thiết yếu.]",en,arts_literature,phrase,C1
c332121c-d99a-4fb0-b9ca-c2b9601d7652,performing sculpture,/performing sculpture/,biểu diễn điêu khắc,"In Arts & Literature, performing sculpture plays an integral role. [Trong Nghệ thuật & Văn học, biểu diễn điêu khắc đóng vai trò thiết yếu.]",en,arts_literature,phrase,B1
c3da0a54-8753-4219-8880-4f8ed2ef3380,performing value,/performing value/,biểu diễn giá trị,"In Arts & Literature, performing value plays an integral role. [Trong Nghệ thuật & Văn học, biểu diễn giá trị đóng vai trò thiết yếu.]",en,arts_literature,phrase,B2
966aa92c-3fe5-4f1d-87fc-314842c07215,literary art,/literary art/,văn học nghệ thuật,"In Arts & Literature, literary art plays an integral role. [Trong Nghệ thuật & Văn học, văn học nghệ thuật đóng vai trò thiết yếu.]",en,arts_literature,phrase,C1
049250f1-cea4-46a0-be82-8bfd089dae88,literary writing,/literary writing/,văn học văn chương,"In Arts & Literature, literary writing plays an integral role. [Trong Nghệ thuật & Văn học, văn học văn chương đóng vai trò thiết yếu.]",en,arts_literature,phrase,B1
d141e6d9-74e2-4a04-9882-0c5dae38b94d,literary work,/literary work/,văn học tác phẩm,"In Arts & Literature, literary work plays an integral role. [Trong Nghệ thuật & Văn học, văn học tác phẩm đóng vai trò thiết yếu.]",en,arts_literature,phrase,C1
002a50e9-a29e-4e46-97c2-b0dfe1d10201,literary music,/literary music/,văn học âm nhạc,"In Arts & Literature, literary music plays an integral role. [Trong Nghệ thuật & Văn học, văn học âm nhạc đóng vai trò thiết yếu.]",en,arts_literature,phrase,B1
e58e8352-858d-47e6-84ad-675c8e6da04c,literary performance,/literary performance/,văn học buổi diễn,"In Arts & Literature, literary performance plays an integral role. [Trong Nghệ thuật & Văn học, văn học buổi diễn đóng vai trò thiết yếu.]",en,arts_literature,phrase,B2
bd518e61-add6-45e5-81d4-4af57300d8c1,literary device,/literary device/,văn học thủ pháp,"In Arts & Literature, literary device plays an integral role. [Trong Nghệ thuật & Văn học, văn học thủ pháp đóng vai trò thiết yếu.]",en,arts_literature,phrase,B1
1ead0df4-1b91-4a0c-9c48-f39843396926,literary value,/literary value/,văn học giá trị,"In Arts & Literature, literary value plays an integral role. [Trong Nghệ thuật & Văn học, văn học giá trị đóng vai trò thiết yếu.]",en,arts_literature,phrase,C1
f0d6d63b-0c60-4869-a134-e7f70d31dc95,creative art,/creative art/,sáng tạo nghệ thuật,"In Arts & Literature, creative art plays an integral role. [Trong Nghệ thuật & Văn học, sáng tạo nghệ thuật đóng vai trò thiết yếu.]",en,arts_literature,phrase,B1
09028775-2106-4093-97f4-a93e839eacc0,creative writing,/creative writing/,sáng tạo văn chương,"In Arts & Literature, creative writing plays an integral role. [Trong Nghệ thuật & Văn học, sáng tạo văn chương đóng vai trò thiết yếu.]",en,arts_literature,phrase,B2
95b41369-8bf0-46ea-9218-f8b32ffe8eab,creative expression,/creative expression/,sáng tạo biểu đạt,"In Arts & Literature, creative expression plays an integral role. [Trong Nghệ thuật & Văn học, sáng tạo biểu đạt đóng vai trò thiết yếu.]",en,arts_literature,phrase,C1
c542700b-e993-4967-afd2-ccb19ffe85c3,creative work,/creative work/,sáng tạo tác phẩm,"In Arts & Literature, creative work plays an integral role. [Trong Nghệ thuật & Văn học, sáng tạo tác phẩm đóng vai trò thiết yếu.]",en,arts_literature,phrase,B1
e9c62512-2edc-48b8-80d0-6e56d7c7cbe9,creative music,/creative music/,sáng tạo âm nhạc,"In Arts & Literature, creative music plays an integral role. [Trong Nghệ thuật & Văn học, sáng tạo âm nhạc đóng vai trò thiết yếu.]",en,arts_literature,phrase,B2
52826d86-fe55-47a4-8ad3-d9edb890312f,creative performance,/creative performance/,sáng tạo buổi diễn,"In Arts & Literature, creative performance plays an integral role. [Trong Nghệ thuật & Văn học, sáng tạo buổi diễn đóng vai trò thiết yếu.]",en,arts_literature,phrase,C1
38811653-59d9-4778-ad30-1f8b707dbceb,creative exhibition,/creative exhibition/,sáng tạo triển lãm,"In Arts & Literature, creative exhibition plays an integral role. [Trong Nghệ thuật & Văn học, sáng tạo triển lãm đóng vai trò thiết yếu.]",en,arts_literature,phrase,B1
0c1f4ebd-015e-4467-ac6f-94bc8ddfd9cb,creative device,/creative device/,sáng tạo thủ pháp,"In Arts & Literature, creative device plays an integral role. [Trong Nghệ thuật & Văn học, sáng tạo thủ pháp đóng vai trò thiết yếu.]",en,arts_literature,phrase,B2
d98a0d7e-e121-45e7-996a-970be736821d,creative sculpture,/creative sculpture/,sáng tạo điêu khắc,"In Arts & Literature, creative sculpture plays an integral role. [Trong Nghệ thuật & Văn học, sáng tạo điêu khắc đóng vai trò thiết yếu.]",en,arts_literature,phrase,C1
4cd6dfe3-2e64-4742-aaec-098a3cf4902f,creative value,/creative value/,sáng tạo giá trị,"In Arts & Literature, creative value plays an integral role. [Trong Nghệ thuật & Văn học, sáng tạo giá trị đóng vai trò thiết yếu.]",en,arts_literature,phrase,B1
08d915eb-bb46-43a4-82a0-c2b58179b467,artistic art,/artistic art/,nghệ thuật nghệ thuật,"In Arts & Literature, artistic art plays an integral role. [Trong Nghệ thuật & Văn học, nghệ thuật nghệ thuật đóng vai trò thiết yếu.]",en,arts_literature,phrase,B2
0b33b5c1-22b3-4a29-941f-241844226d09,artistic writing,/artistic writing/,nghệ thuật văn chương,"In Arts & Literature, artistic writing plays an integral role. [Trong Nghệ thuật & Văn học, nghệ thuật văn chương đóng vai trò thiết yếu.]",en,arts_literature,phrase,C1
1b2139fb-dced-4eac-bfb5-98f4e16f3a57,artistic work,/artistic work/,nghệ thuật tác phẩm,"In Arts & Literature, artistic work plays an integral role. [Trong Nghệ thuật & Văn học, nghệ thuật tác phẩm đóng vai trò thiết yếu.]",en,arts_literature,phrase,B2
03b2524c-521f-4dba-b935-fcbb440c517c,artistic music,/artistic music/,nghệ thuật âm nhạc,"In Arts & Literature, artistic music plays an integral role. [Trong Nghệ thuật & Văn học, nghệ thuật âm nhạc đóng vai trò thiết yếu.]",en,arts_literature,phrase,C1
65fc2289-4da1-4be5-a346-c9de467e82ae,artistic performance,/artistic performance/,nghệ thuật buổi diễn,"In Arts & Literature, artistic performance plays an integral role. [Trong Nghệ thuật & Văn học, nghệ thuật buổi diễn đóng vai trò thiết yếu.]",en,arts_literature,phrase,B1
02fc357b-64dc-4150-bc12-20dd884a4188,artistic device,/artistic device/,nghệ thuật thủ pháp,"In Arts & Literature, artistic device plays an integral role. [Trong Nghệ thuật & Văn học, nghệ thuật thủ pháp đóng vai trò thiết yếu.]",en,arts_literature,phrase,C1
0ef80730-865b-49ad-89f7-52dc75dcff83,artistic value,/artistic value/,nghệ thuật giá trị,"In Arts & Literature, artistic value plays an integral role. [Trong Nghệ thuật & Văn học, nghệ thuật giá trị đóng vai trò thiết yếu.]",en,arts_literature,phrase,B2
30ec3bc5-9a39-4963-8678-a832534db093,classical art,/classical art/,cổ điển nghệ thuật,"In Arts & Literature, classical art plays an integral role. [Trong Nghệ thuật & Văn học, cổ điển nghệ thuật đóng vai trò thiết yếu.]",en,arts_literature,phrase,C1
6f4d7e73-9fd7-4aee-bcf1-82c3e2531303,classical writing,/classical writing/,cổ điển văn chương,"In Arts & Literature, classical writing plays an integral role. [Trong Nghệ thuật & Văn học, cổ điển văn chương đóng vai trò thiết yếu.]",en,arts_literature,phrase,B1
3891f357-5656-485a-8260-92442ebd3bae,classical expression,/classical expression/,cổ điển biểu đạt,"In Arts & Literature, classical expression plays an integral role. [Trong Nghệ thuật & Văn học, cổ điển biểu đạt đóng vai trò thiết yếu.]",en,arts_literature,phrase,B2
ca75ef48-feb9-46cb-97dd-4a418c17653c,classical work,/classical work/,cổ điển tác phẩm,"In Arts & Literature, classical work plays an integral role. [Trong Nghệ thuật & Văn học, cổ điển tác phẩm đóng vai trò thiết yếu.]",en,arts_literature,phrase,C1
0b770ce3-78e2-4187-8209-a08a9b004872,classical music,/classical music/,cổ điển âm nhạc,"In Arts & Literature, classical music plays an integral role. [Trong Nghệ thuật & Văn học, cổ điển âm nhạc đóng vai trò thiết yếu.]",en,arts_literature,phrase,B1
efb8345a-b8fd-4730-b157-212940a5455e,classical performance,/classical performance/,cổ điển buổi diễn,"In Arts & Literature, classical performance plays an integral role. [Trong Nghệ thuật & Văn học, cổ điển buổi diễn đóng vai trò thiết yếu.]",en,arts_literature,phrase,B2
6e0c5d7a-8870-40c0-a38a-7fd7d77c10b2,entrance,/ˈentrəns/,lối vào // sự ra nhập,"In Travel & Tourism, 'entrance' is an essential term. [Trong Du lịch & Khám phá, ""entrance"" là một thuật ngữ quan trọng.]",en,travel_tourism,single_word,B1
60fe49c2-a8b3-4a65-bc2e-ca3fe3e6a9e7,exploration,/ˌekspləˈreɪʃn/,"sự thám hiểm, sự nghiên cứu","In Travel & Tourism, 'exploration' is an essential term. [Trong Du lịch & Khám phá, ""exploration"" là một thuật ngữ quan trọng.]",en,travel_tourism,single_word,B2
14a7543e-9129-40d4-adb0-98efbee3847b,passage,/ˈpæsɪdʒ/,"sự đi qua, sự trôi qua; lối đi","In Travel & Tourism, 'passage' is an essential term. [Trong Du lịch & Khám phá, ""passage"" là một thuật ngữ quan trọng.]",en,travel_tourism,single_word,C1
865ecb96-8c8e-455a-a144-438ac0815b45,resort,/rɪˈzɔːt/,"cái dùng đến, phương kế, phương sách; nơi có đông người lui tới","In Travel & Tourism, 'resort' is an essential term. [Trong Du lịch & Khám phá, ""resort"" là một thuật ngữ quan trọng.]",en,travel_tourism,single_word,B1
8115b604-cc07-4ea0-91ee-6ef5e01c1983,stop,/stɒp/,"dừng lại // sự ngăn lại; dấu chấm câu, sự dừng; full s. dấu chấm","In Travel & Tourism, 'stop' is an essential term. [Trong Du lịch & Khám phá, ""stop"" là một thuật ngữ quan trọng.]",en,travel_tourism,single_word,B2
d061db4b-58ad-42c2-989e-c71ad4a59322,transmission,/trænzˈmɪʃn/,sự truyền; t. of pressure sự truyền áp lực,"In Travel & Tourism, 'transmission' is an essential term. [Trong Du lịch & Khám phá, ""transmission"" là một thuật ngữ quan trọng.]",en,travel_tourism,single_word,C1
f61f55b1-5a9e-496c-9613-564d171713d5,above,/əˈbʌv/,"ở trên, cao hơn","In Travel & Tourism, 'above' is an essential term. [Trong Du lịch & Khám phá, ""above"" là một thuật ngữ quan trọng.]",en,travel_tourism,single_word,B1
e71e9df1-65b1-4631-aa8d-e627f1acd641,absence,/ˈæbsəns/,"sự vắng mặt, sự nghỉ , sự đi vắng; thời gian vắng mặt, lúc đi vắng; sự thiếu, sự không có","In Travel & Tourism, 'absence' is an essential term. [Trong Du lịch & Khám phá, ""absence"" là một thuật ngữ quan trọng.]",en,travel_tourism,single_word,B2
e82676f2-9ef8-462d-b8bc-dfcb42aae54b,accommodate,/əˈkɒmədeɪt/,"thu nhận, chứa","In Travel & Tourism, 'accommodate' is an essential term. [Trong Du lịch & Khám phá, ""accommodate"" là một thuật ngữ quan trọng.]",en,travel_tourism,single_word,C1
210ca358-1e4a-4da5-aa39-8ba213e90cd7,arrival,/əˈraɪvl/,"sự đến, sự tới nơi; người mới đến; vật mới đến","In Travel & Tourism, 'arrival' is an essential term. [Trong Du lịch & Khám phá, ""arrival"" là một thuật ngữ quan trọng.]",en,travel_tourism,single_word,B1
bd9ed17f-b6d5-4039-8529-fa60b4ad0c45,bar,/bɑː(r)/,"thanh, băng dải; dấu; barơ","In Travel & Tourism, 'bar' is an essential term. [Trong Du lịch & Khám phá, ""bar"" là một thuật ngữ quan trọng.]",en,travel_tourism,single_word,B2
8ed252ca-4bf2-41e5-962b-3c05bd8a1564,barrier,/ˈbæriə(r)/,"lớp chắn, hàng rào, chướng ngại","In Travel & Tourism, 'barrier' is an essential term. [Trong Du lịch & Khám phá, ""barrier"" là một thuật ngữ quan trọng.]",en,travel_tourism,single_word,C1
8cf837b1-6a28-40bc-b8f9-ee2a3eb38c56,below,/bɪˈləʊ/,dưới,"In Travel & Tourism, 'below' is an essential term. [Trong Du lịch & Khám phá, ""below"" là một thuật ngữ quan trọng.]",en,travel_tourism,single_word,B1
024c2c51-cf24-489b-a6e9-84055d1440c1,bottom,/ˈbɒtəm/,"đáy, phần dưới; làm đáy","In Travel & Tourism, 'bottom' is an essential term. [Trong Du lịch & Khám phá, ""bottom"" là một thuật ngữ quan trọng.]",en,travel_tourism,single_word,B2
2ebb37f5-6573-47df-add4-7267cb59c304,bury,/ˈberi/,"chôn, chôn cất; mai táng; chôn vùi, che đi, phủ đi, giấu đi","In Travel & Tourism, 'bury' is an essential term. [Trong Du lịch & Khám phá, ""bury"" là một thuật ngữ quan trọng.]",en,travel_tourism,single_word,C1
aa9addb3-6f97-496e-8158-43fb910f2efa,cafe,/ˈkæfeɪ/,tiệm cà phê; quán ăn,"In Travel & Tourism, 'cafe' is an essential term. [Trong Du lịch & Khám phá, ""cafe"" là một thuật ngữ quan trọng.]",en,travel_tourism,single_word,B1
1bdff05d-2d45-4931-a916-c7b3f034455a,characterize,/ˈkærəktəraɪz/,"biểu thị đặc điểm, mô tả đặc điểm; định rõ đặc điểm","In Travel & Tourism, 'characterize' is an essential term. [Trong Du lịch & Khám phá, ""characterize"" là một thuật ngữ quan trọng.]",en,travel_tourism,single_word,B2
b2c30b34-3f53-4788-a0d8-619970f00302,coincide,/ˌkəʊɪnˈsaɪd/,trùng nhau,"In Travel & Tourism, 'coincide' is an essential term. [Trong Du lịch & Khám phá, ""coincide"" là một thuật ngữ quan trọng.]",en,travel_tourism,single_word,C1
5ba5e697-880c-4659-98e9-f63601c87d9a,collect,/kəˈlekt/,"thu thập, cóp nhặt","In Travel & Tourism, 'collect' is an essential term. [Trong Du lịch & Khám phá, ""collect"" là một thuật ngữ quan trọng.]",en,travel_tourism,single_word,B1
eb7977f7-d6be-4245-a24c-964c879ac32d,common,/ˈkɒmən/,"chung, thường","In Travel & Tourism, 'common' is an essential term. [Trong Du lịch & Khám phá, ""common"" là một thuật ngữ quan trọng.]",en,travel_tourism,single_word,B2
5dd23058-0449-424c-832b-60726225556d,conduct,/ˈkɒndʌkt/,"dẫn, mang, dùng làm vật dẫn; điều khiển, chỉ đạo","In Travel & Tourism, 'conduct' is an essential term. [Trong Du lịch & Khám phá, ""conduct"" là một thuật ngữ quan trọng.]",en,travel_tourism,single_word,C1
305041f8-199e-4bb8-b0ac-d70cd84bd57e,corridor,/ˈkɒrɪdɔː(r)/,hành lang; đường hành lang,"In Travel & Tourism, 'corridor' is an essential term. [Trong Du lịch & Khám phá, ""corridor"" là một thuật ngữ quan trọng.]",en,travel_tourism,single_word,B1
8710dc98-6c32-4ac1-895e-1b4da4296e08,dig,/dɪɡ/,"sự đào, sự bới, sự xới, sự cuốc; sự thúc; cú thúc","In Travel & Tourism, 'dig' is an essential term. [Trong Du lịch & Khám phá, ""dig"" là một thuật ngữ quan trọng.]",en,travel_tourism,single_word,B2
349cfbc8-0eff-4f63-bc69-8bbae92290c1,displace,/dɪsˈpleɪs/,dời chỗ; thế,"In Travel & Tourism, 'displace' is an essential term. [Trong Du lịch & Khám phá, ""displace"" là một thuật ngữ quan trọng.]",en,travel_tourism,single_word,C1
2e9feb92-d325-4839-956e-118f3ed29dc7,distance,/ˈdɪstəns/,"khoảng cách; d. of between lines  khoảng cách giữa hai đường thẳng,","In Travel & Tourism, 'distance' is an essential term. [Trong Du lịch & Khám phá, ""distance"" là một thuật ngữ quan trọng.]",en,travel_tourism,single_word,B1
85bd4164-1c5e-4b94-9006-d43bacd0c300,down,/daʊn/,"xuống; xuống, bỏ xuống, lặn xuống, ngã xuống, nằm xuống; ở dưới","In Travel & Tourism, 'down' is an essential term. [Trong Du lịch & Khám phá, ""down"" là một thuật ngữ quan trọng.]",en,travel_tourism,single_word,B2
0321f15e-171e-4c2d-8ae9-77a5e155db0e,dump,/dʌmp/,"vật ngắn bè bè, người lùn bè bè; thẻ chì","In Travel & Tourism, 'dump' is an essential term. [Trong Du lịch & Khám phá, ""dump"" là một thuật ngữ quan trọng.]",en,travel_tourism,single_word,C1
bdf62181-defa-49f6-825e-f234b0adf7db,elsewhere,/ˌelsˈweə(r)/,ở một nơi nào khác,"In Travel & Tourism, 'elsewhere' is an essential term. [Trong Du lịch & Khám phá, ""elsewhere"" là một thuật ngữ quan trọng.]",en,travel_tourism,single_word,B1
c4c46c09-f870-4b26-8c0e-2b065f532a67,encompass,/ɪnˈkʌmpəs/,"vây quanh, bao quanh; bao gồm chứa đựng","In Travel & Tourism, 'encompass' is an essential term. [Trong Du lịch & Khám phá, ""encompass"" là một thuật ngữ quan trọng.]",en,travel_tourism,single_word,B2
cba92772-5963-4046-afa3-966e4b675317,establishment,/ɪˈstæblɪʃmənt/,"sự thành lập, sự thiết lập, sự kiến lập; sự đặt","In Travel & Tourism, 'establishment' is an essential term. [Trong Du lịch & Khám phá, ""establishment"" là một thuật ngữ quan trọng.]",en,travel_tourism,single_word,C1
95cc74cc-9d0b-4509-b585-5c256071e3e0,everywhere,/ˈevriweə(r)/,khắp nơi; almost e. hầu khắp nơi,"In Travel & Tourism, 'everywhere' is an essential term. [Trong Du lịch & Khám phá, ""everywhere"" là một thuật ngữ quan trọng.]",en,travel_tourism,single_word,B1
cdfd5b58-d0df-4688-b247-b6215d6ee449,exclusion,/ɪkˈskluːʒn/,sự đi lệch  dịch,"In Travel & Tourism, 'exclusion' is an essential term. [Trong Du lịch & Khám phá, ""exclusion"" là một thuật ngữ quan trọng.]",en,travel_tourism,single_word,B2
5db23039-63ea-4e4f-a9ec-6b004c54eb1b,expedition,/ˌekspəˈdɪʃn/,cuộc viễn chinh; đội viễn chinh; cuộc thám hiểm; đoàn thám hiểm,"In Travel & Tourism, 'expedition' is an essential term. [Trong Du lịch & Khám phá, ""expedition"" là một thuật ngữ quan trọng.]",en,travel_tourism,single_word,C1
b6d94b08-dfae-4218-85d0-434722c88ee0,fixture,/ˈfɪkstʃə(r)/,"vật cố định, đồ đạc đặt ở chỗ cố định; đồ đạc cố định","In Travel & Tourism, 'fixture' is an essential term. [Trong Du lịch & Khám phá, ""fixture"" là một thuật ngữ quan trọng.]",en,travel_tourism,single_word,B1
c499e904-36f2-4347-a988-bb26b6ca064b,flee,/fliː/,"chạy trốn, bỏ chạy; lẩn trốn; biến mất; qua đi, trôi qua","In Travel & Tourism, 'flee' is an essential term. [Trong Du lịch & Khám phá, ""flee"" là một thuật ngữ quan trọng.]",en,travel_tourism,single_word,B2
7fbb8858-0daf-4342-bd18-d77689778fde,forth,/fɔːθ/,về phía trước; từ nay về sau; and so f.vân vân,"In Travel & Tourism, 'forth' is an essential term. [Trong Du lịch & Khám phá, ""forth"" là một thuật ngữ quan trọng.]",en,travel_tourism,single_word,C1
5d457cc1-8aee-4dc1-8d0a-f7eee31773d6,gene,/dʒiːn/,Gen,"In Travel & Tourism, 'gene' is an essential term. [Trong Du lịch & Khám phá, ""gene"" là một thuật ngữ quan trọng.]",en,travel_tourism,single_word,B1
2fa41444-4d67-4def-b18e-45495206efad,general,/ˈdʒenrəl/,"chung, tổng quát, đầy đủ; tổng hợp in g. nói chung","In Travel & Tourism, 'general' is an essential term. [Trong Du lịch & Khám phá, ""general"" là một thuật ngữ quan trọng.]",en,travel_tourism,single_word,B2
a59bfc85-febf-468f-8365-8be10f391445,glimpse,/ɡlɪmps/,"cái nhìn lướt qua, cái nhìn thoáng qua; sự thoáng hiện","In Travel & Tourism, 'glimpse' is an essential term. [Trong Du lịch & Khám phá, ""glimpse"" là một thuật ngữ quan trọng.]",en,travel_tourism,single_word,C1
e1634462-4ab5-4eb6-80fc-251542169db2,gut,/ɡʌt/,"ruột; ruột, lòng","In Travel & Tourism, 'gut' is an essential term. [Trong Du lịch & Khám phá, ""gut"" là một thuật ngữ quan trọng.]",en,travel_tourism,single_word,B1
a08ac6a6-c3b5-43af-b84b-e8ee590fb853,hall,/hɔːl/,"phòng lớn, đại sảnh; lâu đài","In Travel & Tourism, 'hall' is an essential term. [Trong Du lịch & Khám phá, ""hall"" là một thuật ngữ quan trọng.]",en,travel_tourism,single_word,B2
a5a589d7-3867-47ac-b420-ae5caf0d35c0,happen,/ˈhæpən/,xảy ra,"In Travel & Tourism, 'happen' is an essential term. [Trong Du lịch & Khám phá, ""happen"" là một thuật ngữ quan trọng.]",en,travel_tourism,single_word,C1
80ed7be6-4058-4bdb-acb8-6afa176c864c,haunt,/hɔːnt/,"nơi thường lui tới, nơi hay lai vãng; nơi thú thường đến kiếm mồi","In Travel & Tourism, 'haunt' is an essential term. [Trong Du lịch & Khám phá, ""haunt"" là một thuật ngữ quan trọng.]",en,travel_tourism,single_word,B1
97aea877-2257-4650-8157-230ee833469b,heaven,/ˈhevn/,bầu trời thiên đàng,"In Travel & Tourism, 'heaven' is an essential term. [Trong Du lịch & Khám phá, ""heaven"" là một thuật ngữ quan trọng.]",en,travel_tourism,single_word,B2
f56245d5-1883-4f21-b712-16981cbbf67d,hell,/hel/,"địa ngục, âm ti; nơi tối tăm khổ cực; chỗ giam những người bị bắt","In Travel & Tourism, 'hell' is an essential term. [Trong Du lịch & Khám phá, ""hell"" là một thuật ngữ quan trọng.]",en,travel_tourism,single_word,C1
a3c49bef-8b6a-492d-8d43-a8e84ff37baa,here,/hɪə(r)/,"đây, ở đây, ở chỗ này; đây cái anh đang cần đây; đây đúng là điều anh muốn biết đây","In Travel & Tourism, 'here' is an essential term. [Trong Du lịch & Khám phá, ""here"" là một thuật ngữ quan trọng.]",en,travel_tourism,single_word,B1
f7a1ad9e-148b-4186-a34b-1d1e889f7e52,hidden,/ˈhɪdn/,ẩn,"In Travel & Tourism, 'hidden' is an essential term. [Trong Du lịch & Khám phá, ""hidden"" là một thuật ngữ quan trọng.]",en,travel_tourism,single_word,B2
537d96c9-4a71-4d3a-86c0-6a5041191262,hide,/haɪd/,"trốn, dấu","In Travel & Tourism, 'hide' is an essential term. [Trong Du lịch & Khám phá, ""hide"" là một thuật ngữ quan trọng.]",en,travel_tourism,single_word,C1
99c60334-7393-44cb-b8d2-9f0da7738172,inner,/ˈɪnə(r)/,"ở trong, bên trong","In Travel & Tourism, 'inner' is an essential term. [Trong Du lịch & Khám phá, ""inner"" là một thuật ngữ quan trọng.]",en,travel_tourism,single_word,B1
039337eb-a32c-43ef-ab98-9d5217c59ee1,instead,/ɪnˈsted/,"thay cho, thay thế; i. of this thay cho điều này","In Travel & Tourism, 'instead' is an essential term. [Trong Du lịch & Khám phá, ""instead"" là một thuật ngữ quan trọng.]",en,travel_tourism,single_word,B2
41aee82a-34a2-477b-a56d-5ca0f60f8194,tourist attraction,/tourist attraction/,du khách điểm thu hút,"In Travel & Tourism, tourist attraction plays an integral role. [Trong Du lịch & Khám phá, du khách điểm thu hút đóng vai trò thiết yếu.]",en,travel_tourism,phrase,B1
46f2e216-6925-414f-82b5-3f69a751f6cf,tourist tourism,/tourist tourism/,du khách du lịch,"In Travel & Tourism, tourist tourism plays an integral role. [Trong Du lịch & Khám phá, du khách du lịch đóng vai trò thiết yếu.]",en,travel_tourism,phrase,B2
86d92551-810e-41be-9548-66d57bb4a46f,tourist tour,/tourist tour/,du khách chuyến đi,"In Travel & Tourism, tourist tour plays an integral role. [Trong Du lịch & Khám phá, du khách chuyến đi đóng vai trò thiết yếu.]",en,travel_tourism,phrase,C1
bb638a99-7338-48bb-8e4a-4b420790c90b,tourist flight,/tourist flight/,du khách chuyến bay,"In Travel & Tourism, tourist flight plays an integral role. [Trong Du lịch & Khám phá, du khách chuyến bay đóng vai trò thiết yếu.]",en,travel_tourism,phrase,B1
3496eb99-58e2-4b30-8f92-024c3962332b,tourist accommodation,/tourist accommodation/,du khách chỗ ở,"In Travel & Tourism, tourist accommodation plays an integral role. [Trong Du lịch & Khám phá, du khách chỗ ở đóng vai trò thiết yếu.]",en,travel_tourism,phrase,B2
869e8d1b-8a63-46f6-9ea8-b8a754cd6855,tourist cruise,/tourist cruise/,du khách du thuyền,"In Travel & Tourism, tourist cruise plays an integral role. [Trong Du lịch & Khám phá, du khách du thuyền đóng vai trò thiết yếu.]",en,travel_tourism,phrase,C1
3ce64bb9-b917-4ac5-8006-113a7270793b,tourist landmark,/tourist landmark/,du khách danh lam thắng cảnh,"In Travel & Tourism, tourist landmark plays an integral role. [Trong Du lịch & Khám phá, du khách danh lam thắng cảnh đóng vai trò thiết yếu.]",en,travel_tourism,phrase,B1
7e8d39a6-2f8a-4e39-9153-2382f008f1d1,tourist route,/tourist route/,du khách tuyến đường,"In Travel & Tourism, tourist route plays an integral role. [Trong Du lịch & Khám phá, du khách tuyến đường đóng vai trò thiết yếu.]",en,travel_tourism,phrase,B2
3fb21adc-8420-439b-a0e3-00a3c9769e33,tourist itinerary,/tourist itinerary/,du khách lịch trình,"In Travel & Tourism, tourist itinerary plays an integral role. [Trong Du lịch & Khám phá, du khách lịch trình đóng vai trò thiết yếu.]",en,travel_tourism,phrase,C1
448da45c-59da-42c1-bb81-ddfe16888c69,tourist insurance,/tourist insurance/,du khách bảo hiểm,"In Travel & Tourism, tourist insurance plays an integral role. [Trong Du lịch & Khám phá, du khách bảo hiểm đóng vai trò thiết yếu.]",en,travel_tourism,phrase,B1
21b32f26-259b-48e0-a8fe-9c73b005b1a3,cultural attraction,/cultural attraction/,văn hóa điểm thu hút,"In Travel & Tourism, cultural attraction plays an integral role. [Trong Du lịch & Khám phá, văn hóa điểm thu hút đóng vai trò thiết yếu.]",en,travel_tourism,phrase,B2
59119271-e357-4108-ba7a-56a07022f83f,cultural tourism,/cultural tourism/,văn hóa du lịch,"In Travel & Tourism, cultural tourism plays an integral role. [Trong Du lịch & Khám phá, văn hóa du lịch đóng vai trò thiết yếu.]",en,travel_tourism,phrase,C1
f2d8a224-7f5a-432e-b088-3d50c850af01,cultural tour,/cultural tour/,văn hóa chuyến đi,"In Travel & Tourism, cultural tour plays an integral role. [Trong Du lịch & Khám phá, văn hóa chuyến đi đóng vai trò thiết yếu.]",en,travel_tourism,phrase,B1
4d8d94a0-ee56-4f49-bd66-e9cb9f2d2e67,cultural flight,/cultural flight/,văn hóa chuyến bay,"In Travel & Tourism, cultural flight plays an integral role. [Trong Du lịch & Khám phá, văn hóa chuyến bay đóng vai trò thiết yếu.]",en,travel_tourism,phrase,B2
dfd76a38-4b25-4ff8-8135-70ef72ee8f7b,cultural accommodation,/cultural accommodation/,văn hóa chỗ ở,"In Travel & Tourism, cultural accommodation plays an integral role. [Trong Du lịch & Khám phá, văn hóa chỗ ở đóng vai trò thiết yếu.]",en,travel_tourism,phrase,C1
e279f1f6-ebca-4777-b148-a5208b61be00,cultural cruise,/cultural cruise/,văn hóa du thuyền,"In Travel & Tourism, cultural cruise plays an integral role. [Trong Du lịch & Khám phá, văn hóa du thuyền đóng vai trò thiết yếu.]",en,travel_tourism,phrase,B1
407e257a-46c8-4f84-a186-d425630c6348,cultural landmark,/cultural landmark/,văn hóa danh lam thắng cảnh,"In Travel & Tourism, cultural landmark plays an integral role. [Trong Du lịch & Khám phá, văn hóa danh lam thắng cảnh đóng vai trò thiết yếu.]",en,travel_tourism,phrase,B2
cd655a4b-7c83-4348-9de7-835295e503aa,cultural route,/cultural route/,văn hóa tuyến đường,"In Travel & Tourism, cultural route plays an integral role. [Trong Du lịch & Khám phá, văn hóa tuyến đường đóng vai trò thiết yếu.]",en,travel_tourism,phrase,C1
db1bc5b4-e1a2-42bf-b6d9-186fe953ea82,cultural itinerary,/cultural itinerary/,văn hóa lịch trình,"In Travel & Tourism, cultural itinerary plays an integral role. [Trong Du lịch & Khám phá, văn hóa lịch trình đóng vai trò thiết yếu.]",en,travel_tourism,phrase,B1
0cc211bc-dd16-43db-ab69-552c90959457,cultural insurance,/cultural insurance/,văn hóa bảo hiểm,"In Travel & Tourism, cultural insurance plays an integral role. [Trong Du lịch & Khám phá, văn hóa bảo hiểm đóng vai trò thiết yếu.]",en,travel_tourism,phrase,B2
4dea7108-fa4c-445a-abe1-1dac9f08cb9e,guided attraction,/guided attraction/,có hướng dẫn điểm thu hút,"In Travel & Tourism, guided attraction plays an integral role. [Trong Du lịch & Khám phá, có hướng dẫn điểm thu hút đóng vai trò thiết yếu.]",en,travel_tourism,phrase,C1
31f6edce-b5e3-4745-a1d6-ca882b7a7315,guided tourism,/guided tourism/,có hướng dẫn du lịch,"In Travel & Tourism, guided tourism plays an integral role. [Trong Du lịch & Khám phá, có hướng dẫn du lịch đóng vai trò thiết yếu.]",en,travel_tourism,phrase,B1
4f9a1375-2204-4b94-b6fc-ce6bc602b69b,guided tour,/guided tour/,có hướng dẫn chuyến đi,"In Travel & Tourism, guided tour plays an integral role. [Trong Du lịch & Khám phá, có hướng dẫn chuyến đi đóng vai trò thiết yếu.]",en,travel_tourism,phrase,B2
fbf45853-634c-44c7-88cd-c176eee7d534,guided flight,/guided flight/,có hướng dẫn chuyến bay,"In Travel & Tourism, guided flight plays an integral role. [Trong Du lịch & Khám phá, có hướng dẫn chuyến bay đóng vai trò thiết yếu.]",en,travel_tourism,phrase,C1
44183f31-415d-4b05-a2c9-fecbbf92d18c,guided accommodation,/guided accommodation/,có hướng dẫn chỗ ở,"In Travel & Tourism, guided accommodation plays an integral role. [Trong Du lịch & Khám phá, có hướng dẫn chỗ ở đóng vai trò thiết yếu.]",en,travel_tourism,phrase,B1
57135aa8-3c51-416e-92d9-325977085eb2,guided cruise,/guided cruise/,có hướng dẫn du thuyền,"In Travel & Tourism, guided cruise plays an integral role. [Trong Du lịch & Khám phá, có hướng dẫn du thuyền đóng vai trò thiết yếu.]",en,travel_tourism,phrase,B2
5a8eb7df-9f37-4593-8aeb-5476d59f6aff,guided landmark,/guided landmark/,có hướng dẫn danh lam thắng cảnh,"In Travel & Tourism, guided landmark plays an integral role. [Trong Du lịch & Khám phá, có hướng dẫn danh lam thắng cảnh đóng vai trò thiết yếu.]",en,travel_tourism,phrase,C1
96ad8395-1ceb-4dac-8e92-3b43111beda7,guided route,/guided route/,có hướng dẫn tuyến đường,"In Travel & Tourism, guided route plays an integral role. [Trong Du lịch & Khám phá, có hướng dẫn tuyến đường đóng vai trò thiết yếu.]",en,travel_tourism,phrase,B1
1efaaeed-ed14-4241-bf60-0a7c7ff3c7ac,guided itinerary,/guided itinerary/,có hướng dẫn lịch trình,"In Travel & Tourism, guided itinerary plays an integral role. [Trong Du lịch & Khám phá, có hướng dẫn lịch trình đóng vai trò thiết yếu.]",en,travel_tourism,phrase,B2
bcd93b98-0ef5-4245-be43-4b136e142824,guided insurance,/guided insurance/,có hướng dẫn bảo hiểm,"In Travel & Tourism, guided insurance plays an integral role. [Trong Du lịch & Khám phá, có hướng dẫn bảo hiểm đóng vai trò thiết yếu.]",en,travel_tourism,phrase,C1
367607a5-1d64-4ba2-a4fa-07d8d59b9f86,international attraction,/international attraction/,quốc tế điểm thu hút,"In Travel & Tourism, international attraction plays an integral role. [Trong Du lịch & Khám phá, quốc tế điểm thu hút đóng vai trò thiết yếu.]",en,travel_tourism,phrase,B1
58825457-869a-43ef-a580-5da83f6fae34,international tourism,/international tourism/,quốc tế du lịch,"In Travel & Tourism, international tourism plays an integral role. [Trong Du lịch & Khám phá, quốc tế du lịch đóng vai trò thiết yếu.]",en,travel_tourism,phrase,B2
2b13465b-70a1-4e45-b689-7a465d0194fa,international tour,/international tour/,quốc tế chuyến đi,"In Travel & Tourism, international tour plays an integral role. [Trong Du lịch & Khám phá, quốc tế chuyến đi đóng vai trò thiết yếu.]",en,travel_tourism,phrase,C1
a1bacea7-8b3b-4561-8d77-f835e5ef872a,international flight,/international flight/,quốc tế chuyến bay,"In Travel & Tourism, international flight plays an integral role. [Trong Du lịch & Khám phá, quốc tế chuyến bay đóng vai trò thiết yếu.]",en,travel_tourism,phrase,B1
7eb90dea-a978-4b90-ad00-e750c93df813,international accommodation,/international accommodation/,quốc tế chỗ ở,"In Travel & Tourism, international accommodation plays an integral role. [Trong Du lịch & Khám phá, quốc tế chỗ ở đóng vai trò thiết yếu.]",en,travel_tourism,phrase,B2
2b1587a8-59a5-4881-9e9b-ec12d0ac4e2b,international cruise,/international cruise/,quốc tế du thuyền,"In Travel & Tourism, international cruise plays an integral role. [Trong Du lịch & Khám phá, quốc tế du thuyền đóng vai trò thiết yếu.]",en,travel_tourism,phrase,C1
1d74a2d1-2ec4-4de8-a09f-929d535c9e6b,international landmark,/international landmark/,quốc tế danh lam thắng cảnh,"In Travel & Tourism, international landmark plays an integral role. [Trong Du lịch & Khám phá, quốc tế danh lam thắng cảnh đóng vai trò thiết yếu.]",en,travel_tourism,phrase,B1
33dc50b8-7e17-4c42-a4b1-69c9bac4f919,international route,/international route/,quốc tế tuyến đường,"In Travel & Tourism, international route plays an integral role. [Trong Du lịch & Khám phá, quốc tế tuyến đường đóng vai trò thiết yếu.]",en,travel_tourism,phrase,B2
1429c9be-dfc2-4d91-a0f4-1a2b98cef95e,international itinerary,/international itinerary/,quốc tế lịch trình,"In Travel & Tourism, international itinerary plays an integral role. [Trong Du lịch & Khám phá, quốc tế lịch trình đóng vai trò thiết yếu.]",en,travel_tourism,phrase,C1
96431d0e-3711-40b7-bc59-7f5dd9d953d4,international insurance,/international insurance/,quốc tế bảo hiểm,"In Travel & Tourism, international insurance plays an integral role. [Trong Du lịch & Khám phá, quốc tế bảo hiểm đóng vai trò thiết yếu.]",en,travel_tourism,phrase,B1
8576b4de-4d3c-49ce-ba52-55364539aef5,budget attraction,/budget attraction/,tiết kiệm điểm thu hút,"In Travel & Tourism, budget attraction plays an integral role. [Trong Du lịch & Khám phá, tiết kiệm điểm thu hút đóng vai trò thiết yếu.]",en,travel_tourism,phrase,B2
e126a55a-8291-446a-bc87-9f16ff6fa382,budget tourism,/budget tourism/,tiết kiệm du lịch,"In Travel & Tourism, budget tourism plays an integral role. [Trong Du lịch & Khám phá, tiết kiệm du lịch đóng vai trò thiết yếu.]",en,travel_tourism,phrase,C1
0d31b981-036c-4f40-9be8-baa1b2fec240,budget tour,/budget tour/,tiết kiệm chuyến đi,"In Travel & Tourism, budget tour plays an integral role. [Trong Du lịch & Khám phá, tiết kiệm chuyến đi đóng vai trò thiết yếu.]",en,travel_tourism,phrase,B1
7743d2a8-b2f0-4066-9f45-adea69e198c7,budget flight,/budget flight/,tiết kiệm chuyến bay,"In Travel & Tourism, budget flight plays an integral role. [Trong Du lịch & Khám phá, tiết kiệm chuyến bay đóng vai trò thiết yếu.]",en,travel_tourism,phrase,B2
371e01fd-16ce-410a-b7f0-18e35f5ef5a5,budget accommodation,/budget accommodation/,tiết kiệm chỗ ở,"In Travel & Tourism, budget accommodation plays an integral role. [Trong Du lịch & Khám phá, tiết kiệm chỗ ở đóng vai trò thiết yếu.]",en,travel_tourism,phrase,C1
f7dd2b66-20d7-42d8-81b6-3eaf9fdad417,budget cruise,/budget cruise/,tiết kiệm du thuyền,"In Travel & Tourism, budget cruise plays an integral role. [Trong Du lịch & Khám phá, tiết kiệm du thuyền đóng vai trò thiết yếu.]",en,travel_tourism,phrase,B1
f7b54db9-fb33-4c47-800d-669de5f311c7,budget landmark,/budget landmark/,tiết kiệm danh lam thắng cảnh,"In Travel & Tourism, budget landmark plays an integral role. [Trong Du lịch & Khám phá, tiết kiệm danh lam thắng cảnh đóng vai trò thiết yếu.]",en,travel_tourism,phrase,B2
0d5a8981-c679-4999-ab91-97b562edaaea,budget route,/budget route/,tiết kiệm tuyến đường,"In Travel & Tourism, budget route plays an integral role. [Trong Du lịch & Khám phá, tiết kiệm tuyến đường đóng vai trò thiết yếu.]",en,travel_tourism,phrase,C1
11d9182f-1e25-4169-8ecf-aa18de404c22,budget itinerary,/budget itinerary/,tiết kiệm lịch trình,"In Travel & Tourism, budget itinerary plays an integral role. [Trong Du lịch & Khám phá, tiết kiệm lịch trình đóng vai trò thiết yếu.]",en,travel_tourism,phrase,B1
17302a45-b72b-40ab-9539-14b15c7dfcfe,budget insurance,/budget insurance/,tiết kiệm bảo hiểm,"In Travel & Tourism, budget insurance plays an integral role. [Trong Du lịch & Khám phá, tiết kiệm bảo hiểm đóng vai trò thiết yếu.]",en,travel_tourism,phrase,B2
141691f3-c0bb-4db2-8503-0c8e26d12950,ice cream,/ˈaɪs kriːm/,kem,"In Food & Gastronomy, 'ice cream' is an essential term. [Trong Ẩm thực & Dinh dưỡng, ""ice cream"" là một thuật ngữ quan trọng.]",en,food_gastronomy,single_word,B1
1124b5ce-2eac-49ee-a35a-31e880adad0d,bowl,/bəʊl/,cái bát; bát,"In Food & Gastronomy, 'bowl' is an essential term. [Trong Ẩm thực & Dinh dưỡng, ""bowl"" là một thuật ngữ quan trọng.]",en,food_gastronomy,single_word,B2
fda72d9a-5e61-4885-867f-29757937e848,juice,/dʒuːs/,nước ép; dịch,"In Food & Gastronomy, 'juice' is an essential term. [Trong Ẩm thực & Dinh dưỡng, ""juice"" là một thuật ngữ quan trọng.]",en,food_gastronomy,single_word,C1
ea398f2d-1898-4c79-b161-4410faf1206a,menu,/ˈmenjuː/,thực đơn,"In Food & Gastronomy, 'menu' is an essential term. [Trong Ẩm thực & Dinh dưỡng, ""menu"" là một thuật ngữ quan trọng.]",en,food_gastronomy,single_word,B1
73530aae-23f7-4cbe-b313-97a0621e5252,oven,/ˈʌvn/,lò,"In Food & Gastronomy, 'oven' is an essential term. [Trong Ẩm thực & Dinh dưỡng, ""oven"" là một thuật ngữ quan trọng.]",en,food_gastronomy,single_word,B2
5fb9912e-adf8-411e-bf5a-2600b40e9cf4,pub,/pʌb/,"quán rượu, tiệm rượu; quán trọ, quán ăn","In Food & Gastronomy, 'pub' is an essential term. [Trong Ẩm thực & Dinh dưỡng, ""pub"" là một thuật ngữ quan trọng.]",en,food_gastronomy,single_word,C1
394d9d01-c3f8-46d9-abd8-fbe8674d11da,salad,/ˈsæləd/,rau xà lách; món rau trộn dầu giấm,"In Food & Gastronomy, 'salad' is an essential term. [Trong Ẩm thực & Dinh dưỡng, ""salad"" là một thuật ngữ quan trọng.]",en,food_gastronomy,single_word,B1
3a1105e5-cc99-428f-8188-aee9737d0778,sauce,/sɔːs/,nước xốt; cái làm thêm thích thú; cái làm thêm thú vị,"In Food & Gastronomy, 'sauce' is an essential term. [Trong Ẩm thực & Dinh dưỡng, ""sauce"" là một thuật ngữ quan trọng.]",en,food_gastronomy,single_word,B2
97cbba28-b4c2-418c-8304-f92a068b778f,beef,/biːf/,thịt bò; số nhiều bò thịt,"In Food & Gastronomy, 'beef' is an essential term. [Trong Ẩm thực & Dinh dưỡng, ""beef"" là một thuật ngữ quan trọng.]",en,food_gastronomy,single_word,C1
45b295ff-a634-4472-852f-0a05309444d9,beer,/bɪə(r)/,rượu bia; ngà ngà say,"In Food & Gastronomy, 'beer' is an essential term. [Trong Ẩm thực & Dinh dưỡng, ""beer"" là một thuật ngữ quan trọng.]",en,food_gastronomy,single_word,B1
4055d3c0-a4bb-4ad5-8d23-79b1e93866df,can,/kæn/,"bình, bi đông, ca; vỏ đồ hộp, hộp đồ hộp","In Food & Gastronomy, 'can' is an essential term. [Trong Ẩm thực & Dinh dưỡng, ""can"" là một thuật ngữ quan trọng.]",en,food_gastronomy,single_word,B2
ea0d12e7-d590-4467-911d-827fe2e09da9,cater,/ˈkeɪtə(r)/,"cung cấp thực phẩm, lương thực; phục vụ cho, mua vui cho, giải trí cho","In Food & Gastronomy, 'cater' is an essential term. [Trong Ẩm thực & Dinh dưỡng, ""cater"" là một thuật ngữ quan trọng.]",en,food_gastronomy,single_word,C1
30d1df21-7675-42b0-854f-012573ec5697,chicken,/ˈtʃɪkɪn/,gà con; gà giò; thịt gà giò,"In Food & Gastronomy, 'chicken' is an essential term. [Trong Ẩm thực & Dinh dưỡng, ""chicken"" là một thuật ngữ quan trọng.]",en,food_gastronomy,single_word,B1
56fd782a-3ed3-4770-ad96-eeeeeeb6ce1c,cocktail,/ˈkɒkteɪl/,rượu cốctay; nước quả cây,"In Food & Gastronomy, 'cocktail' is an essential term. [Trong Ẩm thực & Dinh dưỡng, ""cocktail"" là một thuật ngữ quan trọng.]",en,food_gastronomy,single_word,B2
72fd5ce1-cc74-4434-b0c2-8bf118200cc5,cupboard,/ˈkʌbəd/,"tủ , tủ búp phê; mối tình vờ vịt","In Food & Gastronomy, 'cupboard' is an essential term. [Trong Ẩm thực & Dinh dưỡng, ""cupboard"" là một thuật ngữ quan trọng.]",en,food_gastronomy,single_word,C1
eea5affe-b737-4d1d-ae57-464f46f8fad9,drown,/draʊn/,"chết đuối; dìm chết, làm chết đuối","In Food & Gastronomy, 'drown' is an essential term. [Trong Ẩm thực & Dinh dưỡng, ""drown"" là một thuật ngữ quan trọng.]",en,food_gastronomy,single_word,B1
ea821068-133b-401e-946f-69d7f0543c56,fatal,/ˈfeɪtl/,"chỗ béo bở, chỗ ngon; mỡ, chất béo","In Food & Gastronomy, 'fatal' is an essential term. [Trong Ẩm thực & Dinh dưỡng, ""fatal"" là một thuật ngữ quan trọng.]",en,food_gastronomy,single_word,B2
6b36e429-1639-428d-8b74-274f34d1c105,fork,/fɔːk/,cái nĩa; cái chĩa,"In Food & Gastronomy, 'fork' is an essential term. [Trong Ẩm thực & Dinh dưỡng, ""fork"" là một thuật ngữ quan trọng.]",en,food_gastronomy,single_word,C1
70d23867-b4d9-4278-af84-6feef3cc6f69,garden,/ˈɡɑːdn/,"vườn; công viên, vườn","In Food & Gastronomy, 'garden' is an essential term. [Trong Ẩm thực & Dinh dưỡng, ""garden"" là một thuật ngữ quan trọng.]",en,food_gastronomy,single_word,B1
6422b6b8-33ff-49ba-b101-df2cc6cf5a90,herb,/hɜːb/,"cỏ, cây thảo","In Food & Gastronomy, 'herb' is an essential term. [Trong Ẩm thực & Dinh dưỡng, ""herb"" là một thuật ngữ quan trọng.]",en,food_gastronomy,single_word,B2
57ba985c-9aee-448e-bcf1-558ee1a3f662,hunger,/ˈhʌŋɡə(r)/,"sự đói, tình trạng đói; sự ham muốn mãnh liệt, sự khao khát, sự ước mong tha thiết","In Food & Gastronomy, 'hunger' is an essential term. [Trong Ẩm thực & Dinh dưỡng, ""hunger"" là một thuật ngữ quan trọng.]",en,food_gastronomy,single_word,C1
17f69eee-f3f2-4d37-a3d3-c6900f491e7d,ingredient,/ɪnˈɡriːdiənt/,"phần hợp thành, thành phần","In Food & Gastronomy, 'ingredient' is an essential term. [Trong Ẩm thực & Dinh dưỡng, ""ingredient"" là một thuật ngữ quan trọng.]",en,food_gastronomy,single_word,B1
c7fe67c2-9486-46e5-b13f-abddb995a190,mall,/mɔːl/,"búa nặng, búa tạ; phố buôn bán lớn","In Food & Gastronomy, 'mall' is an essential term. [Trong Ẩm thực & Dinh dưỡng, ""mall"" là một thuật ngữ quan trọng.]",en,food_gastronomy,single_word,B2
badfe3fc-c14a-421d-9a54-01354cc81f62,milk,/mɪlk/,"sữa; nhựa mủ , nước","In Food & Gastronomy, 'milk' is an essential term. [Trong Ẩm thực & Dinh dưỡng, ""milk"" là một thuật ngữ quan trọng.]",en,food_gastronomy,single_word,C1
d95126e1-7095-4096-bf27-a0d65f2f722c,nutrition,/njuˈtrɪʃn/,"sự nuôi dưỡng, sự dinh dưỡng; đồ ăn bổ","In Food & Gastronomy, 'nutrition' is an essential term. [Trong Ẩm thực & Dinh dưỡng, ""nutrition"" là một thuật ngữ quan trọng.]",en,food_gastronomy,single_word,B1
eeb4a150-ab34-4021-b93f-57e399a87478,onion,/ˈʌnjən/,củ hành; cây hành,"In Food & Gastronomy, 'onion' is an essential term. [Trong Ẩm thực & Dinh dưỡng, ""onion"" là một thuật ngữ quan trọng.]",en,food_gastronomy,single_word,B2
7e93306f-89d4-46a7-b75c-041d6223e8be,pepper,/ˈpepə(r)/,"hạt tiêu, hồ tiêu; điều chua cay","In Food & Gastronomy, 'pepper' is an essential term. [Trong Ẩm thực & Dinh dưỡng, ""pepper"" là một thuật ngữ quan trọng.]",en,food_gastronomy,single_word,C1
195ef116-3d4a-4837-a389-763bc8c81ff0,pig,/pɪɡ/,lợn heo; thịt lợn; thịt lợn sữa,"In Food & Gastronomy, 'pig' is an essential term. [Trong Ẩm thực & Dinh dưỡng, ""pig"" là một thuật ngữ quan trọng.]",en,food_gastronomy,single_word,B1
5cdb3e98-3574-4e64-a4ff-c6568a900832,plate,/pleɪt/,"bản, tấm; index p.  mặt số","In Food & Gastronomy, 'plate' is an essential term. [Trong Ẩm thực & Dinh dưỡng, ""plate"" là một thuật ngữ quan trọng.]",en,food_gastronomy,single_word,B2
6ac4b8d8-50fa-4d45-b680-b4812d8781b9,salt,/sɔːlt/,"muối; sự châm chọc, sự sắc sảo, sự hóm hỉnh, sự ý nhị","In Food & Gastronomy, 'salt' is an essential term. [Trong Ẩm thực & Dinh dưỡng, ""salt"" là một thuật ngữ quan trọng.]",en,food_gastronomy,single_word,C1
bf4bfc97-845d-4b8e-a68d-92fea041bf1e,sandwich,/ˈsænwɪtʃ/,bánh xăngđuych; cái kẹp cái khoác vào giữa,"In Food & Gastronomy, 'sandwich' is an essential term. [Trong Ẩm thực & Dinh dưỡng, ""sandwich"" là một thuật ngữ quan trọng.]",en,food_gastronomy,single_word,B1
cb5a4330-9c85-4602-89c0-c69681677b2b,sheep,/ʃiːp/,con cừu; số nhiều & mỉa) con chiên,"In Food & Gastronomy, 'sheep' is an essential term. [Trong Ẩm thực & Dinh dưỡng, ""sheep"" là một thuật ngữ quan trọng.]",en,food_gastronomy,single_word,B2
e87a8efe-ea94-4243-b0d5-4a118d3c07b8,slice,/slaɪs/,"miếng mỏng, lát mỏng; phần, phần chia","In Food & Gastronomy, 'slice' is an essential term. [Trong Ẩm thực & Dinh dưỡng, ""slice"" là một thuật ngữ quan trọng.]",en,food_gastronomy,single_word,C1
84c9c186-b641-40d9-8168-80b25f35425b,spice,/spaɪs/,đồ gia vị; cái làm thêm đậm đà,"In Food & Gastronomy, 'spice' is an essential term. [Trong Ẩm thực & Dinh dưỡng, ""spice"" là một thuật ngữ quan trọng.]",en,food_gastronomy,single_word,B1
ba711365-cac7-4d49-8762-a32456351c68,spider,/ˈspaɪdə(r)/,con nhện; cái kiềng,"In Food & Gastronomy, 'spider' is an essential term. [Trong Ẩm thực & Dinh dưỡng, ""spider"" là một thuật ngữ quan trọng.]",en,food_gastronomy,single_word,B2
ee5ef59a-b1f6-4ca9-b9fd-73a2155f4d1e,spoon,/spuːn/,cái thìa; vật hình thìa,"In Food & Gastronomy, 'spoon' is an essential term. [Trong Ẩm thực & Dinh dưỡng, ""spoon"" là một thuật ngữ quan trọng.]",en,food_gastronomy,single_word,C1
78b152aa-8a56-47bf-833f-58462b8c936e,starve,/stɑːv/,chết đói; thiếu ăn,"In Food & Gastronomy, 'starve' is an essential term. [Trong Ẩm thực & Dinh dưỡng, ""starve"" là một thuật ngữ quan trọng.]",en,food_gastronomy,single_word,B1
7768dcc3-f323-4543-8ba8-655c5ab52327,stomach,/ˈstʌmək/,dạy dày; bụng,"In Food & Gastronomy, 'stomach' is an essential term. [Trong Ẩm thực & Dinh dưỡng, ""stomach"" là một thuật ngữ quan trọng.]",en,food_gastronomy,single_word,B2
e900e426-7195-4b22-bbec-858563fbe641,swallow,/ˈswɒləʊ/,chim nhạn; một con nhan không làm nên mùa xuân,"In Food & Gastronomy, 'swallow' is an essential term. [Trong Ẩm thực & Dinh dưỡng, ""swallow"" là một thuật ngữ quan trọng.]",en,food_gastronomy,single_word,C1
786dcb4c-dd96-4d07-943b-2a929d11b5cd,thirsty,/ˈθɜːsti/,"khát; làm cho khát; khát, khao khát","In Food & Gastronomy, 'thirsty' is an essential term. [Trong Ẩm thực & Dinh dưỡng, ""thirsty"" là một thuật ngữ quan trọng.]",en,food_gastronomy,single_word,B1
9c9d393d-4f85-4514-8724-0b7710f840fc,wedding,/ˈwedɪŋ/,lễ cưới,"In Food & Gastronomy, 'wedding' is an essential term. [Trong Ẩm thực & Dinh dưỡng, ""wedding"" là một thuật ngữ quan trọng.]",en,food_gastronomy,single_word,B2
4dbedac4-0b1b-4ef9-b5d5-c29eeba97e90,yard,/jɑːd/,"Iat, thước Anh; trục căng buồm","In Food & Gastronomy, 'yard' is an essential term. [Trong Ẩm thực & Dinh dưỡng, ""yard"" là một thuật ngữ quan trọng.]",en,food_gastronomy,single_word,C1
bea442bc-33c2-4f39-bf6a-61e6234fad2e,alcohol,/ˈælkəhɒl/,rượu cồn; cồn,"In Food & Gastronomy, 'alcohol' is an essential term. [Trong Ẩm thực & Dinh dưỡng, ""alcohol"" là một thuật ngữ quan trọng.]",en,food_gastronomy,single_word,B1
d9618198-6ac3-4421-a6c5-da22b5c6a90c,analogy,/əˈnælədʒi/,"sự tương tự by., on the a. bằng tương tự, làm tương tự; membrane a. tương tự màng","In Food & Gastronomy, 'analogy' is an essential term. [Trong Ẩm thực & Dinh dưỡng, ""analogy"" là một thuật ngữ quan trọng.]",en,food_gastronomy,single_word,B2
c66db05a-62ea-4024-a1be-94eac8018bf9,architectural,/ˌɑːkɪˈtektʃərəl/,kiến trúc,"In Food & Gastronomy, 'architectural' is an essential term. [Trong Ẩm thực & Dinh dưỡng, ""architectural"" là một thuật ngữ quan trọng.]",en,food_gastronomy,single_word,C1
e1600f46-e57f-4ce1-88fd-9edcdaa971b9,attribute,/ˈætrɪbjuːt/,thuộc tính,"In Food & Gastronomy, 'attribute' is an essential term. [Trong Ẩm thực & Dinh dưỡng, ""attribute"" là một thuật ngữ quan trọng.]",en,food_gastronomy,single_word,B1
aa6cf67d-f87f-497a-a69e-12500ed7f7e2,average,/ˈævərɪdʒ/,trung bình at the a. ở mức trung bình;; above a. trên trung bình,"In Food & Gastronomy, 'average' is an essential term. [Trong Ẩm thực & Dinh dưỡng, ""average"" là một thuật ngữ quan trọng.]",en,food_gastronomy,single_word,B2
7828eb7f-bbb3-41b9-8aee-e02467629313,bird,/bɜːd/,"con chim; gã, thằng cha","In Food & Gastronomy, 'bird' is an essential term. [Trong Ẩm thực & Dinh dưỡng, ""bird"" là một thuật ngữ quan trọng.]",en,food_gastronomy,single_word,C1
a2ba5613-fb6b-4d6b-884e-940f5d6611b3,biscuit,/ˈbɪskɪt/,bánh qui,"In Food & Gastronomy, 'biscuit' is an essential term. [Trong Ẩm thực & Dinh dưỡng, ""biscuit"" là một thuật ngữ quan trọng.]",en,food_gastronomy,single_word,B1
569e7b22-33c9-4bc3-b22b-9768c3d04f4c,bitter,/ˈbɪtə(r)/,"đắng; cay đắng, chua xót, đau đớn; đau khổ, thảm thiết","In Food & Gastronomy, 'bitter' is an essential term. [Trong Ẩm thực & Dinh dưỡng, ""bitter"" là một thuật ngữ quan trọng.]",en,food_gastronomy,single_word,B2
180e843d-58b7-4373-8101-c59a8add2d8b,culinary art,/culinary art/,ẩm thực nghệ thuật,"In Food & Gastronomy, culinary art plays an integral role. [Trong Ẩm thực & Dinh dưỡng, ẩm thực nghệ thuật đóng vai trò thiết yếu.]",en,food_gastronomy,phrase,B1
280ae68d-2588-46b2-afee-20359f27f160,culinary diet,/culinary diet/,ẩm thực chế độ ăn,"In Food & Gastronomy, culinary diet plays an integral role. [Trong Ẩm thực & Dinh dưỡng, ẩm thực chế độ ăn đóng vai trò thiết yếu.]",en,food_gastronomy,phrase,B2
cec36232-bdc8-41b5-b844-da43ec661a76,culinary value,/culinary value/,ẩm thực giá trị,"In Food & Gastronomy, culinary value plays an integral role. [Trong Ẩm thực & Dinh dưỡng, ẩm thực giá trị đóng vai trò thiết yếu.]",en,food_gastronomy,phrase,C1
8cb18846-9f0b-4534-a3ad-cf7fe8464471,culinary dining,/culinary dining/,ẩm thực bữa ăn,"In Food & Gastronomy, culinary dining plays an integral role. [Trong Ẩm thực & Dinh dưỡng, ẩm thực bữa ăn đóng vai trò thiết yếu.]",en,food_gastronomy,phrase,C1
848b1aeb-ba5d-4126-bdcf-025b7c0ed892,culinary eating,/culinary eating/,ẩm thực thói quen ăn uống,"In Food & Gastronomy, culinary eating plays an integral role. [Trong Ẩm thực & Dinh dưỡng, ẩm thực thói quen ăn uống đóng vai trò thiết yếu.]",en,food_gastronomy,phrase,B1
e6cda625-96b0-4206-aafd-26c604ba32e5,culinary preparation,/culinary preparation/,ẩm thực chế biến,"In Food & Gastronomy, culinary preparation plays an integral role. [Trong Ẩm thực & Dinh dưỡng, ẩm thực chế biến đóng vai trò thiết yếu.]",en,food_gastronomy,phrase,C1
6cd4a7fb-4fd2-462b-83d6-3906b36f2dac,balanced art,/balanced art/,cân bằng nghệ thuật,"In Food & Gastronomy, balanced art plays an integral role. [Trong Ẩm thực & Dinh dưỡng, cân bằng nghệ thuật đóng vai trò thiết yếu.]",en,food_gastronomy,phrase,B2
d69ec813-bbb5-4f5e-86be-3c8a49c4b0f3,balanced diet,/balanced diet/,cân bằng chế độ ăn,"In Food & Gastronomy, balanced diet plays an integral role. [Trong Ẩm thực & Dinh dưỡng, cân bằng chế độ ăn đóng vai trò thiết yếu.]",en,food_gastronomy,phrase,C1
fcfeedbd-c410-4abb-a938-800d54685bcf,balanced value,/balanced value/,cân bằng giá trị,"In Food & Gastronomy, balanced value plays an integral role. [Trong Ẩm thực & Dinh dưỡng, cân bằng giá trị đóng vai trò thiết yếu.]",en,food_gastronomy,phrase,B1
6ef28734-8ae6-4d18-b1bc-0d5dae5c6927,balanced ingredient,/balanced ingredient/,cân bằng nguyên liệu,"In Food & Gastronomy, balanced ingredient plays an integral role. [Trong Ẩm thực & Dinh dưỡng, cân bằng nguyên liệu đóng vai trò thiết yếu.]",en,food_gastronomy,phrase,B2
a2d223e9-89ff-40dd-bd61-db756d099c72,balanced cuisine,/balanced cuisine/,cân bằng ẩm thực,"In Food & Gastronomy, balanced cuisine plays an integral role. [Trong Ẩm thực & Dinh dưỡng, cân bằng ẩm thực đóng vai trò thiết yếu.]",en,food_gastronomy,phrase,C1
2fa28e03-e24e-4545-81ff-7f0211990797,balanced dining,/balanced dining/,cân bằng bữa ăn,"In Food & Gastronomy, balanced dining plays an integral role. [Trong Ẩm thực & Dinh dưỡng, cân bằng bữa ăn đóng vai trò thiết yếu.]",en,food_gastronomy,phrase,B1
f6adeb29-f959-4087-9e47-9aa3b4b02970,balanced eating,/balanced eating/,cân bằng thói quen ăn uống,"In Food & Gastronomy, balanced eating plays an integral role. [Trong Ẩm thực & Dinh dưỡng, cân bằng thói quen ăn uống đóng vai trò thiết yếu.]",en,food_gastronomy,phrase,B2
7be682dd-6f4d-4039-87f4-f02bb3728c22,balanced delicacy,/balanced delicacy/,cân bằng món ngon,"In Food & Gastronomy, balanced delicacy plays an integral role. [Trong Ẩm thực & Dinh dưỡng, cân bằng món ngon đóng vai trò thiết yếu.]",en,food_gastronomy,phrase,C1
44053a09-cad6-4341-b11a-63528b8b54ed,balanced preparation,/balanced preparation/,cân bằng chế biến,"In Food & Gastronomy, balanced preparation plays an integral role. [Trong Ẩm thực & Dinh dưỡng, cân bằng chế biến đóng vai trò thiết yếu.]",en,food_gastronomy,phrase,B1
145defd8-0fa3-47f1-91bc-eff942123476,balanced flavor,/balanced flavor/,cân bằng hương vị,"In Food & Gastronomy, balanced flavor plays an integral role. [Trong Ẩm thực & Dinh dưỡng, cân bằng hương vị đóng vai trò thiết yếu.]",en,food_gastronomy,phrase,B2
a44e3270-b63a-47b0-b7c2-842718c3d791,nutritional art,/nutritional art/,dinh dưỡng nghệ thuật,"In Food & Gastronomy, nutritional art plays an integral role. [Trong Ẩm thực & Dinh dưỡng, dinh dưỡng nghệ thuật đóng vai trò thiết yếu.]",en,food_gastronomy,phrase,C1
2c2d9450-a945-414f-bafd-62f97b5a3927,nutritional diet,/nutritional diet/,dinh dưỡng chế độ ăn,"In Food & Gastronomy, nutritional diet plays an integral role. [Trong Ẩm thực & Dinh dưỡng, dinh dưỡng chế độ ăn đóng vai trò thiết yếu.]",en,food_gastronomy,phrase,B1
8933dca8-5887-4725-b3bf-cc664308e847,nutritional value,/nutritional value/,dinh dưỡng giá trị,"In Food & Gastronomy, nutritional value plays an integral role. [Trong Ẩm thực & Dinh dưỡng, dinh dưỡng giá trị đóng vai trò thiết yếu.]",en,food_gastronomy,phrase,B2
6c598bc3-2ebe-4c0b-a832-be9afb0f4d98,nutritional dining,/nutritional dining/,dinh dưỡng bữa ăn,"In Food & Gastronomy, nutritional dining plays an integral role. [Trong Ẩm thực & Dinh dưỡng, dinh dưỡng bữa ăn đóng vai trò thiết yếu.]",en,food_gastronomy,phrase,B2
043a87fe-b2f4-44d7-8ae3-fd5ae7215e9f,nutritional eating,/nutritional eating/,dinh dưỡng thói quen ăn uống,"In Food & Gastronomy, nutritional eating plays an integral role. [Trong Ẩm thực & Dinh dưỡng, dinh dưỡng thói quen ăn uống đóng vai trò thiết yếu.]",en,food_gastronomy,phrase,C1
562d46ce-4920-4899-9dda-d06379f3447c,nutritional preparation,/nutritional preparation/,dinh dưỡng chế biến,"In Food & Gastronomy, nutritional preparation plays an integral role. [Trong Ẩm thực & Dinh dưỡng, dinh dưỡng chế biến đóng vai trò thiết yếu.]",en,food_gastronomy,phrase,B2
3e6547c2-1d5e-40f8-9503-4dfa1dc0e086,organic art,/organic art/,hữu cơ nghệ thuật,"In Food & Gastronomy, organic art plays an integral role. [Trong Ẩm thực & Dinh dưỡng, hữu cơ nghệ thuật đóng vai trò thiết yếu.]",en,food_gastronomy,phrase,B1
ff4ff7a8-b14d-46fa-94f6-86aec727c756,organic diet,/organic diet/,hữu cơ chế độ ăn,"In Food & Gastronomy, organic diet plays an integral role. [Trong Ẩm thực & Dinh dưỡng, hữu cơ chế độ ăn đóng vai trò thiết yếu.]",en,food_gastronomy,phrase,B2
4f07a2c2-8c2e-4539-9fbf-9cc4997b0c8c,organic value,/organic value/,hữu cơ giá trị,"In Food & Gastronomy, organic value plays an integral role. [Trong Ẩm thực & Dinh dưỡng, hữu cơ giá trị đóng vai trò thiết yếu.]",en,food_gastronomy,phrase,C1
e20fce46-0e60-41dc-8bfa-9d98103b1798,organic dining,/organic dining/,hữu cơ bữa ăn,"In Food & Gastronomy, organic dining plays an integral role. [Trong Ẩm thực & Dinh dưỡng, hữu cơ bữa ăn đóng vai trò thiết yếu.]",en,food_gastronomy,phrase,C1
46ed510f-c42b-4863-99b1-cff1051a1fa2,organic eating,/organic eating/,hữu cơ thói quen ăn uống,"In Food & Gastronomy, organic eating plays an integral role. [Trong Ẩm thực & Dinh dưỡng, hữu cơ thói quen ăn uống đóng vai trò thiết yếu.]",en,food_gastronomy,phrase,B1
84822fec-7297-4719-a248-aca476bce05d,organic preparation,/organic preparation/,hữu cơ chế biến,"In Food & Gastronomy, organic preparation plays an integral role. [Trong Ẩm thực & Dinh dưỡng, hữu cơ chế biến đóng vai trò thiết yếu.]",en,food_gastronomy,phrase,C1
19bcadbc-5a61-4843-9c21-e8921ce45e09,traditional art,/traditional art/,truyền thống nghệ thuật,"In Food & Gastronomy, traditional art plays an integral role. [Trong Ẩm thực & Dinh dưỡng, truyền thống nghệ thuật đóng vai trò thiết yếu.]",en,food_gastronomy,phrase,B2
bf2d47b0-aff5-4eac-978b-94ba08a6d339,traditional diet,/traditional diet/,truyền thống chế độ ăn,"In Food & Gastronomy, traditional diet plays an integral role. [Trong Ẩm thực & Dinh dưỡng, truyền thống chế độ ăn đóng vai trò thiết yếu.]",en,food_gastronomy,phrase,C1
7f7c61bd-482a-4800-aec0-77659c95e687,traditional value,/traditional value/,truyền thống giá trị,"In Food & Gastronomy, traditional value plays an integral role. [Trong Ẩm thực & Dinh dưỡng, truyền thống giá trị đóng vai trò thiết yếu.]",en,food_gastronomy,phrase,B1
6944bbab-90e4-45f1-8291-b8d92787cd46,traditional ingredient,/traditional ingredient/,truyền thống nguyên liệu,"In Food & Gastronomy, traditional ingredient plays an integral role. [Trong Ẩm thực & Dinh dưỡng, truyền thống nguyên liệu đóng vai trò thiết yếu.]",en,food_gastronomy,phrase,B2
1bee8353-7502-4802-ab0a-00aae979faca,traditional cuisine,/traditional cuisine/,truyền thống ẩm thực,"In Food & Gastronomy, traditional cuisine plays an integral role. [Trong Ẩm thực & Dinh dưỡng, truyền thống ẩm thực đóng vai trò thiết yếu.]",en,food_gastronomy,phrase,C1
eb69e08a-d577-4bf3-9c43-b7696f1bd88d,traditional dining,/traditional dining/,truyền thống bữa ăn,"In Food & Gastronomy, traditional dining plays an integral role. [Trong Ẩm thực & Dinh dưỡng, truyền thống bữa ăn đóng vai trò thiết yếu.]",en,food_gastronomy,phrase,B1
5aba4569-65d0-487b-8e5b-a12bce0638e3,traditional eating,/traditional eating/,truyền thống thói quen ăn uống,"In Food & Gastronomy, traditional eating plays an integral role. [Trong Ẩm thực & Dinh dưỡng, truyền thống thói quen ăn uống đóng vai trò thiết yếu.]",en,food_gastronomy,phrase,B2
64f8d11d-ad43-4b7e-b6aa-6ee5126f9cc6,traditional delicacy,/traditional delicacy/,truyền thống món ngon,"In Food & Gastronomy, traditional delicacy plays an integral role. [Trong Ẩm thực & Dinh dưỡng, truyền thống món ngon đóng vai trò thiết yếu.]",en,food_gastronomy,phrase,C1
332f5e36-6850-4a2b-aa8e-330f4c4ae66f,traditional preparation,/traditional preparation/,truyền thống chế biến,"In Food & Gastronomy, traditional preparation plays an integral role. [Trong Ẩm thực & Dinh dưỡng, truyền thống chế biến đóng vai trò thiết yếu.]",en,food_gastronomy,phrase,B1
14a1864c-9774-4cfe-a433-f61ef52767bc,traditional flavor,/traditional flavor/,truyền thống hương vị,"In Food & Gastronomy, traditional flavor plays an integral role. [Trong Ẩm thực & Dinh dưỡng, truyền thống hương vị đóng vai trò thiết yếu.]",en,food_gastronomy,phrase,B2
f9c45746-5997-4cb6-aac7-86b34af44c5c,fine art,/fine art/,cao cấp nghệ thuật,"In Food & Gastronomy, fine art plays an integral role. [Trong Ẩm thực & Dinh dưỡng, cao cấp nghệ thuật đóng vai trò thiết yếu.]",en,food_gastronomy,phrase,C1
c96b3d99-fff5-4cf3-a02f-d80c1b3b8754,fine diet,/fine diet/,cao cấp chế độ ăn,"In Food & Gastronomy, fine diet plays an integral role. [Trong Ẩm thực & Dinh dưỡng, cao cấp chế độ ăn đóng vai trò thiết yếu.]",en,food_gastronomy,phrase,B1
0534c730-59e9-474b-a4f7-ceea83d951ee,fine value,/fine value/,cao cấp giá trị,"In Food & Gastronomy, fine value plays an integral role. [Trong Ẩm thực & Dinh dưỡng, cao cấp giá trị đóng vai trò thiết yếu.]",en,food_gastronomy,phrase,B2
9a94c114-38d0-4586-8041-342970114144,fine ingredient,/fine ingredient/,cao cấp nguyên liệu,"In Food & Gastronomy, fine ingredient plays an integral role. [Trong Ẩm thực & Dinh dưỡng, cao cấp nguyên liệu đóng vai trò thiết yếu.]",en,food_gastronomy,phrase,C1
2bcf303c-2ce6-4420-bb36-e4f71448455a,fine cuisine,/fine cuisine/,cao cấp ẩm thực,"In Food & Gastronomy, fine cuisine plays an integral role. [Trong Ẩm thực & Dinh dưỡng, cao cấp ẩm thực đóng vai trò thiết yếu.]",en,food_gastronomy,phrase,B1
605515b1-20c7-42a0-a960-b4fd9402d649,fine dining,/fine dining/,cao cấp bữa ăn,"In Food & Gastronomy, fine dining plays an integral role. [Trong Ẩm thực & Dinh dưỡng, cao cấp bữa ăn đóng vai trò thiết yếu.]",en,food_gastronomy,phrase,B2
aa7f71da-560e-453c-ac86-4a725a83c58b,fine eating,/fine eating/,cao cấp thói quen ăn uống,"In Food & Gastronomy, fine eating plays an integral role. [Trong Ẩm thực & Dinh dưỡng, cao cấp thói quen ăn uống đóng vai trò thiết yếu.]",en,food_gastronomy,phrase,C1
693dbd45-11dc-4b7e-b09d-3c304ddfe026,fine delicacy,/fine delicacy/,cao cấp món ngon,"In Food & Gastronomy, fine delicacy plays an integral role. [Trong Ẩm thực & Dinh dưỡng, cao cấp món ngon đóng vai trò thiết yếu.]",en,food_gastronomy,phrase,B1
b8f0c68c-c3bc-4089-8e7c-fafbfeb32895,fine preparation,/fine preparation/,cao cấp chế biến,"In Food & Gastronomy, fine preparation plays an integral role. [Trong Ẩm thực & Dinh dưỡng, cao cấp chế biến đóng vai trò thiết yếu.]",en,food_gastronomy,phrase,B2
71083290-81dd-44aa-8e52-a3fcd9d619e7,fine flavor,/fine flavor/,cao cấp hương vị,"In Food & Gastronomy, fine flavor plays an integral role. [Trong Ẩm thực & Dinh dưỡng, cao cấp hương vị đóng vai trò thiết yếu.]",en,food_gastronomy,phrase,C1
2efe9538-eda1-428c-b388-7086bf187d79,healthy art,/healthy art/,lành mạnh nghệ thuật,"In Food & Gastronomy, healthy art plays an integral role. [Trong Ẩm thực & Dinh dưỡng, lành mạnh nghệ thuật đóng vai trò thiết yếu.]",en,food_gastronomy,phrase,B1
0f89630c-c2f7-43a0-8f79-27258f600b90,healthy diet,/healthy diet/,lành mạnh chế độ ăn,"In Food & Gastronomy, healthy diet plays an integral role. [Trong Ẩm thực & Dinh dưỡng, lành mạnh chế độ ăn đóng vai trò thiết yếu.]",en,food_gastronomy,phrase,B2
5b63f0c5-156b-4d0b-945a-f32c6f51f69b,contender,/kənˈtendə(r)/,"đối thủ, địch thủ","In Sports & Fitness, 'contender' is an essential term. [Trong Thể thao & Thể hình, ""contender"" là một thuật ngữ quan trọng.]",en,sports_fitness,single_word,B1
8883cbb8-acc9-451c-a5ef-ffb827a30eb2,league,/liːɡ/,"dặm, lý; đồng minh, liên minh; hội liên đoàn","In Sports & Fitness, 'league' is an essential term. [Trong Thể thao & Thể hình, ""league"" là một thuật ngữ quan trọng.]",en,sports_fitness,single_word,B2
a8f3f48c-0124-4385-b7d8-af4105aaa720,opponent,/əˈpəʊnənt/,đối phương,"In Sports & Fitness, 'opponent' is an essential term. [Trong Thể thao & Thể hình, ""opponent"" là một thuật ngữ quan trọng.]",en,sports_fitness,single_word,C1
cbbb779a-0561-4e83-8f67-ffc5d743c6e4,pitch,/pɪtʃ/,"hắc ín; quét hắc ín, gắn bằng hắc ín","In Sports & Fitness, 'pitch' is an essential term. [Trong Thể thao & Thể hình, ""pitch"" là một thuật ngữ quan trọng.]",en,sports_fitness,single_word,B1
ffe530bf-60f0-4cd5-817f-aab5ab249638,prize,/praɪz/,"giải thưởng, phầm thưởng; điều mong ước, ước vọng","In Sports & Fitness, 'prize' is an essential term. [Trong Thể thao & Thể hình, ""prize"" là một thuật ngữ quan trọng.]",en,sports_fitness,single_word,B2
cbccd08f-65c5-4368-90ea-6ff0067857ed,bat,/bæt/,"gây ;  vợt; vận động viên bóng chày, vận động viên crikê  bat sman)","In Sports & Fitness, 'bat' is an essential term. [Trong Thể thao & Thể hình, ""bat"" là một thuật ngữ quan trọng.]",en,sports_fitness,single_word,C1
d75a4228-1f2c-4531-8f53-b2348c6b5de8,gambling,/ˈɡæmblɪŋ/,trò cờ bạc,"In Sports & Fitness, 'gambling' is an essential term. [Trong Thể thao & Thể hình, ""gambling"" là một thuật ngữ quan trọng.]",en,sports_fitness,single_word,B1
5bca91e4-d3fa-4e26-85ce-b37e38ef055d,marathon,/ˈmærəθən/,cuộc chạy đua maratông  marathon race); một cuộc hội thảo trường k,"In Sports & Fitness, 'marathon' is an essential term. [Trong Thể thao & Thể hình, ""marathon"" là một thuật ngữ quan trọng.]",en,sports_fitness,single_word,B2
adc8df85-c8be-4efc-968d-9a89082ee317,medal,/ˈmedl/,"huy chương, mề đay; mặt trái của vấn đề","In Sports & Fitness, 'medal' is an essential term. [Trong Thể thao & Thể hình, ""medal"" là một thuật ngữ quan trọng.]",en,sports_fitness,single_word,C1
e332f0b9-698c-40be-b768-f4d16303fd5f,neutral,/ˈnjuːtrəl/,trung hoà,"In Sports & Fitness, 'neutral' is an essential term. [Trong Thể thao & Thể hình, ""neutral"" là một thuật ngữ quan trọng.]",en,sports_fitness,single_word,B1
e0143340-a925-47cb-ab5e-6d12dde237c3,race,/reɪs/,"nòi; chủng tộc, nòi người","In Sports & Fitness, 'race' is an essential term. [Trong Thể thao & Thể hình, ""race"" là một thuật ngữ quan trọng.]",en,sports_fitness,single_word,B2
1ebe9b71-2ce6-4146-bdf0-68a2ea8dc58e,racist,/ˈreɪsɪst/,người phân biệt chủng tộc,"In Sports & Fitness, 'racist' is an essential term. [Trong Thể thao & Thể hình, ""racist"" là một thuật ngữ quan trọng.]",en,sports_fitness,single_word,C1
00eb3360-32af-442f-95a3-c537cbc8324a,referee,/ˌrefəˈriː/,trọng tài,"In Sports & Fitness, 'referee' is an essential term. [Trong Thể thao & Thể hình, ""referee"" là một thuật ngữ quan trọng.]",en,sports_fitness,single_word,B1
493ca61c-5e86-4b1a-b6b6-e9d0a65b9fc7,trophy,/ˈtrəʊfi/,"vật kỷ niệm chiến công, chiến tích  & ); đồ trần thiết ở tường","In Sports & Fitness, 'trophy' is an essential term. [Trong Thể thao & Thể hình, ""trophy"" là một thuật ngữ quan trọng.]",en,sports_fitness,single_word,B2
9b6a1537-d690-4e9e-939d-8a58866873f9,aware,/əˈweə(r)/,"biết, nhận thấy, nhận thức thấy","In Sports & Fitness, 'aware' is an essential term. [Trong Thể thao & Thể hình, ""aware"" là một thuật ngữ quan trọng.]",en,sports_fitness,single_word,C1
14930d9e-be1f-4ee0-9a3d-ef3f9e0fab59,bubble,/ˈbʌbl/,"bọt, bong bóng, kỹ thuật chuỗi bọt","In Sports & Fitness, 'bubble' is an essential term. [Trong Thể thao & Thể hình, ""bubble"" là một thuật ngữ quan trọng.]",en,sports_fitness,single_word,B1
ef906b56-d5d3-4245-bc79-49fef44e1496,bunch,/bʌntʃ/,"chùm, nhóm, bó","In Sports & Fitness, 'bunch' is an essential term. [Trong Thể thao & Thể hình, ""bunch"" là một thuật ngữ quan trọng.]",en,sports_fitness,single_word,B2
b8456f9d-a6a2-4832-8c54-a6df559152c3,cheerful,/ˈtʃɪəfl/,"vui mừng, phấn khởi; hớn hở, tươi cười; vui mắt; vui vẻ","In Sports & Fitness, 'cheerful' is an essential term. [Trong Thể thao & Thể hình, ""cheerful"" là một thuật ngữ quan trọng.]",en,sports_fitness,single_word,C1
8233b43e-7b3a-494b-b835-a44f79eb87e6,cling,/klɪŋ/,"bám vào, dính sát vào, níu lấy; bám lấy; trung thành ; giữ mãi","In Sports & Fitness, 'cling' is an essential term. [Trong Thể thao & Thể hình, ""cling"" là một thuật ngữ quan trọng.]",en,sports_fitness,single_word,B1
df6000ce-498b-4d72-90d5-60131c31efef,competence,/ˈkɒmpɪtəns/,"năng lực, khả năng; tiền thu nhập đủ để sống sung túc","In Sports & Fitness, 'competence' is an essential term. [Trong Thể thao & Thể hình, ""competence"" là một thuật ngữ quan trọng.]",en,sports_fitness,single_word,B2
85204782-84fa-4bca-9fea-e565edda7eec,competition,/ˌkɒmpəˈtɪʃn/,"tranh đua, cạnh tranh","In Sports & Fitness, 'competition' is an essential term. [Trong Thể thao & Thể hình, ""competition"" là một thuật ngữ quan trọng.]",en,sports_fitness,single_word,C1
01fa8ced-998b-420f-a13f-e62c567b1f47,competitive,/kəmˈpetətɪv/,"cạnh tranh, đua tranh; cuộc thi tuyển","In Sports & Fitness, 'competitive' is an essential term. [Trong Thể thao & Thể hình, ""competitive"" là một thuật ngữ quan trọng.]",en,sports_fitness,single_word,B1
1aa112e2-f0d7-48db-9c23-2c4da25cc34a,competitor,/kəmˈpetɪtə(r)/,"người cạnh tranh; đấu thủ, đối thủ","In Sports & Fitness, 'competitor' is an essential term. [Trong Thể thao & Thể hình, ""competitor"" là một thuật ngữ quan trọng.]",en,sports_fitness,single_word,B2
8d2e7c73-5ccf-4905-8f00-44f99e8c9f5a,concentration,/ˌkɒnsnˈtreɪʃn/,"sự tập trung, sự cô đặc; stress c. sự tập trung ứng lực","In Sports & Fitness, 'concentration' is an essential term. [Trong Thể thao & Thể hình, ""concentration"" là một thuật ngữ quan trọng.]",en,sports_fitness,single_word,C1
f6625d8b-e0c1-40cb-90f2-e58d2263a51e,consecutive,/kənˈsekjətɪv/,liên tiếp,"In Sports & Fitness, 'consecutive' is an essential term. [Trong Thể thao & Thể hình, ""consecutive"" là một thuật ngữ quan trọng.]",en,sports_fitness,single_word,B1
cad946cf-e5f8-4ef4-9d17-ae5948a966b2,container,/kənˈteɪnə(r)/,đồ chứa; thùng hàng,"In Sports & Fitness, 'container' is an essential term. [Trong Thể thao & Thể hình, ""container"" là một thuật ngữ quan trọng.]",en,sports_fitness,single_word,B2
ad2dd015-0140-41d8-887a-40d412aa60c5,control,/kənˈtrəʊl/,"điều khiển, điều chỉnh, kiểm tra; anticipatory c. điều chỉnh trước, kiểm tra ngăn ngừa","In Sports & Fitness, 'control' is an essential term. [Trong Thể thao & Thể hình, ""control"" là một thuật ngữ quan trọng.]",en,sports_fitness,single_word,C1
4a20be2d-beea-437a-ac61-a85a0f23fb8f,correspond,/ˌkɒrəˈspɒnd/,tương ứng,"In Sports & Fitness, 'correspond' is an essential term. [Trong Thể thao & Thể hình, ""correspond"" là một thuật ngữ quan trọng.]",en,sports_fitness,single_word,B1
50886ad0-fdff-4a34-bd91-274cbb85e198,counsellor,/ˈkaʊnsələ(r)/,người khuyên bảo; cố vấn,"In Sports & Fitness, 'counsellor' is an essential term. [Trong Thể thao & Thể hình, ""counsellor"" là một thuật ngữ quan trọng.]",en,sports_fitness,single_word,B2
a02a37bc-5b0f-4258-8819-837fc4dcb0c5,curtain,/ˈkɜːtn/,"giàn, mành, màn","In Sports & Fitness, 'curtain' is an essential term. [Trong Thể thao & Thể hình, ""curtain"" là một thuật ngữ quan trọng.]",en,sports_fitness,single_word,C1
8bcf4a2f-21f8-4975-9d4c-0692cbf1cdfb,descent,/dɪˈsent/,sự giảm; constrained d. sự giảm ràng buộc,"In Sports & Fitness, 'descent' is an essential term. [Trong Thể thao & Thể hình, ""descent"" là một thuật ngữ quan trọng.]",en,sports_fitness,single_word,B1
306234fc-3acf-47e4-b490-78275b0609b1,desert,/ˈdezət/,"công lao, giá trị; sự xứng đáng, sự đáng","In Sports & Fitness, 'desert' is an essential term. [Trong Thể thao & Thể hình, ""desert"" là một thuật ngữ quan trọng.]",en,sports_fitness,single_word,B2
75797d3a-16cd-4ec6-b837-78d9a7872467,diagram,/ˈdaɪəɡræm/,"biểu đồ, sơ đồ; arithlog d. biểu đồ lôga số","In Sports & Fitness, 'diagram' is an essential term. [Trong Thể thao & Thể hình, ""diagram"" là một thuật ngữ quan trọng.]",en,sports_fitness,single_word,C1
4583b898-fedd-43c3-bc6a-eb508933a4be,dive,/daɪv/,"sự nhảy lao đầu xuống ; sự lặn; sự đâm bổ xuống, sự bổ nhào xuống","In Sports & Fitness, 'dive' is an essential term. [Trong Thể thao & Thể hình, ""dive"" là một thuật ngữ quan trọng.]",en,sports_fitness,single_word,B1
d4470ede-9f6d-484d-81b5-d331d8073914,eager,/ˈiːɡə(r)/,"ham, háo hức, hăm hở, thiết tha, hau háu; nồng","In Sports & Fitness, 'eager' is an essential term. [Trong Thể thao & Thể hình, ""eager"" là một thuật ngữ quan trọng.]",en,sports_fitness,single_word,B2
b87bea13-e33d-4948-a312-eb0cd643d615,efficiency,/ɪˈfɪʃnsi/,"hiệu suất;  hiệu quả, hiệu lực; sản lượng; average e. hiệu suất trung bình","In Sports & Fitness, 'efficiency' is an essential term. [Trong Thể thao & Thể hình, ""efficiency"" là một thuật ngữ quan trọng.]",en,sports_fitness,single_word,C1
ef66db39-1934-4400-bf0e-176c372f5cd5,elegant,/ˈelɪɡənt/,"thanh lịch, tao nhã ; nhã; cùi lách hạng nhất, chiến, cừ","In Sports & Fitness, 'elegant' is an essential term. [Trong Thể thao & Thể hình, ""elegant"" là một thuật ngữ quan trọng.]",en,sports_fitness,single_word,B1
cbaa6c74-7e18-4ef4-8868-0d40908df242,elephant,/ˈelɪfənt/,"con voi; khổ giấy 70 cm x 57, 5 cm","In Sports & Fitness, 'elephant' is an essential term. [Trong Thể thao & Thể hình, ""elephant"" là một thuật ngữ quan trọng.]",en,sports_fitness,single_word,B2
62c8e768-8eb3-4aac-8941-ef558c8931d6,enthusiastic,/ɪnˌθjuːziˈæstɪk/,"hăng hái, nhiệt tình; say mê","In Sports & Fitness, 'enthusiastic' is an essential term. [Trong Thể thao & Thể hình, ""enthusiastic"" là một thuật ngữ quan trọng.]",en,sports_fitness,single_word,C1
cf49ede1-dc4d-4922-a93e-56b64735b363,excited,/ɪkˈsaɪtɪd/,"bị kích thích, bị kích động; sôi nổi; hãy bình tĩnh! đừng nóng mà!","In Sports & Fitness, 'excited' is an essential term. [Trong Thể thao & Thể hình, ""excited"" là một thuật ngữ quan trọng.]",en,sports_fitness,single_word,B1
ad9d8535-d021-473e-bae3-0394fd83d6b2,excitement,/ɪkˈsaɪtmənt/,"sự kích thích, sự kích động; tình trạng bị kích thích, tình trạng bị kích động; sự nhộn nhịp, sự náo động, sự sôi nổi","In Sports & Fitness, 'excitement' is an essential term. [Trong Thể thao & Thể hình, ""excitement"" là một thuật ngữ quan trọng.]",en,sports_fitness,single_word,B2
8abe9542-a0df-456e-8f41-111cad9faf9d,field,/fiːld/,"trường, miền, thể phạm vi, lĩnh vực; f. of class two  trường lớp thứ hai, trường siêu Aben","In Sports & Fitness, 'field' is an essential term. [Trong Thể thao & Thể hình, ""field"" là một thuật ngữ quan trọng.]",en,sports_fitness,single_word,C1
1c55cd66-ead5-45a9-83ea-d29b1d5435ae,fishing,/ˈfɪʃɪŋ/,"sự đánh cá, sự câu cá; nghề cá","In Sports & Fitness, 'fishing' is an essential term. [Trong Thể thao & Thể hình, ""fishing"" là một thuật ngữ quan trọng.]",en,sports_fitness,single_word,B1
bd30095e-a50d-4df3-9b0f-004e028f9cef,fly,/flaɪ/,con ruồi; ruồi ; ruồi giả,"In Sports & Fitness, 'fly' is an essential term. [Trong Thể thao & Thể hình, ""fly"" là một thuật ngữ quan trọng.]",en,sports_fitness,single_word,B2
87b6a3fe-ffdc-460b-a2ef-36301e207c17,focus,/ˈfəʊkəs/,"tiêu điểm, tập trung tại tiêu điểm","In Sports & Fitness, 'focus' is an essential term. [Trong Thể thao & Thể hình, ""focus"" là một thuật ngữ quan trọng.]",en,sports_fitness,single_word,C1
d140fe43-3094-4c79-840f-862dafcd64e5,frankly,/ˈfræŋkli/,"thẳng thắn, trung thực","In Sports & Fitness, 'frankly' is an essential term. [Trong Thể thao & Thể hình, ""frankly"" là một thuật ngữ quan trọng.]",en,sports_fitness,single_word,B1
8c5f07f2-c568-4972-be1a-7bbdb7e90235,frog,/frɒɡ/,"con ếch, con ngoé; đế guốc","In Sports & Fitness, 'frog' is an essential term. [Trong Thể thao & Thể hình, ""frog"" là một thuật ngữ quan trọng.]",en,sports_fitness,single_word,B2
6205cafd-33f4-4990-aed7-402ea0a5df68,gallery,/ˈɡæləri/,"phòng trưng bày tranh tượng; nhà cầu, hành lang","In Sports & Fitness, 'gallery' is an essential term. [Trong Thể thao & Thể hình, ""gallery"" là một thuật ngữ quan trọng.]",en,sports_fitness,single_word,C1
122d6c3f-2e76-4c58-98a8-deb124285c04,glass,/ɡlɑːs/,"thuỷ tinh; gơng, áp kế, ống nhòm","In Sports & Fitness, 'glass' is an essential term. [Trong Thể thao & Thể hình, ""glass"" là một thuật ngữ quan trọng.]",en,sports_fitness,single_word,B1
bb8e224b-b137-4c08-b155-439c19276153,grace,/ɡreɪs/,"vẻ duyên dáng, vẻ yêu kiều; vẻ uyển chuyển; vẻ phong nhã, vẻ thanh nhã","In Sports & Fitness, 'grace' is an essential term. [Trong Thể thao & Thể hình, ""grace"" là một thuật ngữ quan trọng.]",en,sports_fitness,single_word,B2
90310d60-6399-414b-8f7f-e1c43be4902f,physical sport,/physical sport/,thể chất môn thể thao,"In Sports & Fitness, physical sport plays an integral role. [Trong Thể thao & Thể hình, thể chất môn thể thao đóng vai trò thiết yếu.]",en,sports_fitness,phrase,C1
fce644df-314e-494f-ae07-ce1840fad294,physical exercise,/physical exercise/,thể chất bài tập,"In Sports & Fitness, physical exercise plays an integral role. [Trong Thể thao & Thể hình, thể chất bài tập đóng vai trò thiết yếu.]",en,sports_fitness,phrase,B2
d2e5029b-045a-4104-955b-94f72a0ddc5c,physical activity,/physical activity/,thể chất hoạt động,"In Sports & Fitness, physical activity plays an integral role. [Trong Thể thao & Thể hình, thể chất hoạt động đóng vai trò thiết yếu.]",en,sports_fitness,phrase,C1
a00cc4e2-3153-4b9c-968c-50871b20ce76,physical event,/physical event/,thể chất sự kiện,"In Sports & Fitness, physical event plays an integral role. [Trong Thể thao & Thể hình, thể chất sự kiện đóng vai trò thiết yếu.]",en,sports_fitness,phrase,B1
57c5801f-0699-4463-9829-d56c81bf5f09,physical discipline,/physical discipline/,thể chất kỷ luật,"In Sports & Fitness, physical discipline plays an integral role. [Trong Thể thao & Thể hình, thể chất kỷ luật đóng vai trò thiết yếu.]",en,sports_fitness,phrase,B2
f70f1bde-3212-4401-b98a-ea1eea9e6223,physical coach,/physical coach/,thể chất huấn luyện viên,"In Sports & Fitness, physical coach plays an integral role. [Trong Thể thao & Thể hình, thể chất huấn luyện viên đóng vai trò thiết yếu.]",en,sports_fitness,phrase,C1
8ad7024b-185d-4d50-b0a0-2f5faeaeb969,athletic sport,/athletic sport/,điền kinh môn thể thao,"In Sports & Fitness, athletic sport plays an integral role. [Trong Thể thao & Thể hình, điền kinh môn thể thao đóng vai trò thiết yếu.]",en,sports_fitness,phrase,B1
870c027c-1c0b-461e-b784-eb5851f0e655,athletic exercise,/athletic exercise/,điền kinh bài tập,"In Sports & Fitness, athletic exercise plays an integral role. [Trong Thể thao & Thể hình, điền kinh bài tập đóng vai trò thiết yếu.]",en,sports_fitness,phrase,C1
6163a4fa-e929-483c-b28b-6c9cabd437ae,athletic activity,/athletic activity/,điền kinh hoạt động,"In Sports & Fitness, athletic activity plays an integral role. [Trong Thể thao & Thể hình, điền kinh hoạt động đóng vai trò thiết yếu.]",en,sports_fitness,phrase,B1
c85e100b-691c-4944-8719-845c4915224a,athletic event,/athletic event/,điền kinh sự kiện,"In Sports & Fitness, athletic event plays an integral role. [Trong Thể thao & Thể hình, điền kinh sự kiện đóng vai trò thiết yếu.]",en,sports_fitness,phrase,B2
de54f6b8-ad65-420f-965d-4fb24ca9efb6,athletic discipline,/athletic discipline/,điền kinh kỷ luật,"In Sports & Fitness, athletic discipline plays an integral role. [Trong Thể thao & Thể hình, điền kinh kỷ luật đóng vai trò thiết yếu.]",en,sports_fitness,phrase,C1
f96e04b1-8c03-4a09-bdd5-d39dfe13ee1b,athletic coach,/athletic coach/,điền kinh huấn luyện viên,"In Sports & Fitness, athletic coach plays an integral role. [Trong Thể thao & Thể hình, điền kinh huấn luyện viên đóng vai trò thiết yếu.]",en,sports_fitness,phrase,B1
f999cf10-0252-48f8-aeb6-6b364b14a8d4,competitive sport,/competitive sport/,cạnh tranh môn thể thao,"In Sports & Fitness, competitive sport plays an integral role. [Trong Thể thao & Thể hình, cạnh tranh môn thể thao đóng vai trò thiết yếu.]",en,sports_fitness,phrase,B2
a0dbc865-c602-4647-b9a3-f651f74ae77d,competitive exercise,/competitive exercise/,cạnh tranh bài tập,"In Sports & Fitness, competitive exercise plays an integral role. [Trong Thể thao & Thể hình, cạnh tranh bài tập đóng vai trò thiết yếu.]",en,sports_fitness,phrase,B1
215554e4-e872-44e7-8af4-846de6a85679,competitive activity,/competitive activity/,cạnh tranh hoạt động,"In Sports & Fitness, competitive activity plays an integral role. [Trong Thể thao & Thể hình, cạnh tranh hoạt động đóng vai trò thiết yếu.]",en,sports_fitness,phrase,B2
110c0338-05af-44cc-a829-3ae794f8bff7,competitive event,/competitive event/,cạnh tranh sự kiện,"In Sports & Fitness, competitive event plays an integral role. [Trong Thể thao & Thể hình, cạnh tranh sự kiện đóng vai trò thiết yếu.]",en,sports_fitness,phrase,C1
bc541a7e-0b01-4212-91de-ca1d4fd3786e,competitive discipline,/competitive discipline/,cạnh tranh kỷ luật,"In Sports & Fitness, competitive discipline plays an integral role. [Trong Thể thao & Thể hình, cạnh tranh kỷ luật đóng vai trò thiết yếu.]",en,sports_fitness,phrase,B1
fab1fa32-a914-4371-a5cf-e981b2be1afa,competitive coach,/competitive coach/,cạnh tranh huấn luyện viên,"In Sports & Fitness, competitive coach plays an integral role. [Trong Thể thao & Thể hình, cạnh tranh huấn luyện viên đóng vai trò thiết yếu.]",en,sports_fitness,phrase,B2
0c04f795-2c63-4ce1-af74-51c5e9854fb1,world fitness,/world fitness/,thế giới thể lực,"In Sports & Fitness, world fitness plays an integral role. [Trong Thể thao & Thể hình, thế giới thể lực đóng vai trò thiết yếu.]",en,sports_fitness,phrase,B1
5f0a1b81-31f7-48bc-a1e0-ea7ba3ee19bb,world training,/world training/,thế giới luyện tập,"In Sports & Fitness, world training plays an integral role. [Trong Thể thao & Thể hình, thế giới luyện tập đóng vai trò thiết yếu.]",en,sports_fitness,phrase,B2
a5e2d92c-7bfd-4f43-8a98-d294c110aefc,world sport,/world sport/,thế giới môn thể thao,"In Sports & Fitness, world sport plays an integral role. [Trong Thể thao & Thể hình, thế giới môn thể thao đóng vai trò thiết yếu.]",en,sports_fitness,phrase,C1
1f56a49b-34ab-43a7-a647-4703de7d7b29,world championship,/world championship/,thế giới giải vô địch,"In Sports & Fitness, world championship plays an integral role. [Trong Thể thao & Thể hình, thế giới giải vô địch đóng vai trò thiết yếu.]",en,sports_fitness,phrase,B1
7f666787-61b9-4c59-9c53-0085c31bb761,world exercise,/world exercise/,thế giới bài tập,"In Sports & Fitness, world exercise plays an integral role. [Trong Thể thao & Thể hình, thế giới bài tập đóng vai trò thiết yếu.]",en,sports_fitness,phrase,B2
6bb3abcd-3e5c-4320-8f04-a520c41fe3aa,world activity,/world activity/,thế giới hoạt động,"In Sports & Fitness, world activity plays an integral role. [Trong Thể thao & Thể hình, thế giới hoạt động đóng vai trò thiết yếu.]",en,sports_fitness,phrase,C1
b9f73aa2-ef22-4102-833f-0ad405763a69,world event,/world event/,thế giới sự kiện,"In Sports & Fitness, world event plays an integral role. [Trong Thể thao & Thể hình, thế giới sự kiện đóng vai trò thiết yếu.]",en,sports_fitness,phrase,B1
276c93e1-4626-4c22-9902-2759e16ff909,world discipline,/world discipline/,thế giới kỷ luật,"In Sports & Fitness, world discipline plays an integral role. [Trong Thể thao & Thể hình, thế giới kỷ luật đóng vai trò thiết yếu.]",en,sports_fitness,phrase,B2
d29ca10c-15fe-4814-8232-b5bbc27236e8,world coach,/world coach/,thế giới huấn luyện viên,"In Sports & Fitness, world coach plays an integral role. [Trong Thể thao & Thể hình, thế giới huấn luyện viên đóng vai trò thiết yếu.]",en,sports_fitness,phrase,C1
b6fce635-45da-4f58-aa48-baf6a1de9e62,world performance,/world performance/,thế giới phong độ,"In Sports & Fitness, world performance plays an integral role. [Trong Thể thao & Thể hình, thế giới phong độ đóng vai trò thiết yếu.]",en,sports_fitness,phrase,B1
3e95ae08-fff4-46ed-8a9d-70b5f696a152,cardio fitness,/cardio fitness/,tim mạch thể lực,"In Sports & Fitness, cardio fitness plays an integral role. [Trong Thể thao & Thể hình, tim mạch thể lực đóng vai trò thiết yếu.]",en,sports_fitness,phrase,B2
d89763e9-0214-4264-a08e-485f1e3c3fd5,cardio training,/cardio training/,tim mạch luyện tập,"In Sports & Fitness, cardio training plays an integral role. [Trong Thể thao & Thể hình, tim mạch luyện tập đóng vai trò thiết yếu.]",en,sports_fitness,phrase,C1
f2faafe8-2a43-4ec0-b0db-5883d4645bd6,cardio sport,/cardio sport/,tim mạch môn thể thao,"In Sports & Fitness, cardio sport plays an integral role. [Trong Thể thao & Thể hình, tim mạch môn thể thao đóng vai trò thiết yếu.]",en,sports_fitness,phrase,B1
41f27ee7-b9e0-4884-b6e8-81c4682eaf71,cardio championship,/cardio championship/,tim mạch giải vô địch,"In Sports & Fitness, cardio championship plays an integral role. [Trong Thể thao & Thể hình, tim mạch giải vô địch đóng vai trò thiết yếu.]",en,sports_fitness,phrase,B2
c084cdce-6891-4fbc-8444-dfb4a5285ffd,cardio exercise,/cardio exercise/,tim mạch bài tập,"In Sports & Fitness, cardio exercise plays an integral role. [Trong Thể thao & Thể hình, tim mạch bài tập đóng vai trò thiết yếu.]",en,sports_fitness,phrase,C1
46a219b7-5881-49bd-ac74-23621da647af,cardio activity,/cardio activity/,tim mạch hoạt động,"In Sports & Fitness, cardio activity plays an integral role. [Trong Thể thao & Thể hình, tim mạch hoạt động đóng vai trò thiết yếu.]",en,sports_fitness,phrase,B1
53782585-c410-47dc-8c73-e97a1e8513a5,cardio event,/cardio event/,tim mạch sự kiện,"In Sports & Fitness, cardio event plays an integral role. [Trong Thể thao & Thể hình, tim mạch sự kiện đóng vai trò thiết yếu.]",en,sports_fitness,phrase,B2
6f5fbd7b-a72f-4569-8cf2-0806ae6e8654,cardio discipline,/cardio discipline/,tim mạch kỷ luật,"In Sports & Fitness, cardio discipline plays an integral role. [Trong Thể thao & Thể hình, tim mạch kỷ luật đóng vai trò thiết yếu.]",en,sports_fitness,phrase,C1
ee3f0941-5996-495f-ae51-a83581289c59,cardio coach,/cardio coach/,tim mạch huấn luyện viên,"In Sports & Fitness, cardio coach plays an integral role. [Trong Thể thao & Thể hình, tim mạch huấn luyện viên đóng vai trò thiết yếu.]",en,sports_fitness,phrase,B1
fba96866-00e4-4622-a75f-b014def7d963,cardio performance,/cardio performance/,tim mạch phong độ,"In Sports & Fitness, cardio performance plays an integral role. [Trong Thể thao & Thể hình, tim mạch phong độ đóng vai trò thiết yếu.]",en,sports_fitness,phrase,B2
a0b1b5b5-a95f-4009-8ab6-160913b18dd6,aerobic sport,/aerobic sport/,hiếu khí môn thể thao,"In Sports & Fitness, aerobic sport plays an integral role. [Trong Thể thao & Thể hình, hiếu khí môn thể thao đóng vai trò thiết yếu.]",en,sports_fitness,phrase,B2
caf6bb3f-524e-47cf-81d7-c9f6d20015f7,aerobic exercise,/aerobic exercise/,hiếu khí bài tập,"In Sports & Fitness, aerobic exercise plays an integral role. [Trong Thể thao & Thể hình, hiếu khí bài tập đóng vai trò thiết yếu.]",en,sports_fitness,phrase,B1
f52bac39-517d-4378-8ce8-0a2130746ce3,aerobic activity,/aerobic activity/,hiếu khí hoạt động,"In Sports & Fitness, aerobic activity plays an integral role. [Trong Thể thao & Thể hình, hiếu khí hoạt động đóng vai trò thiết yếu.]",en,sports_fitness,phrase,B2
42b29a2e-8ef1-4f13-9c45-8cb167be531f,aerobic event,/aerobic event/,hiếu khí sự kiện,"In Sports & Fitness, aerobic event plays an integral role. [Trong Thể thao & Thể hình, hiếu khí sự kiện đóng vai trò thiết yếu.]",en,sports_fitness,phrase,C1
017c9647-f476-4469-82b8-c385826e9f93,aerobic discipline,/aerobic discipline/,hiếu khí kỷ luật,"In Sports & Fitness, aerobic discipline plays an integral role. [Trong Thể thao & Thể hình, hiếu khí kỷ luật đóng vai trò thiết yếu.]",en,sports_fitness,phrase,B1
864ae279-b925-4576-b57d-9e4d34feb438,aerobic coach,/aerobic coach/,hiếu khí huấn luyện viên,"In Sports & Fitness, aerobic coach plays an integral role. [Trong Thể thao & Thể hình, hiếu khí huấn luyện viên đóng vai trò thiết yếu.]",en,sports_fitness,phrase,B2
d21c1dbf-fdcc-4dcc-8868-9efc649b43a1,outdoor fitness,/outdoor fitness/,ngoài trời thể lực,"In Sports & Fitness, outdoor fitness plays an integral role. [Trong Thể thao & Thể hình, ngoài trời thể lực đóng vai trò thiết yếu.]",en,sports_fitness,phrase,B1
4047b272-a3f6-482e-9a9b-d14c8a86ccb5,outdoor training,/outdoor training/,ngoài trời luyện tập,"In Sports & Fitness, outdoor training plays an integral role. [Trong Thể thao & Thể hình, ngoài trời luyện tập đóng vai trò thiết yếu.]",en,sports_fitness,phrase,B2
974e9330-2165-4b6f-863c-1e1bc9aef584,outdoor sport,/outdoor sport/,ngoài trời môn thể thao,"In Sports & Fitness, outdoor sport plays an integral role. [Trong Thể thao & Thể hình, ngoài trời môn thể thao đóng vai trò thiết yếu.]",en,sports_fitness,phrase,C1
9db8447b-ed51-4c65-b06d-e09f0ba8ce81,outdoor championship,/outdoor championship/,ngoài trời giải vô địch,"In Sports & Fitness, outdoor championship plays an integral role. [Trong Thể thao & Thể hình, ngoài trời giải vô địch đóng vai trò thiết yếu.]",en,sports_fitness,phrase,B1
acdabed7-fa83-4639-a887-c7d9a007d23b,outdoor exercise,/outdoor exercise/,ngoài trời bài tập,"In Sports & Fitness, outdoor exercise plays an integral role. [Trong Thể thao & Thể hình, ngoài trời bài tập đóng vai trò thiết yếu.]",en,sports_fitness,phrase,B2
a3094611-0794-4fd0-9730-08d9c8699cbe,outdoor activity,/outdoor activity/,ngoài trời hoạt động,"In Sports & Fitness, outdoor activity plays an integral role. [Trong Thể thao & Thể hình, ngoài trời hoạt động đóng vai trò thiết yếu.]",en,sports_fitness,phrase,C1
570da18c-1e6a-4fd2-a494-8baca73fbc37,cabin,/ˈkæbɪn/,"phòng, buồng","In Daily Life & Routine, 'cabin' is an essential term. [Trong Đời sống hàng ngày, ""cabin"" là một thuật ngữ quan trọng.]",en,daily_life_routine,single_word,B1
dda210cf-5bc6-481c-aacc-a5bf6d25b99a,date,/deɪt/,ngày; tháng // ghi ngày,"In Daily Life & Routine, 'date' is an essential term. [Trong Đời sống hàng ngày, ""date"" là một thuật ngữ quan trọng.]",en,daily_life_routine,single_word,B2
b2b197e8-8234-4b92-876c-30df9f6d9ee8,dawn,/dɔːn/,"bình minh, rạng đông, lúc sáng tinh mơ; buổi đầu; sự hé rạng; tia sáng đầu tiên","In Daily Life & Routine, 'dawn' is an essential term. [Trong Đời sống hàng ngày, ""dawn"" là một thuật ngữ quan trọng.]",en,daily_life_routine,single_word,C1
dde3c7d9-26d8-4fd4-bd18-b2648eab73f7,evening,/ˈiːvnɪŋ/,"buổi chiều, buổi tối, tối đêm; lúc xế bóng","In Daily Life & Routine, 'evening' is an essential term. [Trong Đời sống hàng ngày, ""evening"" là một thuật ngữ quan trọng.]",en,daily_life_routine,single_word,B1
f5ad94d9-0f4c-4ffc-958e-1bc40797688f,full-time,/ˌfʊl ˈtaɪm/,về hoặc trong toàn bộ ngày làm việc hoặc tuần làm việc; trên cơ sở làm việc trọn ngày hoặc trọn tuần,"In Daily Life & Routine, 'full-time' is an essential term. [Trong Đời sống hàng ngày, ""full-time"" là một thuật ngữ quan trọng.]",en,daily_life_routine,single_word,B2
c2cf6b54-fbc0-4471-a9e4-3fda5ed05cbb,leave,/liːv/,"để lại, còn lại","In Daily Life & Routine, 'leave' is an essential term. [Trong Đời sống hàng ngày, ""leave"" là một thuật ngữ quan trọng.]",en,daily_life_routine,single_word,C1
6607ab70-54db-415c-9731-8256d5f7d5f9,moon,/muːn/,mặt trăng; full m. tuần trăng tròn,"In Daily Life & Routine, 'moon' is an essential term. [Trong Đời sống hàng ngày, ""moon"" là một thuật ngữ quan trọng.]",en,daily_life_routine,single_word,B1
c8a0eb5a-4ffb-479a-94d6-788d24c6276d,noon,/nuːn/,"trưa, buổi trưa; đỉnh cao nhất","In Daily Life & Routine, 'noon' is an essential term. [Trong Đời sống hàng ngày, ""noon"" là một thuật ngữ quan trọng.]",en,daily_life_routine,single_word,B2
11a5cacc-8735-418c-9777-cb5f0bd450e0,part-time,/ˌpɑːt ˈtaɪm/,không trọn ngày công,"In Daily Life & Routine, 'part-time' is an essential term. [Trong Đời sống hàng ngày, ""part-time"" là một thuật ngữ quan trọng.]",en,daily_life_routine,single_word,C1
6f6433e5-f111-4cbe-9eb0-503e3bbbc17c,servant,/ˈsɜːvənt/,"người hầu, người đầy tớ, người ở; bầy tôi trung thành","In Daily Life & Routine, 'servant' is an essential term. [Trong Đời sống hàng ngày, ""servant"" là một thuật ngữ quan trọng.]",en,daily_life_routine,single_word,B1
711679f4-25ef-4ba3-88de-2a75a989a21b,young,/jʌŋ/,"trẻ, trẻ tuổi, thiếu niên, thanh niên; non","In Daily Life & Routine, 'young' is an essential term. [Trong Đời sống hàng ngày, ""young"" là một thuật ngữ quan trọng.]",en,daily_life_routine,single_word,B2
736db70d-fcde-4098-9494-7e3b6c96abb5,accumulate,/əˈkjuːmjəleɪt/,"tích luỹ, tụ","In Daily Life & Routine, 'accumulate' is an essential term. [Trong Đời sống hàng ngày, ""accumulate"" là một thuật ngữ quan trọng.]",en,daily_life_routine,single_word,C1
2aba6b67-3d57-4fb8-ac6c-a50a7ca4739a,after,/ˈɑːftə(r)/,"sau, đằng sau; sau, sau khi","In Daily Life & Routine, 'after' is an essential term. [Trong Đời sống hàng ngày, ""after"" là một thuật ngữ quan trọng.]",en,daily_life_routine,single_word,B1
6b27f65b-1497-4adc-ae47-e1d59d65b6e0,again,/əˈɡen/,"lại, lần nữa, nữa; trở lại","In Daily Life & Routine, 'again' is an essential term. [Trong Đời sống hàng ngày, ""again"" là một thuật ngữ quan trọng.]",en,daily_life_routine,single_word,B2
30b08620-b6ed-4194-8ccb-cb6082a2db9d,bath,/bɑːθ/,"sự tắm; chậu tắm, bồn tắm, nhà tắm","In Daily Life & Routine, 'bath' is an essential term. [Trong Đời sống hàng ngày, ""bath"" là một thuật ngữ quan trọng.]",en,daily_life_routine,single_word,C1
bb75412a-9637-4c8a-86df-e4af9d18cc8c,bathroom,/ˈbɑːθruːm/,thành ngữ bath; bathroom,"In Daily Life & Routine, 'bathroom' is an essential term. [Trong Đời sống hàng ngày, ""bathroom"" là một thuật ngữ quan trọng.]",en,daily_life_routine,single_word,B1
184a8886-acff-4747-95f0-7c821d07a096,bed,/bed/,cái giường; nền,"In Daily Life & Routine, 'bed' is an essential term. [Trong Đời sống hàng ngày, ""bed"" là một thuật ngữ quan trọng.]",en,daily_life_routine,single_word,B2
950a417e-1faa-47ab-a0a7-7d17cfda708c,bedroom,/ˈbedruːm/,buồng ngủ,"In Daily Life & Routine, 'bedroom' is an essential term. [Trong Đời sống hàng ngày, ""bedroom"" là một thuật ngữ quan trọng.]",en,daily_life_routine,single_word,C1
f8bd3862-65ba-418b-9457-dc2b90e20cb9,between,/bɪˈtwiːn/,giữa,"In Daily Life & Routine, 'between' is an essential term. [Trong Đời sống hàng ngày, ""between"" là một thuật ngữ quan trọng.]",en,daily_life_routine,single_word,B1
3b9ad48e-ac25-4fab-9e8a-f0bec27f2178,bomb,/bɒm/,bỏ bom,"In Daily Life & Routine, 'bomb' is an essential term. [Trong Đời sống hàng ngày, ""bomb"" là một thuật ngữ quan trọng.]",en,daily_life_routine,single_word,B2
9f0a4550-366a-40f0-9859-145dad36979e,borrow,/ˈbɒrəʊ/,"vay, mượn; theo, mượn","In Daily Life & Routine, 'borrow' is an essential term. [Trong Đời sống hàng ngày, ""borrow"" là một thuật ngữ quan trọng.]",en,daily_life_routine,single_word,C1
f95ebb17-248e-4d1d-b990-0aa549816972,bother,/ˈbɒðə(r)/,"điều bực mình, điều khó chịu, điều buồn bực, điều phiền muộn; sự lo lắng","In Daily Life & Routine, 'bother' is an essential term. [Trong Đời sống hàng ngày, ""bother"" là một thuật ngữ quan trọng.]",en,daily_life_routine,single_word,B1
7976c739-8754-4764-977f-78b92c3f8222,bride,/braɪd/,cô dâu,"In Daily Life & Routine, 'bride' is an essential term. [Trong Đời sống hàng ngày, ""bride"" là một thuật ngữ quan trọng.]",en,daily_life_routine,single_word,B2
c19a5567-2d1b-4d6c-873e-526b7955b845,brief,/briːf/,"ngắn, vắn tắt, gọn; bản tóm tắt, bản toát yếu","In Daily Life & Routine, 'brief' is an essential term. [Trong Đời sống hàng ngày, ""brief"" là một thuật ngữ quan trọng.]",en,daily_life_routine,single_word,C1
d46b6831-c5d5-4a44-a6d7-c5dbe9e363c4,briefly,/ˈbriːfli/,"ngắn gọn, vắn tắt, tóm tắt","In Daily Life & Routine, 'briefly' is an essential term. [Trong Đời sống hàng ngày, ""briefly"" là một thuật ngữ quan trọng.]",en,daily_life_routine,single_word,B1
16cef347-aba0-4a26-b29a-a100ec4c7f2c,climb,/klaɪm/,sự leo trèo; vật trèo qua; vật phải trèo lên,"In Daily Life & Routine, 'climb' is an essential term. [Trong Đời sống hàng ngày, ""climb"" là một thuật ngữ quan trọng.]",en,daily_life_routine,single_word,B2
c7b1a1bc-51e9-4960-9ecb-ed46fbd846e3,coincidence,/kəʊˈɪnsɪdəns/,sự trùng,"In Daily Life & Routine, 'coincidence' is an essential term. [Trong Đời sống hàng ngày, ""coincidence"" là một thuật ngữ quan trọng.]",en,daily_life_routine,single_word,C1
11653cdd-5642-4c54-bd66-df03a4f4a66c,combat,/ˈkɒmbæt/,"trận, trận đấu, trận đánh, trận chiến đấu; đánh nhau, chiến đấu","In Daily Life & Routine, 'combat' is an essential term. [Trong Đời sống hàng ngày, ""combat"" là một thuật ngữ quan trọng.]",en,daily_life_routine,single_word,B1
66e002ce-dd8a-4f44-8419-7f3c6b76dd02,constant,/ˈkɒnstənt/,"bằng số, hằng lượng, số không đổi; c. of integration hằng số tích phân","In Daily Life & Routine, 'constant' is an essential term. [Trong Đời sống hàng ngày, ""constant"" là một thuật ngữ quan trọng.]",en,daily_life_routine,single_word,B2
e6d84b31-b20a-4e1a-ae63-22002aecce87,constantly,/ˈkɒnstəntli/,";  hằng số; luôn luôn, liên miên","In Daily Life & Routine, 'constantly' is an essential term. [Trong Đời sống hàng ngày, ""constantly"" là một thuật ngữ quan trọng.]",en,daily_life_routine,single_word,C1
73f6d921-ed0d-4a6a-b09e-e9e82da6179b,contemporary,/kənˈtemprəri/,đương thời; cùng thời; cùng tuổi ; xuất bản cùng thời,"In Daily Life & Routine, 'contemporary' is an essential term. [Trong Đời sống hàng ngày, ""contemporary"" là một thuật ngữ quan trọng.]",en,daily_life_routine,single_word,B1
8901f5ae-8236-4ba7-9a1b-f8bd2cf30e28,continually,/kənˈtɪnjuəli/,"liên tục, không ngớt","In Daily Life & Routine, 'continually' is an essential term. [Trong Đời sống hàng ngày, ""continually"" là một thuật ngữ quan trọng.]",en,daily_life_routine,single_word,B2
349e95c5-babd-4cdc-b796-38bcbd6839fa,continuous,/kənˈtɪnjuəs/,liên tục,"In Daily Life & Routine, 'continuous' is an essential term. [Trong Đời sống hàng ngày, ""continuous"" là một thuật ngữ quan trọng.]",en,daily_life_routine,single_word,C1
5a3fb975-af72-44b6-b29c-e87879241e6c,cottage,/ˈkɒtɪdʒ/,nhà tranh; nhà riêng ở nông thôn,"In Daily Life & Routine, 'cottage' is an essential term. [Trong Đời sống hàng ngày, ""cottage"" là một thuật ngữ quan trọng.]",en,daily_life_routine,single_word,B1
a528c028-75db-4c69-89bc-75bc12e8d0db,dark,/dɑːk/,"tối, tối tăm, tối mò; mù mịt, u ám; ngăm ngăm đen, đen huyền","In Daily Life & Routine, 'dark' is an essential term. [Trong Đời sống hàng ngày, ""dark"" là một thuật ngữ quan trọng.]",en,daily_life_routine,single_word,B2
0b998979-bc85-4c06-ade4-e350aac24491,dead,/ded/,chết,"In Daily Life & Routine, 'dead' is an essential term. [Trong Đời sống hàng ngày, ""dead"" là một thuật ngữ quan trọng.]",en,daily_life_routine,single_word,C1
f190d884-ef2b-4133-90f6-0eae790c5ef7,deficit,/ˈdefɪsɪt/,Thâm hụt,"In Daily Life & Routine, 'deficit' is an essential term. [Trong Đời sống hàng ngày, ""deficit"" là một thuật ngữ quan trọng.]",en,daily_life_routine,single_word,B1
a7185c1d-dc5a-45e2-bddb-dc13f0dffc89,delay,/dɪˈleɪ/,"làm chậm trễ // sự trậm, sự trễ; adjustable d. sự trễ điều chỉnh được","In Daily Life & Routine, 'delay' is an essential term. [Trong Đời sống hàng ngày, ""delay"" là một thuật ngữ quan trọng.]",en,daily_life_routine,single_word,B2
35c8cc3b-4628-48a7-ab0f-0b3bbd7255a0,dirty,/ˈdɜːti/,"bẩn thỉu, dơ bẩn, dơ dáy; cáu ghét, cáu bẩn, đầy bùn bẩn; có mưa gió sụt sùi, nhớp nháp bẩn thỉu; xấu","In Daily Life & Routine, 'dirty' is an essential term. [Trong Đời sống hàng ngày, ""dirty"" là một thuật ngữ quan trọng.]",en,daily_life_routine,single_word,C1
87f0e5ea-bf40-4021-a16e-0751c7035eab,distant,/ˈdɪstənt/,"xa, cách, xa cách; có thái độ cách biệt, có thái độ xa cách, không thân mật, lạnh nhạt","In Daily Life & Routine, 'distant' is an essential term. [Trong Đời sống hàng ngày, ""distant"" là một thuật ngữ quan trọng.]",en,daily_life_routine,single_word,B1
9df2fee2-d310-45c1-9d08-5f78a62432b8,disturb,/dɪˈstɜːb/,làm nhiễu loạn,"In Daily Life & Routine, 'disturb' is an essential term. [Trong Đời sống hàng ngày, ""disturb"" là một thuật ngữ quan trọng.]",en,daily_life_routine,single_word,B2
a29bc414-3dc1-4820-a787-9bf6d723bfa2,drought,/draʊt/,hạn hán; sự khô cạn; sự khát,"In Daily Life & Routine, 'drought' is an essential term. [Trong Đời sống hàng ngày, ""drought"" là một thuật ngữ quan trọng.]",en,daily_life_routine,single_word,C1
83d9e502-a027-4dc4-b49c-e40903dd0f28,duration,/djuˈreɪʃn/,khoảng thời gian; d. of selection thời gian chọn,"In Daily Life & Routine, 'duration' is an essential term. [Trong Đời sống hàng ngày, ""duration"" là một thuật ngữ quan trọng.]",en,daily_life_routine,single_word,B1
761f4100-7f07-4d32-af64-fbeba366a902,during,/ˈdjʊərɪŋ/,trong khi lúc,"In Daily Life & Routine, 'during' is an essential term. [Trong Đời sống hàng ngày, ""during"" là một thuật ngữ quan trọng.]",en,daily_life_routine,single_word,B2
06710d19-f057-4514-9e88-ea328315ccf2,early,/ˈɜːli/,"sớm, ban đầu, đầu mùa; gần đây","In Daily Life & Routine, 'early' is an essential term. [Trong Đời sống hàng ngày, ""early"" là một thuật ngữ quan trọng.]",en,daily_life_routine,single_word,C1
37688f11-7d87-4f8a-b81a-e0e39b3393d7,efficient,/ɪˈfɪʃnt/,"hiệu dụng, hiệu nghiệm, hiệu suất;  hữu hiệu; asymtotically e. hữu hiệu tiệm cận","In Daily Life & Routine, 'efficient' is an essential term. [Trong Đời sống hàng ngày, ""efficient"" là một thuật ngữ quan trọng.]",en,daily_life_routine,single_word,B1
12b83f78-8a9f-4922-9e94-141b18e326c0,efficiently,/ɪˈfɪʃntli/,"có hiệu quả, hiệu nghiệm","In Daily Life & Routine, 'efficiently' is an essential term. [Trong Đời sống hàng ngày, ""efficiently"" là một thuật ngữ quan trọng.]",en,daily_life_routine,single_word,B2
c885f7af-de15-43ca-9ecf-2454a50123c3,end,/end/,"cuối cùng, kết thúc || điểm cuối, đầu cuối; e. of a space  điểm cuỗi cùng của một không gian","In Daily Life & Routine, 'end' is an essential term. [Trong Đời sống hàng ngày, ""end"" là một thuật ngữ quan trọng.]",en,daily_life_routine,single_word,C1
c7583f21-8632-415d-b7cb-e211084a2015,era,/ˈɪərə/,"thời đại, kỷ nguyên; đại","In Daily Life & Routine, 'era' is an essential term. [Trong Đời sống hàng ngày, ""era"" là một thuật ngữ quan trọng.]",en,daily_life_routine,single_word,B1
b4b913f6-e7e4-4c97-9009-a1fe5f8883c9,ever,/ˈevə(r)/,"bao giờ; từ trước đến giờ; hàng, từng; luôn luôn, mãi mãi","In Daily Life & Routine, 'ever' is an essential term. [Trong Đời sống hàng ngày, ""ever"" là một thuật ngữ quan trọng.]",en,daily_life_routine,single_word,B2
05a513ec-8220-4ec4-b1ea-998d9e1fb7ee,daily commute,/daily commute/,hàng ngày đi lại,"In Daily Life & Routine, daily commute plays an integral role. [Trong Đời sống hàng ngày, hàng ngày đi lại đóng vai trò thiết yếu.]",en,daily_life_routine,phrase,B2
27fca9fc-6ffc-4385-a018-f3721fe4aa6a,daily walk,/daily walk/,hàng ngày đi dạo,"In Daily Life & Routine, daily walk plays an integral role. [Trong Đời sống hàng ngày, hàng ngày đi dạo đóng vai trò thiết yếu.]",en,daily_life_routine,phrase,C1
cc137f23-71b6-4563-bd89-99915e0f8c33,daily time,/daily time/,hàng ngày thời gian,"In Daily Life & Routine, daily time plays an integral role. [Trong Đời sống hàng ngày, hàng ngày thời gian đóng vai trò thiết yếu.]",en,daily_life_routine,phrase,B2
a5d3c2d0-0dc8-4e54-b459-6db7448fec14,daily getaway,/daily getaway/,hàng ngày kỳ nghỉ ngắn,"In Daily Life & Routine, daily getaway plays an integral role. [Trong Đời sống hàng ngày, hàng ngày kỳ nghỉ ngắn đóng vai trò thiết yếu.]",en,daily_life_routine,phrase,B1
12399782-4ce5-4be1-9b38-367c42221e8b,daily relaxation,/daily relaxation/,hàng ngày thư giãn,"In Daily Life & Routine, daily relaxation plays an integral role. [Trong Đời sống hàng ngày, hàng ngày thư giãn đóng vai trò thiết yếu.]",en,daily_life_routine,phrase,C1
660b8467-7f02-440b-a0e0-2890cd7c4e8d,morning routine,/morning routine/,buổi sáng thói quen,"In Daily Life & Routine, morning routine plays an integral role. [Trong Đời sống hàng ngày, buổi sáng thói quen đóng vai trò thiết yếu.]",en,daily_life_routine,phrase,B2
13bec115-ef19-4fec-bf13-0a88e2476194,morning commute,/morning commute/,buổi sáng đi lại,"In Daily Life & Routine, morning commute plays an integral role. [Trong Đời sống hàng ngày, buổi sáng đi lại đóng vai trò thiết yếu.]",en,daily_life_routine,phrase,C1
c93853e9-4b20-4e3c-b61f-e300547de4ed,morning walk,/morning walk/,buổi sáng đi dạo,"In Daily Life & Routine, morning walk plays an integral role. [Trong Đời sống hàng ngày, buổi sáng đi dạo đóng vai trò thiết yếu.]",en,daily_life_routine,phrase,B1
2676a0f8-ccb4-4770-abba-b41abed57d8c,morning chore,/morning chore/,buổi sáng việc nhà,"In Daily Life & Routine, morning chore plays an integral role. [Trong Đời sống hàng ngày, buổi sáng việc nhà đóng vai trò thiết yếu.]",en,daily_life_routine,phrase,B2
ccef3ede-a092-4d5b-b172-dfac9ebd108d,morning time,/morning time/,buổi sáng thời gian,"In Daily Life & Routine, morning time plays an integral role. [Trong Đời sống hàng ngày, buổi sáng thời gian đóng vai trò thiết yếu.]",en,daily_life_routine,phrase,C1
6c1ea06e-7715-46d2-8a93-c02523120524,morning habit,/morning habit/,buổi sáng thói quen,"In Daily Life & Routine, morning habit plays an integral role. [Trong Đời sống hàng ngày, buổi sáng thói quen đóng vai trò thiết yếu.]",en,daily_life_routine,phrase,B1
204cb164-d7db-4613-a649-455d845de46c,morning getaway,/morning getaway/,buổi sáng kỳ nghỉ ngắn,"In Daily Life & Routine, morning getaway plays an integral role. [Trong Đời sống hàng ngày, buổi sáng kỳ nghỉ ngắn đóng vai trò thiết yếu.]",en,daily_life_routine,phrase,B2
e7c332c7-e085-4349-a3ff-67f0e774e427,morning lifestyle,/morning lifestyle/,buổi sáng lối sống,"In Daily Life & Routine, morning lifestyle plays an integral role. [Trong Đời sống hàng ngày, buổi sáng lối sống đóng vai trò thiết yếu.]",en,daily_life_routine,phrase,C1
7263796c-0962-44b2-9d93-1cf0097008aa,morning relaxation,/morning relaxation/,buổi sáng thư giãn,"In Daily Life & Routine, morning relaxation plays an integral role. [Trong Đời sống hàng ngày, buổi sáng thư giãn đóng vai trò thiết yếu.]",en,daily_life_routine,phrase,B1
2464ac83-5aa7-4c83-993b-88734e43df3a,morning schedule,/morning schedule/,buổi sáng lịch biểu,"In Daily Life & Routine, morning schedule plays an integral role. [Trong Đời sống hàng ngày, buổi sáng lịch biểu đóng vai trò thiết yếu.]",en,daily_life_routine,phrase,B2
5d0cb846-02db-4c15-8014-127424dc7a21,evening routine,/evening routine/,buổi tối thói quen,"In Daily Life & Routine, evening routine plays an integral role. [Trong Đời sống hàng ngày, buổi tối thói quen đóng vai trò thiết yếu.]",en,daily_life_routine,phrase,C1
03caedaf-29a5-421a-952d-904410c99a07,evening commute,/evening commute/,buổi tối đi lại,"In Daily Life & Routine, evening commute plays an integral role. [Trong Đời sống hàng ngày, buổi tối đi lại đóng vai trò thiết yếu.]",en,daily_life_routine,phrase,B1
239af3da-a816-4a91-b953-d4fbaf8b9f6b,evening walk,/evening walk/,buổi tối đi dạo,"In Daily Life & Routine, evening walk plays an integral role. [Trong Đời sống hàng ngày, buổi tối đi dạo đóng vai trò thiết yếu.]",en,daily_life_routine,phrase,B2
127565a8-8b79-4731-bd40-a3e365b32754,evening chore,/evening chore/,buổi tối việc nhà,"In Daily Life & Routine, evening chore plays an integral role. [Trong Đời sống hàng ngày, buổi tối việc nhà đóng vai trò thiết yếu.]",en,daily_life_routine,phrase,C1
14935552-7727-4d33-ada3-1b7a71217938,evening time,/evening time/,buổi tối thời gian,"In Daily Life & Routine, evening time plays an integral role. [Trong Đời sống hàng ngày, buổi tối thời gian đóng vai trò thiết yếu.]",en,daily_life_routine,phrase,B1
8881cb1c-7dc2-408c-a95b-a9261270245b,evening habit,/evening habit/,buổi tối thói quen,"In Daily Life & Routine, evening habit plays an integral role. [Trong Đời sống hàng ngày, buổi tối thói quen đóng vai trò thiết yếu.]",en,daily_life_routine,phrase,B2
b0c06a08-64bd-4d4c-8593-02c3fb4ae9f3,evening getaway,/evening getaway/,buổi tối kỳ nghỉ ngắn,"In Daily Life & Routine, evening getaway plays an integral role. [Trong Đời sống hàng ngày, buổi tối kỳ nghỉ ngắn đóng vai trò thiết yếu.]",en,daily_life_routine,phrase,C1
3ae3d32e-2009-44f6-86db-6822ce258ffd,evening lifestyle,/evening lifestyle/,buổi tối lối sống,"In Daily Life & Routine, evening lifestyle plays an integral role. [Trong Đời sống hàng ngày, buổi tối lối sống đóng vai trò thiết yếu.]",en,daily_life_routine,phrase,B1
2e9ae8d4-828c-4406-86fa-efd189215fff,evening relaxation,/evening relaxation/,buổi tối thư giãn,"In Daily Life & Routine, evening relaxation plays an integral role. [Trong Đời sống hàng ngày, buổi tối thư giãn đóng vai trò thiết yếu.]",en,daily_life_routine,phrase,B2
a941ddd0-ef6c-430d-b4a9-e375753e68e5,evening schedule,/evening schedule/,buổi tối lịch biểu,"In Daily Life & Routine, evening schedule plays an integral role. [Trong Đời sống hàng ngày, buổi tối lịch biểu đóng vai trò thiết yếu.]",en,daily_life_routine,phrase,C1
50df3497-9fe7-4c9b-b6a0-710b9c4c86b8,household commute,/household commute/,gia đình đi lại,"In Daily Life & Routine, household commute plays an integral role. [Trong Đời sống hàng ngày, gia đình đi lại đóng vai trò thiết yếu.]",en,daily_life_routine,phrase,B2
1eb996e1-1001-4789-b648-e958e523c8d3,household walk,/household walk/,gia đình đi dạo,"In Daily Life & Routine, household walk plays an integral role. [Trong Đời sống hàng ngày, gia đình đi dạo đóng vai trò thiết yếu.]",en,daily_life_routine,phrase,C1
efda7501-182a-409e-9bf8-792b5a0c0884,household time,/household time/,gia đình thời gian,"In Daily Life & Routine, household time plays an integral role. [Trong Đời sống hàng ngày, gia đình thời gian đóng vai trò thiết yếu.]",en,daily_life_routine,phrase,B2
20ad7084-db5e-4752-92d9-efdb0526982b,household getaway,/household getaway/,gia đình kỳ nghỉ ngắn,"In Daily Life & Routine, household getaway plays an integral role. [Trong Đời sống hàng ngày, gia đình kỳ nghỉ ngắn đóng vai trò thiết yếu.]",en,daily_life_routine,phrase,B1
e67d58be-6206-47d1-b9d0-9ab9252226ba,household relaxation,/household relaxation/,gia đình thư giãn,"In Daily Life & Routine, household relaxation plays an integral role. [Trong Đời sống hàng ngày, gia đình thư giãn đóng vai trò thiết yếu.]",en,daily_life_routine,phrase,C1
38aa8458-ecb1-4610-bf2d-54eafc5820d1,leisure routine,/leisure routine/,thảnh thơi thói quen,"In Daily Life & Routine, leisure routine plays an integral role. [Trong Đời sống hàng ngày, thảnh thơi thói quen đóng vai trò thiết yếu.]",en,daily_life_routine,phrase,B2
6bac5133-7c1d-480f-ae0f-5f57fb3575f8,leisure commute,/leisure commute/,thảnh thơi đi lại,"In Daily Life & Routine, leisure commute plays an integral role. [Trong Đời sống hàng ngày, thảnh thơi đi lại đóng vai trò thiết yếu.]",en,daily_life_routine,phrase,C1
bb5ad860-f452-4205-8127-3aefa8832039,leisure walk,/leisure walk/,thảnh thơi đi dạo,"In Daily Life & Routine, leisure walk plays an integral role. [Trong Đời sống hàng ngày, thảnh thơi đi dạo đóng vai trò thiết yếu.]",en,daily_life_routine,phrase,B1
0df47ed2-03df-462e-9088-c72c387f0c2c,leisure chore,/leisure chore/,thảnh thơi việc nhà,"In Daily Life & Routine, leisure chore plays an integral role. [Trong Đời sống hàng ngày, thảnh thơi việc nhà đóng vai trò thiết yếu.]",en,daily_life_routine,phrase,B2
489b6e18-bbbb-4a09-84e9-1560859f91fb,leisure time,/leisure time/,thảnh thơi thời gian,"In Daily Life & Routine, leisure time plays an integral role. [Trong Đời sống hàng ngày, thảnh thơi thời gian đóng vai trò thiết yếu.]",en,daily_life_routine,phrase,C1
c8ef8edb-266e-4146-a3fc-e0a962ed6285,leisure habit,/leisure habit/,thảnh thơi thói quen,"In Daily Life & Routine, leisure habit plays an integral role. [Trong Đời sống hàng ngày, thảnh thơi thói quen đóng vai trò thiết yếu.]",en,daily_life_routine,phrase,B1
09bb5c84-ee69-466c-9754-09ef470e33cc,leisure getaway,/leisure getaway/,thảnh thơi kỳ nghỉ ngắn,"In Daily Life & Routine, leisure getaway plays an integral role. [Trong Đời sống hàng ngày, thảnh thơi kỳ nghỉ ngắn đóng vai trò thiết yếu.]",en,daily_life_routine,phrase,B2
fc5ccb76-c6e1-47e3-9e09-6e531c483ae2,leisure lifestyle,/leisure lifestyle/,thảnh thơi lối sống,"In Daily Life & Routine, leisure lifestyle plays an integral role. [Trong Đời sống hàng ngày, thảnh thơi lối sống đóng vai trò thiết yếu.]",en,daily_life_routine,phrase,C1
24b20782-b154-4b96-9b8d-c612444c40d9,leisure relaxation,/leisure relaxation/,thảnh thơi thư giãn,"In Daily Life & Routine, leisure relaxation plays an integral role. [Trong Đời sống hàng ngày, thảnh thơi thư giãn đóng vai trò thiết yếu.]",en,daily_life_routine,phrase,B1
c727f7ca-b08d-4102-af5c-ab0f6e6687f1,leisure schedule,/leisure schedule/,thảnh thơi lịch biểu,"In Daily Life & Routine, leisure schedule plays an integral role. [Trong Đời sống hàng ngày, thảnh thơi lịch biểu đóng vai trò thiết yếu.]",en,daily_life_routine,phrase,B2
14a4928a-d554-4137-b60c-3d8eb64a7fd8,personal routine,/personal routine/,cá nhân thói quen,"In Daily Life & Routine, personal routine plays an integral role. [Trong Đời sống hàng ngày, cá nhân thói quen đóng vai trò thiết yếu.]",en,daily_life_routine,phrase,C1
75be74e9-1879-4bb9-b5b3-07ef2c1737b7,personal commute,/personal commute/,cá nhân đi lại,"In Daily Life & Routine, personal commute plays an integral role. [Trong Đời sống hàng ngày, cá nhân đi lại đóng vai trò thiết yếu.]",en,daily_life_routine,phrase,B1
e72ed50e-9161-44a6-ad01-7484e61e4f4c,personal walk,/personal walk/,cá nhân đi dạo,"In Daily Life & Routine, personal walk plays an integral role. [Trong Đời sống hàng ngày, cá nhân đi dạo đóng vai trò thiết yếu.]",en,daily_life_routine,phrase,B2
e55598ee-5fb7-4bc3-989d-bfac1b8f200b,personal chore,/personal chore/,cá nhân việc nhà,"In Daily Life & Routine, personal chore plays an integral role. [Trong Đời sống hàng ngày, cá nhân việc nhà đóng vai trò thiết yếu.]",en,daily_life_routine,phrase,C1
4b1f2a8d-6e33-4ef9-bd89-fe67136f8c8b,personal time,/personal time/,cá nhân thời gian,"In Daily Life & Routine, personal time plays an integral role. [Trong Đời sống hàng ngày, cá nhân thời gian đóng vai trò thiết yếu.]",en,daily_life_routine,phrase,B1
40e77a1e-b655-482f-89b0-1030f744363d,personal habit,/personal habit/,cá nhân thói quen,"In Daily Life & Routine, personal habit plays an integral role. [Trong Đời sống hàng ngày, cá nhân thói quen đóng vai trò thiết yếu.]",en,daily_life_routine,phrase,B2
539050c8-a1e4-482d-9565-a361930dd57a,personal getaway,/personal getaway/,cá nhân kỳ nghỉ ngắn,"In Daily Life & Routine, personal getaway plays an integral role. [Trong Đời sống hàng ngày, cá nhân kỳ nghỉ ngắn đóng vai trò thiết yếu.]",en,daily_life_routine,phrase,C1
1b42916e-7aa5-47a4-9c7a-f7a0a464d1d0,personal lifestyle,/personal lifestyle/,cá nhân lối sống,"In Daily Life & Routine, personal lifestyle plays an integral role. [Trong Đời sống hàng ngày, cá nhân lối sống đóng vai trò thiết yếu.]",en,daily_life_routine,phrase,B1
65d54cdf-c0da-4583-8adf-fc0307e92965,personal relaxation,/personal relaxation/,cá nhân thư giãn,"In Daily Life & Routine, personal relaxation plays an integral role. [Trong Đời sống hàng ngày, cá nhân thư giãn đóng vai trò thiết yếu.]",en,daily_life_routine,phrase,B2
5ff191ee-3ceb-4b64-a5c5-be3fd5d3dbd5,personal schedule,/personal schedule/,cá nhân lịch biểu,"In Daily Life & Routine, personal schedule plays an integral role. [Trong Đời sống hàng ngày, cá nhân lịch biểu đóng vai trò thiết yếu.]",en,daily_life_routine,phrase,C1
c888ce60-921d-4c16-97d6-e1633a622297,anxiety,/æŋˈzaɪəti/,"mối lo, mối lo âu, mối băn khoăn; sự lo lắng; lòng ước ao, lòng khao khát; sự khắc khoải","In Emotions & Psychology, 'anxiety' is an essential term. [Trong Cảm xúc & Tâm lý, ""anxiety"" là một thuật ngữ quan trọng.]",en,feelings_psychology,single_word,B1
7965b09e-0ca5-42ed-9a38-abe42d55262a,anxious,/ˈæŋkʃəs/,"áy náy, lo âu, lo lắng, băn khoăn; ước ao, khao khát; khắc khoải","In Emotions & Psychology, 'anxious' is an essential term. [Trong Cảm xúc & Tâm lý, ""anxious"" là một thuật ngữ quan trọng.]",en,feelings_psychology,single_word,B2
55992e54-24bf-4e74-bed9-8a7904da4f10,concerned,/kənˈsɜːnd/,"có liên quan; có dính líu; lo lắng, lo âu; quan tâm","In Emotions & Psychology, 'concerned' is an essential term. [Trong Cảm xúc & Tâm lý, ""concerned"" là một thuật ngữ quan trọng.]",en,feelings_psychology,single_word,C1
f7c245a3-43ce-4e07-9286-67802ab17f99,grave,/ɡreɪv/,"mồ, mả, phần mộ; nơi chôn vùi","In Emotions & Psychology, 'grave' is an essential term. [Trong Cảm xúc & Tâm lý, ""grave"" là một thuật ngữ quan trọng.]",en,feelings_psychology,single_word,B1
7761aa43-73f0-4e24-88f8-a09197c9e83e,happily,/ˈhæpɪli/,"sung sướng, hạnh phúc; thật là may mắn, thật là phúc","In Emotions & Psychology, 'happily' is an essential term. [Trong Cảm xúc & Tâm lý, ""happily"" là một thuật ngữ quan trọng.]",en,feelings_psychology,single_word,B2
5d4250bc-54c4-44f1-b9a2-fb1fbadfb75a,happiness,/ˈhæpinəs/,"sự sung sướng, hạnh phúc; câu nói khéo chọn; thành ngữ khéo chọn; từ dùng rất đắt","In Emotions & Psychology, 'happiness' is an essential term. [Trong Cảm xúc & Tâm lý, ""happiness"" là một thuật ngữ quan trọng.]",en,feelings_psychology,single_word,C1
a6c92022-14ad-4291-8272-da80ce0cb403,hope,/həʊp/,hy vọng; nguồn hy vọng,"In Emotions & Psychology, 'hope' is an essential term. [Trong Cảm xúc & Tâm lý, ""hope"" là một thuật ngữ quan trọng.]",en,feelings_psychology,single_word,B1
b15f966b-3393-4237-bb40-198211452540,joy,/dʒɔɪ/,"sự vui mừng, sự hân hoan, sự vui sướng; niềm vui","In Emotions & Psychology, 'joy' is an essential term. [Trong Cảm xúc & Tâm lý, ""joy"" là một thuật ngữ quan trọng.]",en,feelings_psychology,single_word,B2
304cdd86-9a9d-45c1-9464-5d933a2f91e1,meditation,/ˌmedɪˈteɪʃn/,"sự ngẫm nghĩ, sự trầm ngâm, sự trầm tư mặc tưởng","In Emotions & Psychology, 'meditation' is an essential term. [Trong Cảm xúc & Tâm lý, ""meditation"" là một thuật ngữ quan trọng.]",en,feelings_psychology,single_word,C1
f9e66ab0-5fc0-4914-b017-5f9f4ef07e63,obsession,/əbˈseʃn/,sự ảm ảnh; tình trạng bị ám ảnh; điều ám ảnh,"In Emotions & Psychology, 'obsession' is an essential term. [Trong Cảm xúc & Tâm lý, ""obsession"" là một thuật ngữ quan trọng.]",en,feelings_psychology,single_word,B1
4a749c17-63a4-481c-ac57-d169057f5adc,passionate,/ˈpæʃənət/,"sôi nổi, say sưa, say đắm, nồng nàn, nồng nhiệt, thiết tha; dễ giận, dễ cáu","In Emotions & Psychology, 'passionate' is an essential term. [Trong Cảm xúc & Tâm lý, ""passionate"" là một thuật ngữ quan trọng.]",en,feelings_psychology,single_word,B2
8ac551ad-2045-4688-ace1-ee8564c17529,regret,/rɪˈɡret/,lòng thương tiếc; sự hối tiếc; sự ân hận,"In Emotions & Psychology, 'regret' is an essential term. [Trong Cảm xúc & Tâm lý, ""regret"" là một thuật ngữ quan trọng.]",en,feelings_psychology,single_word,C1
779cf906-662f-4de3-95f8-137265ed2fe8,relaxed,/rɪˈlækst/,"thanh thản, thoải mái, không cảm thấy lo nghĩ, không cảm thấy căng thẳng","In Emotions & Psychology, 'relaxed' is an essential term. [Trong Cảm xúc & Tâm lý, ""relaxed"" là một thuật ngữ quan trọng.]",en,feelings_psychology,single_word,B1
c4d2ccce-2951-4d9e-8485-03d39bcec774,relief,/rɪˈliːf/,"sự giảm nhẹ, sự bớt đi, sự làm khuây; sự cứu tế, sự trợ cấp; sự cứu viện","In Emotions & Psychology, 'relief' is an essential term. [Trong Cảm xúc & Tâm lý, ""relief"" là một thuật ngữ quan trọng.]",en,feelings_psychology,single_word,B2
43ed88c9-8010-4a4f-8214-d9b74c1f56e8,sensation,/senˈseɪʃn/,"cảm giác; sự xúc động mạnh; sự làm quần chúng xúc động mạnh, tin giật gân","In Emotions & Psychology, 'sensation' is an essential term. [Trong Cảm xúc & Tâm lý, ""sensation"" là một thuật ngữ quan trọng.]",en,feelings_psychology,single_word,C1
bf133548-39db-436c-895d-acf5eaf66e77,sensitive,/ˈsensətɪv/,"có cảm giác;  cảm giác; dễ cảm, dễ cảm động, dễ cảm xúc; nhạy cảm","In Emotions & Psychology, 'sensitive' is an essential term. [Trong Cảm xúc & Tâm lý, ""sensitive"" là một thuật ngữ quan trọng.]",en,feelings_psychology,single_word,B1
1915ba48-a55a-41bc-b0b0-4769312fb0f9,sensitivity,/ˌsensəˈtɪvəti/,tính dễ cảm xúc; tính nhạy cảm; tính nhạy; độ nhạy,"In Emotions & Psychology, 'sensitivity' is an essential term. [Trong Cảm xúc & Tâm lý, ""sensitivity"" là một thuật ngữ quan trọng.]",en,feelings_psychology,single_word,B2
19dd72d1-1554-4090-bd67-f755dbf6e4b4,sentiment,/ˈsentɪmənt/,"tình, tình cảm; cảm nghĩ, ý kiến","In Emotions & Psychology, 'sentiment' is an essential term. [Trong Cảm xúc & Tâm lý, ""sentiment"" là một thuật ngữ quan trọng.]",en,feelings_psychology,single_word,C1
e873ec32-201b-427d-99af-a62c8b7cb0d2,shame,/ʃeɪm/,"sự thẹn, sự ngượng; sự hổ thẹn, sự tủi thẹn; điều xấu hổ, mối nhục","In Emotions & Psychology, 'shame' is an essential term. [Trong Cảm xúc & Tâm lý, ""shame"" là một thuật ngữ quan trọng.]",en,feelings_psychology,single_word,B1
86908b44-99f4-43ac-b339-985efe2bd5e8,sorry,/ˈsɒri/,"lấy làm buồn, lấy làm tiếc, lấy làm phiền; đáng buồn, xấu, tồi tàn, thiểu não","In Emotions & Psychology, 'sorry' is an essential term. [Trong Cảm xúc & Tâm lý, ""sorry"" là một thuật ngữ quan trọng.]",en,feelings_psychology,single_word,B2
c2895e85-550e-4880-bb31-cd2e3fca173f,terror,/ˈterə(r)/,"sự kinh hãi, sự khiếp sợ; vật làm khiếp sợ, người làm khiếp sợ; mối kinh hãi, nỗi khiếp sợ","In Emotions & Psychology, 'terror' is an essential term. [Trong Cảm xúc & Tâm lý, ""terror"" là một thuật ngữ quan trọng.]",en,feelings_psychology,single_word,C1
46f58528-883e-46f5-83c8-5bf23ecda95c,tragic,/ˈtrædʒɪk/,"bi kịch; bi thảm, thảm thương","In Emotions & Psychology, 'tragic' is an essential term. [Trong Cảm xúc & Tâm lý, ""tragic"" là một thuật ngữ quan trọng.]",en,feelings_psychology,single_word,B1
7b61f78f-c109-4a4b-8a79-67ce3e65923a,affection,/əˈfekʃn/,"sự làm ảnh hưởng đến, sự làm tác động đến; tình cảm, cảm xúc","In Emotions & Psychology, 'affection' is an essential term. [Trong Cảm xúc & Tâm lý, ""affection"" là một thuật ngữ quan trọng.]",en,feelings_psychology,single_word,B2
1434914a-2f3f-4b69-91b8-cca606f51d48,amid,/əˈmɪd/,"giữa, ở giữa  & ); trong quá trình","In Emotions & Psychology, 'amid' is an essential term. [Trong Cảm xúc & Tâm lý, ""amid"" là một thuật ngữ quan trọng.]",en,feelings_psychology,single_word,C1
53eb1ee9-c473-43ce-9abc-da984c1756bc,anger,/ˈæŋɡə(r)/,"sự tức giận, sự giận dữ; mối giận; chọc tức, làm tức giận","In Emotions & Psychology, 'anger' is an essential term. [Trong Cảm xúc & Tâm lý, ""anger"" là một thuật ngữ quan trọng.]",en,feelings_psychology,single_word,B1
f9091ec2-cc53-479c-ae8c-719f9f2126ff,annoying,/əˈnɔɪɪŋ/,"làm trái ý, làm khó chịu, làm bực mình; chọc tức; quấy rầy, làm phiền","In Emotions & Psychology, 'annoying' is an essential term. [Trong Cảm xúc & Tâm lý, ""annoying"" là một thuật ngữ quan trọng.]",en,feelings_psychology,single_word,B2
62318480-aa98-44a6-9f15-e6e731ba9cf5,argument,/ˈɑːɡjumənt/,"agumen, đối số; góc cực; lý luận, chứng minh; a. of a complex nhumber agumen của số phức","In Emotions & Psychology, 'argument' is an essential term. [Trong Cảm xúc & Tâm lý, ""argument"" là một thuật ngữ quan trọng.]",en,feelings_psychology,single_word,C1
3d153df6-c769-432e-8aa5-bd4d2147a19f,ashamed,/əˈʃeɪmd/,"xấu hổ, hổ thẹn, ngượng","In Emotions & Psychology, 'ashamed' is an essential term. [Trong Cảm xúc & Tâm lý, ""ashamed"" là một thuật ngữ quan trọng.]",en,feelings_psychology,single_word,B1
e048dcfe-9f69-43da-bffb-ab3bc3bc929d,attitude,/ˈætɪtjuːd/,"thái độ, quan điểm; tư thế, điệu bộ, dáng dấp","In Emotions & Psychology, 'attitude' is an essential term. [Trong Cảm xúc & Tâm lý, ""attitude"" là một thuật ngữ quan trọng.]",en,feelings_psychology,single_word,B2
ccc69ea6-fed3-47eb-912b-165ba6ec09f4,believe,/bɪˈliːv/,"tin, tin tưởng; cho rằng, nghĩ rằng","In Emotions & Psychology, 'believe' is an essential term. [Trong Cảm xúc & Tâm lý, ""believe"" là một thuật ngữ quan trọng.]",en,feelings_psychology,single_word,C1
f614b4c5-af49-4258-aeb7-047ee1276e4e,bold,/bəʊld/,đậm,"In Emotions & Psychology, 'bold' is an essential term. [Trong Cảm xúc & Tâm lý, ""bold"" là một thuật ngữ quan trọng.]",en,feelings_psychology,single_word,B1
9e7689e5-8139-44b0-b851-9f46895906f2,bored,/bɔːd/,chán,"In Emotions & Psychology, 'bored' is an essential term. [Trong Cảm xúc & Tâm lý, ""bored"" là một thuật ngữ quan trọng.]",en,feelings_psychology,single_word,B2
4ee4711f-a049-48c9-b8f0-491cc74cecff,boring,/ˈbɔːrɪŋ/,"sự khoan, sự đào; lỗ khoan","In Emotions & Psychology, 'boring' is an essential term. [Trong Cảm xúc & Tâm lý, ""boring"" là một thuật ngữ quan trọng.]",en,feelings_psychology,single_word,C1
c6bdfc7d-ccef-49b7-a1a9-d12da1c95044,conceive,/kənˈsiːv/,"nghĩ, hiểu, quan điểm được, nhận thức; tưởng tượng; ,  dạng bị động diễn đạt, bày tỏ","In Emotions & Psychology, 'conceive' is an essential term. [Trong Cảm xúc & Tâm lý, ""conceive"" là một thuật ngữ quan trọng.]",en,feelings_psychology,single_word,B1
6958371a-38a3-4c07-b3d8-eb83705dc413,confidence,/ˈkɒnfɪdəns/,"sự tin cậy, lòng tin tưởng","In Emotions & Psychology, 'confidence' is an essential term. [Trong Cảm xúc & Tâm lý, ""confidence"" là một thuật ngữ quan trọng.]",en,feelings_psychology,single_word,B2
3b73804d-7472-4e4b-9d1a-b1cbbcc076b7,confident,/ˈkɒnfɪdənt/,"tin chắc, chắc chắn; tự tin","In Emotions & Psychology, 'confident' is an essential term. [Trong Cảm xúc & Tâm lý, ""confident"" là một thuật ngữ quan trọng.]",en,feelings_psychology,single_word,C1
5cc8f5fb-42b3-4d86-896f-4721f1a96cee,consensus,/kənˈsensəs/,"sự đồng lòng, sự đồng tâm, sự nhất trí; sự liên ứng","In Emotions & Psychology, 'consensus' is an essential term. [Trong Cảm xúc & Tâm lý, ""consensus"" là một thuật ngữ quan trọng.]",en,feelings_psychology,single_word,B1
3d2cb1ac-556d-4512-bf42-3ab410dd84db,contempt,/kənˈtempt/,"sự coi khinh, sự coi thường, sự bỉ, sự khinh rẻ, sự khinh miệt; sự xúc phạm; sự không tuân lệnh","In Emotions & Psychology, 'contempt' is an essential term. [Trong Cảm xúc & Tâm lý, ""contempt"" là một thuật ngữ quan trọng.]",en,feelings_psychology,single_word,B2
54b95fd0-9d91-43e2-b7c6-1472e98fa2bb,convey,/kənˈveɪ/,"chở, chuyên chở, vận chuyển; truyền ; truyền đạt, chuyển","In Emotions & Psychology, 'convey' is an essential term. [Trong Cảm xúc & Tâm lý, ""convey"" là một thuật ngữ quan trọng.]",en,feelings_psychology,single_word,C1
35f56faf-d5e1-4ca1-8194-0eb73afe7cb6,crazy,/ˈkreɪzi/,"quá say mê; mất trí, điên dại","In Emotions & Psychology, 'crazy' is an essential term. [Trong Cảm xúc & Tâm lý, ""crazy"" là một thuật ngữ quan trọng.]",en,feelings_psychology,single_word,B1
da0b9c31-6d0a-42c2-ba7e-7c53097cbd07,dignity,/ˈdɪɡnəti/,"chân giá trị; phẩm giá, phẩm cách; lòng tự trọng","In Emotions & Psychology, 'dignity' is an essential term. [Trong Cảm xúc & Tâm lý, ""dignity"" là một thuật ngữ quan trọng.]",en,feelings_psychology,single_word,B2
05b7db40-1e9f-4523-af67-5623a4575dc4,dislike,/dɪsˈlaɪk/,"sự không ưa, sự không thích, sự ghét; không ưa, không thích, ghét","In Emotions & Psychology, 'dislike' is an essential term. [Trong Cảm xúc & Tâm lý, ""dislike"" là một thuật ngữ quan trọng.]",en,feelings_psychology,single_word,C1
e9d13db5-64c1-4b4a-a89c-2e890013f6d3,disturbing,/dɪˈstɜːbɪŋ/,làm phiền,"In Emotions & Psychology, 'disturbing' is an essential term. [Trong Cảm xúc & Tâm lý, ""disturbing"" là một thuật ngữ quan trọng.]",en,feelings_psychology,single_word,B1
eedfe391-9b1b-435e-ae06-d4a19100cc16,doubt,/daʊt/,"sự nghi ngờ, sự không rõ","In Emotions & Psychology, 'doubt' is an essential term. [Trong Cảm xúc & Tâm lý, ""doubt"" là một thuật ngữ quan trọng.]",en,feelings_psychology,single_word,B2
cac7de7a-d872-4119-b9e5-907c53d5d528,duo,/ˈdjuːəʊ/,bộ đôi,"In Emotions & Psychology, 'duo' is an essential term. [Trong Cảm xúc & Tâm lý, ""duo"" là một thuật ngữ quan trọng.]",en,feelings_psychology,single_word,C1
14714ef8-e2b4-4048-b954-22ed948f0c1c,embarrassing,/ɪmˈbærəsɪŋ/,làm lúng túng; ngăn trở,"In Emotions & Psychology, 'embarrassing' is an essential term. [Trong Cảm xúc & Tâm lý, ""embarrassing"" là một thuật ngữ quan trọng.]",en,feelings_psychology,single_word,B1
5adcc83b-b8b7-44ff-a8a1-bae0829440e0,embassy,/ˈembəsi/,"chức đại sứ, hàm đại sứ; toà đại sứ; đại sứ và cán bộ nhân viên; sứ mệnh","In Emotions & Psychology, 'embassy' is an essential term. [Trong Cảm xúc & Tâm lý, ""embassy"" là một thuật ngữ quan trọng.]",en,feelings_psychology,single_word,B2
6d8d859a-002b-4349-af38-2338dc0f73e2,encouraging,/ɪnˈkʌrɪdʒɪŋ/,"làm can đảm, làm mạnh dạn; khuyến khích, cổ vũ, động viên","In Emotions & Psychology, 'encouraging' is an essential term. [Trong Cảm xúc & Tâm lý, ""encouraging"" là một thuật ngữ quan trọng.]",en,feelings_psychology,single_word,C1
0c0d8739-a71c-4f0d-9e24-b96c18123be4,enthusiasm,/ɪnˈθjuːziæzəm/,"sự hăng hái, sự nhiệt tình","In Emotions & Psychology, 'enthusiasm' is an essential term. [Trong Cảm xúc & Tâm lý, ""enthusiasm"" là một thuật ngữ quan trọng.]",en,feelings_psychology,single_word,B1
0e75a0bc-3faf-47e1-8831-0207cafe9c01,fond,/fɒnd/,"nền; yêu mến quá đỗi, yêu dấu; trìu mếm","In Emotions & Psychology, 'fond' is an essential term. [Trong Cảm xúc & Tâm lý, ""fond"" là một thuật ngữ quan trọng.]",en,feelings_psychology,single_word,B2
22655e31-5205-444e-9bbc-e2ea5ab06a3b,emotional health,/emotional health/,cảm xúc sức khỏe,"In Emotions & Psychology, emotional health plays an integral role. [Trong Cảm xúc & Tâm lý, cảm xúc sức khỏe đóng vai trò thiết yếu.]",en,feelings_psychology,phrase,B2
6ef2fc46-1d08-4563-9630-f7ef1d206bde,emotional therapy,/emotional therapy/,cảm xúc trị liệu,"In Emotions & Psychology, emotional therapy plays an integral role. [Trong Cảm xúc & Tâm lý, cảm xúc trị liệu đóng vai trò thiết yếu.]",en,feelings_psychology,phrase,C1
696780f0-f7ff-4f0c-9575-e3b3f0759662,emotional wellbeing,/emotional wellbeing/,cảm xúc an vui,"In Emotions & Psychology, emotional wellbeing plays an integral role. [Trong Cảm xúc & Tâm lý, cảm xúc an vui đóng vai trò thiết yếu.]",en,feelings_psychology,phrase,B1
1cbe2cb2-889d-402e-b7c4-318658dbb633,emotional mindset,/emotional mindset/,cảm xúc tư duy,"In Emotions & Psychology, emotional mindset plays an integral role. [Trong Cảm xúc & Tâm lý, cảm xúc tư duy đóng vai trò thiết yếu.]",en,feelings_psychology,phrase,B2
fb5fa934-0399-4ba2-af76-0371c3b00335,emotional peace,/emotional peace/,cảm xúc bình yên,"In Emotions & Psychology, emotional peace plays an integral role. [Trong Cảm xúc & Tâm lý, cảm xúc bình yên đóng vai trò thiết yếu.]",en,feelings_psychology,phrase,C1
b7735fd4-075d-4a15-862c-fafd5ed81852,emotional connection,/emotional connection/,cảm xúc kết nối,"In Emotions & Psychology, emotional connection plays an integral role. [Trong Cảm xúc & Tâm lý, cảm xúc kết nối đóng vai trò thiết yếu.]",en,feelings_psychology,phrase,B1
b51a2d51-e5d0-46fd-8463-f593beebd998,emotional awareness,/emotional awareness/,cảm xúc nhận thức,"In Emotions & Psychology, emotional awareness plays an integral role. [Trong Cảm xúc & Tâm lý, cảm xúc nhận thức đóng vai trò thiết yếu.]",en,feelings_psychology,phrase,B2
22fb28d3-00cd-430a-92bc-bdd5f4ced51a,emotional management,/emotional management/,cảm xúc kiểm soát,"In Emotions & Psychology, emotional management plays an integral role. [Trong Cảm xúc & Tâm lý, cảm xúc kiểm soát đóng vai trò thiết yếu.]",en,feelings_psychology,phrase,C1
91514c3b-cf90-4199-8203-b3d0d0140c63,emotional counseling,/emotional counseling/,cảm xúc tư vấn,"In Emotions & Psychology, emotional counseling plays an integral role. [Trong Cảm xúc & Tâm lý, cảm xúc tư vấn đóng vai trò thiết yếu.]",en,feelings_psychology,phrase,B1
671663dc-51a9-4e10-be58-d8dcc9294c4a,mental resilience,/mental resilience/,tinh thần kiên cường,"In Emotions & Psychology, mental resilience plays an integral role. [Trong Cảm xúc & Tâm lý, tinh thần kiên cường đóng vai trò thiết yếu.]",en,feelings_psychology,phrase,B2
02e58069-5b8b-4657-85e1-3ffe71e0bb1c,mental health,/mental health/,tinh thần sức khỏe,"In Emotions & Psychology, mental health plays an integral role. [Trong Cảm xúc & Tâm lý, tinh thần sức khỏe đóng vai trò thiết yếu.]",en,feelings_psychology,phrase,C1
1e005592-b2d5-4cfb-a03b-1f0a1eae322b,mental therapy,/mental therapy/,tinh thần trị liệu,"In Emotions & Psychology, mental therapy plays an integral role. [Trong Cảm xúc & Tâm lý, tinh thần trị liệu đóng vai trò thiết yếu.]",en,feelings_psychology,phrase,B1
75c297d8-c50a-4360-937f-3a6133cb6706,mental wellbeing,/mental wellbeing/,tinh thần an vui,"In Emotions & Psychology, mental wellbeing plays an integral role. [Trong Cảm xúc & Tâm lý, tinh thần an vui đóng vai trò thiết yếu.]",en,feelings_psychology,phrase,B2
bf61ad0c-c4f7-4c84-a90c-96c5f7d06265,mental mindset,/mental mindset/,tinh thần tư duy,"In Emotions & Psychology, mental mindset plays an integral role. [Trong Cảm xúc & Tâm lý, tinh thần tư duy đóng vai trò thiết yếu.]",en,feelings_psychology,phrase,C1
feb3410a-6e5b-4e52-a114-a41adb47c9a0,mental peace,/mental peace/,tinh thần bình yên,"In Emotions & Psychology, mental peace plays an integral role. [Trong Cảm xúc & Tâm lý, tinh thần bình yên đóng vai trò thiết yếu.]",en,feelings_psychology,phrase,B1
b56107f8-bfc4-4f74-93d0-d67eb5c2d2b2,mental connection,/mental connection/,tinh thần kết nối,"In Emotions & Psychology, mental connection plays an integral role. [Trong Cảm xúc & Tâm lý, tinh thần kết nối đóng vai trò thiết yếu.]",en,feelings_psychology,phrase,B2
c95621a5-c97f-4003-8075-4f67ee3610ef,mental awareness,/mental awareness/,tinh thần nhận thức,"In Emotions & Psychology, mental awareness plays an integral role. [Trong Cảm xúc & Tâm lý, tinh thần nhận thức đóng vai trò thiết yếu.]",en,feelings_psychology,phrase,C1
aad5b792-e840-4cc2-a6ae-0374fd12024b,mental management,/mental management/,tinh thần kiểm soát,"In Emotions & Psychology, mental management plays an integral role. [Trong Cảm xúc & Tâm lý, tinh thần kiểm soát đóng vai trò thiết yếu.]",en,feelings_psychology,phrase,B1
2e57744c-470a-4f25-9885-0ca8a53da41c,mental counseling,/mental counseling/,tinh thần tư vấn,"In Emotions & Psychology, mental counseling plays an integral role. [Trong Cảm xúc & Tâm lý, tinh thần tư vấn đóng vai trò thiết yếu.]",en,feelings_psychology,phrase,B2
917dd13b-6bdb-4b09-8a9f-6389a841e107,cognitive health,/cognitive health/,nhận thức sức khỏe,"In Emotions & Psychology, cognitive health plays an integral role. [Trong Cảm xúc & Tâm lý, nhận thức sức khỏe đóng vai trò thiết yếu.]",en,feelings_psychology,phrase,B1
1fbd5915-90ce-47df-b2e4-b316e1c0fe9f,cognitive therapy,/cognitive therapy/,nhận thức trị liệu,"In Emotions & Psychology, cognitive therapy plays an integral role. [Trong Cảm xúc & Tâm lý, nhận thức trị liệu đóng vai trò thiết yếu.]",en,feelings_psychology,phrase,B2
a85de99c-8023-4877-87b0-70a4bf319c4d,cognitive wellbeing,/cognitive wellbeing/,nhận thức an vui,"In Emotions & Psychology, cognitive wellbeing plays an integral role. [Trong Cảm xúc & Tâm lý, nhận thức an vui đóng vai trò thiết yếu.]",en,feelings_psychology,phrase,C1
2f1ddf65-6cc7-43a3-80cf-c4c24f758a48,cognitive mindset,/cognitive mindset/,nhận thức tư duy,"In Emotions & Psychology, cognitive mindset plays an integral role. [Trong Cảm xúc & Tâm lý, nhận thức tư duy đóng vai trò thiết yếu.]",en,feelings_psychology,phrase,B1
6b4968d0-f152-41cc-9f96-34f4ddad9848,cognitive peace,/cognitive peace/,nhận thức bình yên,"In Emotions & Psychology, cognitive peace plays an integral role. [Trong Cảm xúc & Tâm lý, nhận thức bình yên đóng vai trò thiết yếu.]",en,feelings_psychology,phrase,B2
8acf3292-35e4-42bd-8887-ee1837f7e1ea,cognitive connection,/cognitive connection/,nhận thức kết nối,"In Emotions & Psychology, cognitive connection plays an integral role. [Trong Cảm xúc & Tâm lý, nhận thức kết nối đóng vai trò thiết yếu.]",en,feelings_psychology,phrase,C1
a3c23340-e7c1-4af6-b7c3-5dee646e16f0,cognitive awareness,/cognitive awareness/,nhận thức nhận thức,"In Emotions & Psychology, cognitive awareness plays an integral role. [Trong Cảm xúc & Tâm lý, nhận thức nhận thức đóng vai trò thiết yếu.]",en,feelings_psychology,phrase,B1
98057d1a-19b2-4780-8eac-720fe1b1d847,cognitive management,/cognitive management/,nhận thức kiểm soát,"In Emotions & Psychology, cognitive management plays an integral role. [Trong Cảm xúc & Tâm lý, nhận thức kiểm soát đóng vai trò thiết yếu.]",en,feelings_psychology,phrase,B2
e8219fbe-1ac1-4f02-95b9-071d0eb7965f,cognitive counseling,/cognitive counseling/,nhận thức tư vấn,"In Emotions & Psychology, cognitive counseling plays an integral role. [Trong Cảm xúc & Tâm lý, nhận thức tư vấn đóng vai trò thiết yếu.]",en,feelings_psychology,phrase,C1
53589d7d-018d-4459-a0e1-3fbd41b771ed,psychological health,/psychological health/,tâm lý sức khỏe,"In Emotions & Psychology, psychological health plays an integral role. [Trong Cảm xúc & Tâm lý, tâm lý sức khỏe đóng vai trò thiết yếu.]",en,feelings_psychology,phrase,B2
28ffc9f8-f7a3-4267-ae56-b020cfb2ed6e,psychological therapy,/psychological therapy/,tâm lý trị liệu,"In Emotions & Psychology, psychological therapy plays an integral role. [Trong Cảm xúc & Tâm lý, tâm lý trị liệu đóng vai trò thiết yếu.]",en,feelings_psychology,phrase,C1
96ccf988-e51b-4377-b003-6807d1214fda,psychological wellbeing,/psychological wellbeing/,tâm lý an vui,"In Emotions & Psychology, psychological wellbeing plays an integral role. [Trong Cảm xúc & Tâm lý, tâm lý an vui đóng vai trò thiết yếu.]",en,feelings_psychology,phrase,B1
d69137a3-cc34-4064-988a-8a90c47b91d1,psychological mindset,/psychological mindset/,tâm lý tư duy,"In Emotions & Psychology, psychological mindset plays an integral role. [Trong Cảm xúc & Tâm lý, tâm lý tư duy đóng vai trò thiết yếu.]",en,feelings_psychology,phrase,B2
fe9b15a1-8ee4-46ad-aa5a-7b3b0c8361f5,psychological peace,/psychological peace/,tâm lý bình yên,"In Emotions & Psychology, psychological peace plays an integral role. [Trong Cảm xúc & Tâm lý, tâm lý bình yên đóng vai trò thiết yếu.]",en,feelings_psychology,phrase,C1
e8c0fa15-ff52-4c60-b3ad-5202c7caa07b,psychological connection,/psychological connection/,tâm lý kết nối,"In Emotions & Psychology, psychological connection plays an integral role. [Trong Cảm xúc & Tâm lý, tâm lý kết nối đóng vai trò thiết yếu.]",en,feelings_psychology,phrase,B1
398e6d16-bb02-4c2c-a6b3-5c06d189101a,psychological awareness,/psychological awareness/,tâm lý nhận thức,"In Emotions & Psychology, psychological awareness plays an integral role. [Trong Cảm xúc & Tâm lý, tâm lý nhận thức đóng vai trò thiết yếu.]",en,feelings_psychology,phrase,B2
9741b279-5b3a-469a-9d8f-9a7e59c8cd43,psychological management,/psychological management/,tâm lý kiểm soát,"In Emotions & Psychology, psychological management plays an integral role. [Trong Cảm xúc & Tâm lý, tâm lý kiểm soát đóng vai trò thiết yếu.]",en,feelings_psychology,phrase,C1
656e666d-006e-40cd-826e-9ba4b49c03e9,psychological counseling,/psychological counseling/,tâm lý tư vấn,"In Emotions & Psychology, psychological counseling plays an integral role. [Trong Cảm xúc & Tâm lý, tâm lý tư vấn đóng vai trò thiết yếu.]",en,feelings_psychology,phrase,B1
19b5d265-a88c-4918-9649-57bfd827236a,positive resilience,/positive resilience/,tích cực kiên cường,"In Emotions & Psychology, positive resilience plays an integral role. [Trong Cảm xúc & Tâm lý, tích cực kiên cường đóng vai trò thiết yếu.]",en,feelings_psychology,phrase,B2
bbf1de7d-9fa6-4102-a481-94e3e88b4f19,positive health,/positive health/,tích cực sức khỏe,"In Emotions & Psychology, positive health plays an integral role. [Trong Cảm xúc & Tâm lý, tích cực sức khỏe đóng vai trò thiết yếu.]",en,feelings_psychology,phrase,C1
9d6bf7d8-49e2-4856-b832-52c55bb54ddd,positive therapy,/positive therapy/,tích cực trị liệu,"In Emotions & Psychology, positive therapy plays an integral role. [Trong Cảm xúc & Tâm lý, tích cực trị liệu đóng vai trò thiết yếu.]",en,feelings_psychology,phrase,B1
93a2f3a7-38ca-4595-8a45-b0dff2578091,positive wellbeing,/positive wellbeing/,tích cực an vui,"In Emotions & Psychology, positive wellbeing plays an integral role. [Trong Cảm xúc & Tâm lý, tích cực an vui đóng vai trò thiết yếu.]",en,feelings_psychology,phrase,B2
4e1ddd2d-4b32-4c28-838e-43b76deb0cad,positive mindset,/positive mindset/,tích cực tư duy,"In Emotions & Psychology, positive mindset plays an integral role. [Trong Cảm xúc & Tâm lý, tích cực tư duy đóng vai trò thiết yếu.]",en,feelings_psychology,phrase,C1
5e5471b2-2c1d-4999-ad4d-75218998f594,positive peace,/positive peace/,tích cực bình yên,"In Emotions & Psychology, positive peace plays an integral role. [Trong Cảm xúc & Tâm lý, tích cực bình yên đóng vai trò thiết yếu.]",en,feelings_psychology,phrase,B1
cf352ae3-9145-4d6b-b09f-2cb0610f4226,positive connection,/positive connection/,tích cực kết nối,"In Emotions & Psychology, positive connection plays an integral role. [Trong Cảm xúc & Tâm lý, tích cực kết nối đóng vai trò thiết yếu.]",en,feelings_psychology,phrase,B2
8076a123-3a38-465d-99a4-9652295bc703,positive awareness,/positive awareness/,tích cực nhận thức,"In Emotions & Psychology, positive awareness plays an integral role. [Trong Cảm xúc & Tâm lý, tích cực nhận thức đóng vai trò thiết yếu.]",en,feelings_psychology,phrase,C1
65b8e12e-8e1a-4027-bb0f-fdb7aa778bf2,positive management,/positive management/,tích cực kiểm soát,"In Emotions & Psychology, positive management plays an integral role. [Trong Cảm xúc & Tâm lý, tích cực kiểm soát đóng vai trò thiết yếu.]",en,feelings_psychology,phrase,B1
03b68825-6a8f-4de2-8678-5e1a3a7577dc,positive counseling,/positive counseling/,tích cực tư vấn,"In Emotions & Psychology, positive counseling plays an integral role. [Trong Cảm xúc & Tâm lý, tích cực tư vấn đóng vai trò thiết yếu.]",en,feelings_psychology,phrase,B2
307c89c2-c210-434b-918f-cdd33e2e5337,inner resilience,/inner resilience/,nội tâm kiên cường,"In Emotions & Psychology, inner resilience plays an integral role. [Trong Cảm xúc & Tâm lý, nội tâm kiên cường đóng vai trò thiết yếu.]",en,feelings_psychology,phrase,C1
65c16ca4-ebe5-4db5-ba3c-2db64c5a310d,inner health,/inner health/,nội tâm sức khỏe,"In Emotions & Psychology, inner health plays an integral role. [Trong Cảm xúc & Tâm lý, nội tâm sức khỏe đóng vai trò thiết yếu.]",en,feelings_psychology,phrase,B1
5b0b2759-76b1-42e2-b5bb-9af41768774f,inner therapy,/inner therapy/,nội tâm trị liệu,"In Emotions & Psychology, inner therapy plays an integral role. [Trong Cảm xúc & Tâm lý, nội tâm trị liệu đóng vai trò thiết yếu.]",en,feelings_psychology,phrase,B2
4c27b7fa-0b5b-4bc5-a267-cb0502745eca,tension,/ˈtenʃn/,"sự kéo, sự căng, sức căng; surface t. sức căng mặt ngoài","In Family & Relationships, 'tension' is an essential term. [Trong Gia đình & Mối quan hệ, ""tension"" là một thuật ngữ quan trọng.]",en,relationships_family,single_word,B1
483afd99-a5aa-40ec-b2c3-8960c1f20d9b,born,/bɔːn/,"bẩm sinh, đẻ ra đã là; thậm, chí, hết sức","In Family & Relationships, 'born' is an essential term. [Trong Gia đình & Mối quan hệ, ""born"" là một thuật ngữ quan trọng.]",en,relationships_family,single_word,B2
c274aa16-a828-4abc-b145-022e31b67bf5,boy,/bɔɪ/,"con trai, thiếu niên; con trai; học trò trai, học sinh nam","In Family & Relationships, 'boy' is an essential term. [Trong Gia đình & Mối quan hệ, ""boy"" là một thuật ngữ quan trọng.]",en,relationships_family,single_word,C1
bdc83c09-dc0c-4883-ac37-987e73b5e409,buddy,/ˈbʌdi/,",   bạn thân","In Family & Relationships, 'buddy' is an essential term. [Trong Gia đình & Mối quan hệ, ""buddy"" là một thuật ngữ quan trọng.]",en,relationships_family,single_word,B1
9ec8e429-6221-4a34-8f07-5175f900fa2f,chat,/tʃæt/,"chuyện phiếm, chuyện gẫu; chuyện thân thuộc; nói chuyện phiếm, tán gẫu","In Family & Relationships, 'chat' is an essential term. [Trong Gia đình & Mối quan hệ, ""chat"" là một thuật ngữ quan trọng.]",en,relationships_family,single_word,B2
02034033-a607-4051-ad61-b396383f076a,congressional,/kənˈɡreʃənl/,"đại hội,  hội nghị; quốc hội","In Family & Relationships, 'congressional' is an essential term. [Trong Gia đình & Mối quan hệ, ""congressional"" là một thuật ngữ quan trọng.]",en,relationships_family,single_word,C1
34e68a6d-b654-4b1c-8bf7-d6c13e4eb2dc,cousin,/ˈkʌzn/,"anh ; anh con bác, em con chú; anh  con cô con cậu; anh  con dì; anh cháu bác, em cháu chú; các hạ","In Family & Relationships, 'cousin' is an essential term. [Trong Gia đình & Mối quan hệ, ""cousin"" là một thuật ngữ quan trọng.]",en,relationships_family,single_word,B1
546d652b-05cd-45e7-aa4b-8ec18130aeff,credibility,/ˌkredəˈbɪləti/,sự tín nhiệm; sự đáng tin,"In Family & Relationships, 'credibility' is an essential term. [Trong Gia đình & Mối quan hệ, ""credibility"" là một thuật ngữ quan trọng.]",en,relationships_family,single_word,B2
4891b7d8-354c-4bd9-bea4-0e4f316dd3f1,credible,/ˈkredəbl/,tin được,"In Family & Relationships, 'credible' is an essential term. [Trong Gia đình & Mối quan hệ, ""credible"" là một thuật ngữ quan trọng.]",en,relationships_family,single_word,C1
3f7debdd-b45e-4811-893b-8cf5677220c4,dad,/dæd/,"ba, cha, bố, thầy","In Family & Relationships, 'dad' is an essential term. [Trong Gia đình & Mối quan hệ, ""dad"" là một thuật ngữ quan trọng.]",en,relationships_family,single_word,B1
7bdecfaa-b760-4699-abc8-de7da146dd73,daughter,/ˈdɔːtə(r)/,con gái,"In Family & Relationships, 'daughter' is an essential term. [Trong Gia đình & Mối quan hệ, ""daughter"" là một thuật ngữ quan trọng.]",en,relationships_family,single_word,B2
89b39dc4-6fb6-47cd-a977-58bbdd932dea,evaluate,/ɪˈvæljueɪt/,"đánh giá; ước lượng, tính biểu thị","In Family & Relationships, 'evaluate' is an essential term. [Trong Gia đình & Mối quan hệ, ""evaluate"" là một thuật ngữ quan trọng.]",en,relationships_family,single_word,C1
8308ffda-5581-4137-8fb3-acc9930f8d06,faith,/feɪθ/,"sự tin tưởng, sự tin cậy; niềm tin","In Family & Relationships, 'faith' is an essential term. [Trong Gia đình & Mối quan hệ, ""faith"" là một thuật ngữ quan trọng.]",en,relationships_family,single_word,B1
50b4f87a-1804-4607-bc23-c9672fd60613,familiar,/fəˈmɪliə(r)/,"quen thuộc, thường; thông thường","In Family & Relationships, 'familiar' is an essential term. [Trong Gia đình & Mối quan hệ, ""familiar"" là một thuật ngữ quan trọng.]",en,relationships_family,single_word,B2
4b0756fd-3016-463b-9df1-167eb91c7b28,formulate,/ˈfɔːmjuleɪt/,"làm thành công thức; đưa vào một công thức; trình bày rõ ràng chính xác, phát biểu có hệ thống","In Family & Relationships, 'formulate' is an essential term. [Trong Gia đình & Mối quan hệ, ""formulate"" là một thuật ngữ quan trọng.]",en,relationships_family,single_word,C1
243cde86-f5be-400f-9498-c9e2770c2e6b,gear,/ɡɪə(r)/,cơ cấu;  truyền động; bevel g. truyền động cônic,"In Family & Relationships, 'gear' is an essential term. [Trong Gia đình & Mối quan hệ, ""gear"" là một thuật ngữ quan trọng.]",en,relationships_family,single_word,B1
a5130bd3-5a11-47e2-a76b-1e66bc5f757f,gentle,/ˈdʒentl/,"hiền lành, dịu dàng, hoà nhã; nhẹ nhàng; thoai thoải; dòng dõi trâm anh,  gia đình quyền quý","In Family & Relationships, 'gentle' is an essential term. [Trong Gia đình & Mối quan hệ, ""gentle"" là một thuật ngữ quan trọng.]",en,relationships_family,single_word,B2
9d42a30f-e85b-48b4-a304-0329f2f1a6bc,girl,/ɡɜːl/,con gái; cô gái giúp việc,"In Family & Relationships, 'girl' is an essential term. [Trong Gia đình & Mối quan hệ, ""girl"" là một thuật ngữ quan trọng.]",en,relationships_family,single_word,C1
102e7fdf-f08d-43bf-a45b-72bd096cc602,grocery,/ˈɡrəʊsəri/,việc buôn bán tạp phẩm; cửa hàng tạp phẩm,"In Family & Relationships, 'grocery' is an essential term. [Trong Gia đình & Mối quan hệ, ""grocery"" là một thuật ngữ quan trọng.]",en,relationships_family,single_word,B1
be83141b-1ec2-48e5-afcf-11fd2c75a0e0,homeland,/ˈhəʊmlænd/,"quê hương, tổ quốc, xứ sở","In Family & Relationships, 'homeland' is an essential term. [Trong Gia đình & Mối quan hệ, ""homeland"" là một thuật ngữ quan trọng.]",en,relationships_family,single_word,B2
567849b3-b880-4647-8742-6d95c571bd7d,horizon,/həˈraɪzn/,"đường chân trời, đường nằm ngang; apparent h. chân trời biểu kiến","In Family & Relationships, 'horizon' is an essential term. [Trong Gia đình & Mối quan hệ, ""horizon"" là một thuật ngữ quan trọng.]",en,relationships_family,single_word,C1
2f79a7f9-9495-4b68-8a58-6bbaeab08a51,hostile,/ˈhɒstaɪl/,thù địch; không thân thiện,"In Family & Relationships, 'hostile' is an essential term. [Trong Gia đình & Mối quan hệ, ""hostile"" là một thuật ngữ quan trọng.]",en,relationships_family,single_word,B1
3ed3616b-b2d7-4088-a906-e26c88c1abaf,hostility,/hɒˈstɪləti/,sự thù địch; thái độ thù địch; hành vi thù địch; tình trạng chiến tranh,"In Family & Relationships, 'hostility' is an essential term. [Trong Gia đình & Mối quan hệ, ""hostility"" là một thuật ngữ quan trọng.]",en,relationships_family,single_word,B2
993ace9e-08b9-49ba-8e91-c8476abd9bf2,infant,/ˈɪnfənt/,"đứa bé còn ãm ngửa, đứa bé; người vị thành niên","In Family & Relationships, 'infant' is an essential term. [Trong Gia đình & Mối quan hệ, ""infant"" là một thuật ngữ quan trọng.]",en,relationships_family,single_word,C1
6350c7a2-c658-4309-b45c-a14858727d97,informal,/ɪnˈfɔːml/,"không theo thủ tục quy định, không chính thức; không nghi thức thân mật","In Family & Relationships, 'informal' is an essential term. [Trong Gia đình & Mối quan hệ, ""informal"" là một thuật ngữ quan trọng.]",en,relationships_family,single_word,B1
183aa53f-de65-4eca-8808-b9ee53d491bd,kid,/kɪd/,con dê non; da dê non,"In Family & Relationships, 'kid' is an essential term. [Trong Gia đình & Mối quan hệ, ""kid"" là một thuật ngữ quan trọng.]",en,relationships_family,single_word,B2
307cc7e3-a09c-45d8-8966-6a18f602fde1,kind,/kaɪnd/,loại,"In Family & Relationships, 'kind' is an essential term. [Trong Gia đình & Mối quan hệ, ""kind"" là một thuật ngữ quan trọng.]",en,relationships_family,single_word,C1
26b188e5-9923-4d20-ac7e-72031da65e6d,lay,/leɪ/,"xếp, đặt l. down the rule [phát biểu, thiết lập] quy tắc","In Family & Relationships, 'lay' is an essential term. [Trong Gia đình & Mối quan hệ, ""lay"" là một thuật ngữ quan trọng.]",en,relationships_family,single_word,B1
f4f4b7ec-9217-4e6f-89cc-b7c327fb5435,lonely,/ˈləʊnli/,"vắng vẻ, hiu quạnh; cô đơn, cô độc, bơ vơ","In Family & Relationships, 'lonely' is an essential term. [Trong Gia đình & Mối quan hệ, ""lonely"" là một thuật ngữ quan trọng.]",en,relationships_family,single_word,B2
00032445-2274-48d8-a0e9-adc278aebff2,master,/ˈmɑːstə(r)/,"chính, cơ bản // quản lý; lãnh đạo, điều khiển","In Family & Relationships, 'master' is an essential term. [Trong Gia đình & Mối quan hệ, ""master"" là một thuật ngữ quan trọng.]",en,relationships_family,single_word,C1
c9c088e7-5a6a-4b4f-8f72-ab0ecdb214b2,mate,/meɪt/,nước chiếu tướng; chiếu tướng cho bí,"In Family & Relationships, 'mate' is an essential term. [Trong Gia đình & Mối quan hệ, ""mate"" là một thuật ngữ quan trọng.]",en,relationships_family,single_word,B1
9567a657-f879-4352-b56d-85bd6fd39d42,minimal,/ˈmɪnɪml/,cực tiểu; strong relative m. cực tiểu tương đối mạnh,"In Family & Relationships, 'minimal' is an essential term. [Trong Gia đình & Mối quan hệ, ""minimal"" là một thuật ngữ quan trọng.]",en,relationships_family,single_word,B2
4d7afb75-0a4c-4573-9e3d-497a1b38cd63,mum,/mʌm/,"lặng yên, lặng thinh; ra ý, ra hiệu","In Family & Relationships, 'mum' is an essential term. [Trong Gia đình & Mối quan hệ, ""mum"" là một thuật ngữ quan trọng.]",en,relationships_family,single_word,C1
1a9ea962-9e93-477d-b413-e1ea04876d17,narrow,/ˈnærəʊ/,hẹp,"In Family & Relationships, 'narrow' is an essential term. [Trong Gia đình & Mối quan hệ, ""narrow"" là một thuật ngữ quan trọng.]",en,relationships_family,single_word,B1
7ddadd2e-1512-464c-a2bf-5ccff642d80d,neat,/niːt/,"sạch gọn, ngăn nắp; rõ ràng, rành mạch; ngắn gọn","In Family & Relationships, 'neat' is an essential term. [Trong Gia đình & Mối quan hệ, ""neat"" là một thuật ngữ quan trọng.]",en,relationships_family,single_word,B2
bfc85a66-2233-4df9-939e-eb24304e3119,neglect,/nɪˈɡlekt/,"bỏ qua, quên lãng // sự bỏ quên, sự quên lãng","In Family & Relationships, 'neglect' is an essential term. [Trong Gia đình & Mối quan hệ, ""neglect"" là một thuật ngữ quan trọng.]",en,relationships_family,single_word,C1
cc84f5e8-8f2e-4631-9684-64adbf5f68c2,noble,/ˈnəʊbl/,"quý tộc, quý phái; cao quý , cao thượng, cao nhã","In Family & Relationships, 'noble' is an essential term. [Trong Gia đình & Mối quan hệ, ""noble"" là một thuật ngữ quan trọng.]",en,relationships_family,single_word,B1
456f811f-acad-463d-abcf-0f847188e8f3,observation,/ˌɒbzəˈveɪʃn/,"sự quan sát, sự quan trắc; extreme o. giá trị quan sát biên","In Family & Relationships, 'observation' is an essential term. [Trong Gia đình & Mối quan hệ, ""observation"" là một thuật ngữ quan trọng.]",en,relationships_family,single_word,B2
533e55f0-3af8-4ea3-9055-9d705413b0da,of,/əv/,"của; thuộc, của, ở","In Family & Relationships, 'of' is an essential term. [Trong Gia đình & Mối quan hệ, ""of"" là một thuật ngữ quan trọng.]",en,relationships_family,single_word,C1
58c82cdd-78e4-4d51-9d92-42bd184a41bf,optical,/ˈɒptɪkl/,"sự nhìn,  thị giác; quang học","In Family & Relationships, 'optical' is an essential term. [Trong Gia đình & Mối quan hệ, ""optical"" là một thuật ngữ quan trọng.]",en,relationships_family,single_word,B1
6eccdb0f-91b1-41d7-b4fe-51d00a7be4db,palace,/ˈpæləs/,"cung, điện; lâu đài; chỗ ở chính thức","In Family & Relationships, 'palace' is an essential term. [Trong Gia đình & Mối quan hệ, ""palace"" là một thuật ngữ quan trọng.]",en,relationships_family,single_word,B2
79c5c19a-fecf-45f9-a59e-6979f2620fce,pet,/pet/,"cơn giận, cơn giận dỗi; con vật yêu quý, vật cưng","In Family & Relationships, 'pet' is an essential term. [Trong Gia đình & Mối quan hệ, ""pet"" là một thuật ngữ quan trọng.]",en,relationships_family,single_word,C1
292fb21b-0340-4bb7-9432-4a836569645a,precision,/prɪˈsɪʒn/,"[sự, độ] chính xác;  chiều dài một từ; instrument p. độ chính xác của một dụng cụ","In Family & Relationships, 'precision' is an essential term. [Trong Gia đình & Mối quan hệ, ""precision"" là một thuật ngữ quan trọng.]",en,relationships_family,single_word,B1
ddc3713c-593f-4ebd-bf6a-55a5042a8e9a,primary,/ˈpraɪməri/,"nguyên thuỷ, nguyên sơ; weak p. nguyên sơ yếu","In Family & Relationships, 'primary' is an essential term. [Trong Gia đình & Mối quan hệ, ""primary"" là một thuật ngữ quan trọng.]",en,relationships_family,single_word,B2
16c36e8f-4f35-4287-bd26-73068f0c0136,probe,/prəʊb/,"cái thông, cái que thăm; máy dò, cái dò, cực dò","In Family & Relationships, 'probe' is an essential term. [Trong Gia đình & Mối quan hệ, ""probe"" là một thuật ngữ quan trọng.]",en,relationships_family,single_word,C1
cb271dfd-581e-4a89-8820-b2b9f838f810,psychiatric,/ˌsaɪkiˈætrɪk/,"bệnh tinh thần,  bệnh tâm thần","In Family & Relationships, 'psychiatric' is an essential term. [Trong Gia đình & Mối quan hệ, ""psychiatric"" là một thuật ngữ quan trọng.]",en,relationships_family,single_word,B1
1980627c-26d3-4c24-97af-df269a6a8d52,pupil,/ˈpjuːpl/,"học trò, học sinh; trẻ em được giám hộ","In Family & Relationships, 'pupil' is an essential term. [Trong Gia đình & Mối quan hệ, ""pupil"" là một thuật ngữ quan trọng.]",en,relationships_family,single_word,B2
a19d6d3c-0587-4481-8696-6a1971eccb9b,puzzle,/ˈpʌzl/,câu đố,"In Family & Relationships, 'puzzle' is an essential term. [Trong Gia đình & Mối quan hệ, ""puzzle"" là một thuật ngữ quan trọng.]",en,relationships_family,single_word,C1
5cbc7b87-285c-451b-9750-6eed44fbb6ab,radical,/ˈrædɪkl/,"căn, dấu căn;  đẳng phương; r. of an algebra  rađican của một đại số","In Family & Relationships, 'radical' is an essential term. [Trong Gia đình & Mối quan hệ, ""radical"" là một thuật ngữ quan trọng.]",en,relationships_family,single_word,B1
b5569995-1091-421d-b87f-b63b7be0dddd,ranking,/ˈræŋkɪŋ/,xếp hạng,"In Family & Relationships, 'ranking' is an essential term. [Trong Gia đình & Mối quan hệ, ""ranking"" là một thuật ngữ quan trọng.]",en,relationships_family,single_word,B2
b4f70ec4-f8dc-4c52-b569-afebfbaba3dc,interpersonal relationship,/interpersonal relationship/,giữa người với người mối quan hệ,"In Family & Relationships, interpersonal relationship plays an integral role. [Trong Gia đình & Mối quan hệ, giữa người với người mối quan hệ đóng vai trò thiết yếu.]",en,relationships_family,phrase,B1
09c13014-fbee-4aa9-8151-a1ded054223d,interpersonal bliss,/interpersonal bliss/,giữa người với người hạnh phúc,"In Family & Relationships, interpersonal bliss plays an integral role. [Trong Gia đình & Mối quan hệ, giữa người với người hạnh phúc đóng vai trò thiết yếu.]",en,relationships_family,phrase,B2
5f76b073-e872-4897-acd2-8fa874bc2077,interpersonal guidance,/interpersonal guidance/,giữa người với người chỉ bảo,"In Family & Relationships, interpersonal guidance plays an integral role. [Trong Gia đình & Mối quan hệ, giữa người với người chỉ bảo đóng vai trò thiết yếu.]",en,relationships_family,phrase,C1
e1b48c42-feed-42e5-b34f-75f700f2da7b,interpersonal trust,/interpersonal trust/,giữa người với người lòng tin,"In Family & Relationships, interpersonal trust plays an integral role. [Trong Gia đình & Mối quan hệ, giữa người với người lòng tin đóng vai trò thiết yếu.]",en,relationships_family,phrase,B1
30c82e3b-4696-4741-a76e-fc7d36caceb3,interpersonal family,/interpersonal family/,giữa người với người gia đình,"In Family & Relationships, interpersonal family plays an integral role. [Trong Gia đình & Mối quan hệ, giữa người với người gia đình đóng vai trò thiết yếu.]",en,relationships_family,phrase,B2
e0f00abe-bd39-4b7b-9d75-8632610af51b,interpersonal friendship,/interpersonal friendship/,giữa người với người tình bạn,"In Family & Relationships, interpersonal friendship plays an integral role. [Trong Gia đình & Mối quan hệ, giữa người với người tình bạn đóng vai trò thiết yếu.]",en,relationships_family,phrase,C1
5a9e9abf-c98c-4196-8ca3-f420cb951096,interpersonal bond,/interpersonal bond/,giữa người với người gắn kết,"In Family & Relationships, interpersonal bond plays an integral role. [Trong Gia đình & Mối quan hệ, giữa người với người gắn kết đóng vai trò thiết yếu.]",en,relationships_family,phrase,B1
c89395e2-fd70-4cb9-93de-64d52a3af64c,interpersonal gathering,/interpersonal gathering/,giữa người với người sum họp,"In Family & Relationships, interpersonal gathering plays an integral role. [Trong Gia đình & Mối quan hệ, giữa người với người sum họp đóng vai trò thiết yếu.]",en,relationships_family,phrase,B2
aed8a836-0d36-4328-a4af-fafea476f4b0,interpersonal atmosphere,/interpersonal atmosphere/,giữa người với người bầu không khí,"In Family & Relationships, interpersonal atmosphere plays an integral role. [Trong Gia đình & Mối quan hệ, giữa người với người bầu không khí đóng vai trò thiết yếu.]",en,relationships_family,phrase,C1
e82364f7-b711-47a7-9aa3-e185fe056fa2,interpersonal network,/interpersonal network/,giữa người với người mạng lưới,"In Family & Relationships, interpersonal network plays an integral role. [Trong Gia đình & Mối quan hệ, giữa người với người mạng lưới đóng vai trò thiết yếu.]",en,relationships_family,phrase,B1
e9c028f4-cdfc-41e9-9f83-e27839d5db6b,marital relationship,/marital relationship/,hôn nhân mối quan hệ,"In Family & Relationships, marital relationship plays an integral role. [Trong Gia đình & Mối quan hệ, hôn nhân mối quan hệ đóng vai trò thiết yếu.]",en,relationships_family,phrase,B2
d68c188d-a32e-4ee1-9399-bcd1c7b3a0e6,marital bliss,/marital bliss/,hôn nhân hạnh phúc,"In Family & Relationships, marital bliss plays an integral role. [Trong Gia đình & Mối quan hệ, hôn nhân hạnh phúc đóng vai trò thiết yếu.]",en,relationships_family,phrase,C1
17454d03-e394-4e6c-8abc-cef32a61ea28,marital guidance,/marital guidance/,hôn nhân chỉ bảo,"In Family & Relationships, marital guidance plays an integral role. [Trong Gia đình & Mối quan hệ, hôn nhân chỉ bảo đóng vai trò thiết yếu.]",en,relationships_family,phrase,B1
d4fb1dde-fd9f-494b-a0c6-7dd7d549d19d,marital trust,/marital trust/,hôn nhân lòng tin,"In Family & Relationships, marital trust plays an integral role. [Trong Gia đình & Mối quan hệ, hôn nhân lòng tin đóng vai trò thiết yếu.]",en,relationships_family,phrase,B2
86bb4aa3-04ab-4e05-98e7-0311ef02699a,marital family,/marital family/,hôn nhân gia đình,"In Family & Relationships, marital family plays an integral role. [Trong Gia đình & Mối quan hệ, hôn nhân gia đình đóng vai trò thiết yếu.]",en,relationships_family,phrase,C1
fb09213a-1cb5-4e31-a65e-b1a5e85416b9,marital friendship,/marital friendship/,hôn nhân tình bạn,"In Family & Relationships, marital friendship plays an integral role. [Trong Gia đình & Mối quan hệ, hôn nhân tình bạn đóng vai trò thiết yếu.]",en,relationships_family,phrase,B1
3a7b7933-c095-4611-9577-640eb265e017,marital bond,/marital bond/,hôn nhân gắn kết,"In Family & Relationships, marital bond plays an integral role. [Trong Gia đình & Mối quan hệ, hôn nhân gắn kết đóng vai trò thiết yếu.]",en,relationships_family,phrase,B2
ec7f238a-2d51-4bcd-9ee8-23915b02d04e,marital gathering,/marital gathering/,hôn nhân sum họp,"In Family & Relationships, marital gathering plays an integral role. [Trong Gia đình & Mối quan hệ, hôn nhân sum họp đóng vai trò thiết yếu.]",en,relationships_family,phrase,C1
9409de40-5437-4f9c-98aa-972e35c7bd30,marital atmosphere,/marital atmosphere/,hôn nhân bầu không khí,"In Family & Relationships, marital atmosphere plays an integral role. [Trong Gia đình & Mối quan hệ, hôn nhân bầu không khí đóng vai trò thiết yếu.]",en,relationships_family,phrase,B1
10f14727-b14b-4d32-9aa0-4ae14b09b39b,marital network,/marital network/,hôn nhân mạng lưới,"In Family & Relationships, marital network plays an integral role. [Trong Gia đình & Mối quan hệ, hôn nhân mạng lưới đóng vai trò thiết yếu.]",en,relationships_family,phrase,B2
afddac6c-36c7-4081-813f-ccdcc533a793,parental relationship,/parental relationship/,cha mẹ mối quan hệ,"In Family & Relationships, parental relationship plays an integral role. [Trong Gia đình & Mối quan hệ, cha mẹ mối quan hệ đóng vai trò thiết yếu.]",en,relationships_family,phrase,C1
68c0787c-cb4f-40ea-84ef-25d3270d8cba,parental bliss,/parental bliss/,cha mẹ hạnh phúc,"In Family & Relationships, parental bliss plays an integral role. [Trong Gia đình & Mối quan hệ, cha mẹ hạnh phúc đóng vai trò thiết yếu.]",en,relationships_family,phrase,B1
12bf49e4-ede9-4d4f-b8e3-bb639978d65b,parental guidance,/parental guidance/,cha mẹ chỉ bảo,"In Family & Relationships, parental guidance plays an integral role. [Trong Gia đình & Mối quan hệ, cha mẹ chỉ bảo đóng vai trò thiết yếu.]",en,relationships_family,phrase,B2
e7d924e0-4110-4ce5-a5b1-ece505fd9610,parental trust,/parental trust/,cha mẹ lòng tin,"In Family & Relationships, parental trust plays an integral role. [Trong Gia đình & Mối quan hệ, cha mẹ lòng tin đóng vai trò thiết yếu.]",en,relationships_family,phrase,C1
7e838de2-e6b8-4557-9ce6-221d8d14421d,parental family,/parental family/,cha mẹ gia đình,"In Family & Relationships, parental family plays an integral role. [Trong Gia đình & Mối quan hệ, cha mẹ gia đình đóng vai trò thiết yếu.]",en,relationships_family,phrase,B1
9b7c1271-ed37-4955-9a0d-244e17c5689e,parental friendship,/parental friendship/,cha mẹ tình bạn,"In Family & Relationships, parental friendship plays an integral role. [Trong Gia đình & Mối quan hệ, cha mẹ tình bạn đóng vai trò thiết yếu.]",en,relationships_family,phrase,B2
ad05d545-a806-46af-90ad-b86bbd143bd4,parental bond,/parental bond/,cha mẹ gắn kết,"In Family & Relationships, parental bond plays an integral role. [Trong Gia đình & Mối quan hệ, cha mẹ gắn kết đóng vai trò thiết yếu.]",en,relationships_family,phrase,C1
886aca71-65fb-4667-a41c-0d3b6603bb67,parental gathering,/parental gathering/,cha mẹ sum họp,"In Family & Relationships, parental gathering plays an integral role. [Trong Gia đình & Mối quan hệ, cha mẹ sum họp đóng vai trò thiết yếu.]",en,relationships_family,phrase,B1
e5d61456-c76b-4e38-80c2-ff2aba0fd0b1,parental atmosphere,/parental atmosphere/,cha mẹ bầu không khí,"In Family & Relationships, parental atmosphere plays an integral role. [Trong Gia đình & Mối quan hệ, cha mẹ bầu không khí đóng vai trò thiết yếu.]",en,relationships_family,phrase,B2
cbcfaf81-8327-45ce-8fd7-32947e245909,parental network,/parental network/,cha mẹ mạng lưới,"In Family & Relationships, parental network plays an integral role. [Trong Gia đình & Mối quan hệ, cha mẹ mạng lưới đóng vai trò thiết yếu.]",en,relationships_family,phrase,C1
bdc2c07d-c42c-4c28-a67d-74f7102f9c4a,mutual relationship,/mutual relationship/,lẫn nhau mối quan hệ,"In Family & Relationships, mutual relationship plays an integral role. [Trong Gia đình & Mối quan hệ, lẫn nhau mối quan hệ đóng vai trò thiết yếu.]",en,relationships_family,phrase,B1
b9cd17f3-b54b-44b2-87d3-0a3843f7dca5,mutual bliss,/mutual bliss/,lẫn nhau hạnh phúc,"In Family & Relationships, mutual bliss plays an integral role. [Trong Gia đình & Mối quan hệ, lẫn nhau hạnh phúc đóng vai trò thiết yếu.]",en,relationships_family,phrase,B2
66a88f33-5b3f-40a8-9131-54c1e76c8e7e,mutual guidance,/mutual guidance/,lẫn nhau chỉ bảo,"In Family & Relationships, mutual guidance plays an integral role. [Trong Gia đình & Mối quan hệ, lẫn nhau chỉ bảo đóng vai trò thiết yếu.]",en,relationships_family,phrase,C1
d69f16b0-1b0f-4e28-9b8f-c1e784d31d3e,mutual trust,/mutual trust/,lẫn nhau lòng tin,"In Family & Relationships, mutual trust plays an integral role. [Trong Gia đình & Mối quan hệ, lẫn nhau lòng tin đóng vai trò thiết yếu.]",en,relationships_family,phrase,B1
c1b29b36-4d59-4abf-9314-66230a941338,mutual family,/mutual family/,lẫn nhau gia đình,"In Family & Relationships, mutual family plays an integral role. [Trong Gia đình & Mối quan hệ, lẫn nhau gia đình đóng vai trò thiết yếu.]",en,relationships_family,phrase,B2
812e39bb-ee44-4672-a67b-23d35bfa86ca,mutual friendship,/mutual friendship/,lẫn nhau tình bạn,"In Family & Relationships, mutual friendship plays an integral role. [Trong Gia đình & Mối quan hệ, lẫn nhau tình bạn đóng vai trò thiết yếu.]",en,relationships_family,phrase,C1
a84f5f96-3a04-43ad-b2e5-157774debe48,mutual bond,/mutual bond/,lẫn nhau gắn kết,"In Family & Relationships, mutual bond plays an integral role. [Trong Gia đình & Mối quan hệ, lẫn nhau gắn kết đóng vai trò thiết yếu.]",en,relationships_family,phrase,B1
c098cd86-e184-496f-81ec-225adeab2d58,mutual gathering,/mutual gathering/,lẫn nhau sum họp,"In Family & Relationships, mutual gathering plays an integral role. [Trong Gia đình & Mối quan hệ, lẫn nhau sum họp đóng vai trò thiết yếu.]",en,relationships_family,phrase,B2
69e6432c-2069-47d7-9a33-5ebc1aef5d28,mutual atmosphere,/mutual atmosphere/,lẫn nhau bầu không khí,"In Family & Relationships, mutual atmosphere plays an integral role. [Trong Gia đình & Mối quan hệ, lẫn nhau bầu không khí đóng vai trò thiết yếu.]",en,relationships_family,phrase,C1
3c1b6ded-64dc-4d0b-972d-2c201f69e800,mutual network,/mutual network/,lẫn nhau mạng lưới,"In Family & Relationships, mutual network plays an integral role. [Trong Gia đình & Mối quan hệ, lẫn nhau mạng lưới đóng vai trò thiết yếu.]",en,relationships_family,phrase,B1
0f3e49c4-aa07-4ed5-9eb2-cf306fe258f6,close-knit relationship,/close-knit relationship/,gắn bó khăng khít mối quan hệ,"In Family & Relationships, close-knit relationship plays an integral role. [Trong Gia đình & Mối quan hệ, gắn bó khăng khít mối quan hệ đóng vai trò thiết yếu.]",en,relationships_family,phrase,B2
06937264-4618-4d4d-a944-70367b736b44,close-knit bliss,/close-knit bliss/,gắn bó khăng khít hạnh phúc,"In Family & Relationships, close-knit bliss plays an integral role. [Trong Gia đình & Mối quan hệ, gắn bó khăng khít hạnh phúc đóng vai trò thiết yếu.]",en,relationships_family,phrase,C1
9ee43892-bb62-4650-b128-ddd8e64e9bf5,close-knit guidance,/close-knit guidance/,gắn bó khăng khít chỉ bảo,"In Family & Relationships, close-knit guidance plays an integral role. [Trong Gia đình & Mối quan hệ, gắn bó khăng khít chỉ bảo đóng vai trò thiết yếu.]",en,relationships_family,phrase,B1
5fb24618-cb14-42ce-aea4-b4545fc09f26,close-knit trust,/close-knit trust/,gắn bó khăng khít lòng tin,"In Family & Relationships, close-knit trust plays an integral role. [Trong Gia đình & Mối quan hệ, gắn bó khăng khít lòng tin đóng vai trò thiết yếu.]",en,relationships_family,phrase,B2
c94dcdc3-be3b-4c28-9b3d-05856dfc5f24,close-knit family,/close-knit family/,gắn bó khăng khít gia đình,"In Family & Relationships, close-knit family plays an integral role. [Trong Gia đình & Mối quan hệ, gắn bó khăng khít gia đình đóng vai trò thiết yếu.]",en,relationships_family,phrase,C1
967c2d62-8558-42ac-af44-6d3d82256d55,close-knit friendship,/close-knit friendship/,gắn bó khăng khít tình bạn,"In Family & Relationships, close-knit friendship plays an integral role. [Trong Gia đình & Mối quan hệ, gắn bó khăng khít tình bạn đóng vai trò thiết yếu.]",en,relationships_family,phrase,B1
0f44c77e-f6a6-4ad6-8866-73f5c047180c,close-knit bond,/close-knit bond/,gắn bó khăng khít gắn kết,"In Family & Relationships, close-knit bond plays an integral role. [Trong Gia đình & Mối quan hệ, gắn bó khăng khít gắn kết đóng vai trò thiết yếu.]",en,relationships_family,phrase,B2
f8fafc15-e0b3-450e-b26f-76275ed158c6,close-knit gathering,/close-knit gathering/,gắn bó khăng khít sum họp,"In Family & Relationships, close-knit gathering plays an integral role. [Trong Gia đình & Mối quan hệ, gắn bó khăng khít sum họp đóng vai trò thiết yếu.]",en,relationships_family,phrase,C1
022f1665-13be-4f93-b263-2a937743abf0,close-knit atmosphere,/close-knit atmosphere/,gắn bó khăng khít bầu không khí,"In Family & Relationships, close-knit atmosphere plays an integral role. [Trong Gia đình & Mối quan hệ, gắn bó khăng khít bầu không khí đóng vai trò thiết yếu.]",en,relationships_family,phrase,B1
47644783-be65-47f1-9b94-ed5af452be01,close-knit network,/close-knit network/,gắn bó khăng khít mạng lưới,"In Family & Relationships, close-knit network plays an integral role. [Trong Gia đình & Mối quan hệ, gắn bó khăng khít mạng lưới đóng vai trò thiết yếu.]",en,relationships_family,phrase,B2
0c5a5242-8e54-4706-a1fd-fdb4279b0464,threshold,/ˈθreʃhəʊld/,mức; ngưỡng; resolution t. ngưỡng giải,"In Urban Life & Housing, 'threshold' is an essential term. [Trong Đô thị & Nhà ở, ""threshold"" là một thuật ngữ quan trọng.]",en,urban_housing,single_word,B1
87e5b74a-d302-4418-bd2b-ce5341d6dab1,door,/dɔː(r)/,"cửa, cửa ra vào; cửa ngõ, con đường","In Urban Life & Housing, 'door' is an essential term. [Trong Đô thị & Nhà ở, ""door"" là một thuật ngữ quan trọng.]",en,urban_housing,single_word,B2
c585f6c2-4ff2-46bc-a7b1-70b7a5417913,room,/ruːm/,"buồng, phòng; cả phòng","In Urban Life & Housing, 'room' is an essential term. [Trong Đô thị & Nhà ở, ""room"" là một thuật ngữ quan trọng.]",en,urban_housing,single_word,C1
cc1be46c-0ee4-423e-bd8f-2d23da4ad3a6,upstairs,/ˌʌpˈsteəz/,"ở trên gác, ở tầng trên; lên gác, lên tầng trên","In Urban Life & Housing, 'upstairs' is an essential term. [Trong Đô thị & Nhà ở, ""upstairs"" là một thuật ngữ quan trọng.]",en,urban_housing,single_word,B1
844035b2-94e6-487d-a5e6-db528fa3af1a,countryside,/ˈkʌntrisaɪd/,"nông thôn, miền quê, vùng quê, địa phương; nhân dân miền quê; nhân dân địa phương","In Urban Life & Housing, 'countryside' is an essential term. [Trong Đô thị & Nhà ở, ""countryside"" là một thuật ngữ quan trọng.]",en,urban_housing,single_word,B2
1dd56d2c-e923-4a94-acb6-0e3fbdfe9f63,floor,/flɔː(r)/,"sàn, đáy","In Urban Life & Housing, 'floor' is an essential term. [Trong Đô thị & Nhà ở, ""floor"" là một thuật ngữ quan trọng.]",en,urban_housing,single_word,C1
33972736-0588-461d-b9c5-7fddea155703,gate,/ɡeɪt/,"sơ đồ trùng; van; xuppap, xung mở; add g. van cộng","In Urban Life & Housing, 'gate' is an essential term. [Trong Đô thị & Nhà ở, ""gate"" là một thuật ngữ quan trọng.]",en,urban_housing,single_word,B1
581fd216-6173-47f1-a062-ef7bbf3dcbd3,hat,/hæt/,"cái mũ  có vành); người xấu, người đê tiện, người không có luân thường đạo lý","In Urban Life & Housing, 'hat' is an essential term. [Trong Đô thị & Nhà ở, ""hat"" là một thuật ngữ quan trọng.]",en,urban_housing,single_word,B2
9ef43d8c-297b-4a83-9277-4a95083eb2cb,indoor,/ˈɪndɔː(r)/,trong nhà,"In Urban Life & Housing, 'indoor' is an essential term. [Trong Đô thị & Nhà ở, ""indoor"" là một thuật ngữ quan trọng.]",en,urban_housing,single_word,C1
86f86b94-d009-44a7-90df-870483957909,indoors,/ˌɪnˈdɔːz/,ở trong nhà,"In Urban Life & Housing, 'indoors' is an essential term. [Trong Đô thị & Nhà ở, ""indoors"" là một thuật ngữ quan trọng.]",en,urban_housing,single_word,B1
5a93cc94-7043-434b-a00b-397e2749e9ad,outdoor,/ˈaʊtdɔː(r)/,"ngoài trời, ở ngoài","In Urban Life & Housing, 'outdoor' is an essential term. [Trong Đô thị & Nhà ở, ""outdoor"" là một thuật ngữ quan trọng.]",en,urban_housing,single_word,B2
0cf7f5c5-5dde-449e-8e8a-b2c71d8a34e7,outdoors,/ˌaʊtˈdɔːz/,"ở ngoài trời, ở ngoài nhà; khu vực bên ngoài","In Urban Life & Housing, 'outdoors' is an essential term. [Trong Đô thị & Nhà ở, ""outdoors"" là một thuật ngữ quan trọng.]",en,urban_housing,single_word,C1
f7eaf4b6-e5ce-4e45-8ba5-de5b8f50a3f0,platform,/ˈplætfɔːm/,"nền, bục, bệ; sân ga","In Urban Life & Housing, 'platform' is an essential term. [Trong Đô thị & Nhà ở, ""platform"" là một thuật ngữ quan trọng.]",en,urban_housing,single_word,B1
e76d21d6-8ace-4038-8ce2-7e17376c48fc,residential,/ˌrezɪˈdenʃl/,"nhà ở,  nhà riêng; có liên quan tới nơi cư trú","In Urban Life & Housing, 'residential' is an essential term. [Trong Đô thị & Nhà ở, ""residential"" là một thuật ngữ quan trọng.]",en,urban_housing,single_word,B2
6d4afd23-9d99-4a9e-9837-655ef3b338f8,scattered,/ˈskætəd/,"rải rác, thưa thớt, lưa thưa","In Urban Life & Housing, 'scattered' is an essential term. [Trong Đô thị & Nhà ở, ""scattered"" là một thuật ngữ quan trọng.]",en,urban_housing,single_word,C1
c72d5094-76ff-45d0-b2c2-3b16e8fe5709,shade,/ʃeɪd/,"bóng, bóng tối  & ); số nhiều) chỗ có bóng râm; chỗ bóng mát;  bóng đêm","In Urban Life & Housing, 'shade' is an essential term. [Trong Đô thị & Nhà ở, ""shade"" là một thuật ngữ quan trọng.]",en,urban_housing,single_word,B1
d2c25104-e3a0-4551-95f3-b7d95132dce9,site,/saɪt/,"nơi, chỗ, vị trí; đất xây dựng","In Urban Life & Housing, 'site' is an essential term. [Trong Đô thị & Nhà ở, ""site"" là một thuật ngữ quan trọng.]",en,urban_housing,single_word,B2
dfb2663f-df94-4bec-909e-1c39662a0aa4,smooth,/smuːð/,trơn nhẵn; sectionally s. trơn từng mảnh,"In Urban Life & Housing, 'smooth' is an essential term. [Trong Đô thị & Nhà ở, ""smooth"" là một thuật ngữ quan trọng.]",en,urban_housing,single_word,C1
9c6de2dc-5197-4c44-9faf-d2527be9ae8a,stair,/steə(r)/,bậc thang; cầu thang  flight of stairs; pair of stairs),"In Urban Life & Housing, 'stair' is an essential term. [Trong Đô thị & Nhà ở, ""stair"" là một thuật ngữ quan trọng.]",en,urban_housing,single_word,B1
50c61a0f-493f-46bb-9b99-33390c479046,tenant,/ˈtenənt/,người thuê mướn; tá điền,"In Urban Life & Housing, 'tenant' is an essential term. [Trong Đô thị & Nhà ở, ""tenant"" là một thuật ngữ quan trọng.]",en,urban_housing,single_word,B2
bd104578-2ea2-46b3-a1f7-328cd9c0dc50,terrain,/təˈreɪn/,",   địa thế, địa hình địa vật","In Urban Life & Housing, 'terrain' is an essential term. [Trong Đô thị & Nhà ở, ""terrain"" là một thuật ngữ quan trọng.]",en,urban_housing,single_word,C1
f274d912-908c-4c67-a241-d10d9c231d74,village,/ˈvɪlɪdʒ/,"làng, xã","In Urban Life & Housing, 'village' is an essential term. [Trong Đô thị & Nhà ở, ""village"" là một thuật ngữ quan trọng.]",en,urban_housing,single_word,B1
94269bb7-3580-4e5c-972c-c9d5e1c11d13,acre,/ˈeɪkə(r)/,"mẫu Anh; cánh đồng, đồng cỏ","In Urban Life & Housing, 'acre' is an essential term. [Trong Đô thị & Nhà ở, ""acre"" là một thuật ngữ quan trọng.]",en,urban_housing,single_word,B2
68e7dc1a-f2ea-41dd-b194-588c9291c5c8,barrel,/ˈbærəl/,khối hình trống; thể viên trụ,"In Urban Life & Housing, 'barrel' is an essential term. [Trong Đô thị & Nhà ở, ""barrel"" là một thuật ngữ quan trọng.]",en,urban_housing,single_word,C1
de6e188c-c252-4513-9cc3-ed03c553003a,block,/blɒk/,"khối, đống, kết cấu; buiding b. cơ; khối xây dựng;  khối tiêu chuẩn","In Urban Life & Housing, 'block' is an essential term. [Trong Đô thị & Nhà ở, ""block"" là một thuật ngữ quan trọng.]",en,urban_housing,single_word,B1
8b726ee2-f1e7-4328-a749-499357c55235,box,/bɒks/,hộp,"In Urban Life & Housing, 'box' is an essential term. [Trong Đô thị & Nhà ở, ""box"" là một thuật ngữ quan trọng.]",en,urban_housing,single_word,B2
01e3e027-24e0-4bd2-8a23-2e44fa0f1c6c,cap,/kæp/,mũ; ngòi thuốc nổ; speracal c.  cầu phân,"In Urban Life & Housing, 'cap' is an essential term. [Trong Đô thị & Nhà ở, ""cap"" là một thuật ngữ quan trọng.]",en,urban_housing,single_word,C1
c423f65a-78a5-412a-a674-8d5e6dc83183,ceiling,/ˈsiːlɪŋ/,Mức trần,"In Urban Life & Housing, 'ceiling' is an essential term. [Trong Đô thị & Nhà ở, ""ceiling"" là một thuật ngữ quan trọng.]",en,urban_housing,single_word,B1
7613ec26-89ff-4aae-b10e-154efbb3385f,cemetery,/ˈsemətri/,"nghĩa trang, nghĩa địa","In Urban Life & Housing, 'cemetery' is an essential term. [Trong Đô thị & Nhà ở, ""cemetery"" là một thuật ngữ quan trọng.]",en,urban_housing,single_word,B2
e852b2e4-9505-4ee2-9a6f-cfed37ffb2d7,church,/tʃɜːtʃ/,nhà thờ; buổi lễ,"In Urban Life & Housing, 'church' is an essential term. [Trong Đô thị & Nhà ở, ""church"" là một thuật ngữ quan trọng.]",en,urban_housing,single_word,C1
4904d560-8e2c-41df-bbfd-b6f228e3b826,cinema,/ˈsɪnəmə/,"rạp xi nê, rạp chiếu bóng; the cinema điện ảnh, xi nê, phim chiếu bóng","In Urban Life & Housing, 'cinema' is an essential term. [Trong Đô thị & Nhà ở, ""cinema"" là một thuật ngữ quan trọng.]",en,urban_housing,single_word,B1
02ad36f5-58bc-497d-847d-28a1264df078,circle,/ˈsɜːkl/,vòng tròn; hình tròn,"In Urban Life & Housing, 'circle' is an essential term. [Trong Đô thị & Nhà ở, ""circle"" là một thuật ngữ quan trọng.]",en,urban_housing,single_word,B2
05918740-7444-4df1-a9ad-04131573662c,confine,/kənˈfaɪn/,"giam giữ, giam hãm, giam cầm, nhốt giữ lại; hạn chế","In Urban Life & Housing, 'confine' is an essential term. [Trong Đô thị & Nhà ở, ""confine"" là một thuật ngữ quan trọng.]",en,urban_housing,single_word,C1
b0095e6b-47ba-42f9-92b1-bdc95798ca98,counter,/ˈkaʊntə(r)/,máy tính; máy đếm;  quân cờ nhảy || ngược lại; alpha c. máy đếm hạt anpha,"In Urban Life & Housing, 'counter' is an essential term. [Trong Đô thị & Nhà ở, ""counter"" là một thuật ngữ quan trọng.]",en,urban_housing,single_word,B1
b04b2a2c-6850-429b-9a6d-8bf805707a46,county,/ˈkaʊnti/,"hạt, tỉnh; nhân dân  hạt","In Urban Life & Housing, 'county' is an essential term. [Trong Đô thị & Nhà ở, ""county"" là một thuật ngữ quan trọng.]",en,urban_housing,single_word,B2
6af8903e-0a69-42f6-9547-29ffc02ffc1a,debris,/ˈdebriː/,"mảnh vỡ, mảnh vụn; vôi gạch đổ nát","In Urban Life & Housing, 'debris' is an essential term. [Trong Đô thị & Nhà ở, ""debris"" là một thuật ngữ quan trọng.]",en,urban_housing,single_word,C1
27de0859-4950-4e65-a93c-0d8d9fe313dc,disc,/dɪsk/,"vl đĩa, bản; punctured  đĩa chấm thủng","In Urban Life & Housing, 'disc' is an essential term. [Trong Đô thị & Nhà ở, ""disc"" là một thuật ngữ quan trọng.]",en,urban_housing,single_word,B1
0a33ecb5-01d5-4a38-81c6-8bd5301bd83f,disk,/dɪsk/,"đĩa, hình; closed d. . hình tròn đóng,","In Urban Life & Housing, 'disk' is an essential term. [Trong Đô thị & Nhà ở, ""disk"" là một thuật ngữ quan trọng.]",en,urban_housing,single_word,B2
9c974893-6747-4151-94a5-59883fc2f2f6,dull,/dʌl/,"chậm hiểu, tối dạ, ngu đần, đần độn; không tinh, mờ ; không thính, nghễnh ngãng","In Urban Life & Housing, 'dull' is an essential term. [Trong Đô thị & Nhà ở, ""dull"" là một thuật ngữ quan trọng.]",en,urban_housing,single_word,C1
d2a9b0a7-6cd7-4e87-8cb7-95eb3ea9fe22,envelope,/ˈenvələʊp/,"đường bao, bao nhóm","In Urban Life & Housing, 'envelope' is an essential term. [Trong Đô thị & Nhà ở, ""envelope"" là một thuật ngữ quan trọng.]",en,urban_housing,single_word,B1
9027c72f-fb93-467e-89e6-ce80d3a424d1,erect,/ɪˈrekt/,"thẳng, thẳng góc || dựng, xây dựng; e. a perpendicular dựng một đường thẳng góc","In Urban Life & Housing, 'erect' is an essential term. [Trong Đô thị & Nhà ở, ""erect"" là một thuật ngữ quan trọng.]",en,urban_housing,single_word,B2
5336a5d3-4288-4116-87da-77b03c03a1e0,exciting,/ɪkˈsaɪtɪŋ/,"kích thích, kích động; hứng thú, lý thú, hồi hộp; làm say mê, làm náo động","In Urban Life & Housing, 'exciting' is an essential term. [Trong Đô thị & Nhà ở, ""exciting"" là một thuật ngữ quan trọng.]",en,urban_housing,single_word,C1
84436254-611a-4ce1-96a4-57ff84581cf7,exit,/ˈeksɪt/,lối ra,"In Urban Life & Housing, 'exit' is an essential term. [Trong Đô thị & Nhà ở, ""exit"" là một thuật ngữ quan trọng.]",en,urban_housing,single_word,B1
016ea006-0db7-407e-9b1c-20be3e85f64c,explode,/ɪkˈspləʊd/,"làm nổ; đập tan, làm tiêu tan","In Urban Life & Housing, 'explode' is an essential term. [Trong Đô thị & Nhà ở, ""explode"" là một thuật ngữ quan trọng.]",en,urban_housing,single_word,B2
1b137c5e-752a-42ec-98ed-65e47f0ce9c9,extensive,/ɪkˈstensɪv/,rộng rãi,"In Urban Life & Housing, 'extensive' is an essential term. [Trong Đô thị & Nhà ở, ""extensive"" là một thuật ngữ quan trọng.]",en,urban_housing,single_word,C1
a5de3683-e684-4cac-86bb-94dbced58ca4,extensively,/ɪkˈstensɪvli/,"rộng rãi, bao quát, cùng khắp","In Urban Life & Housing, 'extensively' is an essential term. [Trong Đô thị & Nhà ở, ""extensively"" là một thuật ngữ quan trọng.]",en,urban_housing,single_word,B1
b20b6ea0-f35d-4f0b-a844-ab3f8ccf7c29,flood,/flʌd/,"lũ, lụt, nạn lụt; dòng cuồn cuộn; sự tuôn ra, sự chảy tràn ra  & )","In Urban Life & Housing, 'flood' is an essential term. [Trong Đô thị & Nhà ở, ""flood"" là một thuật ngữ quan trọng.]",en,urban_housing,single_word,B2
390abe76-34f2-4dc5-850d-328dbd4fc9a6,frame,/freɪm/,"dàn, khung; hệ quy chiếu, hệ toạ độ // dựng; f. of reference hệ quy chiếu thiên văn","In Urban Life & Housing, 'frame' is an essential term. [Trong Đô thị & Nhà ở, ""frame"" là một thuật ngữ quan trọng.]",en,urban_housing,single_word,C1
6f22bb33-3b68-4306-a4db-2fd594ecab2e,garage,/ˈɡærɑːʒ/,"ga ra, nhà để ô tô; chỗ chữa ô tô","In Urban Life & Housing, 'garage' is an essential term. [Trong Đô thị & Nhà ở, ""garage"" là một thuật ngữ quan trọng.]",en,urban_housing,single_word,B1
5d3c18d3-6138-4cb8-b694-4866eb7cb07c,guest,/ɡest/,khách; khách trọ,"In Urban Life & Housing, 'guest' is an essential term. [Trong Đô thị & Nhà ở, ""guest"" là một thuật ngữ quan trọng.]",en,urban_housing,single_word,B2
7e094e1a-bf9a-40e0-a82e-da520371f19f,urban planning,/urban planning/,đô thị quy hoạch,"In Urban Life & Housing, urban planning plays an integral role. [Trong Đô thị & Nhà ở, đô thị quy hoạch đóng vai trò thiết yếu.]",en,urban_housing,phrase,B1
a3968cc5-da40-4ddf-8cef-71d760b1ec80,urban area,/urban area/,đô thị khu vực,"In Urban Life & Housing, urban area plays an integral role. [Trong Đô thị & Nhà ở, đô thị khu vực đóng vai trò thiết yếu.]",en,urban_housing,phrase,B2
1361d831-f1d9-4eaf-ad77-df7b6a0cd2d0,urban housing,/urban housing/,đô thị nhà ở,"In Urban Life & Housing, urban housing plays an integral role. [Trong Đô thị & Nhà ở, đô thị nhà ở đóng vai trò thiết yếu.]",en,urban_housing,phrase,C1
277b65be-dbd7-4661-b179-80f564464b3d,urban transit,/urban transit/,đô thị giao thông,"In Urban Life & Housing, urban transit plays an integral role. [Trong Đô thị & Nhà ở, đô thị giao thông đóng vai trò thiết yếu.]",en,urban_housing,phrase,B1
d2d4e5cc-3497-468e-a146-c0c5388f087f,urban building,/urban building/,đô thị tòa nhà,"In Urban Life & Housing, urban building plays an integral role. [Trong Đô thị & Nhà ở, đô thị tòa nhà đóng vai trò thiết yếu.]",en,urban_housing,phrase,B2
1261f31f-d045-41fe-83d8-ba4983db3232,urban region,/urban region/,đô thị vùng,"In Urban Life & Housing, urban region plays an integral role. [Trong Đô thị & Nhà ở, đô thị vùng đóng vai trò thiết yếu.]",en,urban_housing,phrase,C1
0e97d235-5d53-41b3-9f6a-4ed97eda6eec,urban design,/urban design/,đô thị thiết kế,"In Urban Life & Housing, urban design plays an integral role. [Trong Đô thị & Nhà ở, đô thị thiết kế đóng vai trò thiết yếu.]",en,urban_housing,phrase,B2
34e5a5e6-d4c5-4447-9cf7-3a5495bcadf8,urban apartment,/urban apartment/,đô thị căn hộ,"In Urban Life & Housing, urban apartment plays an integral role. [Trong Đô thị & Nhà ở, đô thị căn hộ đóng vai trò thiết yếu.]",en,urban_housing,phrase,C1
e2aacfdd-dc8b-4fbe-8aeb-ab2e5f1896a0,residential planning,/residential planning/,dân cư quy hoạch,"In Urban Life & Housing, residential planning plays an integral role. [Trong Đô thị & Nhà ở, dân cư quy hoạch đóng vai trò thiết yếu.]",en,urban_housing,phrase,B2
710efac4-0673-4003-9cad-f90589d75626,residential area,/residential area/,dân cư khu vực,"In Urban Life & Housing, residential area plays an integral role. [Trong Đô thị & Nhà ở, dân cư khu vực đóng vai trò thiết yếu.]",en,urban_housing,phrase,C1
386e7d21-5eff-429e-a290-bfb4e11cc2c9,residential housing,/residential housing/,dân cư nhà ở,"In Urban Life & Housing, residential housing plays an integral role. [Trong Đô thị & Nhà ở, dân cư nhà ở đóng vai trò thiết yếu.]",en,urban_housing,phrase,B1
72086dbd-db26-49d7-97cb-784dd79409e2,residential transit,/residential transit/,dân cư giao thông,"In Urban Life & Housing, residential transit plays an integral role. [Trong Đô thị & Nhà ở, dân cư giao thông đóng vai trò thiết yếu.]",en,urban_housing,phrase,B2
311c73d6-514c-4826-a5c7-6ec8d661fc57,residential building,/residential building/,dân cư tòa nhà,"In Urban Life & Housing, residential building plays an integral role. [Trong Đô thị & Nhà ở, dân cư tòa nhà đóng vai trò thiết yếu.]",en,urban_housing,phrase,C1
3731ca74-e311-484c-aa73-be2d36faf06a,residential region,/residential region/,dân cư vùng,"In Urban Life & Housing, residential region plays an integral role. [Trong Đô thị & Nhà ở, dân cư vùng đóng vai trò thiết yếu.]",en,urban_housing,phrase,B1
50f8fa38-56b9-43f2-9b2d-fd9cd7665ea2,residential design,/residential design/,dân cư thiết kế,"In Urban Life & Housing, residential design plays an integral role. [Trong Đô thị & Nhà ở, dân cư thiết kế đóng vai trò thiết yếu.]",en,urban_housing,phrase,C1
cbe0da4f-c9bf-47ae-bf74-7250c83b084a,residential apartment,/residential apartment/,dân cư căn hộ,"In Urban Life & Housing, residential apartment plays an integral role. [Trong Đô thị & Nhà ở, dân cư căn hộ đóng vai trò thiết yếu.]",en,urban_housing,phrase,B1
ccdf7199-f8b2-4d23-9362-200dac6847be,affordable planning,/affordable planning/,vừa túi tiền quy hoạch,"In Urban Life & Housing, affordable planning plays an integral role. [Trong Đô thị & Nhà ở, vừa túi tiền quy hoạch đóng vai trò thiết yếu.]",en,urban_housing,phrase,C1
305fb9c0-8406-447f-8513-a27f59454a5d,affordable area,/affordable area/,vừa túi tiền khu vực,"In Urban Life & Housing, affordable area plays an integral role. [Trong Đô thị & Nhà ở, vừa túi tiền khu vực đóng vai trò thiết yếu.]",en,urban_housing,phrase,B1
aa953936-ed93-44b7-b45f-d23ff4c24c24,affordable housing,/affordable housing/,vừa túi tiền nhà ở,"In Urban Life & Housing, affordable housing plays an integral role. [Trong Đô thị & Nhà ở, vừa túi tiền nhà ở đóng vai trò thiết yếu.]",en,urban_housing,phrase,B2
af90bbf7-0437-4fc5-9fc1-dd7cc48f4a76,affordable transit,/affordable transit/,vừa túi tiền giao thông,"In Urban Life & Housing, affordable transit plays an integral role. [Trong Đô thị & Nhà ở, vừa túi tiền giao thông đóng vai trò thiết yếu.]",en,urban_housing,phrase,C1
d90088d4-625f-4c14-9ee0-b2d25e92f46f,affordable building,/affordable building/,vừa túi tiền tòa nhà,"In Urban Life & Housing, affordable building plays an integral role. [Trong Đô thị & Nhà ở, vừa túi tiền tòa nhà đóng vai trò thiết yếu.]",en,urban_housing,phrase,B1
f38948a1-2d66-4c77-a67e-c6a8b1dadfb0,affordable region,/affordable region/,vừa túi tiền vùng,"In Urban Life & Housing, affordable region plays an integral role. [Trong Đô thị & Nhà ở, vừa túi tiền vùng đóng vai trò thiết yếu.]",en,urban_housing,phrase,B2
99fe6a04-e3a0-4b3a-9b36-35af19016fe2,affordable neighborhood,/affordable neighborhood/,vừa túi tiền khu phố,"In Urban Life & Housing, affordable neighborhood plays an integral role. [Trong Đô thị & Nhà ở, vừa túi tiền khu phố đóng vai trò thiết yếu.]",en,urban_housing,phrase,C1
c3cff98b-1e84-44de-a029-5c0999ee9463,affordable design,/affordable design/,vừa túi tiền thiết kế,"In Urban Life & Housing, affordable design plays an integral role. [Trong Đô thị & Nhà ở, vừa túi tiền thiết kế đóng vai trò thiết yếu.]",en,urban_housing,phrase,B1
177fc65b-7bee-4891-b437-e6a16dccd0d7,affordable apartment,/affordable apartment/,vừa túi tiền căn hộ,"In Urban Life & Housing, affordable apartment plays an integral role. [Trong Đô thị & Nhà ở, vừa túi tiền căn hộ đóng vai trò thiết yếu.]",en,urban_housing,phrase,B2
a4bb8607-23ae-404d-9a60-56c17334809c,affordable infrastructure,/affordable infrastructure/,vừa túi tiền hạ tầng,"In Urban Life & Housing, affordable infrastructure plays an integral role. [Trong Đô thị & Nhà ở, vừa túi tiền hạ tầng đóng vai trò thiết yếu.]",en,urban_housing,phrase,C1
ff42bb83-b59c-4087-9180-72154a2a7d6c,public planning,/public planning/,công cộng quy hoạch,"In Urban Life & Housing, public planning plays an integral role. [Trong Đô thị & Nhà ở, công cộng quy hoạch đóng vai trò thiết yếu.]",en,urban_housing,phrase,B1
fac60352-93d3-4dda-b91a-384b78214038,public area,/public area/,công cộng khu vực,"In Urban Life & Housing, public area plays an integral role. [Trong Đô thị & Nhà ở, công cộng khu vực đóng vai trò thiết yếu.]",en,urban_housing,phrase,B2
7bd8ffff-a60a-4f26-b92c-9e591d71151a,public housing,/public housing/,công cộng nhà ở,"In Urban Life & Housing, public housing plays an integral role. [Trong Đô thị & Nhà ở, công cộng nhà ở đóng vai trò thiết yếu.]",en,urban_housing,phrase,C1
6f6961c9-6fc7-4e74-9032-e42bacb42e6c,public transit,/public transit/,công cộng giao thông,"In Urban Life & Housing, public transit plays an integral role. [Trong Đô thị & Nhà ở, công cộng giao thông đóng vai trò thiết yếu.]",en,urban_housing,phrase,B1
bad2e688-5e5f-4c05-857e-36b10e2b2b27,public building,/public building/,công cộng tòa nhà,"In Urban Life & Housing, public building plays an integral role. [Trong Đô thị & Nhà ở, công cộng tòa nhà đóng vai trò thiết yếu.]",en,urban_housing,phrase,B2
b9ba7fc1-1374-496b-871e-944af8aa0bea,public region,/public region/,công cộng vùng,"In Urban Life & Housing, public region plays an integral role. [Trong Đô thị & Nhà ở, công cộng vùng đóng vai trò thiết yếu.]",en,urban_housing,phrase,C1
e87ef88c-ea92-4eb8-915a-1063c0e90eb4,public neighborhood,/public neighborhood/,công cộng khu phố,"In Urban Life & Housing, public neighborhood plays an integral role. [Trong Đô thị & Nhà ở, công cộng khu phố đóng vai trò thiết yếu.]",en,urban_housing,phrase,B1
b94e61c0-8fdf-4f1c-ba21-3ff813c15e7d,public design,/public design/,công cộng thiết kế,"In Urban Life & Housing, public design plays an integral role. [Trong Đô thị & Nhà ở, công cộng thiết kế đóng vai trò thiết yếu.]",en,urban_housing,phrase,B2
d2b94f5f-da51-47e6-8ece-46daa8ed207d,public apartment,/public apartment/,công cộng căn hộ,"In Urban Life & Housing, public apartment plays an integral role. [Trong Đô thị & Nhà ở, công cộng căn hộ đóng vai trò thiết yếu.]",en,urban_housing,phrase,C1
35d767a4-fd5b-442a-99d7-516a1fe9d001,public infrastructure,/public infrastructure/,công cộng hạ tầng,"In Urban Life & Housing, public infrastructure plays an integral role. [Trong Đô thị & Nhà ở, công cộng hạ tầng đóng vai trò thiết yếu.]",en,urban_housing,phrase,B1
74e7ab14-35fd-4ae1-9729-7265b3398b3c,high-rise planning,/high-rise planning/,cao tầng quy hoạch,"In Urban Life & Housing, high-rise planning plays an integral role. [Trong Đô thị & Nhà ở, cao tầng quy hoạch đóng vai trò thiết yếu.]",en,urban_housing,phrase,B2
51f72b17-3f4e-4f71-bcbf-22c21060354a,high-rise area,/high-rise area/,cao tầng khu vực,"In Urban Life & Housing, high-rise area plays an integral role. [Trong Đô thị & Nhà ở, cao tầng khu vực đóng vai trò thiết yếu.]",en,urban_housing,phrase,C1
210d87a1-0714-423f-9029-9765f594ee6e,high-rise housing,/high-rise housing/,cao tầng nhà ở,"In Urban Life & Housing, high-rise housing plays an integral role. [Trong Đô thị & Nhà ở, cao tầng nhà ở đóng vai trò thiết yếu.]",en,urban_housing,phrase,B1
7b000cd2-0482-40e2-a246-e60ef1edb718,high-rise transit,/high-rise transit/,cao tầng giao thông,"In Urban Life & Housing, high-rise transit plays an integral role. [Trong Đô thị & Nhà ở, cao tầng giao thông đóng vai trò thiết yếu.]",en,urban_housing,phrase,B2
577c215d-7bce-4bf0-b5f3-881448f06e66,high-rise building,/high-rise building/,cao tầng tòa nhà,"In Urban Life & Housing, high-rise building plays an integral role. [Trong Đô thị & Nhà ở, cao tầng tòa nhà đóng vai trò thiết yếu.]",en,urban_housing,phrase,C1
27c02748-dc5a-4ba0-855d-eb259b731696,high-rise region,/high-rise region/,cao tầng vùng,"In Urban Life & Housing, high-rise region plays an integral role. [Trong Đô thị & Nhà ở, cao tầng vùng đóng vai trò thiết yếu.]",en,urban_housing,phrase,B1
fddc761c-c153-4947-bcd9-7c830ff39b17,high-rise neighborhood,/high-rise neighborhood/,cao tầng khu phố,"In Urban Life & Housing, high-rise neighborhood plays an integral role. [Trong Đô thị & Nhà ở, cao tầng khu phố đóng vai trò thiết yếu.]",en,urban_housing,phrase,B2
e296825e-5b31-41e7-a3e4-8cb3cd15a8a9,high-rise design,/high-rise design/,cao tầng thiết kế,"In Urban Life & Housing, high-rise design plays an integral role. [Trong Đô thị & Nhà ở, cao tầng thiết kế đóng vai trò thiết yếu.]",en,urban_housing,phrase,C1
47a2eb18-ede3-4f1b-b45a-acf88b8f4793,high-rise apartment,/high-rise apartment/,cao tầng căn hộ,"In Urban Life & Housing, high-rise apartment plays an integral role. [Trong Đô thị & Nhà ở, cao tầng căn hộ đóng vai trò thiết yếu.]",en,urban_housing,phrase,B1
6de091ce-8041-4c23-a1f9-0a41c3074ab0,high-rise infrastructure,/high-rise infrastructure/,cao tầng hạ tầng,"In Urban Life & Housing, high-rise infrastructure plays an integral role. [Trong Đô thị & Nhà ở, cao tầng hạ tầng đóng vai trò thiết yếu.]",en,urban_housing,phrase,B2
349b147f-e707-475a-87a9-d6c19dacffdc,metropolitan planning,/metropolitan planning/,đô thị lớn quy hoạch,"In Urban Life & Housing, metropolitan planning plays an integral role. [Trong Đô thị & Nhà ở, đô thị lớn quy hoạch đóng vai trò thiết yếu.]",en,urban_housing,phrase,C1
2fc8e652-914b-4109-b193-a43f9c2468d1,metropolitan area,/metropolitan area/,đô thị lớn khu vực,"In Urban Life & Housing, metropolitan area plays an integral role. [Trong Đô thị & Nhà ở, đô thị lớn khu vực đóng vai trò thiết yếu.]",en,urban_housing,phrase,B1
3f5f8744-85e0-44ae-80e3-097decf5b55f,metropolitan housing,/metropolitan housing/,đô thị lớn nhà ở,"In Urban Life & Housing, metropolitan housing plays an integral role. [Trong Đô thị & Nhà ở, đô thị lớn nhà ở đóng vai trò thiết yếu.]",en,urban_housing,phrase,B2
bca493dc-83f2-4126-a5d8-b9d2d2370c4d,metropolitan transit,/metropolitan transit/,đô thị lớn giao thông,"In Urban Life & Housing, metropolitan transit plays an integral role. [Trong Đô thị & Nhà ở, đô thị lớn giao thông đóng vai trò thiết yếu.]",en,urban_housing,phrase,C1
52bda762-d470-4786-8992-1ae4b1b917b9,radar,/ˈreɪdɑː(r)/,ra đa,"In Transport & Logistics, 'radar' is an essential term. [Trong Giao thông & Vận tải, ""radar"" là một thuật ngữ quan trọng.]",en,transport_logistics,single_word,B1
d5f900d4-6c00-4e81-9df3-b584f1b712bc,embark,/ɪmˈbɑːk/,cho lên tàu    imbark); lên tàu,"In Transport & Logistics, 'embark' is an essential term. [Trong Giao thông & Vận tải, ""embark"" là một thuật ngữ quan trọng.]",en,transport_logistics,single_word,B2
21434cde-1a9c-4462-abef-6d08e1a68502,junction,/ˈdʒʌŋkʃn/,"sự nối liền, sự gặp nhau; mối nối, chỗ nối; chỗ gặp nhau","In Transport & Logistics, 'junction' is an essential term. [Trong Giao thông & Vận tải, ""junction"" là một thuật ngữ quan trọng.]",en,transport_logistics,single_word,C1
e6ff7001-7f97-4e92-9048-336cc317829e,load,/ləʊd/,"tải trọng, tải, trọng tải; concentrated l. tải trọng tập trung","In Transport & Logistics, 'load' is an essential term. [Trong Giao thông & Vận tải, ""load"" là một thuật ngữ quan trọng.]",en,transport_logistics,single_word,B1
38568973-8085-43e3-b2bf-9de6d8ecf2b1,nerve,/nɜːv/,thần kinh; tinh thần; n. covering  thần kinh của  phủ,"In Transport & Logistics, 'nerve' is an essential term. [Trong Giao thông & Vận tải, ""nerve"" là một thuật ngữ quan trọng.]",en,transport_logistics,single_word,B2
73e09225-c7d2-4521-a1d8-79fba3df4a0c,pack,/pæk/,bó; khối;  cỗ bài; ap. of cards cỗ bài,"In Transport & Logistics, 'pack' is an essential term. [Trong Giao thông & Vận tải, ""pack"" là một thuật ngữ quan trọng.]",en,transport_logistics,single_word,C1
ea8a7ce6-5e1e-446f-9cfb-49fb3b51b341,package,/ˈpækɪdʒ/,khối,"In Transport & Logistics, 'package' is an essential term. [Trong Giao thông & Vận tải, ""package"" là một thuật ngữ quan trọng.]",en,transport_logistics,single_word,B1
38a404ff-f703-4bd0-92c6-a72362f74255,packet,/ˈpækɪt/,gói nhỏ; tàu chở thư  packet boat),"In Transport & Logistics, 'packet' is an essential term. [Trong Giao thông & Vận tải, ""packet"" là một thuật ngữ quan trọng.]",en,transport_logistics,single_word,B2
21640f5d-7fb2-430b-9db2-54beddc6dd52,plane,/pleɪn/,mặt phẳng // phẳng; p. at infinity mặt phẳng ở vô tận,"In Transport & Logistics, 'plane' is an essential term. [Trong Giao thông & Vận tải, ""plane"" là một thuật ngữ quan trọng.]",en,transport_logistics,single_word,C1
114389e5-b839-4174-8eb5-84f42bec1763,port,/pɔːt/,cảng; nơi ẩn náu; nơi tỵ nạn,"In Transport & Logistics, 'port' is an essential term. [Trong Giao thông & Vận tải, ""port"" là một thuật ngữ quan trọng.]",en,transport_logistics,single_word,B1
4e40e6bc-d368-4dbe-92ff-5eeb63b6c983,portfolio,/pɔːtˈfəʊliəʊ/,cặp; danh sách vốn đầu tư,"In Transport & Logistics, 'portfolio' is an essential term. [Trong Giao thông & Vận tải, ""portfolio"" là một thuật ngữ quan trọng.]",en,transport_logistics,single_word,B2
7920affe-9be7-4de4-aee9-c555b516b39e,post,/pəʊst/,cột trụ; vỉa cát kết dày,"In Transport & Logistics, 'post' is an essential term. [Trong Giao thông & Vận tải, ""post"" là một thuật ngữ quan trọng.]",en,transport_logistics,single_word,C1
f129e29c-1316-41cd-91b8-8bc312afa1a0,reservation,/ˌrezəˈveɪʃn/,sự dữ trữ; sự bảo lưu,"In Transport & Logistics, 'reservation' is an essential term. [Trong Giao thông & Vận tải, ""reservation"" là một thuật ngữ quan trọng.]",en,transport_logistics,single_word,B1
8ea27632-740a-4fca-9540-57866e840df8,signal,/ˈsɪɡnəl/,tín hiệu; carry initiating s. tín hiệu chuyển ban đầu,"In Transport & Logistics, 'signal' is an essential term. [Trong Giao thông & Vận tải, ""signal"" là một thuật ngữ quan trọng.]",en,transport_logistics,single_word,B2
f8ae17a9-03e3-4eea-b05f-75e2237e6323,transit,/ˈtrænzɪt/,sự qua kinh tuyến,"In Transport & Logistics, 'transit' is an essential term. [Trong Giao thông & Vận tải, ""transit"" là một thuật ngữ quan trọng.]",en,transport_logistics,single_word,C1
12d1a55e-5db1-4c21-8aad-a329e396b6f1,tunnel,/ˈtʌnl/,"đường hầm, ống","In Transport & Logistics, 'tunnel' is an essential term. [Trong Giao thông & Vận tải, ""tunnel"" là một thuật ngữ quan trọng.]",en,transport_logistics,single_word,B1
c50dd4a1-926d-49b8-b7c4-1864312491ec,van,/væn/,"tiền đội, quân tiên phong; những người đi tiên phong, những người lãnh đạo ; địa vị hàng đầu","In Transport & Logistics, 'van' is an essential term. [Trong Giao thông & Vận tải, ""van"" là một thuật ngữ quan trọng.]",en,transport_logistics,single_word,B2
f420c042-72c4-4125-a055-26fea477ff95,accident,/ˈæksɪdənt/,"sự ngẫu nhiên, trường hợp không may","In Transport & Logistics, 'accident' is an essential term. [Trong Giao thông & Vận tải, ""accident"" là một thuật ngữ quan trọng.]",en,transport_logistics,single_word,C1
299387e3-d2a0-4288-8422-42d166e12bb7,active,/ˈæktɪv/,"chủ động; hoạt tính; hoạt động, hiệu lực, đang dùng; tích cực","In Transport & Logistics, 'active' is an essential term. [Trong Giao thông & Vận tải, ""active"" là một thuật ngữ quan trọng.]",en,transport_logistics,single_word,B1
6f386cd7-f9a8-49ef-9212-401fc43ad324,arguably,/ˈɑːɡjuəbli/,người ta có thể cho rằng,"In Transport & Logistics, 'arguably' is an essential term. [Trong Giao thông & Vận tải, ""arguably"" là một thuật ngữ quan trọng.]",en,transport_logistics,single_word,B2
58eb1265-4d87-412a-84a8-72bb72097d75,assistance,/əˈsɪstəns/,sự giúp đỡ,"In Transport & Logistics, 'assistance' is an essential term. [Trong Giao thông & Vận tải, ""assistance"" là một thuật ngữ quan trọng.]",en,transport_logistics,single_word,C1
4b5da686-47e0-45f5-b1bc-8c69cbfbd0d2,auto,/ˈɔːtəʊ/,tự động,"In Transport & Logistics, 'auto' is an essential term. [Trong Giao thông & Vận tải, ""auto"" là một thuật ngữ quan trọng.]",en,transport_logistics,single_word,B1
ad740d16-b437-48cb-b205-ad303c5cb96f,backup,/ˈbækʌp/,dự phòng; sao lưu,"In Transport & Logistics, 'backup' is an essential term. [Trong Giao thông & Vận tải, ""backup"" là một thuật ngữ quan trọng.]",en,transport_logistics,single_word,B2
0fb29336-c2f9-4955-ad91-49f0df58e18a,bind,/baɪnd/,"buộc, liên kết","In Transport & Logistics, 'bind' is an essential term. [Trong Giao thông & Vận tải, ""bind"" là một thuật ngữ quan trọng.]",en,transport_logistics,single_word,C1
54bbb0fd-f9c9-4d5c-a109-6d61c3d92c02,blast,/blɑːst/,"xóa, bộc phát; nổ nhanh","In Transport & Logistics, 'blast' is an essential term. [Trong Giao thông & Vận tải, ""blast"" là một thuật ngữ quan trọng.]",en,transport_logistics,single_word,B1
ba27c63d-956d-4a00-89a4-48484a4c2ea9,bounce,/baʊns/,"sự nảy lên, sự bật lên; sự khoe khoang khoác lác","In Transport & Logistics, 'bounce' is an essential term. [Trong Giao thông & Vận tải, ""bounce"" là một thuật ngữ quan trọng.]",en,transport_logistics,single_word,B2
7957bcc3-f4be-4fba-929a-f48c10fb0778,captain,/ˈkæptɪn/,"người cầm đầu, người chỉ huy, thủ lĩnh; tướng lão luyện; nhà chiến lược","In Transport & Logistics, 'captain' is an essential term. [Trong Giao thông & Vận tải, ""captain"" là một thuật ngữ quan trọng.]",en,transport_logistics,single_word,C1
386cd883-af4f-4bda-98ed-32fec990279f,cheer,/tʃɪə(r)/,"sự vui vẻ, sự khoái trá; sự cổ vũ, sự khuyến khích","In Transport & Logistics, 'cheer' is an essential term. [Trong Giao thông & Vận tải, ""cheer"" là một thuật ngữ quan trọng.]",en,transport_logistics,single_word,B1
9a5852fa-6e17-428c-84d3-edc2939c387f,circulation,/ˌsɜːkjəˈleɪʃn/,"lưu số, lưu thông; sự tuần hoàn, sự lưu truyền; goods c. sự lưu chuyển hàng hoá","In Transport & Logistics, 'circulation' is an essential term. [Trong Giao thông & Vận tải, ""circulation"" là một thuật ngữ quan trọng.]",en,transport_logistics,single_word,B2
7c047e4c-b3f3-48d7-83b8-6cbee08b5423,coffee,/ˈkɒfi/,cà phê; bột cà phê,"In Transport & Logistics, 'coffee' is an essential term. [Trong Giao thông & Vận tải, ""coffee"" là một thuật ngữ quan trọng.]",en,transport_logistics,single_word,C1
e3e3f050-6b0b-4756-92ff-3b27a32fd5a1,collapse,/kəˈlæps/,"sự sụp đổ // co, rút","In Transport & Logistics, 'collapse' is an essential term. [Trong Giao thông & Vận tải, ""collapse"" là một thuật ngữ quan trọng.]",en,transport_logistics,single_word,B1
436b5d1c-c9bd-4011-a8f1-be6e342e54db,collision,/kəˈlɪʒn/,sự va chạm; double c. va chạm kép,"In Transport & Logistics, 'collision' is an essential term. [Trong Giao thông & Vận tải, ""collision"" là một thuật ngữ quan trọng.]",en,transport_logistics,single_word,B2
f3bd567a-12a4-4d8b-bf58-68a05c83e960,commitment,/kəˈmɪtmənt/,committal; trát bắt giam,"In Transport & Logistics, 'commitment' is an essential term. [Trong Giao thông & Vận tải, ""commitment"" là một thuật ngữ quan trọng.]",en,transport_logistics,single_word,C1
6bd2b86e-633d-4f5f-bfad-ff28109a5538,composition,/ˌkɒmpəˈzɪʃn/,"sự hợp thành, sự hợp; tích; tổng; c. and division in a proportionbiến đổi tỷ lệ thức i>=","In Transport & Logistics, 'composition' is an essential term. [Trong Giao thông & Vận tải, ""composition"" là một thuật ngữ quan trọng.]",en,transport_logistics,single_word,B1
0f094476-f8ef-415a-bdd2-671e49394c19,crawl,/krɔːl/,ao nuôi cá; chỗ nuôi rùa; chỗ nuôi tôm,"In Transport & Logistics, 'crawl' is an essential term. [Trong Giao thông & Vận tải, ""crawl"" là một thuật ngữ quan trọng.]",en,transport_logistics,single_word,B2
7cd9448a-563d-41ef-931c-9ed711a1042f,deal,/diːl/,"gỗ tùng, gỗ thông; tấm ván cây","In Transport & Logistics, 'deal' is an essential term. [Trong Giao thông & Vận tải, ""deal"" là một thuật ngữ quan trọng.]",en,transport_logistics,single_word,C1
6243c6a7-c3fa-4516-b319-f25a8e9fa98a,dealer,/ˈdiːlə(r)/,người buôn bán; người chia bài,"In Transport & Logistics, 'dealer' is an essential term. [Trong Giao thông & Vận tải, ""dealer"" là một thuật ngữ quan trọng.]",en,transport_logistics,single_word,B1
f8e85d17-3e1c-4e0b-9627-279533a936af,dedicated,/ˈdedɪkeɪtɪd/,"tận tụy, tận tâm; có tính cách chuyên môn","In Transport & Logistics, 'dedicated' is an essential term. [Trong Giao thông & Vận tải, ""dedicated"" là một thuật ngữ quan trọng.]",en,transport_logistics,single_word,B2
3a50316f-82e1-475a-837c-301f3b3bcfc6,dedication,/ˌdedɪˈkeɪʃn/,"sự cống hiến, sự hiến dâng; lời đề tặng","In Transport & Logistics, 'dedication' is an essential term. [Trong Giao thông & Vận tải, ""dedication"" là một thuật ngữ quan trọng.]",en,transport_logistics,single_word,C1
b3d3ad9c-75a5-4139-9b3b-2bff9e79dbd2,detail,/ˈdiːteɪl/,chi tiết,"In Transport & Logistics, 'detail' is an essential term. [Trong Giao thông & Vận tải, ""detail"" là một thuật ngữ quan trọng.]",en,transport_logistics,single_word,B1
eae88fac-ec00-4a14-9c52-ee13733888c8,diamond,/ˈdaɪmənd/,quân vuông  || có dạng hình thoi,"In Transport & Logistics, 'diamond' is an essential term. [Trong Giao thông & Vận tải, ""diamond"" là một thuật ngữ quan trọng.]",en,transport_logistics,single_word,B2
a6ed040d-f950-4790-ac14-1bddf9c0431d,dilemma,/dɪˈlemə/,lưỡng đề đilem,"In Transport & Logistics, 'dilemma' is an essential term. [Trong Giao thông & Vận tải, ""dilemma"" là một thuật ngữ quan trọng.]",en,transport_logistics,single_word,C1
16cf138c-e105-42cd-943d-03d07bf2dbb9,direction,/dəˈrekʃn/,"hướng, phương; d. of polarization phương phân cực","In Transport & Logistics, 'direction' is an essential term. [Trong Giao thông & Vận tải, ""direction"" là một thuật ngữ quan trọng.]",en,transport_logistics,single_word,B1
bfb25e9d-2d7c-4221-b396-15b211e2fe1b,dominance,/ˈdɒmɪnəns/,"sự trội, tính ưu thế","In Transport & Logistics, 'dominance' is an essential term. [Trong Giao thông & Vận tải, ""dominance"" là một thuật ngữ quan trọng.]",en,transport_logistics,single_word,B2
f94a1b44-0eb0-4268-8713-c343a4c234c2,dominant,/ˈdɒmɪnənt/,"trội, ưu thế","In Transport & Logistics, 'dominant' is an essential term. [Trong Giao thông & Vận tải, ""dominant"" là một thuật ngữ quan trọng.]",en,transport_logistics,single_word,C1
5613a617-42ea-48c9-a8cb-a0bcedc0dab8,drift,/drɪft/,"sự trôi, sự rời, kéo theo; frequency d. sự mất tần số","In Transport & Logistics, 'drift' is an essential term. [Trong Giao thông & Vận tải, ""drift"" là một thuật ngữ quan trọng.]",en,transport_logistics,single_word,B1
d8909aa2-ed56-47d1-9a3d-bb617b36427e,elevate,/ˈelɪveɪt/,"đưa lên, nâng lên","In Transport & Logistics, 'elevate' is an essential term. [Trong Giao thông & Vận tải, ""elevate"" là một thuật ngữ quan trọng.]",en,transport_logistics,single_word,B2
1fed3219-c367-4d3c-bced-de54e4437672,eliminate,/ɪˈlɪmɪneɪt/,"khử bỏ, loại trừ","In Transport & Logistics, 'eliminate' is an essential term. [Trong Giao thông & Vận tải, ""eliminate"" là một thuật ngữ quan trọng.]",en,transport_logistics,single_word,C1
72f0fcd1-49b0-42e1-8ee7-88c422a941c5,emerge,/ɪˈmɜːdʒ/,"xuất hiện, nổi lên, nhô lên","In Transport & Logistics, 'emerge' is an essential term. [Trong Giao thông & Vận tải, ""emerge"" là một thuật ngữ quan trọng.]",en,transport_logistics,single_word,B1
774c1271-f520-4496-bdfc-8444bf08c69d,emphasis,/ˈemfəsɪs/,sự nhấn mạnh;  sự nhấn giọng; tầm quan trọng,"In Transport & Logistics, 'emphasis' is an essential term. [Trong Giao thông & Vận tải, ""emphasis"" là một thuật ngữ quan trọng.]",en,transport_logistics,single_word,B2
af33ddba-f8c3-4de8-aa62-ceaa53fd16d3,public transport,/public transport/,công cộng vận tải,"In Transport & Logistics, public transport plays an integral role. [Trong Giao thông & Vận tải, công cộng vận tải đóng vai trò thiết yếu.]",en,transport_logistics,phrase,B1
6eb304ca-5f29-4306-b399-d50dde3bd29c,public forwarding,/public forwarding/,công cộng giao nhận,"In Transport & Logistics, public forwarding plays an integral role. [Trong Giao thông & Vận tải, công cộng giao nhận đóng vai trò thiết yếu.]",en,transport_logistics,phrase,B2
99678c0c-43cb-4be7-96e3-e2c53b5df4fb,public network,/public network/,công cộng mạng lưới,"In Transport & Logistics, public network plays an integral role. [Trong Giao thông & Vận tải, công cộng mạng lưới đóng vai trò thiết yếu.]",en,transport_logistics,phrase,C1
7fabc234-0726-405f-8b14-fe56de69d06a,public congestion,/public congestion/,công cộng ùn tắc,"In Transport & Logistics, public congestion plays an integral role. [Trong Giao thông & Vận tải, công cộng ùn tắc đóng vai trò thiết yếu.]",en,transport_logistics,phrase,B1
3e7cb276-9a23-4dfc-b82d-37a4bb101aec,public transportation,/public transportation/,công cộng vận chuyển,"In Transport & Logistics, public transportation plays an integral role. [Trong Giao thông & Vận tải, công cộng vận chuyển đóng vai trò thiết yếu.]",en,transport_logistics,phrase,B2
3357cfa1-19de-4ac4-a03d-d20843a0b7ad,public rail,/public rail/,công cộng đường sắt,"In Transport & Logistics, public rail plays an integral role. [Trong Giao thông & Vận tải, công cộng đường sắt đóng vai trò thiết yếu.]",en,transport_logistics,phrase,C1
bc36fa81-1ebc-4feb-afd1-1ae254d8da14,public shipping,/public shipping/,công cộng vận chuyển đường biển,"In Transport & Logistics, public shipping plays an integral role. [Trong Giao thông & Vận tải, công cộng vận chuyển đường biển đóng vai trò thiết yếu.]",en,transport_logistics,phrase,B1
b130391c-cdd8-4f54-9d24-02cd8638b503,public freight,/public freight/,công cộng hàng vận tải,"In Transport & Logistics, public freight plays an integral role. [Trong Giao thông & Vận tải, công cộng hàng vận tải đóng vai trò thiết yếu.]",en,transport_logistics,phrase,B2
5e556915-2b90-458f-96d5-b6a01cf5e9a2,public safety,/public safety/,công cộng an toàn,"In Transport & Logistics, public safety plays an integral role. [Trong Giao thông & Vận tải, công cộng an toàn đóng vai trò thiết yếu.]",en,transport_logistics,phrase,C1
4e189731-c430-4d3f-b330-f2526a565eb6,public chain,/public chain/,công cộng chuỗi,"In Transport & Logistics, public chain plays an integral role. [Trong Giao thông & Vận tải, công cộng chuỗi đóng vai trò thiết yếu.]",en,transport_logistics,phrase,B1
fc480127-6d60-4308-ab40-99a567bda3d1,freight transport,/freight transport/,vận chuyển hàng hóa vận tải,"In Transport & Logistics, freight transport plays an integral role. [Trong Giao thông & Vận tải, vận chuyển hàng hóa vận tải đóng vai trò thiết yếu.]",en,transport_logistics,phrase,B2
9dabb2b8-4d9b-461c-befa-d53792113dcb,freight forwarding,/freight forwarding/,vận chuyển hàng hóa giao nhận,"In Transport & Logistics, freight forwarding plays an integral role. [Trong Giao thông & Vận tải, vận chuyển hàng hóa giao nhận đóng vai trò thiết yếu.]",en,transport_logistics,phrase,C1
c7c2fcf8-5fb9-4dd3-b473-85a8345a8277,freight network,/freight network/,vận chuyển hàng hóa mạng lưới,"In Transport & Logistics, freight network plays an integral role. [Trong Giao thông & Vận tải, vận chuyển hàng hóa mạng lưới đóng vai trò thiết yếu.]",en,transport_logistics,phrase,B1
54e4e81b-bc3e-4b35-9166-cfd7ad2c6eb4,freight congestion,/freight congestion/,vận chuyển hàng hóa ùn tắc,"In Transport & Logistics, freight congestion plays an integral role. [Trong Giao thông & Vận tải, vận chuyển hàng hóa ùn tắc đóng vai trò thiết yếu.]",en,transport_logistics,phrase,B2
570d0478-2d51-4320-8fcf-a1fe9b9ec2ac,freight transportation,/freight transportation/,vận chuyển hàng hóa vận chuyển,"In Transport & Logistics, freight transportation plays an integral role. [Trong Giao thông & Vận tải, vận chuyển hàng hóa vận chuyển đóng vai trò thiết yếu.]",en,transport_logistics,phrase,C1
6bc97944-65d8-4c44-a9f2-8deb920eebd9,freight rail,/freight rail/,vận chuyển hàng hóa đường sắt,"In Transport & Logistics, freight rail plays an integral role. [Trong Giao thông & Vận tải, vận chuyển hàng hóa đường sắt đóng vai trò thiết yếu.]",en,transport_logistics,phrase,B1
ef742576-405a-4d46-97ec-31a3d622a646,freight shipping,/freight shipping/,vận chuyển hàng hóa vận chuyển đường biển,"In Transport & Logistics, freight shipping plays an integral role. [Trong Giao thông & Vận tải, vận chuyển hàng hóa vận chuyển đường biển đóng vai trò thiết yếu.]",en,transport_logistics,phrase,B2
c59a74a7-a24e-412d-a79e-dc445e6e5948,freight safety,/freight safety/,vận chuyển hàng hóa an toàn,"In Transport & Logistics, freight safety plays an integral role. [Trong Giao thông & Vận tải, vận chuyển hàng hóa an toàn đóng vai trò thiết yếu.]",en,transport_logistics,phrase,B1
d256af0f-1083-4cc8-8562-8d5e275d1afe,freight chain,/freight chain/,vận chuyển hàng hóa chuỗi,"In Transport & Logistics, freight chain plays an integral role. [Trong Giao thông & Vận tải, vận chuyển hàng hóa chuỗi đóng vai trò thiết yếu.]",en,transport_logistics,phrase,B2
556e4f5a-35c1-473b-a081-832baa16a56f,logistics transport,/logistics transport/,hậu cần vận tải,"In Transport & Logistics, logistics transport plays an integral role. [Trong Giao thông & Vận tải, hậu cần vận tải đóng vai trò thiết yếu.]",en,transport_logistics,phrase,C1
27dc5145-8e44-41f4-8dc5-e373a8249be7,logistics forwarding,/logistics forwarding/,hậu cần giao nhận,"In Transport & Logistics, logistics forwarding plays an integral role. [Trong Giao thông & Vận tải, hậu cần giao nhận đóng vai trò thiết yếu.]",en,transport_logistics,phrase,B1
45941e07-fbaf-4dd6-94f0-f335685b5fff,logistics network,/logistics network/,hậu cần mạng lưới,"In Transport & Logistics, logistics network plays an integral role. [Trong Giao thông & Vận tải, hậu cần mạng lưới đóng vai trò thiết yếu.]",en,transport_logistics,phrase,B2
c4ae27b9-7e17-4f7c-8c0c-70f345df3762,logistics congestion,/logistics congestion/,hậu cần ùn tắc,"In Transport & Logistics, logistics congestion plays an integral role. [Trong Giao thông & Vận tải, hậu cần ùn tắc đóng vai trò thiết yếu.]",en,transport_logistics,phrase,C1
be5f1b5d-11d0-412a-b3de-5d31dbc3e08e,logistics transportation,/logistics transportation/,hậu cần vận chuyển,"In Transport & Logistics, logistics transportation plays an integral role. [Trong Giao thông & Vận tải, hậu cần vận chuyển đóng vai trò thiết yếu.]",en,transport_logistics,phrase,B1
d31efec5-46ad-4884-911d-55b195c3e8ba,logistics rail,/logistics rail/,hậu cần đường sắt,"In Transport & Logistics, logistics rail plays an integral role. [Trong Giao thông & Vận tải, hậu cần đường sắt đóng vai trò thiết yếu.]",en,transport_logistics,phrase,B2
c37fbedd-d540-43dc-a332-ad76a3645253,logistics shipping,/logistics shipping/,hậu cần vận chuyển đường biển,"In Transport & Logistics, logistics shipping plays an integral role. [Trong Giao thông & Vận tải, hậu cần vận chuyển đường biển đóng vai trò thiết yếu.]",en,transport_logistics,phrase,C1
a5a80f9d-f1fd-4c11-a5b3-febc607889ad,logistics freight,/logistics freight/,hậu cần hàng vận tải,"In Transport & Logistics, logistics freight plays an integral role. [Trong Giao thông & Vận tải, hậu cần hàng vận tải đóng vai trò thiết yếu.]",en,transport_logistics,phrase,B1
dafc59ac-fdfb-4dd2-a2f5-f679c5634346,logistics safety,/logistics safety/,hậu cần an toàn,"In Transport & Logistics, logistics safety plays an integral role. [Trong Giao thông & Vận tải, hậu cần an toàn đóng vai trò thiết yếu.]",en,transport_logistics,phrase,B2
0cf12b7d-5916-4a17-bd72-391eddbf69e9,logistics chain,/logistics chain/,hậu cần chuỗi,"In Transport & Logistics, logistics chain plays an integral role. [Trong Giao thông & Vận tải, hậu cần chuỗi đóng vai trò thiết yếu.]",en,transport_logistics,phrase,C1
5edc8d24-8992-4f3e-aaff-ed3ed44f01a1,traffic transport,/traffic transport/,giao thông vận tải,"In Transport & Logistics, traffic transport plays an integral role. [Trong Giao thông & Vận tải, giao thông vận tải đóng vai trò thiết yếu.]",en,transport_logistics,phrase,B1
e52a0c24-632a-4180-976e-bd6d2782cb04,traffic forwarding,/traffic forwarding/,giao thông giao nhận,"In Transport & Logistics, traffic forwarding plays an integral role. [Trong Giao thông & Vận tải, giao thông giao nhận đóng vai trò thiết yếu.]",en,transport_logistics,phrase,B2
0cb0141f-9e45-4e26-9e1e-1adf7621637c,traffic network,/traffic network/,giao thông mạng lưới,"In Transport & Logistics, traffic network plays an integral role. [Trong Giao thông & Vận tải, giao thông mạng lưới đóng vai trò thiết yếu.]",en,transport_logistics,phrase,C1
6136538f-f586-4dd9-a98b-f897e8a66a0a,traffic congestion,/traffic congestion/,giao thông ùn tắc,"In Transport & Logistics, traffic congestion plays an integral role. [Trong Giao thông & Vận tải, giao thông ùn tắc đóng vai trò thiết yếu.]",en,transport_logistics,phrase,B1
bd7a95c2-397d-43c0-a9bc-b1a8fc2038c0,traffic transportation,/traffic transportation/,giao thông vận chuyển,"In Transport & Logistics, traffic transportation plays an integral role. [Trong Giao thông & Vận tải, giao thông vận chuyển đóng vai trò thiết yếu.]",en,transport_logistics,phrase,B2
fc0194fb-70f1-4b2e-9601-f390b292d36a,traffic rail,/traffic rail/,giao thông đường sắt,"In Transport & Logistics, traffic rail plays an integral role. [Trong Giao thông & Vận tải, giao thông đường sắt đóng vai trò thiết yếu.]",en,transport_logistics,phrase,C1
17efd0e2-1199-4d03-a17d-9b50d6a101d4,traffic shipping,/traffic shipping/,giao thông vận chuyển đường biển,"In Transport & Logistics, traffic shipping plays an integral role. [Trong Giao thông & Vận tải, giao thông vận chuyển đường biển đóng vai trò thiết yếu.]",en,transport_logistics,phrase,B1
a4d15786-97ba-4314-9d62-ebe7319c7831,traffic freight,/traffic freight/,giao thông hàng vận tải,"In Transport & Logistics, traffic freight plays an integral role. [Trong Giao thông & Vận tải, giao thông hàng vận tải đóng vai trò thiết yếu.]",en,transport_logistics,phrase,B2
05b5cdcb-d087-45dd-aa99-d5c1539d1477,traffic safety,/traffic safety/,giao thông an toàn,"In Transport & Logistics, traffic safety plays an integral role. [Trong Giao thông & Vận tải, giao thông an toàn đóng vai trò thiết yếu.]",en,transport_logistics,phrase,C1
6e838dbc-cd6b-41df-a8d8-dc14f21efe15,traffic chain,/traffic chain/,giao thông chuỗi,"In Transport & Logistics, traffic chain plays an integral role. [Trong Giao thông & Vận tải, giao thông chuỗi đóng vai trò thiết yếu.]",en,transport_logistics,phrase,B1
311939a0-acb1-47f2-8c28-e48a73b449d6,cargo transport,/cargo transport/,hàng hóa vận tải,"In Transport & Logistics, cargo transport plays an integral role. [Trong Giao thông & Vận tải, hàng hóa vận tải đóng vai trò thiết yếu.]",en,transport_logistics,phrase,B2
669a19aa-5ceb-4221-84c5-c4702c211dcd,cargo forwarding,/cargo forwarding/,hàng hóa giao nhận,"In Transport & Logistics, cargo forwarding plays an integral role. [Trong Giao thông & Vận tải, hàng hóa giao nhận đóng vai trò thiết yếu.]",en,transport_logistics,phrase,C1
14b51fcd-1ea6-4411-a414-e79df045bf99,cargo network,/cargo network/,hàng hóa mạng lưới,"In Transport & Logistics, cargo network plays an integral role. [Trong Giao thông & Vận tải, hàng hóa mạng lưới đóng vai trò thiết yếu.]",en,transport_logistics,phrase,B1
0ff43f12-f9ca-4ace-b730-2275d7ec8a5c,cargo congestion,/cargo congestion/,hàng hóa ùn tắc,"In Transport & Logistics, cargo congestion plays an integral role. [Trong Giao thông & Vận tải, hàng hóa ùn tắc đóng vai trò thiết yếu.]",en,transport_logistics,phrase,B2
84a7675c-1f1b-4d0a-b2fe-614c93f0464c,cargo transportation,/cargo transportation/,hàng hóa vận chuyển,"In Transport & Logistics, cargo transportation plays an integral role. [Trong Giao thông & Vận tải, hàng hóa vận chuyển đóng vai trò thiết yếu.]",en,transport_logistics,phrase,C1
530dfbe6-f66b-4ed9-86a6-132f206a8981,cargo rail,/cargo rail/,hàng hóa đường sắt,"In Transport & Logistics, cargo rail plays an integral role. [Trong Giao thông & Vận tải, hàng hóa đường sắt đóng vai trò thiết yếu.]",en,transport_logistics,phrase,B1
2f52b33a-d071-41ed-a085-f2c81b27782e,cargo shipping,/cargo shipping/,hàng hóa vận chuyển đường biển,"In Transport & Logistics, cargo shipping plays an integral role. [Trong Giao thông & Vận tải, hàng hóa vận chuyển đường biển đóng vai trò thiết yếu.]",en,transport_logistics,phrase,B2
317b3c55-aa84-4228-b2b9-0840106f8e06,cargo freight,/cargo freight/,hàng hóa hàng vận tải,"In Transport & Logistics, cargo freight plays an integral role. [Trong Giao thông & Vận tải, hàng hóa hàng vận tải đóng vai trò thiết yếu.]",en,transport_logistics,phrase,C1
1f95996c-a0a8-4cdf-8e58-730f88640e9c,cargo safety,/cargo safety/,hàng hóa an toàn,"In Transport & Logistics, cargo safety plays an integral role. [Trong Giao thông & Vận tải, hàng hóa an toàn đóng vai trò thiết yếu.]",en,transport_logistics,phrase,B1
0326b279-c500-414a-9ee8-021992ed969e,cargo chain,/cargo chain/,hàng hóa chuỗi,"In Transport & Logistics, cargo chain plays an integral role. [Trong Giao thông & Vận tải, hàng hóa chuỗi đóng vai trò thiết yếu.]",en,transport_logistics,phrase,B2
28ec7e93-c0cf-4f86-938c-256113c6633c,high-speed transport,/high-speed transport/,tốc độ cao vận tải,"In Transport & Logistics, high-speed transport plays an integral role. [Trong Giao thông & Vận tải, tốc độ cao vận tải đóng vai trò thiết yếu.]",en,transport_logistics,phrase,C1
960bd52f-3231-400c-b1c6-7c7fec7168ec,pull,/pʊl/,"sự lôi, sự kéo, sự giật; cái kéo, cái giật; sự kéo, sức đẩy, sự hút","In Essential Phrasal Verbs, 'pull' is an essential term. [Trong Động từ cụm thông dụng, ""pull"" là một thuật ngữ quan trọng.]",en,phrasal_verbs_core,single_word,B1
bc8864c3-541a-4f13-aa36-fa82093d7f7b,reminder,/rɪˈmaɪndə(r)/,"cái nhắc nhở, cái làm nhớ lại","In Essential Phrasal Verbs, 'reminder' is an essential term. [Trong Động từ cụm thông dụng, ""reminder"" là một thuật ngữ quan trọng.]",en,phrasal_verbs_core,single_word,B2
cc290938-1bd3-4208-99fa-c1d380a4a7ae,tighten,/ˈtaɪtn/,"chặt, căng, khít lại; căng ra, căng thẳng ra","In Essential Phrasal Verbs, 'tighten' is an essential term. [Trong Động từ cụm thông dụng, ""tighten"" là một thuật ngữ quan trọng.]",en,phrasal_verbs_core,single_word,C1
1261e303-c102-4e04-96b5-6173dfd7dd40,alter,/ˈɔːltə(r)/,thay đổi; hiệu chỉnh,"In Essential Phrasal Verbs, 'alter' is an essential term. [Trong Động từ cụm thông dụng, ""alter"" là một thuật ngữ quan trọng.]",en,phrasal_verbs_core,single_word,B1
cee105b7-01da-4d2e-932d-80c1dd4cd96d,combine,/kəmˈbaɪn/,"tổ hợp lại, kết hợp","In Essential Phrasal Verbs, 'combine' is an essential term. [Trong Động từ cụm thông dụng, ""combine"" là một thuật ngữ quan trọng.]",en,phrasal_verbs_core,single_word,B2
e4320ad2-d5c6-488f-b23e-1f076f67a38a,descend,/dɪˈsend/,"giảm, đi xuống","In Essential Phrasal Verbs, 'descend' is an essential term. [Trong Động từ cụm thông dụng, ""descend"" là một thuật ngữ quan trọng.]",en,phrasal_verbs_core,single_word,C1
cd4083cc-78d4-426e-bd1b-f380eb08ba68,diminish,/dɪˈmɪnɪʃ/,làm nhỏ; rút ngắn lại,"In Essential Phrasal Verbs, 'diminish' is an essential term. [Trong Động từ cụm thông dụng, ""diminish"" là một thuật ngữ quan trọng.]",en,phrasal_verbs_core,single_word,B1
66b01e8b-cfc8-4dc5-a775-1df66e9e3773,dip,/dɪp/,"sự nhúng, sự ngâm vào, sự dìm xuống; sự đầm mình, sự tắm","In Essential Phrasal Verbs, 'dip' is an essential term. [Trong Động từ cụm thông dụng, ""dip"" là một thuật ngữ quan trọng.]",en,phrasal_verbs_core,single_word,B2
e08ba422-f4d7-418a-86e5-08a6db6f4095,drain,/dreɪn/,"ống dẫn , cống, rãnh, mương, máng; ống dẫn lưu","In Essential Phrasal Verbs, 'drain' is an essential term. [Trong Động từ cụm thông dụng, ""drain"" là một thuật ngữ quan trọng.]",en,phrasal_verbs_core,single_word,C1
ce8d0c2a-5f2d-41d6-a6bb-08f5a91136aa,enter,/ˈentə(r)/,"vào, ghi, ra nhập","In Essential Phrasal Verbs, 'enter' is an essential term. [Trong Động từ cụm thông dụng, ""enter"" là một thuật ngữ quan trọng.]",en,phrasal_verbs_core,single_word,B1
58b0b550-4fc9-4cca-b363-65e900a87127,escalate,/ˈeskəleɪt/,leo thang chiến tranh,"In Essential Phrasal Verbs, 'escalate' is an essential term. [Trong Động từ cụm thông dụng, ""escalate"" là một thuật ngữ quan trọng.]",en,phrasal_verbs_core,single_word,B2
69e1ebd1-888c-4a42-ad5c-68ff9708fc31,expand,/ɪkˈspænd/,"mở rộng, khai triển","In Essential Phrasal Verbs, 'expand' is an essential term. [Trong Động từ cụm thông dụng, ""expand"" là một thuật ngữ quan trọng.]",en,phrasal_verbs_core,single_word,C1
5882037f-ff9d-44db-80b3-b883d930eee5,fade,/feɪd/,"sự phai màu, sự tàn lụi // thay đổi dần dần cường độ tín hiệu; làm; phai tàn f. in làm mạnh lên; f. out làm yếu đi","In Essential Phrasal Verbs, 'fade' is an essential term. [Trong Động từ cụm thông dụng, ""fade"" là một thuật ngữ quan trọng.]",en,phrasal_verbs_core,single_word,B1
fc2705d3-52e8-499b-a52d-701a376317cd,file,/faɪl/,"bộ phận ghi chữ, phiếu ghi tên","In Essential Phrasal Verbs, 'file' is an essential term. [Trong Động từ cụm thông dụng, ""file"" là một thuật ngữ quan trọng.]",en,phrasal_verbs_core,single_word,B2
179c6674-60f3-4bac-8b5f-1bf7935db72f,fill,/fɪl/,hoàn thành,"In Essential Phrasal Verbs, 'fill' is an essential term. [Trong Động từ cụm thông dụng, ""fill"" là một thuật ngữ quan trọng.]",en,phrasal_verbs_core,single_word,C1
30725f73-4868-49eb-8995-4f912af07a2f,follow,/ˈfɒləʊ/,theo sau,"In Essential Phrasal Verbs, 'follow' is an essential term. [Trong Động từ cụm thông dụng, ""follow"" là một thuật ngữ quan trọng.]",en,phrasal_verbs_core,single_word,B1
a9b01f80-2523-4927-9d46-0f1cd7278ae9,fortunate,/ˈfɔːtʃənət/,"may mắn, có phúc, tốt số; tốt, thuận lợi","In Essential Phrasal Verbs, 'fortunate' is an essential term. [Trong Động từ cụm thông dụng, ""fortunate"" là một thuật ngữ quan trọng.]",en,phrasal_verbs_core,single_word,B2
32e7e9d6-263c-4107-8288-076a7db08fd4,glory,/ˈɡlɔːri/,"danh tiếng, thanh danh; sự vinh quang, sự vẻ vang, vinh dự; vẻ huy hoàng, vẻ rực rỡ, vẻ lộng lẫy","In Essential Phrasal Verbs, 'glory' is an essential term. [Trong Động từ cụm thông dụng, ""glory"" là một thuật ngữ quan trọng.]",en,phrasal_verbs_core,single_word,C1
f4e3a7de-e401-415b-bb70-507b5d7dc913,grab,/ɡræb/,"cái chộp; sự túm lấy, sự vồ lấy, sự tóm, sự cố tóm lấy; sự tước đoạt, sự chiếm đoạt","In Essential Phrasal Verbs, 'grab' is an essential term. [Trong Động từ cụm thông dụng, ""grab"" là một thuật ngữ quan trọng.]",en,phrasal_verbs_core,single_word,B1
f1475864-17e7-4819-a57b-e29960ddbd7c,grant,/ɡrɑːnt/,Trợ cấp.,"In Essential Phrasal Verbs, 'grant' is an essential term. [Trong Động từ cụm thông dụng, ""grant"" là một thuật ngữ quan trọng.]",en,phrasal_verbs_core,single_word,B2
1969e793-be20-4400-9aa6-95720244e256,heal,/hiːl/,"chữa khỏi , làm lành; hàn gắn","In Essential Phrasal Verbs, 'heal' is an essential term. [Trong Động từ cụm thông dụng, ""heal"" là một thuật ngữ quan trọng.]",en,phrasal_verbs_core,single_word,C1
6d798d19-69c1-4f47-b8cb-d1a77fb3b5a6,hunt,/hʌnt/,"rung, sự đảo lại; sự dao động // đảo lại","In Essential Phrasal Verbs, 'hunt' is an essential term. [Trong Động từ cụm thông dụng, ""hunt"" là một thuật ngữ quan trọng.]",en,phrasal_verbs_core,single_word,B1
162cfbaa-84b4-470e-b578-c97f94669dee,improve,/ɪmˈpruːv/,"hoàn thiện, cải tiến","In Essential Phrasal Verbs, 'improve' is an essential term. [Trong Động từ cụm thông dụng, ""improve"" là một thuật ngữ quan trọng.]",en,phrasal_verbs_core,single_word,B2
b575b3c0-a2d5-4d86-8e64-ff822cecb497,ladder,/ˈlædə(r)/,thang  & ); từ bỏ những người bạn đã giúp mình nên địa vị; từ bỏ nghề nghiệp đã giúp mình có địa vị,"In Essential Phrasal Verbs, 'ladder' is an essential term. [Trong Động từ cụm thông dụng, ""ladder"" là một thuật ngữ quan trọng.]",en,phrasal_verbs_core,single_word,C1
8223731a-5351-4f88-b12b-5652deeb4569,lend,/lend/,"cho vay, cho mượn; thêm phần, thêm vào","In Essential Phrasal Verbs, 'lend' is an essential term. [Trong Động từ cụm thông dụng, ""lend"" là một thuật ngữ quan trọng.]",en,phrasal_verbs_core,single_word,B1
d05aff62-dea9-46cd-9f21-8452ed102db9,lens,/lenz/,thấu kinh; converging l. thấu kính hội tụ,"In Essential Phrasal Verbs, 'lens' is an essential term. [Trong Động từ cụm thông dụng, ""lens"" là một thuật ngữ quan trọng.]",en,phrasal_verbs_core,single_word,B2
98b294b2-422d-44c6-8b8c-74a6e1d3de08,line-up,/ˈlaɪn ʌp/,"đội hình, hàng, độ ngũ; sự sắp xếp đội hình","In Essential Phrasal Verbs, 'line-up' is an essential term. [Trong Động từ cụm thông dụng, ""line-up"" là một thuật ngữ quan trọng.]",en,phrasal_verbs_core,single_word,C1
67029850-2d39-4fa2-ba41-9cc827ce52ef,maintenance,/ˈmeɪntənəns/,"sự giữ, sự duy trì; sự bảo vệ, sự bảo quản; sự nuôi, sự cưu mang","In Essential Phrasal Verbs, 'maintenance' is an essential term. [Trong Động từ cụm thông dụng, ""maintenance"" là một thuật ngữ quan trọng.]",en,phrasal_verbs_core,single_word,B1
d249465a-6487-4e12-a617-7be9b4fac7fc,make-up,/ˈmeɪk ʌp/,"đồ hoá trang, son phấn ; sự hoá trang; cách sắp trang","In Essential Phrasal Verbs, 'make-up' is an essential term. [Trong Động từ cụm thông dụng, ""make-up"" là một thuật ngữ quan trọng.]",en,phrasal_verbs_core,single_word,B2
a8ac2f1d-5e07-4c73-92d8-c20718514d9d,manufacture,/ˌmænjuˈfæktʃə(r)/,"sự chế tạo, sự sản xuất; công nghiệp","In Essential Phrasal Verbs, 'manufacture' is an essential term. [Trong Động từ cụm thông dụng, ""manufacture"" là một thuật ngữ quan trọng.]",en,phrasal_verbs_core,single_word,C1
b2599648-077b-4b2e-a7d1-a33fe39130d8,meeting,/ˈmiːtɪŋ/,"cuộc mít tinh, cuộc biểu tình; cuộc gặp gỡ, cuộc hội họp, hội nghị","In Essential Phrasal Verbs, 'meeting' is an essential term. [Trong Động từ cụm thông dụng, ""meeting"" là một thuật ngữ quan trọng.]",en,phrasal_verbs_core,single_word,B1
3c9f794d-3d1d-4079-ae88-52ab47f39494,melt,/melt/,nóng chảy,"In Essential Phrasal Verbs, 'melt' is an essential term. [Trong Động từ cụm thông dụng, ""melt"" là một thuật ngữ quan trọng.]",en,phrasal_verbs_core,single_word,B2
83b07eac-bfa8-4743-9d2d-6dcb4b4215ae,mirror,/ˈmɪrə(r)/,gương; hình ảnh trung thực,"In Essential Phrasal Verbs, 'mirror' is an essential term. [Trong Động từ cụm thông dụng, ""mirror"" là một thuật ngữ quan trọng.]",en,phrasal_verbs_core,single_word,C1
26867be6-1a6a-4209-8efb-76bdf37c0095,offend,/əˈfend/,"xúc phạm, làm bực mình, làm khó chịu, làm mất lòng, làm tổn thương; làm chướng , làm gai","In Essential Phrasal Verbs, 'offend' is an essential term. [Trong Động từ cụm thông dụng, ""offend"" là một thuật ngữ quan trọng.]",en,phrasal_verbs_core,single_word,B1
c064a637-d3a0-4bf8-bf04-ee616eb4df6b,pour,/pɔː(r)/,"rót, đổ, giội, trút; thổ lộ, bộc lộ, trút ra","In Essential Phrasal Verbs, 'pour' is an essential term. [Trong Động từ cụm thông dụng, ""pour"" là một thuật ngữ quan trọng.]",en,phrasal_verbs_core,single_word,B2
2f290afa-027f-4579-87fe-0310544ee0ab,pray,/preɪ/,"cầu, cầu nguyện; khẩn cầu, cầu xin","In Essential Phrasal Verbs, 'pray' is an essential term. [Trong Động từ cụm thông dụng, ""pray"" là một thuật ngữ quan trọng.]",en,phrasal_verbs_core,single_word,C1
0333b1d6-9292-4d80-b47e-cdc677f28221,preservation,/ˌprezəˈveɪʃn/,"sự giữ, sự gìn giữ, sự bảo quản, sự bảo tồn, sự duy trì; sự giữ để lâu","In Essential Phrasal Verbs, 'preservation' is an essential term. [Trong Động từ cụm thông dụng, ""preservation"" là một thuật ngữ quan trọng.]",en,phrasal_verbs_core,single_word,B1
7d402845-9aa7-4e96-985c-3f6fe7fc7939,preserve,/prɪˈzɜːv/,"mứt; khu vực cấm săn, khu vực cấm câu cá","In Essential Phrasal Verbs, 'preserve' is an essential term. [Trong Động từ cụm thông dụng, ""preserve"" là một thuật ngữ quan trọng.]",en,phrasal_verbs_core,single_word,B2
96815c39-1e3e-4598-a88a-2f50d91e89ec,producer,/prəˈdjuːsə(r)/,người sản xuất; người xuất bản,"In Essential Phrasal Verbs, 'producer' is an essential term. [Trong Động từ cụm thông dụng, ""producer"" là một thuật ngữ quan trọng.]",en,phrasal_verbs_core,single_word,C1
efa61b96-3a55-4ddf-b38e-554a5572f97a,provide,/prəˈvaɪd/,"+ for,  against) chuẩn bị đầy đủ, dự phòng; + for) cung cấp, chu cấp, lo cho cái ăn cái mặc cho; lo liệu cho","In Essential Phrasal Verbs, 'provide' is an essential term. [Trong Động từ cụm thông dụng, ""provide"" là một thuật ngữ quan trọng.]",en,phrasal_verbs_core,single_word,B1
4246ff6c-40a8-44a8-a595-c0abf5e8f498,pursuit,/pəˈsjuːt/,"sự theo đuổi, sự theo dõi","In Essential Phrasal Verbs, 'pursuit' is an essential term. [Trong Động từ cụm thông dụng, ""pursuit"" là một thuật ngữ quan trọng.]",en,phrasal_verbs_core,single_word,B2
cbd6f6e7-d378-4d37-a536-3b3860259f1a,receive,/rɪˈsiːv/,nhận,"In Essential Phrasal Verbs, 'receive' is an essential term. [Trong Động từ cụm thông dụng, ""receive"" là một thuật ngữ quan trọng.]",en,phrasal_verbs_core,single_word,C1
b6fe312a-66e9-482a-8355-5a0fffcba0b6,reduce,/rɪˈdjuːs/,"quy về, rút gọn; r. a common fraction to a. decimal đổi một số phân số thông thường thành số thập phân;","In Essential Phrasal Verbs, 'reduce' is an essential term. [Trong Động từ cụm thông dụng, ""reduce"" là một thuật ngữ quan trọng.]",en,phrasal_verbs_core,single_word,B1
bdc842e2-c553-4360-8b44-af467545e68a,remarkably,/rɪˈmɑːkəbli/,"đáng chú ý, đáng để ý; khác thường, xuất sắc; đặc biệt, ngoại lệ","In Essential Phrasal Verbs, 'remarkably' is an essential term. [Trong Động từ cụm thông dụng, ""remarkably"" là một thuật ngữ quan trọng.]",en,phrasal_verbs_core,single_word,B2
c1f27c82-3c32-41e6-9927-68a6797eb31e,responsibility,/rɪˌspɒnsəˈbɪləti/,trách nhiệm; gánh trách nhiệm; cái phải gánh vác,"In Essential Phrasal Verbs, 'responsibility' is an essential term. [Trong Động từ cụm thông dụng, ""responsibility"" là một thuật ngữ quan trọng.]",en,phrasal_verbs_core,single_word,C1
a9da1b71-47c3-4f76-bb40-97617e8850b4,retrieve,/rɪˈtriːv/,"lấy lại, tìm lại được ; tìm và mang  về; khôi phục lại được ; phục hồi được ; xây dựng lại được","In Essential Phrasal Verbs, 'retrieve' is an essential term. [Trong Động từ cụm thông dụng, ""retrieve"" là một thuật ngữ quan trọng.]",en,phrasal_verbs_core,single_word,B1
b0c7cb1f-3132-4075-8737-bf4816a6b5d1,revive,/rɪˈvaɪv/,"làm sống lại, làm tỉnh lại; đem diễn lại","In Essential Phrasal Verbs, 'revive' is an essential term. [Trong Động từ cụm thông dụng, ""revive"" là một thuật ngữ quan trọng.]",en,phrasal_verbs_core,single_word,B2
04aa6e60-bea6-479d-9111-e1c69480c0c5,reward,/rɪˈwɔːd/,"sự thưởng, sự thưởng công; sự báo ơn, sự báo oán; tiền thưởng, vật thưởng","In Essential Phrasal Verbs, 'reward' is an essential term. [Trong Động từ cụm thông dụng, ""reward"" là một thuật ngữ quan trọng.]",en,phrasal_verbs_core,single_word,C1
febad041-831f-4986-b7c8-24bb8cce603c,rotate,/rəʊˈteɪt/,quay,"In Essential Phrasal Verbs, 'rotate' is an essential term. [Trong Động từ cụm thông dụng, ""rotate"" là một thuật ngữ quan trọng.]",en,phrasal_verbs_core,single_word,B1
135ea9e5-597b-4ee5-8d6a-05a6da5b0d75,sacrifice,/ˈsækrɪfaɪs/,sự giết  để cúng thần; người bị giết để cúng thần; vật bị giết để cúng thần,"In Essential Phrasal Verbs, 'sacrifice' is an essential term. [Trong Động từ cụm thông dụng, ""sacrifice"" là một thuật ngữ quan trọng.]",en,phrasal_verbs_core,single_word,B2
a8038cdc-f8a1-4585-bcee-7601e14415e3,bring out the solution,/bring out the solution/,mang lại giải pháp sáng suốt,"In Essential Phrasal Verbs, bring out the solution plays an integral role. [Trong Động từ cụm thông dụng, mang lại giải pháp sáng suốt đóng vai trò thiết yếu.]",en,phrasal_verbs_core,phrase,C1
a313edf2-bc9d-4cd4-a60f-06c941aec147,bring forward to,/bring forward to/,mang lại tương lai tốt đẹp,"In Essential Phrasal Verbs, bring forward to plays an integral role. [Trong Động từ cụm thông dụng, mang lại tương lai tốt đẹp đóng vai trò thiết yếu.]",en,phrasal_verbs_core,phrase,B1
2d0a8048-0e04-4fe8-99bd-04d02b05c22c,bring off until later,/bring off until later/,mang lại lịch trình,"In Essential Phrasal Verbs, bring off until later plays an integral role. [Trong Động từ cụm thông dụng, mang lại lịch trình đóng vai trò thiết yếu.]",en,phrasal_verbs_core,phrase,B2
06169ee6-82aa-4a90-906d-58a5335a094b,bring up a system,/bring up a system/,mang lại hệ thống,"In Essential Phrasal Verbs, bring up a system plays an integral role. [Trong Động từ cụm thông dụng, mang lại hệ thống đóng vai trò thiết yếu.]",en,phrasal_verbs_core,phrase,C1
29eb3cf9-1c1f-4bb0-af69-5eb273ec8f91,bring over control,/bring over control/,mang lại quyền điều hành,"In Essential Phrasal Verbs, bring over control plays an integral role. [Trong Động từ cụm thông dụng, mang lại quyền điều hành đóng vai trò thiết yếu.]",en,phrasal_verbs_core,phrase,B1
d90021fb-7865-4caf-8118-fd7952ac3893,bring down an offer,/bring down an offer/,mang lại lời đề nghị,"In Essential Phrasal Verbs, bring down an offer plays an integral role. [Trong Động từ cụm thông dụng, mang lại lời đề nghị đóng vai trò thiết yếu.]",en,phrasal_verbs_core,phrase,B2
cb69bdda-1b50-462a-979e-39ba04031355,bring down unexpectedly,/bring down unexpectedly/,mang lại sự cố bất ngờ,"In Essential Phrasal Verbs, bring down unexpectedly plays an integral role. [Trong Động từ cụm thông dụng, mang lại sự cố bất ngờ đóng vai trò thiết yếu.]",en,phrasal_verbs_core,phrase,C1
5d45fceb-cd96-46fa-8f06-b803ed6292c3,bring into an acquaintance,/bring into an acquaintance/,mang lại người quen,"In Essential Phrasal Verbs, bring into an acquaintance plays an integral role. [Trong Động từ cụm thông dụng, mang lại người quen đóng vai trò thiết yếu.]",en,phrasal_verbs_core,phrase,B1
06b62709-5e14-4d05-a0fe-07ad5f6603f0,carry out the solution,/carry out the solution/,tiến hành giải pháp sáng suốt,"In Essential Phrasal Verbs, carry out the solution plays an integral role. [Trong Động từ cụm thông dụng, tiến hành giải pháp sáng suốt đóng vai trò thiết yếu.]",en,phrasal_verbs_core,phrase,B1
5e104975-3d99-45ef-be72-fe3c84761ecb,carry forward to,/carry forward to/,tiến hành tương lai tốt đẹp,"In Essential Phrasal Verbs, carry forward to plays an integral role. [Trong Động từ cụm thông dụng, tiến hành tương lai tốt đẹp đóng vai trò thiết yếu.]",en,phrasal_verbs_core,phrase,B2
c1f6bbab-e0df-4d3a-b822-5cb5b7029e02,carry off until later,/carry off until later/,tiến hành lịch trình,"In Essential Phrasal Verbs, carry off until later plays an integral role. [Trong Động từ cụm thông dụng, tiến hành lịch trình đóng vai trò thiết yếu.]",en,phrasal_verbs_core,phrase,C1
2a81e7b6-bbcb-4406-bea9-20968253eaf6,carry up a system,/carry up a system/,tiến hành hệ thống,"In Essential Phrasal Verbs, carry up a system plays an integral role. [Trong Động từ cụm thông dụng, tiến hành hệ thống đóng vai trò thiết yếu.]",en,phrasal_verbs_core,phrase,B1
2a910e20-0d9a-4368-921e-b005712d503f,carry over control,/carry over control/,tiến hành quyền điều hành,"In Essential Phrasal Verbs, carry over control plays an integral role. [Trong Động từ cụm thông dụng, tiến hành quyền điều hành đóng vai trò thiết yếu.]",en,phrasal_verbs_core,phrase,B2
17eb8ebb-fc93-4805-a12c-dd77ce32f88c,carry down an offer,/carry down an offer/,tiến hành lời đề nghị,"In Essential Phrasal Verbs, carry down an offer plays an integral role. [Trong Động từ cụm thông dụng, tiến hành lời đề nghị đóng vai trò thiết yếu.]",en,phrasal_verbs_core,phrase,C1
a4102a30-6423-4276-84ed-01cfeb951386,carry down unexpectedly,/carry down unexpectedly/,tiến hành sự cố bất ngờ,"In Essential Phrasal Verbs, carry down unexpectedly plays an integral role. [Trong Động từ cụm thông dụng, tiến hành sự cố bất ngờ đóng vai trò thiết yếu.]",en,phrasal_verbs_core,phrase,B1
6c613a30-2eb8-4ce0-a094-4d919be75139,carry into an acquaintance,/carry into an acquaintance/,tiến hành người quen,"In Essential Phrasal Verbs, carry into an acquaintance plays an integral role. [Trong Động từ cụm thông dụng, tiến hành người quen đóng vai trò thiết yếu.]",en,phrasal_verbs_core,phrase,B2
aa08246a-3f50-41e0-8a2c-4d98f1eac79d,figure about,/figure about/,tìm ra vấn đề mới,"In Essential Phrasal Verbs, figure about plays an integral role. [Trong Động từ cụm thông dụng, tìm ra vấn đề mới đóng vai trò thiết yếu.]",en,phrasal_verbs_core,phrase,C1
8c9bae92-0099-4a70-9d6b-81114bf8521a,figure out,/figure out/,tìm ra kế hoạch đầy đủ,"In Essential Phrasal Verbs, figure out plays an integral role. [Trong Động từ cụm thông dụng, tìm ra kế hoạch đầy đủ đóng vai trò thiết yếu.]",en,phrasal_verbs_core,phrase,B1
db2ab841-d592-4dbe-a2d6-60d57a35d237,figure out the solution,/figure out the solution/,tìm ra giải pháp sáng suốt,"In Essential Phrasal Verbs, figure out the solution plays an integral role. [Trong Động từ cụm thông dụng, tìm ra giải pháp sáng suốt đóng vai trò thiết yếu.]",en,phrasal_verbs_core,phrase,B2
e78a33b1-6141-41cf-9007-5451e8d05c1c,figure forward to,/figure forward to/,tìm ra tương lai tốt đẹp,"In Essential Phrasal Verbs, figure forward to plays an integral role. [Trong Động từ cụm thông dụng, tìm ra tương lai tốt đẹp đóng vai trò thiết yếu.]",en,phrasal_verbs_core,phrase,C1
ab1e4629-c0ce-45fe-b019-b4c7a40f2254,figure off until later,/figure off until later/,tìm ra lịch trình,"In Essential Phrasal Verbs, figure off until later plays an integral role. [Trong Động từ cụm thông dụng, tìm ra lịch trình đóng vai trò thiết yếu.]",en,phrasal_verbs_core,phrase,B1
784d70ec-0cdb-44d2-8a09-0ef6f0aece1d,figure up a system,/figure up a system/,tìm ra hệ thống,"In Essential Phrasal Verbs, figure up a system plays an integral role. [Trong Động từ cụm thông dụng, tìm ra hệ thống đóng vai trò thiết yếu.]",en,phrasal_verbs_core,phrase,B2
48830283-dfa8-4f1b-856d-bc363d3b0303,figure over control,/figure over control/,tìm ra quyền điều hành,"In Essential Phrasal Verbs, figure over control plays an integral role. [Trong Động từ cụm thông dụng, tìm ra quyền điều hành đóng vai trò thiết yếu.]",en,phrasal_verbs_core,phrase,C1
2c60feb0-1d34-4bfc-8b62-45bc341132ee,figure down an offer,/figure down an offer/,tìm ra lời đề nghị,"In Essential Phrasal Verbs, figure down an offer plays an integral role. [Trong Động từ cụm thông dụng, tìm ra lời đề nghị đóng vai trò thiết yếu.]",en,phrasal_verbs_core,phrase,B1
0e8c5168-68cb-4a14-aa7b-fe3daf313aae,figure down unexpectedly,/figure down unexpectedly/,tìm ra sự cố bất ngờ,"In Essential Phrasal Verbs, figure down unexpectedly plays an integral role. [Trong Động từ cụm thông dụng, tìm ra sự cố bất ngờ đóng vai trò thiết yếu.]",en,phrasal_verbs_core,phrase,B2
1c075c0a-a491-4bd6-8a15-4e55a4ef1714,figure into an acquaintance,/figure into an acquaintance/,tìm ra người quen,"In Essential Phrasal Verbs, figure into an acquaintance plays an integral role. [Trong Động từ cụm thông dụng, tìm ra người quen đóng vai trò thiết yếu.]",en,phrasal_verbs_core,phrase,C1
a3cb44b3-6737-4847-92da-a144ae3b8379,look out the solution,/look out the solution/,hướng tới giải pháp sáng suốt,"In Essential Phrasal Verbs, look out the solution plays an integral role. [Trong Động từ cụm thông dụng, hướng tới giải pháp sáng suốt đóng vai trò thiết yếu.]",en,phrasal_verbs_core,phrase,C1
746b0586-56f0-4874-9adc-e93fd072bf75,look forward to,/look forward to/,hướng tới tương lai tốt đẹp,"In Essential Phrasal Verbs, look forward to plays an integral role. [Trong Động từ cụm thông dụng, hướng tới tương lai tốt đẹp đóng vai trò thiết yếu.]",en,phrasal_verbs_core,phrase,B1
9bbd430c-8b82-4dec-9be6-b4746d03e42a,look off until later,/look off until later/,hướng tới lịch trình,"In Essential Phrasal Verbs, look off until later plays an integral role. [Trong Động từ cụm thông dụng, hướng tới lịch trình đóng vai trò thiết yếu.]",en,phrasal_verbs_core,phrase,B2
092f944c-deda-4c14-ae6a-01faffbfb4e4,look up a system,/look up a system/,hướng tới hệ thống,"In Essential Phrasal Verbs, look up a system plays an integral role. [Trong Động từ cụm thông dụng, hướng tới hệ thống đóng vai trò thiết yếu.]",en,phrasal_verbs_core,phrase,C1
7d1f0001-a0ff-4b94-a38e-98fabd0acbb8,look over control,/look over control/,hướng tới quyền điều hành,"In Essential Phrasal Verbs, look over control plays an integral role. [Trong Động từ cụm thông dụng, hướng tới quyền điều hành đóng vai trò thiết yếu.]",en,phrasal_verbs_core,phrase,B1
44b2bcec-7b56-4769-b322-f0bb13efbb16,look down an offer,/look down an offer/,hướng tới lời đề nghị,"In Essential Phrasal Verbs, look down an offer plays an integral role. [Trong Động từ cụm thông dụng, hướng tới lời đề nghị đóng vai trò thiết yếu.]",en,phrasal_verbs_core,phrase,B2
1e4486e3-0145-4390-82d9-bc25d8965bed,look down unexpectedly,/look down unexpectedly/,hướng tới sự cố bất ngờ,"In Essential Phrasal Verbs, look down unexpectedly plays an integral role. [Trong Động từ cụm thông dụng, hướng tới sự cố bất ngờ đóng vai trò thiết yếu.]",en,phrasal_verbs_core,phrase,C1
dcc16924-6b78-472d-a12f-d95ba2561a15,look into an acquaintance,/look into an acquaintance/,hướng tới người quen,"In Essential Phrasal Verbs, look into an acquaintance plays an integral role. [Trong Động từ cụm thông dụng, hướng tới người quen đóng vai trò thiết yếu.]",en,phrasal_verbs_core,phrase,B1
77a49c30-e1cf-46a9-b118-a7d996e28c1e,put about,/put about/,hoãn lại vấn đề mới,"In Essential Phrasal Verbs, put about plays an integral role. [Trong Động từ cụm thông dụng, hoãn lại vấn đề mới đóng vai trò thiết yếu.]",en,phrasal_verbs_core,phrase,B2
4e071f3d-15e3-4753-8bd7-634643d35689,put out,/put out/,hoãn lại kế hoạch đầy đủ,"In Essential Phrasal Verbs, put out plays an integral role. [Trong Động từ cụm thông dụng, hoãn lại kế hoạch đầy đủ đóng vai trò thiết yếu.]",en,phrasal_verbs_core,phrase,C1
2c76a589-62f6-4769-be19-00e87fb05de9,put out the solution,/put out the solution/,hoãn lại giải pháp sáng suốt,"In Essential Phrasal Verbs, put out the solution plays an integral role. [Trong Động từ cụm thông dụng, hoãn lại giải pháp sáng suốt đóng vai trò thiết yếu.]",en,phrasal_verbs_core,phrase,B1
15271011-3f4e-4067-a09e-7ffa70f65af5,put forward to,/put forward to/,hoãn lại tương lai tốt đẹp,"In Essential Phrasal Verbs, put forward to plays an integral role. [Trong Động từ cụm thông dụng, hoãn lại tương lai tốt đẹp đóng vai trò thiết yếu.]",en,phrasal_verbs_core,phrase,B2
29395cad-5f79-4b4b-a3ac-6fd40e9c730c,put off until later,/put off until later/,hoãn lại lịch trình,"In Essential Phrasal Verbs, put off until later plays an integral role. [Trong Động từ cụm thông dụng, hoãn lại lịch trình đóng vai trò thiết yếu.]",en,phrasal_verbs_core,phrase,C1
edf4707f-ae3d-4e55-b990-f23f2f70ed28,put up a system,/put up a system/,hoãn lại hệ thống,"In Essential Phrasal Verbs, put up a system plays an integral role. [Trong Động từ cụm thông dụng, hoãn lại hệ thống đóng vai trò thiết yếu.]",en,phrasal_verbs_core,phrase,B1
4c1ddbb8-8cff-4088-8564-e060225c2984,put over control,/put over control/,hoãn lại quyền điều hành,"In Essential Phrasal Verbs, put over control plays an integral role. [Trong Động từ cụm thông dụng, hoãn lại quyền điều hành đóng vai trò thiết yếu.]",en,phrasal_verbs_core,phrase,B2
ca10ebce-f5c8-4c49-9439-38ca883ac216,put down an offer,/put down an offer/,hoãn lại lời đề nghị,"In Essential Phrasal Verbs, put down an offer plays an integral role. [Trong Động từ cụm thông dụng, hoãn lại lời đề nghị đóng vai trò thiết yếu.]",en,phrasal_verbs_core,phrase,C1
4f4334a7-8e29-4e9f-b904-7558c41c0094,put down unexpectedly,/put down unexpectedly/,hoãn lại sự cố bất ngờ,"In Essential Phrasal Verbs, put down unexpectedly plays an integral role. [Trong Động từ cụm thông dụng, hoãn lại sự cố bất ngờ đóng vai trò thiết yếu.]",en,phrasal_verbs_core,phrase,B1
85749b63-fe0c-45fc-b0be-af1d3a11c359,put into an acquaintance,/put into an acquaintance/,hoãn lại người quen,"In Essential Phrasal Verbs, put into an acquaintance plays an integral role. [Trong Động từ cụm thông dụng, hoãn lại người quen đóng vai trò thiết yếu.]",en,phrasal_verbs_core,phrase,B2
52043542-fb60-4024-8c6c-bdc25aee5aeb,set out the solution,/set out the solution/,thiết lập giải pháp sáng suốt,"In Essential Phrasal Verbs, set out the solution plays an integral role. [Trong Động từ cụm thông dụng, thiết lập giải pháp sáng suốt đóng vai trò thiết yếu.]",en,phrasal_verbs_core,phrase,B2
aa498f38-c619-4db8-b53a-5ddacdbe4758,set forward to,/set forward to/,thiết lập tương lai tốt đẹp,"In Essential Phrasal Verbs, set forward to plays an integral role. [Trong Động từ cụm thông dụng, thiết lập tương lai tốt đẹp đóng vai trò thiết yếu.]",en,phrasal_verbs_core,phrase,C1
2ede5849-f615-41d5-b05b-2545f6ae1ad2,set off until later,/set off until later/,thiết lập lịch trình,"In Essential Phrasal Verbs, set off until later plays an integral role. [Trong Động từ cụm thông dụng, thiết lập lịch trình đóng vai trò thiết yếu.]",en,phrasal_verbs_core,phrase,B1
5c21d9df-df3d-4a45-a0cb-3ba9ca0ce34a,set up a system,/set up a system/,thiết lập hệ thống,"In Essential Phrasal Verbs, set up a system plays an integral role. [Trong Động từ cụm thông dụng, thiết lập hệ thống đóng vai trò thiết yếu.]",en,phrasal_verbs_core,phrase,B2
5f5610f9-ec12-4ad6-896b-0a8b6e537caa,set over control,/set over control/,thiết lập quyền điều hành,"In Essential Phrasal Verbs, set over control plays an integral role. [Trong Động từ cụm thông dụng, thiết lập quyền điều hành đóng vai trò thiết yếu.]",en,phrasal_verbs_core,phrase,C1
bd2ba0d4-cec6-4d7b-a496-8ebcc7cc521a,set down an offer,/set down an offer/,thiết lập lời đề nghị,"In Essential Phrasal Verbs, set down an offer plays an integral role. [Trong Động từ cụm thông dụng, thiết lập lời đề nghị đóng vai trò thiết yếu.]",en,phrasal_verbs_core,phrase,B1
9bb4b588-ded4-4dba-958f-bef323acd990,significance,/sɪɡˈnɪfɪkəns/,"sự có nghĩa, ý nghĩa","In Academic Collocations, 'significance' is an essential term. [Trong Cụm từ học thuật ăn điểm, ""significance"" là một thuật ngữ quan trọng.]",en,collocations_academic,single_word,B1
7883bb7e-989f-4b91-bc08-055c4403e8bb,confirm,/kənˈfɜːm/,"xác nhận; chứng thực; thừa nhận, phê chuẩn","In Academic Collocations, 'confirm' is an essential term. [Trong Cụm từ học thuật ăn điểm, ""confirm"" là một thuật ngữ quan trọng.]",en,collocations_academic,single_word,B2
ca10908b-03c0-4264-a8e1-126bf5a3e647,contend,/kənˈtend/,"chiến đấu, đấu tranh; tranh giành, ganh đua","In Academic Collocations, 'contend' is an essential term. [Trong Cụm từ học thuật ăn điểm, ""contend"" là một thuật ngữ quan trọng.]",en,collocations_academic,single_word,C1
ffa73b19-57d0-4174-b601-739d5b5c9d32,context,/ˈkɒntekst/,bối cảnh; ngữ/văn cảnh,"In Academic Collocations, 'context' is an essential term. [Trong Cụm từ học thuật ăn điểm, ""context"" là một thuật ngữ quan trọng.]",en,collocations_academic,single_word,B1
378872cb-4b65-493b-b9b8-dd3e37785dd7,damaging,/ˈdæmɪdʒɪŋ/,"hại, có hại, gây thiệt hại","In Academic Collocations, 'damaging' is an essential term. [Trong Cụm từ học thuật ăn điểm, ""damaging"" là một thuật ngữ quan trọng.]",en,collocations_academic,single_word,B2
688e01fb-fc5f-4f9c-8b9e-1773c8ca630e,demonstrate,/ˈdemənstreɪt/,chứng minh,"In Academic Collocations, 'demonstrate' is an essential term. [Trong Cụm từ học thuật ăn điểm, ""demonstrate"" là một thuật ngữ quan trọng.]",en,collocations_academic,single_word,C1
99f6930f-9abf-4634-b802-1a3744759c21,disagreement,/ˌdɪsəˈɡriːmənt/,"sự khác nhau, sự không giống nhau; sự không hợp, sự không thích hợp","In Academic Collocations, 'disagreement' is an essential term. [Trong Cụm từ học thuật ăn điểm, ""disagreement"" là một thuật ngữ quan trọng.]",en,collocations_academic,single_word,B1
4116f6d2-910e-42c6-b35a-070745a39e01,documentation,/ˌdɒkjumenˈteɪʃn/,"tra cứu; ký lục; văn kiện, văn thư","In Academic Collocations, 'documentation' is an essential term. [Trong Cụm từ học thuật ăn điểm, ""documentation"" là một thuật ngữ quan trọng.]",en,collocations_academic,single_word,B2
1822e673-0564-4e06-b2b2-4033d7adc933,evident,/ˈevɪdənt/,rõ ràng,"In Academic Collocations, 'evident' is an essential term. [Trong Cụm từ học thuật ăn điểm, ""evident"" là một thuật ngữ quan trọng.]",en,collocations_academic,single_word,C1
1cb0ca85-3a49-4983-8f1f-ad096ba8bb35,furthermore,/ˌfɜːðəˈmɔː(r)/,ngoài ra,"In Academic Collocations, 'furthermore' is an essential term. [Trong Cụm từ học thuật ăn điểm, ""furthermore"" là một thuật ngữ quan trọng.]",en,collocations_academic,single_word,B1
b3b91dfb-b71a-40ee-a12f-5b7a2d5522d7,heighten,/ˈhaɪtn/,"làm cao lên, làm cao hơn, nâng cao; tăng thêm, tăng cường","In Academic Collocations, 'heighten' is an essential term. [Trong Cụm từ học thuật ăn điểm, ""heighten"" là một thuật ngữ quan trọng.]",en,collocations_academic,single_word,B2
04f58730-37ab-4f66-bcae-7f2a4e9106ed,incidence,/ˈɪnsɪdəns/,"sự liên thuộc, sự tới, sự rơi","In Academic Collocations, 'incidence' is an essential term. [Trong Cụm từ học thuật ăn điểm, ""incidence"" là một thuật ngữ quan trọng.]",en,collocations_academic,single_word,C1
1b0b6667-ba7e-4380-ab8c-b56fb9a4f1ab,influence,/ˈɪnfluəns/,"ảnh hưởng, tác dụng","In Academic Collocations, 'influence' is an essential term. [Trong Cụm từ học thuật ăn điểm, ""influence"" là một thuật ngữ quan trọng.]",en,collocations_academic,single_word,B1
2ac605f7-709e-4147-852f-1cbd39e23f4e,long-term,/ˌlɒŋ ˈtɜːm/,"lâu, kéo dài","In Academic Collocations, 'long-term' is an essential term. [Trong Cụm từ học thuật ăn điểm, ""long-term"" là một thuật ngữ quan trọng.]",en,collocations_academic,single_word,B2
64133066-c904-4a84-8dd6-60c3be5c446a,major,/ˈmeɪdʒə(r)/,"lớn, chính, cơ bản, quan trọng hơn","In Academic Collocations, 'major' is an essential term. [Trong Cụm từ học thuật ăn điểm, ""major"" là một thuật ngữ quan trọng.]",en,collocations_academic,single_word,C1
a7353c05-d88e-4f2f-82ef-4f6d7e4002b9,manufacturing,/ˌmænjuˈfæktʃərɪŋ/,sự sản xuất; sự chế tạo,"In Academic Collocations, 'manufacturing' is an essential term. [Trong Cụm từ học thuật ăn điểm, ""manufacturing"" là một thuật ngữ quan trọng.]",en,collocations_academic,single_word,B1
74bd902e-d87a-4177-ab73-8199b4a3c171,niche,/niːʃ/,hốc thường; chỗ thích hợp,"In Academic Collocations, 'niche' is an essential term. [Trong Cụm từ học thuật ăn điểm, ""niche"" là một thuật ngữ quan trọng.]",en,collocations_academic,single_word,B2
614cf3cd-7b5e-448e-a350-314d2787a612,nominate,/ˈnɒmɪneɪt/,"chỉ định, chọn, bổ nhiệm; giới thiệu, cử","In Academic Collocations, 'nominate' is an essential term. [Trong Cụm từ học thuật ăn điểm, ""nominate"" là một thuật ngữ quan trọng.]",en,collocations_academic,single_word,C1
9a1430f1-8109-4207-8b04-fbdc751f07d1,overwhelm,/ˌəʊvəˈwelm/,"chôn vùi, tràn, làm ngập; áp đảo, lấn át","In Academic Collocations, 'overwhelm' is an essential term. [Trong Cụm từ học thuật ăn điểm, ""overwhelm"" là một thuật ngữ quan trọng.]",en,collocations_academic,single_word,B1
ced23564-8994-46a3-bd69-3de62b07546b,petrol,/ˈpetrəl/,dầu xăng,"In Academic Collocations, 'petrol' is an essential term. [Trong Cụm từ học thuật ăn điểm, ""petrol"" là một thuật ngữ quan trọng.]",en,collocations_academic,single_word,B2
e7620927-37ff-4066-a177-ab2947df43ba,principal,/ˈprɪnsəpl/,Tiền gốc.,"In Academic Collocations, 'principal' is an essential term. [Trong Cụm từ học thuật ăn điểm, ""principal"" là một thuật ngữ quan trọng.]",en,collocations_academic,single_word,C1
b7c237b4-244b-41a3-85d0-3000e459a65c,proceeding,/prəˈsiːdɪŋ/,"cách tiến hành, cách hành động; việc kiện tụng","In Academic Collocations, 'proceeding' is an essential term. [Trong Cụm từ học thuật ăn điểm, ""proceeding"" là một thuật ngữ quan trọng.]",en,collocations_academic,single_word,B1
4e67b4d7-7232-48f3-9e1f-e4d7324d5b34,prove,/pruːv/,chứng minh; thử lại,"In Academic Collocations, 'prove' is an essential term. [Trong Cụm từ học thuật ăn điểm, ""prove"" là một thuật ngữ quan trọng.]",en,collocations_academic,single_word,B2
6bf590fc-5173-403a-a134-7ccc20f6ebe6,provoke,/prəˈvəʊk/,"khích, xúi giục, kích động; khiêu khích, trêu chọc, chọc tức","In Academic Collocations, 'provoke' is an essential term. [Trong Cụm từ học thuật ăn điểm, ""provoke"" là một thuật ngữ quan trọng.]",en,collocations_academic,single_word,C1
1f261eb6-8d96-433c-b571-6e4d9dbbd89e,settlement,/ˈsetlmənt/,"sự giải quyết, sự dàn xếp, sự hoà giải; sự thanh toán","In Academic Collocations, 'settlement' is an essential term. [Trong Cụm từ học thuật ăn điểm, ""settlement"" là một thuật ngữ quan trọng.]",en,collocations_academic,single_word,B1
6db4ad15-5127-4445-bee7-6dde0b95980b,split,/splɪt/,"cắt đoạn, chia đoạn","In Academic Collocations, 'split' is an essential term. [Trong Cụm từ học thuật ăn điểm, ""split"" là một thuật ngữ quan trọng.]",en,collocations_academic,single_word,B2
236bf936-d5c6-423f-a4f7-b328d2a9d72e,strengthen,/ˈstreŋkθn/,"tăng cường, gia cố","In Academic Collocations, 'strengthen' is an essential term. [Trong Cụm từ học thuật ăn điểm, ""strengthen"" là một thuật ngữ quan trọng.]",en,collocations_academic,single_word,C1
80b6e3b9-5182-4174-818b-6336cf8e2730,transparency,/trænsˈpærənsi/,transparence; kính ảnh phim đèn chiếu,"In Academic Collocations, 'transparency' is an essential term. [Trong Cụm từ học thuật ăn điểm, ""transparency"" là một thuật ngữ quan trọng.]",en,collocations_academic,single_word,B1
86a561ee-e2bb-4522-8bb6-92f48e51d26a,trauma,/ˈtrɔːmə/,chấn thương,"In Academic Collocations, 'trauma' is an essential term. [Trong Cụm từ học thuật ăn điểm, ""trauma"" là một thuật ngữ quan trọng.]",en,collocations_academic,single_word,B2
92343104-a112-48e3-9fc9-9c2eb1902b33,undermine,/ˌʌndəˈmaɪn/,"đào dưới chân; xói mòn chân; làm hao mòn, phá ngầm, phá hoại, đục khoét","In Academic Collocations, 'undermine' is an essential term. [Trong Cụm từ học thuật ăn điểm, ""undermine"" là một thuật ngữ quan trọng.]",en,collocations_academic,single_word,C1
87755d72-c91b-4b77-8008-6476403ac96d,abandon,/əˈbændən/,"bỏ, bỏ rơi","In Academic Collocations, 'abandon' is an essential term. [Trong Cụm từ học thuật ăn điểm, ""abandon"" là một thuật ngữ quan trọng.]",en,collocations_academic,single_word,B1
b8e3303c-d7fd-4545-bd06-a0219c049a67,ability,/əˈbɪləti/,khả năng,"In Academic Collocations, 'ability' is an essential term. [Trong Cụm từ học thuật ăn điểm, ""ability"" là một thuật ngữ quan trọng.]",en,collocations_academic,single_word,B2
0272ec3d-8460-4552-9964-e849e01f2e9b,about,/əˈbaʊt/,"độ, chừng; xung quanh; nói về, đối với; a.five per cent chừng trăm phần trăm","In Academic Collocations, 'about' is an essential term. [Trong Cụm từ học thuật ăn điểm, ""about"" là một thuật ngữ quan trọng.]",en,collocations_academic,single_word,C1
72235abc-f8b6-4dc2-bfb2-9ca3ac5709a0,absolute,/ˈæbsəluːt/,tuyệt đối // hình tuyệt đối,"In Academic Collocations, 'absolute' is an essential term. [Trong Cụm từ học thuật ăn điểm, ""absolute"" là một thuật ngữ quan trọng.]",en,collocations_academic,single_word,B1
f91548f0-ec4c-49c4-b136-4ff1c282d0b0,absolutely,/ˈæbsəluːtli/,một cách tuyệt đối,"In Academic Collocations, 'absolutely' is an essential term. [Trong Cụm từ học thuật ăn điểm, ""absolutely"" là một thuật ngữ quan trọng.]",en,collocations_academic,single_word,B2
d112a574-3a85-4d6f-9269-8fe16c197cd3,absorb,/əbˈzɔːb/,"hấp thu, hút thu","In Academic Collocations, 'absorb' is an essential term. [Trong Cụm từ học thuật ăn điểm, ""absorb"" là một thuật ngữ quan trọng.]",en,collocations_academic,single_word,C1
3d1ea7e1-3ffe-42f1-b1d1-08d26e4eb997,acceptance,/əkˈseptəns/,"sự nhận, sự thu nhận","In Academic Collocations, 'acceptance' is an essential term. [Trong Cụm từ học thuật ăn điểm, ""acceptance"" là một thuật ngữ quan trọng.]",en,collocations_academic,single_word,B1
965f5951-80c1-4b3c-b86d-b4f63ba2cf47,accessible,/əkˈsesəbl/,"tới được, đạt được","In Academic Collocations, 'accessible' is an essential term. [Trong Cụm từ học thuật ăn điểm, ""accessible"" là một thuật ngữ quan trọng.]",en,collocations_academic,single_word,B2
a2bd1e72-e0a7-44ea-ab5f-ba9e0d8c8fc5,accomplish,/əˈkʌmplɪʃ/,"hoàn thành, làm xong, làm trọn; thực hiện, đạt tới","In Academic Collocations, 'accomplish' is an essential term. [Trong Cụm từ học thuật ăn điểm, ""accomplish"" là một thuật ngữ quan trọng.]",en,collocations_academic,single_word,C1
d68a1dcb-9da6-4f25-b71f-c2187e5203b7,acid,/ˈæsɪd/,Axit; chất chua,"In Academic Collocations, 'acid' is an essential term. [Trong Cụm từ học thuật ăn điểm, ""acid"" là một thuật ngữ quan trọng.]",en,collocations_academic,single_word,B1
726b540e-6d2b-4c4a-83a5-8d91de43f749,acquire,/əˈkwaɪə(r)/,"được, giành được, thu được, đạt được, kiếm được","In Academic Collocations, 'acquire' is an essential term. [Trong Cụm từ học thuật ăn điểm, ""acquire"" là một thuật ngữ quan trọng.]",en,collocations_academic,single_word,B2
4aad2fea-26b1-4dd7-98dc-7a3be9df5dcf,across,/əˈkrɒs/,"ngang, qua","In Academic Collocations, 'across' is an essential term. [Trong Cụm từ học thuật ăn điểm, ""across"" là một thuật ngữ quan trọng.]",en,collocations_academic,single_word,C1
accadea3-95d7-4202-9183-44ca04a501e4,activity,/ækˈtɪvəti/,hoạt tính; hoạt động; phóng xạ tính,"In Academic Collocations, 'activity' is an essential term. [Trong Cụm từ học thuật ăn điểm, ""activity"" là một thuật ngữ quan trọng.]",en,collocations_academic,single_word,B1
0a67e520-3be4-4c10-9747-130ea4628833,actual,/ˈæktʃuəl/,"thực, thực tại","In Academic Collocations, 'actual' is an essential term. [Trong Cụm từ học thuật ăn điểm, ""actual"" là một thuật ngữ quan trọng.]",en,collocations_academic,single_word,B2
d2649e8c-72e3-4dd0-a13a-1ce805ed3460,acute,/əˈkjuːt/,nhọn,"In Academic Collocations, 'acute' is an essential term. [Trong Cụm từ học thuật ăn điểm, ""acute"" là một thuật ngữ quan trọng.]",en,collocations_academic,single_word,C1
b4621083-a553-43c5-9f19-9ab6ecad728e,addiction,/əˈdɪkʃn/,"thói nghiện; sự ham mê, sự say mê","In Academic Collocations, 'addiction' is an essential term. [Trong Cụm từ học thuật ăn điểm, ""addiction"" là một thuật ngữ quan trọng.]",en,collocations_academic,single_word,B1
61ebe166-bcec-4e10-9ce2-310e48b946f3,addition,/əˈdɪʃn/,"phép cộng; a. of complex numbers phép cộng các số phức, tổng các số phức","In Academic Collocations, 'addition' is an essential term. [Trong Cụm từ học thuật ăn điểm, ""addition"" là một thuật ngữ quan trọng.]",en,collocations_academic,single_word,B2
a40850aa-9326-4462-89df-da228cd8aa16,additional,/əˈdɪʃənl/,"thêm vào, phụ vào, tăng thêm","In Academic Collocations, 'additional' is an essential term. [Trong Cụm từ học thuật ăn điểm, ""additional"" là một thuật ngữ quan trọng.]",en,collocations_academic,single_word,C1
73a19b63-bdf7-4527-80f5-a905ed9f7592,additionally,/əˈdɪʃənəli/,"thêm nữa, ngoài ra","In Academic Collocations, 'additionally' is an essential term. [Trong Cụm từ học thuật ăn điểm, ""additionally"" là một thuật ngữ quan trọng.]",en,collocations_academic,single_word,B1
343fe6a7-7919-4c07-9640-f649afba91d3,adhere,/ədˈhɪə(r)/,"dính chặt vào, bám chặt vào; tham gia, gia nhập","In Academic Collocations, 'adhere' is an essential term. [Trong Cụm từ học thuật ăn điểm, ""adhere"" là một thuật ngữ quan trọng.]",en,collocations_academic,single_word,B2
05becc1b-0381-44ae-a39d-804788808c78,conduct empirical research,/conduct empirical research/,thực hiện nghiên cứu thực nghiệm,"In Academic Collocations, conduct empirical research plays an integral role. [Trong Cụm từ học thuật ăn điểm, thực hiện nghiên cứu thực nghiệm đóng vai trò thiết yếu.]",en,collocations_academic,phrase,B1
8028bf2b-2a10-4330-8a1d-035cea50c39a,conduct valid conclusion,/conduct valid conclusion/,thực hiện kết luận xác đáng,"In Academic Collocations, conduct valid conclusion plays an integral role. [Trong Cụm từ học thuật ăn điểm, thực hiện kết luận xác đáng đóng vai trò thiết yếu.]",en,collocations_academic,phrase,B2
f288c464-c12f-4693-8c89-3709946adef2,conduct compelling evidence,/conduct compelling evidence/,thực hiện bằng chứng thuyết phục,"In Academic Collocations, conduct compelling evidence plays an integral role. [Trong Cụm từ học thuật ăn điểm, thực hiện bằng chứng thuyết phục đóng vai trò thiết yếu.]",en,collocations_academic,phrase,C1
3de72904-15b4-4b5c-aa33-1a887f151b75,conduct critical question,/conduct critical question/,thực hiện câu hỏi then chốt,"In Academic Collocations, conduct critical question plays an integral role. [Trong Cụm từ học thuật ăn điểm, thực hiện câu hỏi then chốt đóng vai trò thiết yếu.]",en,collocations_academic,phrase,B1
4d434043-70ea-4cdf-a35f-44a08cdfe1b8,conduct pressing issue,/conduct pressing issue/,thực hiện vấn đề cấp bách,"In Academic Collocations, conduct pressing issue plays an integral role. [Trong Cụm từ học thuật ăn điểm, thực hiện vấn đề cấp bách đóng vai trò thiết yếu.]",en,collocations_academic,phrase,B2
76b5a3a7-287e-4ff2-abb5-e6461d986418,conduct crucial role,/conduct crucial role/,thực hiện vai trò quyết định,"In Academic Collocations, conduct crucial role plays an integral role. [Trong Cụm từ học thuật ăn điểm, thực hiện vai trò quyết định đóng vai trò thiết yếu.]",en,collocations_academic,phrase,C1
105fdb0d-335b-4cf4-a76c-c655cda83bf0,conduct significant impact,/conduct significant impact/,thực hiện tác động đáng kể,"In Academic Collocations, conduct significant impact plays an integral role. [Trong Cụm từ học thuật ăn điểm, thực hiện tác động đáng kể đóng vai trò thiết yếu.]",en,collocations_academic,phrase,B1
af4e9aef-daf3-4e7d-9899-9b135c1c4db0,conduct into account,/conduct into account/,thực hiện yếu tố quan trọng,"In Academic Collocations, conduct into account plays an integral role. [Trong Cụm từ học thuật ăn điểm, thực hiện yếu tố quan trọng đóng vai trò thiết yếu.]",en,collocations_academic,phrase,B2
a1acc8e7-0026-4c58-b77e-be79416c1e9e,conduct light on the topic,/conduct light on the topic/,thực hiện bản chất vấn đề,"In Academic Collocations, conduct light on the topic plays an integral role. [Trong Cụm từ học thuật ăn điểm, thực hiện bản chất vấn đề đóng vai trò thiết yếu.]",en,collocations_academic,phrase,C1
554ebe8f-3707-43d4-b2d8-2ae890f778f1,conduct deeper insight,/conduct deeper insight/,thực hiện hiểu biết sâu sắc,"In Academic Collocations, conduct deeper insight plays an integral role. [Trong Cụm từ học thuật ăn điểm, thực hiện hiểu biết sâu sắc đóng vai trò thiết yếu.]",en,collocations_academic,phrase,B1
09bf20a1-36c8-45f2-a19f-60061072ec28,draw empirical research,/draw empirical research/,rút ra nghiên cứu thực nghiệm,"In Academic Collocations, draw empirical research plays an integral role. [Trong Cụm từ học thuật ăn điểm, rút ra nghiên cứu thực nghiệm đóng vai trò thiết yếu.]",en,collocations_academic,phrase,B2
138e4086-65ba-4e76-987a-ecfff07c4a34,draw valid conclusion,/draw valid conclusion/,rút ra kết luận xác đáng,"In Academic Collocations, draw valid conclusion plays an integral role. [Trong Cụm từ học thuật ăn điểm, rút ra kết luận xác đáng đóng vai trò thiết yếu.]",en,collocations_academic,phrase,C1
aa347734-ebec-418e-961e-1074a2b51be7,draw compelling evidence,/draw compelling evidence/,rút ra bằng chứng thuyết phục,"In Academic Collocations, draw compelling evidence plays an integral role. [Trong Cụm từ học thuật ăn điểm, rút ra bằng chứng thuyết phục đóng vai trò thiết yếu.]",en,collocations_academic,phrase,B1
f7d9768d-0108-41c4-bfb3-0655f694e769,draw critical question,/draw critical question/,rút ra câu hỏi then chốt,"In Academic Collocations, draw critical question plays an integral role. [Trong Cụm từ học thuật ăn điểm, rút ra câu hỏi then chốt đóng vai trò thiết yếu.]",en,collocations_academic,phrase,B2
c90e7b8a-0552-4ec5-b6bf-d661fa36e45c,draw pressing issue,/draw pressing issue/,rút ra vấn đề cấp bách,"In Academic Collocations, draw pressing issue plays an integral role. [Trong Cụm từ học thuật ăn điểm, rút ra vấn đề cấp bách đóng vai trò thiết yếu.]",en,collocations_academic,phrase,C1
d762595c-3231-4316-bb83-a7ca30a546c9,draw crucial role,/draw crucial role/,rút ra vai trò quyết định,"In Academic Collocations, draw crucial role plays an integral role. [Trong Cụm từ học thuật ăn điểm, rút ra vai trò quyết định đóng vai trò thiết yếu.]",en,collocations_academic,phrase,B1
7cc6dcd2-30fc-4fa2-a4af-98bbacfd4a82,draw significant impact,/draw significant impact/,rút ra tác động đáng kể,"In Academic Collocations, draw significant impact plays an integral role. [Trong Cụm từ học thuật ăn điểm, rút ra tác động đáng kể đóng vai trò thiết yếu.]",en,collocations_academic,phrase,B2
1e635085-5f38-4439-8516-596bef04e56c,draw into account,/draw into account/,rút ra yếu tố quan trọng,"In Academic Collocations, draw into account plays an integral role. [Trong Cụm từ học thuật ăn điểm, rút ra yếu tố quan trọng đóng vai trò thiết yếu.]",en,collocations_academic,phrase,C1
d765668c-8a05-493c-a23e-302ecc768823,draw light on the topic,/draw light on the topic/,rút ra bản chất vấn đề,"In Academic Collocations, draw light on the topic plays an integral role. [Trong Cụm từ học thuật ăn điểm, rút ra bản chất vấn đề đóng vai trò thiết yếu.]",en,collocations_academic,phrase,B1
cf7b2688-6c96-4cc9-b06f-152d8eee67eb,draw deeper insight,/draw deeper insight/,rút ra hiểu biết sâu sắc,"In Academic Collocations, draw deeper insight plays an integral role. [Trong Cụm từ học thuật ăn điểm, rút ra hiểu biết sâu sắc đóng vai trò thiết yếu.]",en,collocations_academic,phrase,B2
9f37ef86-b6c5-4912-9294-c3be6ec905f6,provide empirical research,/provide empirical research/,cung cấp nghiên cứu thực nghiệm,"In Academic Collocations, provide empirical research plays an integral role. [Trong Cụm từ học thuật ăn điểm, cung cấp nghiên cứu thực nghiệm đóng vai trò thiết yếu.]",en,collocations_academic,phrase,C1
5fd5d77e-0d62-41ab-a337-8e8415c0b7cc,provide valid conclusion,/provide valid conclusion/,cung cấp kết luận xác đáng,"In Academic Collocations, provide valid conclusion plays an integral role. [Trong Cụm từ học thuật ăn điểm, cung cấp kết luận xác đáng đóng vai trò thiết yếu.]",en,collocations_academic,phrase,B1
ba8543ff-7148-4a5a-90dd-e8d0a94427b8,provide compelling evidence,/provide compelling evidence/,cung cấp bằng chứng thuyết phục,"In Academic Collocations, provide compelling evidence plays an integral role. [Trong Cụm từ học thuật ăn điểm, cung cấp bằng chứng thuyết phục đóng vai trò thiết yếu.]",en,collocations_academic,phrase,B2
dee96474-92e5-4c22-87fa-5e1cd0ae7e12,provide critical question,/provide critical question/,cung cấp câu hỏi then chốt,"In Academic Collocations, provide critical question plays an integral role. [Trong Cụm từ học thuật ăn điểm, cung cấp câu hỏi then chốt đóng vai trò thiết yếu.]",en,collocations_academic,phrase,C1
4748bed6-d023-49d5-80fc-69f39333497a,provide pressing issue,/provide pressing issue/,cung cấp vấn đề cấp bách,"In Academic Collocations, provide pressing issue plays an integral role. [Trong Cụm từ học thuật ăn điểm, cung cấp vấn đề cấp bách đóng vai trò thiết yếu.]",en,collocations_academic,phrase,B1
27a82338-bfae-4d80-b13e-2253338897cb,provide crucial role,/provide crucial role/,cung cấp vai trò quyết định,"In Academic Collocations, provide crucial role plays an integral role. [Trong Cụm từ học thuật ăn điểm, cung cấp vai trò quyết định đóng vai trò thiết yếu.]",en,collocations_academic,phrase,B2
2af73635-faef-4760-80ad-019150eded4b,provide significant impact,/provide significant impact/,cung cấp tác động đáng kể,"In Academic Collocations, provide significant impact plays an integral role. [Trong Cụm từ học thuật ăn điểm, cung cấp tác động đáng kể đóng vai trò thiết yếu.]",en,collocations_academic,phrase,C1
017dcce6-0f35-4d32-bfac-a61e1693d5bb,provide into account,/provide into account/,cung cấp yếu tố quan trọng,"In Academic Collocations, provide into account plays an integral role. [Trong Cụm từ học thuật ăn điểm, cung cấp yếu tố quan trọng đóng vai trò thiết yếu.]",en,collocations_academic,phrase,B1
987e4cf4-a96d-4eed-af5d-0049bf55f8a3,provide light on the topic,/provide light on the topic/,cung cấp bản chất vấn đề,"In Academic Collocations, provide light on the topic plays an integral role. [Trong Cụm từ học thuật ăn điểm, cung cấp bản chất vấn đề đóng vai trò thiết yếu.]",en,collocations_academic,phrase,B2
c7b5c534-bffa-4956-91c1-9ba86e2ebe68,provide deeper insight,/provide deeper insight/,cung cấp hiểu biết sâu sắc,"In Academic Collocations, provide deeper insight plays an integral role. [Trong Cụm từ học thuật ăn điểm, cung cấp hiểu biết sâu sắc đóng vai trò thiết yếu.]",en,collocations_academic,phrase,C1
d522f53f-3b0c-44d6-9d63-206b13b5409a,raise empirical research,/raise empirical research/,nêu ra nghiên cứu thực nghiệm,"In Academic Collocations, raise empirical research plays an integral role. [Trong Cụm từ học thuật ăn điểm, nêu ra nghiên cứu thực nghiệm đóng vai trò thiết yếu.]",en,collocations_academic,phrase,B1
707e8a30-c884-4206-82cd-2edfe4a59428,raise valid conclusion,/raise valid conclusion/,nêu ra kết luận xác đáng,"In Academic Collocations, raise valid conclusion plays an integral role. [Trong Cụm từ học thuật ăn điểm, nêu ra kết luận xác đáng đóng vai trò thiết yếu.]",en,collocations_academic,phrase,B2
912e2929-ad6b-463d-a855-8745cb8e6726,raise compelling evidence,/raise compelling evidence/,nêu ra bằng chứng thuyết phục,"In Academic Collocations, raise compelling evidence plays an integral role. [Trong Cụm từ học thuật ăn điểm, nêu ra bằng chứng thuyết phục đóng vai trò thiết yếu.]",en,collocations_academic,phrase,C1
f611e53a-83cf-4811-929e-ebba39ac4dc1,raise critical question,/raise critical question/,nêu ra câu hỏi then chốt,"In Academic Collocations, raise critical question plays an integral role. [Trong Cụm từ học thuật ăn điểm, nêu ra câu hỏi then chốt đóng vai trò thiết yếu.]",en,collocations_academic,phrase,B1
c499b49c-9519-4381-b21b-56f84d194f67,raise pressing issue,/raise pressing issue/,nêu ra vấn đề cấp bách,"In Academic Collocations, raise pressing issue plays an integral role. [Trong Cụm từ học thuật ăn điểm, nêu ra vấn đề cấp bách đóng vai trò thiết yếu.]",en,collocations_academic,phrase,B2
8d0d3edd-4540-4d98-8040-bc7fbfd2ae8d,raise crucial role,/raise crucial role/,nêu ra vai trò quyết định,"In Academic Collocations, raise crucial role plays an integral role. [Trong Cụm từ học thuật ăn điểm, nêu ra vai trò quyết định đóng vai trò thiết yếu.]",en,collocations_academic,phrase,C1
7e0323c3-0643-4b30-82a8-6eb5a88440a1,raise significant impact,/raise significant impact/,nêu ra tác động đáng kể,"In Academic Collocations, raise significant impact plays an integral role. [Trong Cụm từ học thuật ăn điểm, nêu ra tác động đáng kể đóng vai trò thiết yếu.]",en,collocations_academic,phrase,B1
fccb5c41-79a8-4b94-9afd-57288c3a59fd,raise into account,/raise into account/,nêu ra yếu tố quan trọng,"In Academic Collocations, raise into account plays an integral role. [Trong Cụm từ học thuật ăn điểm, nêu ra yếu tố quan trọng đóng vai trò thiết yếu.]",en,collocations_academic,phrase,B2
21d187b4-8a04-400a-8349-66ae145e0098,raise light on the topic,/raise light on the topic/,nêu ra bản chất vấn đề,"In Academic Collocations, raise light on the topic plays an integral role. [Trong Cụm từ học thuật ăn điểm, nêu ra bản chất vấn đề đóng vai trò thiết yếu.]",en,collocations_academic,phrase,C1
0b6c79c9-deaa-4d43-9431-33110b09abf1,raise deeper insight,/raise deeper insight/,nêu ra hiểu biết sâu sắc,"In Academic Collocations, raise deeper insight plays an integral role. [Trong Cụm từ học thuật ăn điểm, nêu ra hiểu biết sâu sắc đóng vai trò thiết yếu.]",en,collocations_academic,phrase,B1
0ecfd506-4675-4d5f-950d-01608a21bb81,address empirical research,/address empirical research/,giải quyết nghiên cứu thực nghiệm,"In Academic Collocations, address empirical research plays an integral role. [Trong Cụm từ học thuật ăn điểm, giải quyết nghiên cứu thực nghiệm đóng vai trò thiết yếu.]",en,collocations_academic,phrase,B2
a9344bd9-1bb8-4f03-ad36-63e8f83ee7c8,address valid conclusion,/address valid conclusion/,giải quyết kết luận xác đáng,"In Academic Collocations, address valid conclusion plays an integral role. [Trong Cụm từ học thuật ăn điểm, giải quyết kết luận xác đáng đóng vai trò thiết yếu.]",en,collocations_academic,phrase,C1
16a0993d-ccf2-43e8-993c-f48b4739aa38,address compelling evidence,/address compelling evidence/,giải quyết bằng chứng thuyết phục,"In Academic Collocations, address compelling evidence plays an integral role. [Trong Cụm từ học thuật ăn điểm, giải quyết bằng chứng thuyết phục đóng vai trò thiết yếu.]",en,collocations_academic,phrase,B1
06412b92-7383-4dda-a45f-7589ad8b8a65,address critical question,/address critical question/,giải quyết câu hỏi then chốt,"In Academic Collocations, address critical question plays an integral role. [Trong Cụm từ học thuật ăn điểm, giải quyết câu hỏi then chốt đóng vai trò thiết yếu.]",en,collocations_academic,phrase,B2
023439ec-0271-4d56-ac0f-b35e122fc86e,address pressing issue,/address pressing issue/,giải quyết vấn đề cấp bách,"In Academic Collocations, address pressing issue plays an integral role. [Trong Cụm từ học thuật ăn điểm, giải quyết vấn đề cấp bách đóng vai trò thiết yếu.]",en,collocations_academic,phrase,C1
2296e87a-a8c9-4869-99f2-5e33d7b92255,address crucial role,/address crucial role/,giải quyết vai trò quyết định,"In Academic Collocations, address crucial role plays an integral role. [Trong Cụm từ học thuật ăn điểm, giải quyết vai trò quyết định đóng vai trò thiết yếu.]",en,collocations_academic,phrase,B1
6b72b8ae-1ceb-45d8-82a4-5d0d9f0dad9b,address significant impact,/address significant impact/,giải quyết tác động đáng kể,"In Academic Collocations, address significant impact plays an integral role. [Trong Cụm từ học thuật ăn điểm, giải quyết tác động đáng kể đóng vai trò thiết yếu.]",en,collocations_academic,phrase,B2
1c701678-f055-46c0-91de-6d3298f0ad78,address into account,/address into account/,giải quyết yếu tố quan trọng,"In Academic Collocations, address into account plays an integral role. [Trong Cụm từ học thuật ăn điểm, giải quyết yếu tố quan trọng đóng vai trò thiết yếu.]",en,collocations_academic,phrase,C1
391079af-df5f-4bbb-ae5c-b2105811753c,address light on the topic,/address light on the topic/,giải quyết bản chất vấn đề,"In Academic Collocations, address light on the topic plays an integral role. [Trong Cụm từ học thuật ăn điểm, giải quyết bản chất vấn đề đóng vai trò thiết yếu.]",en,collocations_academic,phrase,B1
b845f6f2-9b57-4211-9b50-64dc83c44d86,address deeper insight,/address deeper insight/,giải quyết hiểu biết sâu sắc,"In Academic Collocations, address deeper insight plays an integral role. [Trong Cụm từ học thuật ăn điểm, giải quyết hiểu biết sâu sắc đóng vai trò thiết yếu.]",en,collocations_academic,phrase,B2
c35c7bc4-802b-44c6-a6a0-f3e04cf70e77,mouth,/maʊθ/,"mauð/; mồm, miệng, mõm","In Idioms & Expressions, 'mouth' is an essential term. [Trong Thành ngữ thực tế, ""mouth"" là một thuật ngữ quan trọng.]",en,idioms_expressions,single_word,B1
ad25aca5-7038-40b9-b9fd-b4e711dd5ef2,apology,/əˈpɒlədʒi/,"lời biện bạch, lời biện giải; sự xin lỗi, sự tạ lỗi","In Idioms & Expressions, 'apology' is an essential term. [Trong Thành ngữ thực tế, ""apology"" là một thuật ngữ quan trọng.]",en,idioms_expressions,single_word,B2
aa02ba01-4f16-415b-a462-380595c60395,cheek,/tʃiːk/,kiểm tra c. on accuracy kiểm tra độ chính xác; cyele c. kiểm tra chu trình,"In Idioms & Expressions, 'cheek' is an essential term. [Trong Thành ngữ thực tế, ""cheek"" là một thuật ngữ quan trọng.]",en,idioms_expressions,single_word,C1
681a4570-ce16-4b71-8ba5-b756d51fb59a,description,/dɪˈskrɪpʃn/,sự mô tả,"In Idioms & Expressions, 'description' is an essential term. [Trong Thành ngữ thực tế, ""description"" là một thuật ngữ quan trọng.]",en,idioms_expressions,single_word,B1
c81c5a26-454e-41d0-b9b2-d62ca6c81331,ear,/ɪə(r)/,tai; vật hình tai,"In Idioms & Expressions, 'ear' is an essential term. [Trong Thành ngữ thực tế, ""ear"" là một thuật ngữ quan trọng.]",en,idioms_expressions,single_word,B2
fdfac54b-dbfc-49e3-b42e-4c8a201e5e18,fan,/fæn/,"người hâm mộ, người say mê; cái quạt","In Idioms & Expressions, 'fan' is an essential term. [Trong Thành ngữ thực tế, ""fan"" là một thuật ngữ quan trọng.]",en,idioms_expressions,single_word,C1
d8ab4951-724a-4236-b1ea-a4242943c4b9,ironic,/aɪˈrɒnɪk/,"mỉa, mỉa mai, châm biếm","In Idioms & Expressions, 'ironic' is an essential term. [Trong Thành ngữ thực tế, ""ironic"" là một thuật ngữ quan trọng.]",en,idioms_expressions,single_word,B1
004c8945-8898-4292-83c6-05569dee8454,ironically,/aɪˈrɒnɪkli/,"mỉa mai, trớ trêu","In Idioms & Expressions, 'ironically' is an essential term. [Trong Thành ngữ thực tế, ""ironically"" là một thuật ngữ quan trọng.]",en,idioms_expressions,single_word,B2
aaef01ce-a7db-463d-9800-78a01f3b83b9,joke,/dʒəʊk/,"lời nói đùa, câu nói đùa; trò cười","In Idioms & Expressions, 'joke' is an essential term. [Trong Thành ngữ thực tế, ""joke"" là một thuật ngữ quan trọng.]",en,idioms_expressions,single_word,C1
55f941b8-064f-4b99-8cb1-dedd9b169f70,listen,/ˈlɪsn/,"nghe, lắng nghe; nghe theo, tuân theo, vâng lời","In Idioms & Expressions, 'listen' is an essential term. [Trong Thành ngữ thực tế, ""listen"" là một thuật ngữ quan trọng.]",en,idioms_expressions,single_word,B1
7880848a-a164-47a3-b1fe-7503c435f68f,organ,/ˈɔːɡən/,đàn ống ; đàn hộp   barrel organ); cơ quan,"In Idioms & Expressions, 'organ' is an essential term. [Trong Thành ngữ thực tế, ""organ"" là một thuật ngữ quan trọng.]",en,idioms_expressions,single_word,B2
afe6da46-e03b-4f13-962b-f6d7aec7e8be,prayer,/preə(r)/,"kinh cầu nguyện, sự cầu kinh, sự cầu nguyện; số nhiều) lễ cầu kinh, lễ cầu nguyện","In Idioms & Expressions, 'prayer' is an essential term. [Trong Thành ngữ thực tế, ""prayer"" là một thuật ngữ quan trọng.]",en,idioms_expressions,single_word,C1
1c047a9b-d2b6-456b-bc22-36cc08aad1de,pulse,/pʌls/,xung; xung lượng,"In Idioms & Expressions, 'pulse' is an essential term. [Trong Thành ngữ thực tế, ""pulse"" là một thuật ngữ quan trọng.]",en,idioms_expressions,single_word,B1
559a956a-a4bb-4a09-9b0c-09d9fb076e81,remark,/rɪˈmɑːk/,"chú ý, chú thích","In Idioms & Expressions, 'remark' is an essential term. [Trong Thành ngữ thực tế, ""remark"" là một thuật ngữ quan trọng.]",en,idioms_expressions,single_word,B2
3c141a94-f16e-432a-90ba-91c1bd828c1b,rub,/rʌb/,"sự cọ xát, sự chà xát; sự lau, sự chải","In Idioms & Expressions, 'rub' is an essential term. [Trong Thành ngữ thực tế, ""rub"" là một thuật ngữ quan trọng.]",en,idioms_expressions,single_word,C1
271bd570-9450-407f-b858-dd67cb320e4f,sentence,/ˈsentəns/,"câu, mệnh đề; atomic s. câu nguyên tử","In Idioms & Expressions, 'sentence' is an essential term. [Trong Thành ngữ thực tế, ""sentence"" là một thuật ngữ quan trọng.]",en,idioms_expressions,single_word,B1
ea196187-4f0a-4d80-9b31-227efe625131,sleep,/sliːp/,"giấc ngủ; sự ngủ; sự nghỉ ngơi, sự tĩnh dưỡng","In Idioms & Expressions, 'sleep' is an essential term. [Trong Thành ngữ thực tế, ""sleep"" là một thuật ngữ quan trọng.]",en,idioms_expressions,single_word,B2
3d61291e-8256-43a2-9190-5732061ef13a,smile,/smaɪl/,"nụ cười; vẻ mặt tươi cười; mỉm cười, cười tủm tỉm; cười","In Idioms & Expressions, 'smile' is an essential term. [Trong Thành ngữ thực tế, ""smile"" là một thuật ngữ quan trọng.]",en,idioms_expressions,single_word,C1
f5ae895b-325f-401f-978b-24713c51dfc5,sweep,/swiːp/,"sự quét; sự đảo , sự khoát , sự lướt","In Idioms & Expressions, 'sweep' is an essential term. [Trong Thành ngữ thực tế, ""sweep"" là một thuật ngữ quan trọng.]",en,idioms_expressions,single_word,B1
4884489b-debe-455d-b0a6-70898efe19f4,tone,/təʊn/,"âm, tông","In Idioms & Expressions, 'tone' is an essential term. [Trong Thành ngữ thực tế, ""tone"" là một thuật ngữ quan trọng.]",en,idioms_expressions,single_word,B2
99cb83c1-bd0f-497d-9ac1-6a09eba44835,understand,/ˌʌndəˈstænd/,hiểu,"In Idioms & Expressions, 'understand' is an essential term. [Trong Thành ngữ thực tế, ""understand"" là một thuật ngữ quan trọng.]",en,idioms_expressions,single_word,C1
1ff46116-7a6e-472d-9070-6cc2700ef313,vein,/veɪn/,tĩnh mạch; gân lá;  gân cánh,"In Idioms & Expressions, 'vein' is an essential term. [Trong Thành ngữ thực tế, ""vein"" là một thuật ngữ quan trọng.]",en,idioms_expressions,single_word,B1
feea827a-5dfc-4584-b286-f386c430f2d7,agree,/əˈɡriː/,"đồng ý, tán thành, bằng lòng, thoả thuận; hoà thuận","In Idioms & Expressions, 'agree' is an essential term. [Trong Thành ngữ thực tế, ""agree"" là một thuật ngữ quan trọng.]",en,idioms_expressions,single_word,B2
eee78813-8a0b-4667-ac3a-1ba2d5e3e18e,apologize,/əˈpɒlədʒaɪz/,"xin lỗi, tạ lỗi","In Idioms & Expressions, 'apologize' is an essential term. [Trong Thành ngữ thực tế, ""apologize"" là một thuật ngữ quan trọng.]",en,idioms_expressions,single_word,C1
e09a184f-651c-4969-aed0-2f36659cb673,assertion,/əˈsɜːʃn/,"sự khẳng định, điều quyết đoán","In Idioms & Expressions, 'assertion' is an essential term. [Trong Thành ngữ thực tế, ""assertion"" là một thuật ngữ quan trọng.]",en,idioms_expressions,single_word,B1
99167b58-c54c-418e-abc3-0a07098c747f,assure,/əˈʃʊə(r)/,"làm cho vững tâm, làm cho tin chắc; quả quyết, cam đoan","In Idioms & Expressions, 'assure' is an essential term. [Trong Thành ngữ thực tế, ""assure"" là một thuật ngữ quan trọng.]",en,idioms_expressions,single_word,B2
87c6b9ef-d44e-41bd-97ad-05e3600d6408,at,/ət/,"ở, vào lúc; at fist từ đầu","In Idioms & Expressions, 'at' is an essential term. [Trong Thành ngữ thực tế, ""at"" là một thuật ngữ quan trọng.]",en,idioms_expressions,single_word,C1
2c8c1644-f7a2-4e85-911e-1c5de6e25587,attention,/əˈtenʃn/,sự chú ý; sự chăm sóc,"In Idioms & Expressions, 'attention' is an essential term. [Trong Thành ngữ thực tế, ""attention"" là một thuật ngữ quan trọng.]",en,idioms_expressions,single_word,B1
765a8f1e-3fa6-4721-90bd-1af38430c534,blame,/bleɪm/,sự khiển trách; lời trách mắng; lỗi; trách nhiệm,"In Idioms & Expressions, 'blame' is an essential term. [Trong Thành ngữ thực tế, ""blame"" là một thuật ngữ quan trọng.]",en,idioms_expressions,single_word,B2
9f2410b7-ee0c-4370-b964-f7737d3a400a,blow,/bləʊ/,"thổi, quạt","In Idioms & Expressions, 'blow' is an essential term. [Trong Thành ngữ thực tế, ""blow"" là một thuật ngữ quan trọng.]",en,idioms_expressions,single_word,C1
0537f03a-c53e-42e0-91b7-c7adb8d0d4ed,but,/bət/,"nhưng, nhưng mà; nếu không; không còn cách nào khác","In Idioms & Expressions, 'but' is an essential term. [Trong Thành ngữ thực tế, ""but"" là một thuật ngữ quan trọng.]",en,idioms_expressions,single_word,B1
fd920cec-06ea-4ec8-beb1-991158185662,charming,/ˈtʃɑːmɪŋ/,"đẹp, duyên dáng, yêu kiều; có sức quyến rũ, làm say mê, làm mê mẩn","In Idioms & Expressions, 'charming' is an essential term. [Trong Thành ngữ thực tế, ""charming"" là một thuật ngữ quan trọng.]",en,idioms_expressions,single_word,B2
62f68373-8ed4-4352-b756-6b7fd2eef154,clause,/klɔːz/,điều khoản; phó lệnh,"In Idioms & Expressions, 'clause' is an essential term. [Trong Thành ngữ thực tế, ""clause"" là một thuật ngữ quan trọng.]",en,idioms_expressions,single_word,C1
18b314e9-2cd5-4d7c-b169-3363a72674df,clearly,/ˈklɪəli/,"rõ ràng, sáng sủa, sáng tỏ; cố nhiên, hẳn đi rồi","In Idioms & Expressions, 'clearly' is an essential term. [Trong Thành ngữ thực tế, ""clearly"" là một thuật ngữ quan trọng.]",en,idioms_expressions,single_word,B1
218997fe-58e2-408f-93dd-41659eded165,comment,/ˈkɒment/,"chú giải, ghi chú = mark = note","In Idioms & Expressions, 'comment' is an essential term. [Trong Thành ngữ thực tế, ""comment"" là một thuật ngữ quan trọng.]",en,idioms_expressions,single_word,B2
01a50c6a-99c5-430c-ba0d-b06b6a1a16c1,complain,/kəmˈpleɪn/,"kêu ca, kêu, phàn nàn, than phiền; oán trách; kêu nài, thưa thưa kiện","In Idioms & Expressions, 'complain' is an essential term. [Trong Thành ngữ thực tế, ""complain"" là một thuật ngữ quan trọng.]",en,idioms_expressions,single_word,C1
db40f90c-5671-410f-afad-3d18000bb935,complaint,/kəmˈpleɪnt/,"lời than phiền, lời phàn nàn, lời oán trách, lời than thở; điều đáng phàn nàn, điều đáng than phiền; bệnh, sự đau","In Idioms & Expressions, 'complaint' is an essential term. [Trong Thành ngữ thực tế, ""complaint"" là một thuật ngữ quan trọng.]",en,idioms_expressions,single_word,B1
9e948017-ba7e-4362-b48b-efef294bcac2,confused,/kənˈfjuːzd/,"lẫn lộn, lộn xộn, rối rắm; mơ hồ","In Idioms & Expressions, 'confused' is an essential term. [Trong Thành ngữ thực tế, ""confused"" là một thuật ngữ quan trọng.]",en,idioms_expressions,single_word,B2
f558ff33-fe3d-4cd6-bf3f-6fcb8f684c17,congratulate,/kənˈɡrætʃəleɪt/,"chúc mừng, khen ngợi","In Idioms & Expressions, 'congratulate' is an essential term. [Trong Thành ngữ thực tế, ""congratulate"" là một thuật ngữ quan trọng.]",en,idioms_expressions,single_word,C1
82e07d5f-d318-46e8-9aa0-42b28e5b1a40,critical,/ˈkrɪtɪkl/,tới hạn,"In Idioms & Expressions, 'critical' is an essential term. [Trong Thành ngữ thực tế, ""critical"" là một thuật ngữ quan trọng.]",en,idioms_expressions,single_word,B1
8f4d733e-ff63-49d8-8538-c18abd020280,criticize,/ˈkrɪtɪsaɪz/,"phê bình, phê phán, bình phẩm, chỉ trích","In Idioms & Expressions, 'criticize' is an essential term. [Trong Thành ngữ thực tế, ""criticize"" là một thuật ngữ quan trọng.]",en,idioms_expressions,single_word,B2
5b26812f-590d-467e-ac96-f3fcea0c4229,crown,/kraʊn/,"mũ miện; vua, ngôi vua; vòng hoa, vòng lá ;  phần thưởng","In Idioms & Expressions, 'crown' is an essential term. [Trong Thành ngữ thực tế, ""crown"" là một thuật ngữ quan trọng.]",en,idioms_expressions,single_word,C1
8d667f4b-55b4-4f06-903f-34ecbfd3f86b,cup,/kʌp/,"tích, dấu &#8746;","In Idioms & Expressions, 'cup' is an essential term. [Trong Thành ngữ thực tế, ""cup"" là một thuật ngữ quan trọng.]",en,idioms_expressions,single_word,B1
c83bbb8d-4f80-4151-8910-b4797f4f8b7c,curve,/kɜːv/,đường cong; c. of constant slope độ cong có độ dốc không đổi,"In Idioms & Expressions, 'curve' is an essential term. [Trong Thành ngữ thực tế, ""curve"" là một thuật ngữ quan trọng.]",en,idioms_expressions,single_word,B2
a72c4abd-cde3-4fde-916c-3436afd6455a,declare,/dɪˈkleə(r)/,tuyên bố; công bố,"In Idioms & Expressions, 'declare' is an essential term. [Trong Thành ngữ thực tế, ""declare"" là một thuật ngữ quan trọng.]",en,idioms_expressions,single_word,C1
1d42e96f-148d-4b2e-bcee-85c8f7de788f,deep,/diːp/,"sâu, sâu sắc","In Idioms & Expressions, 'deep' is an essential term. [Trong Thành ngữ thực tế, ""deep"" là một thuật ngữ quan trọng.]",en,idioms_expressions,single_word,B1
cd7777ea-ac4d-420b-a6a4-a87f6dac714a,definition,/ˌdefɪˈnɪʃn/,định nghĩa; explicit d. định nghĩa rõ,"In Idioms & Expressions, 'definition' is an essential term. [Trong Thành ngữ thực tế, ""definition"" là một thuật ngữ quan trọng.]",en,idioms_expressions,single_word,B2
39d4335a-5721-48e7-81c5-0b742f85df15,deny,/dɪˈnaɪ/,phủ định,"In Idioms & Expressions, 'deny' is an essential term. [Trong Thành ngữ thực tế, ""deny"" là một thuật ngữ quan trọng.]",en,idioms_expressions,single_word,C1
eb1630f1-b740-4694-8a41-3e31f13e0f86,depth,/depθ/,độ sâu; d. of an element độ cao của một phần tử,"In Idioms & Expressions, 'depth' is an essential term. [Trong Thành ngữ thực tế, ""depth"" là một thuật ngữ quan trọng.]",en,idioms_expressions,single_word,B1
26b6c4fb-0762-4599-a9a5-2d1cc56ac41b,describe,/dɪˈskraɪb/,mô tả,"In Idioms & Expressions, 'describe' is an essential term. [Trong Thành ngữ thực tế, ""describe"" là một thuật ngữ quan trọng.]",en,idioms_expressions,single_word,B2
b392d436-1e55-4da3-9225-c337eaeeb6f5,bite the bullet in tough situations,/bite the bullet in tough situations/,cắn răng chịu đựng khó khăn trong nghịch cảnh,"In Idioms & Expressions, bite the bullet in tough situations plays an integral role. [Trong Thành ngữ thực tế, cắn răng chịu đựng khó khăn trong nghịch cảnh đóng vai trò thiết yếu.]",en,idioms_expressions,phrase,B1
71ec5ced-8625-42ac-988c-97dcefaf1b73,bite the bullet at social events,/bite the bullet at social events/,cắn răng chịu đựng khó khăn tại sự kiện xã hội,"In Idioms & Expressions, bite the bullet at social events plays an integral role. [Trong Thành ngữ thực tế, cắn răng chịu đựng khó khăn tại sự kiện xã hội đóng vai trò thiết yếu.]",en,idioms_expressions,phrase,B2
e518840f-94f2-49ae-bcbf-23ecf17578a5,bite the bullet before deadlines,/bite the bullet before deadlines/,cắn răng chịu đựng khó khăn trước hạn chót,"In Idioms & Expressions, bite the bullet before deadlines plays an integral role. [Trong Thành ngữ thực tế, cắn răng chịu đựng khó khăn trước hạn chót đóng vai trò thiết yếu.]",en,idioms_expressions,phrase,C1
cb58f4be-7582-445b-9ced-d686800a5114,bite the bullet during discussions,/bite the bullet during discussions/,cắn răng chịu đựng khó khăn trong thảo luận,"In Idioms & Expressions, bite the bullet during discussions plays an integral role. [Trong Thành ngữ thực tế, cắn răng chịu đựng khó khăn trong thảo luận đóng vai trò thiết yếu.]",en,idioms_expressions,phrase,B1
907d1266-ad51-46ca-9ce9-ade536f1e1d1,bite the bullet on key decisions,/bite the bullet on key decisions/,cắn răng chịu đựng khó khăn về quyết định then chốt,"In Idioms & Expressions, bite the bullet on key decisions plays an integral role. [Trong Thành ngữ thực tế, cắn răng chịu đựng khó khăn về quyết định then chốt đóng vai trò thiết yếu.]",en,idioms_expressions,phrase,B2
037076c5-4839-4b39-a917-a39f418dc028,bite the bullet after long hours,/bite the bullet after long hours/,cắn răng chịu đựng khó khăn sau nhiều giờ vất vả,"In Idioms & Expressions, bite the bullet after long hours plays an integral role. [Trong Thành ngữ thực tế, cắn răng chịu đựng khó khăn sau nhiều giờ vất vả đóng vai trò thiết yếu.]",en,idioms_expressions,phrase,C1
73051288-0709-42a1-aab2-51dfebc1ddba,bite the bullet in daily circumstances,/bite the bullet in daily circumstances/,cắn răng chịu đựng khó khăn trong hoàn cảnh thực tế,"In Idioms & Expressions, bite the bullet in daily circumstances plays an integral role. [Trong Thành ngữ thực tế, cắn răng chịu đựng khó khăn trong hoàn cảnh thực tế đóng vai trò thiết yếu.]",en,idioms_expressions,phrase,B1
88f28aa6-b4eb-43d3-afb3-9bd3f1f6073a,bite the bullet over difficult times,/bite the bullet over difficult times/,cắn răng chịu đựng khó khăn qua thời kỳ gian nan,"In Idioms & Expressions, bite the bullet over difficult times plays an integral role. [Trong Thành ngữ thực tế, cắn răng chịu đựng khó khăn qua thời kỳ gian nan đóng vai trò thiết yếu.]",en,idioms_expressions,phrase,B2
82e217c7-ac37-4c50-a7dd-ad4132588eca,bite the bullet with thorough preparation,/bite the bullet with thorough preparation/,cắn răng chịu đựng khó khăn với sự chuẩn bị kỹ,"In Idioms & Expressions, bite the bullet with thorough preparation plays an integral role. [Trong Thành ngữ thực tế, cắn răng chịu đựng khó khăn với sự chuẩn bị kỹ đóng vai trò thiết yếu.]",en,idioms_expressions,phrase,C1
376d8fd1-18ef-43c8-80a1-59ff26779013,bite the bullet due to extreme luxury,/bite the bullet due to extreme luxury/,cắn răng chịu đựng khó khăn bởi sự xa xỉ,"In Idioms & Expressions, bite the bullet due to extreme luxury plays an integral role. [Trong Thành ngữ thực tế, cắn răng chịu đựng khó khăn bởi sự xa xỉ đóng vai trò thiết yếu.]",en,idioms_expressions,phrase,B1
7dceddab-5d01-4ab6-9e74-07e96ed35c7e,break the ice in tough situations,/break the ice in tough situations/,phá vỡ bầu không khí ngượng ngùng trong nghịch cảnh,"In Idioms & Expressions, break the ice in tough situations plays an integral role. [Trong Thành ngữ thực tế, phá vỡ bầu không khí ngượng ngùng trong nghịch cảnh đóng vai trò thiết yếu.]",en,idioms_expressions,phrase,B2
a8b56b88-e227-4f23-9cc8-4250eea2a561,break the ice at social events,/break the ice at social events/,phá vỡ bầu không khí ngượng ngùng tại sự kiện xã hội,"In Idioms & Expressions, break the ice at social events plays an integral role. [Trong Thành ngữ thực tế, phá vỡ bầu không khí ngượng ngùng tại sự kiện xã hội đóng vai trò thiết yếu.]",en,idioms_expressions,phrase,C1
9fec07fe-ed0e-4d81-ba9b-f9449c58fe23,break the ice before deadlines,/break the ice before deadlines/,phá vỡ bầu không khí ngượng ngùng trước hạn chót,"In Idioms & Expressions, break the ice before deadlines plays an integral role. [Trong Thành ngữ thực tế, phá vỡ bầu không khí ngượng ngùng trước hạn chót đóng vai trò thiết yếu.]",en,idioms_expressions,phrase,B1
3107dabf-ee4b-43c4-9b84-2d72b3a5baeb,break the ice during discussions,/break the ice during discussions/,phá vỡ bầu không khí ngượng ngùng trong thảo luận,"In Idioms & Expressions, break the ice during discussions plays an integral role. [Trong Thành ngữ thực tế, phá vỡ bầu không khí ngượng ngùng trong thảo luận đóng vai trò thiết yếu.]",en,idioms_expressions,phrase,B2
4cca51f3-2d1e-4a44-ba9d-a74343e702c7,break the ice on key decisions,/break the ice on key decisions/,phá vỡ bầu không khí ngượng ngùng về quyết định then chốt,"In Idioms & Expressions, break the ice on key decisions plays an integral role. [Trong Thành ngữ thực tế, phá vỡ bầu không khí ngượng ngùng về quyết định then chốt đóng vai trò thiết yếu.]",en,idioms_expressions,phrase,C1
463e2bf0-5899-46a5-aa57-01b0191e520b,break the ice after long hours,/break the ice after long hours/,phá vỡ bầu không khí ngượng ngùng sau nhiều giờ vất vả,"In Idioms & Expressions, break the ice after long hours plays an integral role. [Trong Thành ngữ thực tế, phá vỡ bầu không khí ngượng ngùng sau nhiều giờ vất vả đóng vai trò thiết yếu.]",en,idioms_expressions,phrase,B1
1665bd61-ccc3-4ac2-b6d1-1c0964ce8594,break the ice in daily circumstances,/break the ice in daily circumstances/,phá vỡ bầu không khí ngượng ngùng trong hoàn cảnh thực tế,"In Idioms & Expressions, break the ice in daily circumstances plays an integral role. [Trong Thành ngữ thực tế, phá vỡ bầu không khí ngượng ngùng trong hoàn cảnh thực tế đóng vai trò thiết yếu.]",en,idioms_expressions,phrase,B2
10ce9d50-effd-4cc1-acc0-1ad64b0b6348,break the ice over difficult times,/break the ice over difficult times/,phá vỡ bầu không khí ngượng ngùng qua thời kỳ gian nan,"In Idioms & Expressions, break the ice over difficult times plays an integral role. [Trong Thành ngữ thực tế, phá vỡ bầu không khí ngượng ngùng qua thời kỳ gian nan đóng vai trò thiết yếu.]",en,idioms_expressions,phrase,C1
01f00ce8-7b4d-4e55-835d-12f2f54b6ae4,break the ice with thorough preparation,/break the ice with thorough preparation/,phá vỡ bầu không khí ngượng ngùng với sự chuẩn bị kỹ,"In Idioms & Expressions, break the ice with thorough preparation plays an integral role. [Trong Thành ngữ thực tế, phá vỡ bầu không khí ngượng ngùng với sự chuẩn bị kỹ đóng vai trò thiết yếu.]",en,idioms_expressions,phrase,B1
c33c6092-4f7b-49a4-85c3-1aa5a66db8fd,break the ice due to extreme luxury,/break the ice due to extreme luxury/,phá vỡ bầu không khí ngượng ngùng bởi sự xa xỉ,"In Idioms & Expressions, break the ice due to extreme luxury plays an integral role. [Trong Thành ngữ thực tế, phá vỡ bầu không khí ngượng ngùng bởi sự xa xỉ đóng vai trò thiết yếu.]",en,idioms_expressions,phrase,B2
ca8d5aca-560c-4c09-81b2-c5cdaff786da,burn the midnight oil in tough situations,/burn the midnight oil in tough situations/,thức khuya học tập làm việc trong nghịch cảnh,"In Idioms & Expressions, burn the midnight oil in tough situations plays an integral role. [Trong Thành ngữ thực tế, thức khuya học tập làm việc trong nghịch cảnh đóng vai trò thiết yếu.]",en,idioms_expressions,phrase,C1
10f57f55-9e99-450c-980b-82e328c9fbd6,burn the midnight oil at social events,/burn the midnight oil at social events/,thức khuya học tập làm việc tại sự kiện xã hội,"In Idioms & Expressions, burn the midnight oil at social events plays an integral role. [Trong Thành ngữ thực tế, thức khuya học tập làm việc tại sự kiện xã hội đóng vai trò thiết yếu.]",en,idioms_expressions,phrase,B1
64386c0e-37f4-4342-ac0f-09ca04e89b7b,burn the midnight oil before deadlines,/burn the midnight oil before deadlines/,thức khuya học tập làm việc trước hạn chót,"In Idioms & Expressions, burn the midnight oil before deadlines plays an integral role. [Trong Thành ngữ thực tế, thức khuya học tập làm việc trước hạn chót đóng vai trò thiết yếu.]",en,idioms_expressions,phrase,B2
5338e801-6041-46a8-a012-fa9e2c24677d,burn the midnight oil during discussions,/burn the midnight oil during discussions/,thức khuya học tập làm việc trong thảo luận,"In Idioms & Expressions, burn the midnight oil during discussions plays an integral role. [Trong Thành ngữ thực tế, thức khuya học tập làm việc trong thảo luận đóng vai trò thiết yếu.]",en,idioms_expressions,phrase,C1
d3e0e741-71b7-4242-8abc-1f6b6886cce1,burn the midnight oil on key decisions,/burn the midnight oil on key decisions/,thức khuya học tập làm việc về quyết định then chốt,"In Idioms & Expressions, burn the midnight oil on key decisions plays an integral role. [Trong Thành ngữ thực tế, thức khuya học tập làm việc về quyết định then chốt đóng vai trò thiết yếu.]",en,idioms_expressions,phrase,B1
0ef925ac-3e95-40c7-9194-fb3aeb312e4e,burn the midnight oil after long hours,/burn the midnight oil after long hours/,thức khuya học tập làm việc sau nhiều giờ vất vả,"In Idioms & Expressions, burn the midnight oil after long hours plays an integral role. [Trong Thành ngữ thực tế, thức khuya học tập làm việc sau nhiều giờ vất vả đóng vai trò thiết yếu.]",en,idioms_expressions,phrase,B2
c414247f-a11c-4235-85ef-fc99cdcaf7ef,burn the midnight oil in daily circumstances,/burn the midnight oil in daily circumstances/,thức khuya học tập làm việc trong hoàn cảnh thực tế,"In Idioms & Expressions, burn the midnight oil in daily circumstances plays an integral role. [Trong Thành ngữ thực tế, thức khuya học tập làm việc trong hoàn cảnh thực tế đóng vai trò thiết yếu.]",en,idioms_expressions,phrase,C1
0efa6e3a-c9ce-4dbb-a83c-db9fba3b1a91,burn the midnight oil over difficult times,/burn the midnight oil over difficult times/,thức khuya học tập làm việc qua thời kỳ gian nan,"In Idioms & Expressions, burn the midnight oil over difficult times plays an integral role. [Trong Thành ngữ thực tế, thức khuya học tập làm việc qua thời kỳ gian nan đóng vai trò thiết yếu.]",en,idioms_expressions,phrase,B1
ab038530-baea-4da3-a5ed-16f0b1912478,burn the midnight oil with thorough preparation,/burn the midnight oil with thorough preparation/,thức khuya học tập làm việc với sự chuẩn bị kỹ,"In Idioms & Expressions, burn the midnight oil with thorough preparation plays an integral role. [Trong Thành ngữ thực tế, thức khuya học tập làm việc với sự chuẩn bị kỹ đóng vai trò thiết yếu.]",en,idioms_expressions,phrase,B2
17f1b0c6-aa2f-4d95-b858-539d31f76cfc,burn the midnight oil due to extreme luxury,/burn the midnight oil due to extreme luxury/,thức khuya học tập làm việc bởi sự xa xỉ,"In Idioms & Expressions, burn the midnight oil due to extreme luxury plays an integral role. [Trong Thành ngữ thực tế, thức khuya học tập làm việc bởi sự xa xỉ đóng vai trò thiết yếu.]",en,idioms_expressions,phrase,C1
d242ced1-775a-49eb-9602-48f1be02c8b3,hit the nail on the head in tough situations,/hit the nail on the head in tough situations/,nói trúng phóc trọng tâm trong nghịch cảnh,"In Idioms & Expressions, hit the nail on the head in tough situations plays an integral role. [Trong Thành ngữ thực tế, nói trúng phóc trọng tâm trong nghịch cảnh đóng vai trò thiết yếu.]",en,idioms_expressions,phrase,B1
254dfd40-d76e-411d-9ff7-27ffa6753c29,hit the nail on the head at social events,/hit the nail on the head at social events/,nói trúng phóc trọng tâm tại sự kiện xã hội,"In Idioms & Expressions, hit the nail on the head at social events plays an integral role. [Trong Thành ngữ thực tế, nói trúng phóc trọng tâm tại sự kiện xã hội đóng vai trò thiết yếu.]",en,idioms_expressions,phrase,B2
673ac9b2-f507-45e2-9b99-22372c3055cd,hit the nail on the head before deadlines,/hit the nail on the head before deadlines/,nói trúng phóc trọng tâm trước hạn chót,"In Idioms & Expressions, hit the nail on the head before deadlines plays an integral role. [Trong Thành ngữ thực tế, nói trúng phóc trọng tâm trước hạn chót đóng vai trò thiết yếu.]",en,idioms_expressions,phrase,C1
f9d5ff22-572e-49b2-beba-b5c53147cc49,hit the nail on the head during discussions,/hit the nail on the head during discussions/,nói trúng phóc trọng tâm trong thảo luận,"In Idioms & Expressions, hit the nail on the head during discussions plays an integral role. [Trong Thành ngữ thực tế, nói trúng phóc trọng tâm trong thảo luận đóng vai trò thiết yếu.]",en,idioms_expressions,phrase,B1
243089da-71a3-44b8-922f-59d0fb830755,hit the nail on the head on key decisions,/hit the nail on the head on key decisions/,nói trúng phóc trọng tâm về quyết định then chốt,"In Idioms & Expressions, hit the nail on the head on key decisions plays an integral role. [Trong Thành ngữ thực tế, nói trúng phóc trọng tâm về quyết định then chốt đóng vai trò thiết yếu.]",en,idioms_expressions,phrase,B2
0761d220-2a89-4eb2-99a5-ae187df6ce82,hit the nail on the head after long hours,/hit the nail on the head after long hours/,nói trúng phóc trọng tâm sau nhiều giờ vất vả,"In Idioms & Expressions, hit the nail on the head after long hours plays an integral role. [Trong Thành ngữ thực tế, nói trúng phóc trọng tâm sau nhiều giờ vất vả đóng vai trò thiết yếu.]",en,idioms_expressions,phrase,C1
84ccfa04-08cf-471c-84eb-f84e5d2e7aec,hit the nail on the head in daily circumstances,/hit the nail on the head in daily circumstances/,nói trúng phóc trọng tâm trong hoàn cảnh thực tế,"In Idioms & Expressions, hit the nail on the head in daily circumstances plays an integral role. [Trong Thành ngữ thực tế, nói trúng phóc trọng tâm trong hoàn cảnh thực tế đóng vai trò thiết yếu.]",en,idioms_expressions,phrase,B1
4d115fed-ad6c-461d-b95f-2a50825fd6eb,hit the nail on the head over difficult times,/hit the nail on the head over difficult times/,nói trúng phóc trọng tâm qua thời kỳ gian nan,"In Idioms & Expressions, hit the nail on the head over difficult times plays an integral role. [Trong Thành ngữ thực tế, nói trúng phóc trọng tâm qua thời kỳ gian nan đóng vai trò thiết yếu.]",en,idioms_expressions,phrase,B2
7e301d88-e6c2-4483-9982-dcb7142430d4,hit the nail on the head with thorough preparation,/hit the nail on the head with thorough preparation/,nói trúng phóc trọng tâm với sự chuẩn bị kỹ,"In Idioms & Expressions, hit the nail on the head with thorough preparation plays an integral role. [Trong Thành ngữ thực tế, nói trúng phóc trọng tâm với sự chuẩn bị kỹ đóng vai trò thiết yếu.]",en,idioms_expressions,phrase,C1
2baf752a-cf0e-44ee-9dc6-1c2fa747adc2,hit the nail on the head due to extreme luxury,/hit the nail on the head due to extreme luxury/,nói trúng phóc trọng tâm bởi sự xa xỉ,"In Idioms & Expressions, hit the nail on the head due to extreme luxury plays an integral role. [Trong Thành ngữ thực tế, nói trúng phóc trọng tâm bởi sự xa xỉ đóng vai trò thiết yếu.]",en,idioms_expressions,phrase,B1
373a4d12-06c3-44de-ad9d-2c11ee5a115e,see eye to eye in tough situations,/see eye to eye in tough situations/,hoàn toàn đồng lòng nhất trí trong nghịch cảnh,"In Idioms & Expressions, see eye to eye in tough situations plays an integral role. [Trong Thành ngữ thực tế, hoàn toàn đồng lòng nhất trí trong nghịch cảnh đóng vai trò thiết yếu.]",en,idioms_expressions,phrase,B2
ece1a7ec-04ac-4237-9585-1fd726b5d63b,see eye to eye at social events,/see eye to eye at social events/,hoàn toàn đồng lòng nhất trí tại sự kiện xã hội,"In Idioms & Expressions, see eye to eye at social events plays an integral role. [Trong Thành ngữ thực tế, hoàn toàn đồng lòng nhất trí tại sự kiện xã hội đóng vai trò thiết yếu.]",en,idioms_expressions,phrase,C1
3ad63ab6-de7f-4e48-b777-4e3c9125e2a1,see eye to eye before deadlines,/see eye to eye before deadlines/,hoàn toàn đồng lòng nhất trí trước hạn chót,"In Idioms & Expressions, see eye to eye before deadlines plays an integral role. [Trong Thành ngữ thực tế, hoàn toàn đồng lòng nhất trí trước hạn chót đóng vai trò thiết yếu.]",en,idioms_expressions,phrase,B1
69db862e-e08a-4686-afde-282d071e4d3c,see eye to eye during discussions,/see eye to eye during discussions/,hoàn toàn đồng lòng nhất trí trong thảo luận,"In Idioms & Expressions, see eye to eye during discussions plays an integral role. [Trong Thành ngữ thực tế, hoàn toàn đồng lòng nhất trí trong thảo luận đóng vai trò thiết yếu.]",en,idioms_expressions,phrase,B2
2b7a5f41-fe6b-47b3-be77-0ed64df1c23f,see eye to eye on key decisions,/see eye to eye on key decisions/,hoàn toàn đồng lòng nhất trí về quyết định then chốt,"In Idioms & Expressions, see eye to eye on key decisions plays an integral role. [Trong Thành ngữ thực tế, hoàn toàn đồng lòng nhất trí về quyết định then chốt đóng vai trò thiết yếu.]",en,idioms_expressions,phrase,C1
82cd69f4-1fe8-4e13-9c6f-1b608d98b0e3,see eye to eye after long hours,/see eye to eye after long hours/,hoàn toàn đồng lòng nhất trí sau nhiều giờ vất vả,"In Idioms & Expressions, see eye to eye after long hours plays an integral role. [Trong Thành ngữ thực tế, hoàn toàn đồng lòng nhất trí sau nhiều giờ vất vả đóng vai trò thiết yếu.]",en,idioms_expressions,phrase,B1
0684dc57-51c1-49a2-8bd1-799022a93d30,see eye to eye in daily circumstances,/see eye to eye in daily circumstances/,hoàn toàn đồng lòng nhất trí trong hoàn cảnh thực tế,"In Idioms & Expressions, see eye to eye in daily circumstances plays an integral role. [Trong Thành ngữ thực tế, hoàn toàn đồng lòng nhất trí trong hoàn cảnh thực tế đóng vai trò thiết yếu.]",en,idioms_expressions,phrase,B2
d74c60f1-4556-4724-9a09-a38fac7532d3,see eye to eye over difficult times,/see eye to eye over difficult times/,hoàn toàn đồng lòng nhất trí qua thời kỳ gian nan,"In Idioms & Expressions, see eye to eye over difficult times plays an integral role. [Trong Thành ngữ thực tế, hoàn toàn đồng lòng nhất trí qua thời kỳ gian nan đóng vai trò thiết yếu.]",en,idioms_expressions,phrase,C1
6cec14d0-f2e9-4ef3-a857-fc712490ce6b,see eye to eye with thorough preparation,/see eye to eye with thorough preparation/,hoàn toàn đồng lòng nhất trí với sự chuẩn bị kỹ,"In Idioms & Expressions, see eye to eye with thorough preparation plays an integral role. [Trong Thành ngữ thực tế, hoàn toàn đồng lòng nhất trí với sự chuẩn bị kỹ đóng vai trò thiết yếu.]",en,idioms_expressions,phrase,B1
e9fe5be6-47fc-4868-87c1-2c4c7b44455c,see eye to eye due to extreme luxury,/see eye to eye due to extreme luxury/,hoàn toàn đồng lòng nhất trí bởi sự xa xỉ,"In Idioms & Expressions, see eye to eye due to extreme luxury plays an integral role. [Trong Thành ngữ thực tế, hoàn toàn đồng lòng nhất trí bởi sự xa xỉ đóng vai trò thiết yếu.]",en,idioms_expressions,phrase,B2
002f84ac-35bc-4cc6-91b6-a3aa2b564633,income,/ˈɪnkʌm/,thu nhập; annual i. thu nhập hàng năm,"In Finance & Banking, 'income' is an essential term. [Trong Tài chính & Ngân hàng, ""income"" là một thuật ngữ quan trọng.]",en,finance_banking,single_word,B1
b20f4ea2-bd6d-4f1f-a29b-516c7dfc317a,owe,/əʊ/,mắc nợ; có trách nhiệm,"In Finance & Banking, 'owe' is an essential term. [Trong Tài chính & Ngân hàng, ""owe"" là một thuật ngữ quan trọng.]",en,finance_banking,single_word,B2
29ff88e1-3b58-4323-bad8-8b7463934f4b,proceeds,/ˈprəʊsiːdz/,"số thu nhập; tiền lời, lãi","In Finance & Banking, 'proceeds' is an essential term. [Trong Tài chính & Ngân hàng, ""proceeds"" là một thuật ngữ quan trọng.]",en,finance_banking,single_word,C1
a013c666-384c-4d04-8f61-08290cc62008,robbery,/ˈrɒbəri/,"sự ăn cướp, vụ ăn cướp; sự ăn trộm, vụ ăn trộm; sự bán giá cắt cổ","In Finance & Banking, 'robbery' is an essential term. [Trong Tài chính & Ngân hàng, ""robbery"" là một thuật ngữ quan trọng.]",en,finance_banking,single_word,B1
f910cd27-47ea-4e2d-8dc0-6694af8ab94e,stake,/steɪk/,tiền đặt cọc,"In Finance & Banking, 'stake' is an essential term. [Trong Tài chính & Ngân hàng, ""stake"" là một thuật ngữ quan trọng.]",en,finance_banking,single_word,B2
6ee5f180-ffd2-4880-97d6-4e990826072f,blend,/blend/,pha trộn; hợp nhau; pha mầu,"In Finance & Banking, 'blend' is an essential term. [Trong Tài chính & Ngân hàng, ""blend"" là một thuật ngữ quan trọng.]",en,finance_banking,single_word,C1
58d34780-348c-4c3f-b011-8fbe0aca6519,dollar,/ˈdɒlə(r)/,"đồng đô la; đồng 5 silinh, đồng curon","In Finance & Banking, 'dollar' is an essential term. [Trong Tài chính & Ngân hàng, ""dollar"" là một thuật ngữ quan trọng.]",en,finance_banking,single_word,B1
cb86aede-3104-4f56-899a-c6ed8a8c8d7e,donate,/dəʊˈneɪt/,"tặng, cho, biếu; quyên cúng","In Finance & Banking, 'donate' is an essential term. [Trong Tài chính & Ngân hàng, ""donate"" là một thuật ngữ quan trọng.]",en,finance_banking,single_word,B2
412a8a36-6129-4869-8090-d721bc1ae4f6,donor,/ˈdəʊnə(r)/,"người cho, người tặng, người biếu; người quyên cúng","In Finance & Banking, 'donor' is an essential term. [Trong Tài chính & Ngân hàng, ""donor"" là một thuật ngữ quan trọng.]",en,finance_banking,single_word,C1
eeff242c-560a-4c23-86c3-45cd002f68fa,earn,/ɜːn/,kiếm được ; giành được,"In Finance & Banking, 'earn' is an essential term. [Trong Tài chính & Ngân hàng, ""earn"" là một thuật ngữ quan trọng.]",en,finance_banking,single_word,B1
48dcc3a3-162d-43cf-b8e3-b323f37389ff,earnings,/ˈɜːnɪŋz/,"tiền kiếm được, tiền lương; tiền lãi","In Finance & Banking, 'earnings' is an essential term. [Trong Tài chính & Ngân hàng, ""earnings"" là một thuật ngữ quan trọng.]",en,finance_banking,single_word,B2
b7aae980-b6ad-4015-9572-e6d81c6f4b06,euro,/ˈjʊərəʊ/,số nhiều euros; loài canguru lớn da đỏ xám,"In Finance & Banking, 'euro' is an essential term. [Trong Tài chính & Ngân hàng, ""euro"" là một thuật ngữ quan trọng.]",en,finance_banking,single_word,C1
04a81229-1872-45c9-bd3f-08742cb4d2e6,exploitation,/ˌeksplɔɪˈteɪʃn/,"sự lợi dụng, sự bóc lột","In Finance & Banking, 'exploitation' is an essential term. [Trong Tài chính & Ngân hàng, ""exploitation"" là một thuật ngữ quan trọng.]",en,finance_banking,single_word,B1
ff360ee4-0b2e-4d16-a46b-cadd37140a2f,fee,/fiː/,tiền thù lao; tiền thưởng; tiền nguyệt liễm; học phí,"In Finance & Banking, 'fee' is an essential term. [Trong Tài chính & Ngân hàng, ""fee"" là một thuật ngữ quan trọng.]",en,finance_banking,single_word,B2
db6d1cb4-7417-4a67-8143-c6325ca44e93,fortune,/ˈfɔːtʃuːn/,"vận may; sự may mắn; thần vận mệnh, thần tài; vận, vận mệnh","In Finance & Banking, 'fortune' is an essential term. [Trong Tài chính & Ngân hàng, ""fortune"" là một thuật ngữ quan trọng.]",en,finance_banking,single_word,C1
c6243656-0713-4112-8b87-e30c3c811737,gain,/ɡeɪn/,"gia lượng, lượng thêm; sự tăng thêm;  sự được cuộc; g. in energy sự tăng năng lượng","In Finance & Banking, 'gain' is an essential term. [Trong Tài chính & Ngân hàng, ""gain"" là một thuật ngữ quan trọng.]",en,finance_banking,single_word,B1
5910845b-0a3c-4feb-9dbf-8a2b3876be05,inherit,/ɪnˈherɪt/,"thừa hưởng, kế tục","In Finance & Banking, 'inherit' is an essential term. [Trong Tài chính & Ngân hàng, ""inherit"" là một thuật ngữ quan trọng.]",en,finance_banking,single_word,B2
4d96944b-59be-440f-a97f-02ce9b6033ed,legacy,/ˈleɡəsi/,"tài sản kế thừa, gia tài, di sản","In Finance & Banking, 'legacy' is an essential term. [Trong Tài chính & Ngân hàng, ""legacy"" là một thuật ngữ quan trọng.]",en,finance_banking,single_word,C1
b6bae80d-668a-4ed1-973e-245217afb853,lottery,/ˈlɒtəri/,sổ số,"In Finance & Banking, 'lottery' is an essential term. [Trong Tài chính & Ngân hàng, ""lottery"" là một thuật ngữ quan trọng.]",en,finance_banking,single_word,B1
f17b8837-db74-49de-b416-b7d9e8453600,material,/məˈtɪəriəl/,vật chất; vật liệu chất,"In Finance & Banking, 'material' is an essential term. [Trong Tài chính & Ngân hàng, ""material"" là một thuật ngữ quan trọng.]",en,finance_banking,single_word,B2
55821b03-652c-4d22-8af6-92674200cd92,memoir,/ˈmemwɑː(r)/,"luận văn; truyện ký, hồi ký","In Finance & Banking, 'memoir' is an essential term. [Trong Tài chính & Ngân hàng, ""memoir"" là một thuật ngữ quan trọng.]",en,finance_banking,single_word,C1
3869e0f5-0842-419d-b7df-30658cfc4714,month,/mʌnθ/,tháng; calendar m. tháng dương lịch,"In Finance & Banking, 'month' is an essential term. [Trong Tài chính & Ngân hàng, ""month"" là một thuật ngữ quan trọng.]",en,finance_banking,single_word,B1
1773c998-0cd8-4a14-a663-cc44d1135da0,net,/net/,lưới; tinh; n. of curves lưới đường cong,"In Finance & Banking, 'net' is an essential term. [Trong Tài chính & Ngân hàng, ""net"" là một thuật ngữ quan trọng.]",en,finance_banking,single_word,B2
bb0d660a-527c-41af-9821-4a8de9cf9ab6,non-profit,/ˌnɒn ˈprɒfɪt/,phi lợi nhuận,"In Finance & Banking, 'non-profit' is an essential term. [Trong Tài chính & Ngân hàng, ""non-profit"" là một thuật ngữ quan trọng.]",en,finance_banking,single_word,C1
cf147ac3-7d09-4e96-82f1-8e1e9b32f653,note,/nəʊt/,"chú thích, ghi chú ;  tín phiếu; bank n.  tín phiếu ngân hàng","In Finance & Banking, 'note' is an essential term. [Trong Tài chính & Ngân hàng, ""note"" là một thuật ngữ quan trọng.]",en,finance_banking,single_word,B1
c1130a1e-f551-4ee5-a1a5-21f9b592f2e9,occurrence,/əˈkʌrəns/,"sự kiện, sự cố, chuyện xảy ra; an everyday occurrence","In Finance & Banking, 'occurrence' is an essential term. [Trong Tài chính & Ngân hàng, ""occurrence"" là một thuật ngữ quan trọng.]",en,finance_banking,single_word,B2
625e1817-ff71-4198-8274-48ab2c413338,penny,/ˈpeni/,"đồng xu penni; ,   đồng xu","In Finance & Banking, 'penny' is an essential term. [Trong Tài chính & Ngân hàng, ""penny"" là một thuật ngữ quan trọng.]",en,finance_banking,single_word,C1
54b9073e-e29d-4558-99df-10fe3a33681d,poor,/pɔː(r)/,"nghèo, bần cùng; xấu, tồi, kém, yếu","In Finance & Banking, 'poor' is an essential term. [Trong Tài chính & Ngân hàng, ""poor"" là một thuật ngữ quan trọng.]",en,finance_banking,single_word,B1
61fe704a-694d-4989-ac4f-c84c79a1366c,pound,/paʊnd/,pao,"In Finance & Banking, 'pound' is an essential term. [Trong Tài chính & Ngân hàng, ""pound"" là một thuật ngữ quan trọng.]",en,finance_banking,single_word,B2
59f8d856-1c40-474e-87aa-4e32f6a1176c,precious,/ˈpreʃəs/,"quý, quý giá, quý báu; cầu kỳ, kiểu cách, đài các","In Finance & Banking, 'precious' is an essential term. [Trong Tài chính & Ngân hàng, ""precious"" là một thuật ngữ quan trọng.]",en,finance_banking,single_word,C1
ca998dec-6a5f-4d31-85f7-804a5f825e73,premium,/ˈpriːmiəm/,Tiền trả thêm hay phí bảo hiểm.,"In Finance & Banking, 'premium' is an essential term. [Trong Tài chính & Ngân hàng, ""premium"" là một thuật ngữ quan trọng.]",en,finance_banking,single_word,B1
2d89d86d-0d2d-4e1d-baa3-eeb0b8903358,prosperity,/prɒˈsperəti/,"sự thịnh vượng, sự phát đạt, sự phồn vinh, sự thành công","In Finance & Banking, 'prosperity' is an essential term. [Trong Tài chính & Ngân hàng, ""prosperity"" là một thuật ngữ quan trọng.]",en,finance_banking,single_word,B2
78625380-30b5-44bd-8cee-b134403c9531,rescue,/ˈreskjuː/,"sự giải thoát, sự cứu, sự cứu nguy; sự phong thích không hợp pháp tù nhân","In Finance & Banking, 'rescue' is an essential term. [Trong Tài chính & Ngân hàng, ""rescue"" là một thuật ngữ quan trọng.]",en,finance_banking,single_word,C1
f1bc15ae-9b90-4046-b249-71568da9df41,rich,/rɪtʃ/,"giàu, giàu có; tốt, dồi dào, phong phú, sum sê","In Finance & Banking, 'rich' is an essential term. [Trong Tài chính & Ngân hàng, ""rich"" là một thuật ngữ quan trọng.]",en,finance_banking,single_word,B1
9c0c968b-fdac-4fea-9b62-74ae66845899,rob,/rɒb/,"cướp, cướp đoạt; lấy trộm; lấy của người này để cho người khác; vay chỗ này để đập vào chỗ kia","In Finance & Banking, 'rob' is an essential term. [Trong Tài chính & Ngân hàng, ""rob"" là một thuật ngữ quan trọng.]",en,finance_banking,single_word,B2
a8afae07-9219-429d-ab25-b2b47d8000ff,saving,/ˈseɪvɪŋ/,sự tiết kiệm; tiền tiết kiệm,"In Finance & Banking, 'saving' is an essential term. [Trong Tài chính & Ngân hàng, ""saving"" là một thuật ngữ quan trọng.]",en,finance_banking,single_word,C1
83081517-d8ab-4a13-b599-3a59139827eb,sell,/sel/,"bán, thương mại","In Finance & Banking, 'sell' is an essential term. [Trong Tài chính & Ngân hàng, ""sell"" là một thuật ngữ quan trọng.]",en,finance_banking,single_word,B1
7d342d2a-9da2-424f-bb8a-5d7add49152b,subscriber,/səbˈskraɪbə(r)/,người góp; người mua  dài hạn; người đặt mua,"In Finance & Banking, 'subscriber' is an essential term. [Trong Tài chính & Ngân hàng, ""subscriber"" là một thuật ngữ quan trọng.]",en,finance_banking,single_word,B2
187bdc2e-4c49-42d2-900b-0bba852bc516,subscription,/səbˈskrɪpʃn/,"sự quyên góp ; số tiền quyên góp, số tiền đóng; tiền đóng trước","In Finance & Banking, 'subscription' is an essential term. [Trong Tài chính & Ngân hàng, ""subscription"" là một thuật ngữ quan trọng.]",en,finance_banking,single_word,C1
2a3f5c4d-ca66-4b90-9bfd-8ed0480787e1,sum,/sʌm/,tổng; s. of angles tổng các góc,"In Finance & Banking, 'sum' is an essential term. [Trong Tài chính & Ngân hàng, ""sum"" là một thuật ngữ quan trọng.]",en,finance_banking,single_word,B1
07acd176-f1de-4474-8185-9edef2bb3536,survey,/ˈsɜːveɪ/,điều tra; exploratory s.  điều tra sơ bộ,"In Finance & Banking, 'survey' is an essential term. [Trong Tài chính & Ngân hàng, ""survey"" là một thuật ngữ quan trọng.]",en,finance_banking,single_word,B2
5f0bc0a3-7c7f-43b0-ac8d-f19ac86a089a,toll,/təʊl/,"thuế cầu, thuế đường","In Finance & Banking, 'toll' is an essential term. [Trong Tài chính & Ngân hàng, ""toll"" là một thuật ngữ quan trọng.]",en,finance_banking,single_word,C1
6ffb16a1-73fe-4286-bf70-327d1b8be958,trustee,/trʌˈstiː/,người được uỷ thác trông nom; uỷ viên quản trị,"In Finance & Banking, 'trustee' is an essential term. [Trong Tài chính & Ngân hàng, ""trustee"" là một thuật ngữ quan trọng.]",en,finance_banking,single_word,B1
7c88e8d2-6677-4cc0-95f1-47e0cee2d546,valuable,/ˈvæljuəbl/,"có giá trị lớn, quý giá; có thể đánh giá được, có thể định giá được","In Finance & Banking, 'valuable' is an essential term. [Trong Tài chính & Ngân hàng, ""valuable"" là một thuật ngữ quan trọng.]",en,finance_banking,single_word,B2
ea30b777-96bf-407a-a3b3-5ee26eae368b,wage,/weɪdʒ/,lương,"In Finance & Banking, 'wage' is an essential term. [Trong Tài chính & Ngân hàng, ""wage"" là một thuật ngữ quan trọng.]",en,finance_banking,single_word,C1
f3ec68e3-85a0-424d-9f70-593f7e828a5f,worth,/wɜːθ/,giá; w. of a game  giá của trò chơi,"In Finance & Banking, 'worth' is an essential term. [Trong Tài chính & Ngân hàng, ""worth"" là một thuật ngữ quan trọng.]",en,finance_banking,single_word,B1
4a3d575f-1b30-4cbe-9012-b5f8309a8187,yield,/jiːld/,cho; tiến hành,"In Finance & Banking, 'yield' is an essential term. [Trong Tài chính & Ngân hàng, ""yield"" là một thuật ngữ quan trọng.]",en,finance_banking,single_word,B2
ae84707c-ec42-4448-8aa0-728ca8011061,adjacent,/əˈdʒeɪsnt/,kề,"In Finance & Banking, 'adjacent' is an essential term. [Trong Tài chính & Ngân hàng, ""adjacent"" là một thuật ngữ quan trọng.]",en,finance_banking,single_word,C1
901e33b0-5faf-4dd6-9476-a7e83066a9f2,admire,/ədˈmaɪə(r)/,"ngắm nhìn một cách vui thích; khâm phục, ) thán phục, cảm phục; hâm mộ, ngưỡng mộ; khen ngợi, ca tụng","In Finance & Banking, 'admire' is an essential term. [Trong Tài chính & Ngân hàng, ""admire"" là một thuật ngữ quan trọng.]",en,finance_banking,single_word,B1
3cc53707-b3a4-48f8-b658-95e27100a4eb,affect,/əˈfekt/,"làm ảnh hưởng đến, làm tác động đến; chạm đến; làm xúc động, làm cảm động, làm mủi lòng","In Finance & Banking, 'affect' is an essential term. [Trong Tài chính & Ngân hàng, ""affect"" là một thuật ngữ quan trọng.]",en,finance_banking,single_word,B2
0935814d-02b4-440d-9f31-3869f469238f,commercial bank,/commercial bank/,thương mại ngân hàng,"In Finance & Banking, commercial bank plays an integral role. [Trong Tài chính & Ngân hàng, thương mại ngân hàng đóng vai trò thiết yếu.]",en,finance_banking,phrase,B1
78e4d111-da1c-4654-bdbd-cfbb701fcbfd,commercial portfolio,/commercial portfolio/,thương mại danh mục đầu tư,"In Finance & Banking, commercial portfolio plays an integral role. [Trong Tài chính & Ngân hàng, thương mại danh mục đầu tư đóng vai trò thiết yếu.]",en,finance_banking,phrase,B2
f2b16451-d78f-4670-9416-fd6b1a37652f,commercial institution,/commercial institution/,thương mại tổ chức,"In Finance & Banking, commercial institution plays an integral role. [Trong Tài chính & Ngân hàng, thương mại tổ chức đóng vai trò thiết yếu.]",en,finance_banking,phrase,C1
9a18188f-ba8d-4ba5-b639-dacc6b24897c,commercial rating,/commercial rating/,thương mại xếp hạng,"In Finance & Banking, commercial rating plays an integral role. [Trong Tài chính & Ngân hàng, thương mại xếp hạng đóng vai trò thiết yếu.]",en,finance_banking,phrase,B2
7cc0bde7-711e-4ab7-afff-4e753042dabe,commercial rate,/commercial rate/,thương mại mức lãi,"In Finance & Banking, commercial rate plays an integral role. [Trong Tài chính & Ngân hàng, thương mại mức lãi đóng vai trò thiết yếu.]",en,finance_banking,phrase,C1
d3e51053-f091-4f2e-b9ae-78449b9a1cc6,commercial exchange,/commercial exchange/,thương mại giao dịch,"In Finance & Banking, commercial exchange plays an integral role. [Trong Tài chính & Ngân hàng, thương mại giao dịch đóng vai trò thiết yếu.]",en,finance_banking,phrase,B1
6acea6e0-9029-4f4f-ae6b-61c965757a9c,commercial fund,/commercial fund/,thương mại quỹ,"In Finance & Banking, commercial fund plays an integral role. [Trong Tài chính & Ngân hàng, thương mại quỹ đóng vai trò thiết yếu.]",en,finance_banking,phrase,B2
3838f796-986d-4e62-9db8-a5b4a561fde4,commercial broker,/commercial broker/,thương mại môi giới,"In Finance & Banking, commercial broker plays an integral role. [Trong Tài chính & Ngân hàng, thương mại môi giới đóng vai trò thiết yếu.]",en,finance_banking,phrase,C1
e8a18c5b-c926-46f5-a22a-a6803e5978e4,commercial management,/commercial management/,thương mại quản lý,"In Finance & Banking, commercial management plays an integral role. [Trong Tài chính & Ngân hàng, thương mại quản lý đóng vai trò thiết yếu.]",en,finance_banking,phrase,B1
a82a172b-26b8-4826-a4fa-10553b5bf81e,investment bank,/investment bank/,đầu tư ngân hàng,"In Finance & Banking, investment bank plays an integral role. [Trong Tài chính & Ngân hàng, đầu tư ngân hàng đóng vai trò thiết yếu.]",en,finance_banking,phrase,B2
05637eb1-4792-4c2c-902f-9fb066e1055e,investment portfolio,/investment portfolio/,đầu tư danh mục đầu tư,"In Finance & Banking, investment portfolio plays an integral role. [Trong Tài chính & Ngân hàng, đầu tư danh mục đầu tư đóng vai trò thiết yếu.]",en,finance_banking,phrase,C1
5f9d1f83-36fd-4377-a3c4-ee08115bfddc,investment institution,/investment institution/,đầu tư tổ chức,"In Finance & Banking, investment institution plays an integral role. [Trong Tài chính & Ngân hàng, đầu tư tổ chức đóng vai trò thiết yếu.]",en,finance_banking,phrase,B1
b52d86e3-9f98-41a6-84ae-323edf656b1e,investment market,/investment market/,đầu tư thị trường,"In Finance & Banking, investment market plays an integral role. [Trong Tài chính & Ngân hàng, đầu tư thị trường đóng vai trò thiết yếu.]",en,finance_banking,phrase,B2
1dfd3665-bb87-4f59-bd23-74b8ea71de48,investment rating,/investment rating/,đầu tư xếp hạng,"In Finance & Banking, investment rating plays an integral role. [Trong Tài chính & Ngân hàng, đầu tư xếp hạng đóng vai trò thiết yếu.]",en,finance_banking,phrase,C1
48c5dcef-1dbd-46b9-a337-a6870397fc35,investment rate,/investment rate/,đầu tư mức lãi,"In Finance & Banking, investment rate plays an integral role. [Trong Tài chính & Ngân hàng, đầu tư mức lãi đóng vai trò thiết yếu.]",en,finance_banking,phrase,B1
2e3b5954-324c-4b09-b1d0-22a3df9a2579,investment exchange,/investment exchange/,đầu tư giao dịch,"In Finance & Banking, investment exchange plays an integral role. [Trong Tài chính & Ngân hàng, đầu tư giao dịch đóng vai trò thiết yếu.]",en,finance_banking,phrase,B2
db791239-3299-4f5f-8051-1dedbc642846,investment fund,/investment fund/,đầu tư quỹ,"In Finance & Banking, investment fund plays an integral role. [Trong Tài chính & Ngân hàng, đầu tư quỹ đóng vai trò thiết yếu.]",en,finance_banking,phrase,C1
0f219d8b-c775-4cd4-a864-ee1d74f09dac,investment broker,/investment broker/,đầu tư môi giới,"In Finance & Banking, investment broker plays an integral role. [Trong Tài chính & Ngân hàng, đầu tư môi giới đóng vai trò thiết yếu.]",en,finance_banking,phrase,B1
fbbf8bcf-3b53-4d0b-bb3c-ed9b6fa6a216,investment management,/investment management/,đầu tư quản lý,"In Finance & Banking, investment management plays an integral role. [Trong Tài chính & Ngân hàng, đầu tư quản lý đóng vai trò thiết yếu.]",en,finance_banking,phrase,B2
8634ffad-d673-4def-9829-fd61c1d3430d,financial bank,/financial bank/,tài chính ngân hàng,"In Finance & Banking, financial bank plays an integral role. [Trong Tài chính & Ngân hàng, tài chính ngân hàng đóng vai trò thiết yếu.]",en,finance_banking,phrase,C1
7a2b14fa-170f-45f5-a6ed-7ccd456b8005,financial portfolio,/financial portfolio/,tài chính danh mục đầu tư,"In Finance & Banking, financial portfolio plays an integral role. [Trong Tài chính & Ngân hàng, tài chính danh mục đầu tư đóng vai trò thiết yếu.]",en,finance_banking,phrase,B1
1bb3a069-df41-4bdf-b9d5-c4a6922ab434,financial institution,/financial institution/,tài chính tổ chức,"In Finance & Banking, financial institution plays an integral role. [Trong Tài chính & Ngân hàng, tài chính tổ chức đóng vai trò thiết yếu.]",en,finance_banking,phrase,B2
54b43226-d0df-45e1-8053-17adbbcac4e2,financial rating,/financial rating/,tài chính xếp hạng,"In Finance & Banking, financial rating plays an integral role. [Trong Tài chính & Ngân hàng, tài chính xếp hạng đóng vai trò thiết yếu.]",en,finance_banking,phrase,B1
9edf143c-c812-4582-a131-24a3526720bc,financial rate,/financial rate/,tài chính mức lãi,"In Finance & Banking, financial rate plays an integral role. [Trong Tài chính & Ngân hàng, tài chính mức lãi đóng vai trò thiết yếu.]",en,finance_banking,phrase,B2
d2c5a961-b7a3-4d7f-9543-6dea148bec2a,financial exchange,/financial exchange/,tài chính giao dịch,"In Finance & Banking, financial exchange plays an integral role. [Trong Tài chính & Ngân hàng, tài chính giao dịch đóng vai trò thiết yếu.]",en,finance_banking,phrase,C1
03a6e97e-8f85-44ee-b660-ee940b15cee8,financial fund,/financial fund/,tài chính quỹ,"In Finance & Banking, financial fund plays an integral role. [Trong Tài chính & Ngân hàng, tài chính quỹ đóng vai trò thiết yếu.]",en,finance_banking,phrase,B1
f726c2ce-7fe4-4f58-9860-f66f2492b423,financial broker,/financial broker/,tài chính môi giới,"In Finance & Banking, financial broker plays an integral role. [Trong Tài chính & Ngân hàng, tài chính môi giới đóng vai trò thiết yếu.]",en,finance_banking,phrase,B2
20533a28-97c1-4f59-99db-66e35a9da28d,financial management,/financial management/,tài chính quản lý,"In Finance & Banking, financial management plays an integral role. [Trong Tài chính & Ngân hàng, tài chính quản lý đóng vai trò thiết yếu.]",en,finance_banking,phrase,C1
49597b68-5b14-4f87-95f9-faa972591efc,capital bank,/capital bank/,vốn ngân hàng,"In Finance & Banking, capital bank plays an integral role. [Trong Tài chính & Ngân hàng, vốn ngân hàng đóng vai trò thiết yếu.]",en,finance_banking,phrase,B1
daf05a3f-dbb6-451a-8e14-6d8b0c34673e,capital portfolio,/capital portfolio/,vốn danh mục đầu tư,"In Finance & Banking, capital portfolio plays an integral role. [Trong Tài chính & Ngân hàng, vốn danh mục đầu tư đóng vai trò thiết yếu.]",en,finance_banking,phrase,B2
054588a1-97ea-4187-b9a0-5f1f40e003b2,capital institution,/capital institution/,vốn tổ chức,"In Finance & Banking, capital institution plays an integral role. [Trong Tài chính & Ngân hàng, vốn tổ chức đóng vai trò thiết yếu.]",en,finance_banking,phrase,C1
19395d25-53a1-4726-9c52-0e59f320f815,capital market,/capital market/,vốn thị trường,"In Finance & Banking, capital market plays an integral role. [Trong Tài chính & Ngân hàng, vốn thị trường đóng vai trò thiết yếu.]",en,finance_banking,phrase,B1
f90ba444-b1c5-41a4-91fa-d8d50665b06a,capital rating,/capital rating/,vốn xếp hạng,"In Finance & Banking, capital rating plays an integral role. [Trong Tài chính & Ngân hàng, vốn xếp hạng đóng vai trò thiết yếu.]",en,finance_banking,phrase,B2
d9c8feeb-43dd-49d5-8615-28eb9a769d62,capital rate,/capital rate/,vốn mức lãi,"In Finance & Banking, capital rate plays an integral role. [Trong Tài chính & Ngân hàng, vốn mức lãi đóng vai trò thiết yếu.]",en,finance_banking,phrase,C1
95f97c79-9527-41f1-aadd-629d2cc6629f,capital exchange,/capital exchange/,vốn giao dịch,"In Finance & Banking, capital exchange plays an integral role. [Trong Tài chính & Ngân hàng, vốn giao dịch đóng vai trò thiết yếu.]",en,finance_banking,phrase,B1
5e5d3e44-be74-449b-9be0-1edebba96510,capital fund,/capital fund/,vốn quỹ,"In Finance & Banking, capital fund plays an integral role. [Trong Tài chính & Ngân hàng, vốn quỹ đóng vai trò thiết yếu.]",en,finance_banking,phrase,B2
0dc240a2-af31-46ef-be07-ea4b3f53de96,capital broker,/capital broker/,vốn môi giới,"In Finance & Banking, capital broker plays an integral role. [Trong Tài chính & Ngân hàng, vốn môi giới đóng vai trò thiết yếu.]",en,finance_banking,phrase,C1
63bbb15d-ef11-4f12-b651-d45dd5711a79,capital management,/capital management/,vốn quản lý,"In Finance & Banking, capital management plays an integral role. [Trong Tài chính & Ngân hàng, vốn quản lý đóng vai trò thiết yếu.]",en,finance_banking,phrase,B1
38fa8a0a-ec54-49d4-a82d-badb4cc23d2a,credit bank,/credit bank/,tín dụng ngân hàng,"In Finance & Banking, credit bank plays an integral role. [Trong Tài chính & Ngân hàng, tín dụng ngân hàng đóng vai trò thiết yếu.]",en,finance_banking,phrase,B2
43615f4e-aeaf-4e5a-be9e-86e39d17385b,credit portfolio,/credit portfolio/,tín dụng danh mục đầu tư,"In Finance & Banking, credit portfolio plays an integral role. [Trong Tài chính & Ngân hàng, tín dụng danh mục đầu tư đóng vai trò thiết yếu.]",en,finance_banking,phrase,C1
a1ba0fd1-16c1-431b-b890-e3ae104f5d88,credit institution,/credit institution/,tín dụng tổ chức,"In Finance & Banking, credit institution plays an integral role. [Trong Tài chính & Ngân hàng, tín dụng tổ chức đóng vai trò thiết yếu.]",en,finance_banking,phrase,B1
39c8aa17-8f10-4286-958f-15c559578d7d,credit market,/credit market/,tín dụng thị trường,"In Finance & Banking, credit market plays an integral role. [Trong Tài chính & Ngân hàng, tín dụng thị trường đóng vai trò thiết yếu.]",en,finance_banking,phrase,B2
afc76e11-92a4-4586-b21a-749770e41cc5,credit rating,/credit rating/,tín dụng xếp hạng,"In Finance & Banking, credit rating plays an integral role. [Trong Tài chính & Ngân hàng, tín dụng xếp hạng đóng vai trò thiết yếu.]",en,finance_banking,phrase,C1
d11c1b0b-6803-4662-ab4b-89e5275b9492,credit rate,/credit rate/,tín dụng mức lãi,"In Finance & Banking, credit rate plays an integral role. [Trong Tài chính & Ngân hàng, tín dụng mức lãi đóng vai trò thiết yếu.]",en,finance_banking,phrase,B1
8133a610-cabc-421a-ba4a-cba163705aca,credit exchange,/credit exchange/,tín dụng giao dịch,"In Finance & Banking, credit exchange plays an integral role. [Trong Tài chính & Ngân hàng, tín dụng giao dịch đóng vai trò thiết yếu.]",en,finance_banking,phrase,B2
4942a1c9-f941-470e-b288-9c2aabad224c,credit fund,/credit fund/,tín dụng quỹ,"In Finance & Banking, credit fund plays an integral role. [Trong Tài chính & Ngân hàng, tín dụng quỹ đóng vai trò thiết yếu.]",en,finance_banking,phrase,C1
956a26ba-1329-4833-aacc-845ffe230a7d,credit broker,/credit broker/,tín dụng môi giới,"In Finance & Banking, credit broker plays an integral role. [Trong Tài chính & Ngân hàng, tín dụng môi giới đóng vai trò thiết yếu.]",en,finance_banking,phrase,B1
a63db920-fe71-4d39-bded-aeb7d0d1418f,credit management,/credit management/,tín dụng quản lý,"In Finance & Banking, credit management plays an integral role. [Trong Tài chính & Ngân hàng, tín dụng quản lý đóng vai trò thiết yếu.]",en,finance_banking,phrase,B2
05f198fc-4ae9-4703-bfed-66e930b0b6a6,interest bank,/interest bank/,lãi suất ngân hàng,"In Finance & Banking, interest bank plays an integral role. [Trong Tài chính & Ngân hàng, lãi suất ngân hàng đóng vai trò thiết yếu.]",en,finance_banking,phrase,C1
db443072-0684-4cfb-a34a-d5a8556e5bb0,interest portfolio,/interest portfolio/,lãi suất danh mục đầu tư,"In Finance & Banking, interest portfolio plays an integral role. [Trong Tài chính & Ngân hàng, lãi suất danh mục đầu tư đóng vai trò thiết yếu.]",en,finance_banking,phrase,B1
269dd898-06b8-456d-8c65-a17933ac0e3d,sun,/sʌn/,mặt trời,"In Energy & Resources, 'sun' is an essential term. [Trong Năng lượng & Tài nguyên, ""sun"" là một thuật ngữ quan trọng.]",en,energy_resources,single_word,B1
f13fdc7f-680e-4369-a5f1-8e72b95b4f9e,storm,/stɔːm/,"dông tố, cơn bão; thời kỳ sóng gió","In Energy & Resources, 'storm' is an essential term. [Trong Năng lượng & Tài nguyên, ""storm"" là một thuật ngữ quan trọng.]",en,energy_resources,single_word,B2
a182cb52-b380-4a9e-83ee-53f9252061d3,switch,/swɪtʃ/,"[cái ngắt, cái đảo] mạch s. in bật; s. off ngắt, tắt; s. on bật","In Energy & Resources, 'switch' is an essential term. [Trong Năng lượng & Tài nguyên, ""switch"" là một thuật ngữ quan trọng.]",en,energy_resources,single_word,C1
b4a2a1a7-40cb-415b-a014-01be14033605,weather,/ˈweðə(r)/,"thời tiết, tiết trời; bản thông báo thời tiết","In Energy & Resources, 'weather' is an essential term. [Trong Năng lượng & Tài nguyên, ""weather"" là một thuật ngữ quan trọng.]",en,energy_resources,single_word,B1
9b843c0b-3d54-4cfc-a595-f635d0802d40,aluminium,/ˌæljəˈmɪniəm/,nhôm,"In Energy & Resources, 'aluminium' is an essential term. [Trong Năng lượng & Tài nguyên, ""aluminium"" là một thuật ngữ quan trọng.]",en,energy_resources,single_word,B2
160f8d1f-391e-42e6-b4be-469faf1d1cab,annoy,/əˈnɔɪ/,"làm trái ý, làm khó chịu, làm bực mình; chọc tức, làm cho tức giận; quấy rầy, làm phiền","In Energy & Resources, 'annoy' is an essential term. [Trong Năng lượng & Tài nguyên, ""annoy"" là một thuật ngữ quan trọng.]",en,energy_resources,single_word,C1
1ea1895f-5f7a-40cd-b9fa-4cf9bbd19b92,annoyed,/əˈnɔɪd/,"bị trái ý, khó chịu, bực mình; bị quấy rầy, bị phiền hà","In Energy & Resources, 'annoyed' is an essential term. [Trong Năng lượng & Tài nguyên, ""annoyed"" là một thuật ngữ quan trọng.]",en,energy_resources,single_word,B1
23749c5e-44e4-4ddb-bb9f-6c7b30521b21,charm,/tʃɑːm/,"sức mê hoặc; bùa mê, bùa yêu, ngải; phép yêu ma","In Energy & Resources, 'charm' is an essential term. [Trong Năng lượng & Tài nguyên, ""charm"" là một thuật ngữ quan trọng.]",en,energy_resources,single_word,B2
6ac3b021-9d10-4c47-af6e-e59edcab00db,complement,/ˈkɒmplɪment/,"phần bù // bổ sung, dùng làm phần bù; c. with respect to 10 bù cho đủ 10","In Energy & Resources, 'complement' is an essential term. [Trong Năng lượng & Tài nguyên, ""complement"" là một thuật ngữ quan trọng.]",en,energy_resources,single_word,C1
71cc4d73-1e05-41e1-be70-4ee2c19c976d,complete,/kəmˈpliːt/,"đầy đủ // làm cho đầy đủ, bổ sung; c. of the square bổ sung cho thành hình vuông","In Energy & Resources, 'complete' is an essential term. [Trong Năng lượng & Tài nguyên, ""complete"" là một thuật ngữ quan trọng.]",en,energy_resources,single_word,B1
7630424d-b45a-4a9d-84e1-def2d6669c6d,consolidate,/kənˈsɒlɪdeɪt/,"làm  chắc, củng cố; hợp nhất, thống nhất","In Energy & Resources, 'consolidate' is an essential term. [Trong Năng lượng & Tài nguyên, ""consolidate"" là một thuật ngữ quan trọng.]",en,energy_resources,single_word,B2
c61d4281-564a-4425-ac6f-266bf7b5dae9,copper,/ˈkɒpə(r)/,đồng,"In Energy & Resources, 'copper' is an essential term. [Trong Năng lượng & Tài nguyên, ""copper"" là một thuật ngữ quan trọng.]",en,energy_resources,single_word,C1
d3656d04-d3da-468b-bb9b-f0ad1682b2ef,damage,/ˈdæmɪdʒ/,"mối hại, điều hại, điều bất lợi; sự thiệt hại","In Energy & Resources, 'damage' is an essential term. [Trong Năng lượng & Tài nguyên, ""damage"" là một thuật ngữ quan trọng.]",en,energy_resources,single_word,B1
e2dee0fd-e897-4c98-83ab-4834a954e262,darkness,/ˈdɑːknəs/,"bóng tối, cảnh tối tăm; màu sạm, màu đen sạm","In Energy & Resources, 'darkness' is an essential term. [Trong Năng lượng & Tài nguyên, ""darkness"" là một thuật ngữ quan trọng.]",en,energy_resources,single_word,B2
fb7522b4-e473-438f-bac6-38c18ca44d27,delicate,/ˈdelɪkət/,"sắc sảo, tinh vi","In Energy & Resources, 'delicate' is an essential term. [Trong Năng lượng & Tài nguyên, ""delicate"" là một thuật ngữ quan trọng.]",en,energy_resources,single_word,C1
74eec492-1e2d-4863-8767-9c60a0976a36,destroy,/dɪˈstrɔɪ/,"triệt tiêu, phá huỷ","In Energy & Resources, 'destroy' is an essential term. [Trong Năng lượng & Tài nguyên, ""destroy"" là một thuật ngữ quan trọng.]",en,energy_resources,single_word,B1
95fc5831-b132-4476-a1ae-1b6f92ee0d38,destructive,/dɪˈstrʌktɪv/,phá bỏ,"In Energy & Resources, 'destructive' is an essential term. [Trong Năng lượng & Tài nguyên, ""destructive"" là một thuật ngữ quan trọng.]",en,energy_resources,single_word,B2
67fcbe5c-a8e8-4b85-8f5b-effdd7ec4d08,disaster,/dɪˈzɑːstə(r)/,"tai hoạ, thảm hoạ, tai ách; điều bất hạnh","In Energy & Resources, 'disaster' is an essential term. [Trong Năng lượng & Tài nguyên, ""disaster"" là một thuật ngữ quan trọng.]",en,energy_resources,single_word,C1
741fbeb4-e426-4d6d-9389-307830a6da50,discretion,/dɪˈskreʃn/,sự tự do làm theo ý mình; sự thận trọng,"In Energy & Resources, 'discretion' is an essential term. [Trong Năng lượng & Tài nguyên, ""discretion"" là một thuật ngữ quan trọng.]",en,energy_resources,single_word,B1
55dfc5ca-18e4-466f-8870-f43d994af016,driving,/ˈdraɪvɪŋ/,lái xe,"In Energy & Resources, 'driving' is an essential term. [Trong Năng lượng & Tài nguyên, ""driving"" là một thuật ngữ quan trọng.]",en,energy_resources,single_word,B2
75b1d500-ee07-4f9b-a781-23481e4e7c98,exert,/ɪɡˈzɜːt/,"dùng, sử dụng","In Energy & Resources, 'exert' is an essential term. [Trong Năng lượng & Tài nguyên, ""exert"" là một thuật ngữ quan trọng.]",en,energy_resources,single_word,C1
cb1574b7-5c68-4710-8116-0ad3ded7f405,failure,/ˈfeɪljə(r)/,chỗ hỏng;  sự phá hỏng;  sự phá sản;  sự thất bại; power f.  gián đoạn trong việc cấp năng lượng,"In Energy & Resources, 'failure' is an essential term. [Trong Năng lượng & Tài nguyên, ""failure"" là một thuật ngữ quan trọng.]",en,energy_resources,single_word,B1
7cc5592f-f817-4189-8e51-d9dff4957eec,flash,/flæʃ/,ánh sáng loé lên; tia; sự bốc cháy,"In Energy & Resources, 'flash' is an essential term. [Trong Năng lượng & Tài nguyên, ""flash"" là một thuật ngữ quan trọng.]",en,energy_resources,single_word,B2
f07e99f3-bc9c-4c1d-a73c-0bb3ad7699fb,fragile,/ˈfrædʒaɪl/,"dễ vỡ, dễ gây, dễ hỏng; mỏng mảnh, mỏng manh  & ); yếu ớt, mảnh dẻ","In Energy & Resources, 'fragile' is an essential term. [Trong Năng lượng & Tài nguyên, ""fragile"" là một thuật ngữ quan trọng.]",en,energy_resources,single_word,C1
4a4567fc-2172-487e-b713-2423203d03c7,fridge,/frɪdʒ/,tủ ướp lạnh  của frigerator),"In Energy & Resources, 'fridge' is an essential term. [Trong Năng lượng & Tài nguyên, ""fridge"" là một thuật ngữ quan trọng.]",en,energy_resources,single_word,B1
00c55649-4927-4835-961a-cbd3c363b32b,fry,/fraɪ/,"cá mới nở, cá bột; cá hồi hai năm","In Energy & Resources, 'fry' is an essential term. [Trong Năng lượng & Tài nguyên, ""fry"" là một thuật ngữ quan trọng.]",en,energy_resources,single_word,B2
c58e1f74-8f06-4270-b655-ebbd6d96e787,generation,/ˌdʒenəˈreɪʃn/,"sự sinh ra, sự tạo thành, thế hệ; g. of random numbers  sự tạo ra các số ngẫu nhiên","In Energy & Resources, 'generation' is an essential term. [Trong Năng lượng & Tài nguyên, ""generation"" là một thuật ngữ quan trọng.]",en,energy_resources,single_word,C1
1e7a87de-f64a-49b6-9e2a-b86d63321369,glad,/ɡlæd/,"vui lòng, sung sướng, vui mừng, vui vẻ, hân hoan; nhìn ai âu yếm, liếc mắt đưa tình; nhìn ai hân hoan","In Energy & Resources, 'glad' is an essential term. [Trong Năng lượng & Tài nguyên, ""glad"" là một thuật ngữ quan trọng.]",en,energy_resources,single_word,B1
cbb908e6-40bc-4e0a-bf3c-47c3a993d8cf,harm,/hɑːm/,"hại, tai hại, tổn hao, thiệt hại; ý muốn hại người; điều gây tai hại","In Energy & Resources, 'harm' is an essential term. [Trong Năng lượng & Tài nguyên, ""harm"" là một thuật ngữ quan trọng.]",en,energy_resources,single_word,B2
d2c0d182-ebaa-4f4c-b8fa-60a26cc78528,harmful,/ˈhɑːmfl/,"gây tai hại, có hại","In Energy & Resources, 'harmful' is an essential term. [Trong Năng lượng & Tài nguyên, ""harmful"" là một thuật ngữ quan trọng.]",en,energy_resources,single_word,C1
80e90240-e220-44ca-a428-e71376acd1ae,hazard,/ˈhæzəd/,"mạo hiểm; nguy hiểm;  trò chơi đen đỏ, sự may rủi","In Energy & Resources, 'hazard' is an essential term. [Trong Năng lượng & Tài nguyên, ""hazard"" là một thuật ngữ quan trọng.]",en,energy_resources,single_word,B1
eca6afd7-11c9-48d2-b03c-50920b0671f9,honest,/ˈɒnɪst/,"lương thiện; trung thực, chân thật","In Energy & Resources, 'honest' is an essential term. [Trong Năng lượng & Tài nguyên, ""honest"" là một thuật ngữ quan trọng.]",en,energy_resources,single_word,B2
bd6f7135-a46d-4c51-ab32-1f615a240dfe,hot,/hɒt/,nóng,"In Energy & Resources, 'hot' is an essential term. [Trong Năng lượng & Tài nguyên, ""hot"" là một thuật ngữ quan trọng.]",en,energy_resources,single_word,C1
58aece35-a779-4977-849b-287579164479,hurricane,/ˈhʌrɪkən/,vlđc. bão lốc,"In Energy & Resources, 'hurricane' is an essential term. [Trong Năng lượng & Tài nguyên, ""hurricane"" là một thuật ngữ quan trọng.]",en,energy_resources,single_word,B1
b32a8fbc-cb31-43fb-9f00-f4a9454484de,implementation,/ˌɪmplɪmenˈteɪʃn/,"sự thi hành, sự thực hiện đây đủ; sự bổ sung","In Energy & Resources, 'implementation' is an essential term. [Trong Năng lượng & Tài nguyên, ""implementation"" là một thuật ngữ quan trọng.]",en,energy_resources,single_word,B2
693d2a82-b179-489c-a382-34340c2f79a5,intact,/ɪnˈtækt/,nguyên vẹn,"In Energy & Resources, 'intact' is an essential term. [Trong Năng lượng & Tài nguyên, ""intact"" là một thuật ngữ quan trọng.]",en,energy_resources,single_word,C1
37236686-4bdd-42f9-8c54-062bdb07f6fe,jacket,/ˈdʒækɪt/,"áo vét tông , áo vét; cái bao, áo giữ nhiệt","In Energy & Resources, 'jacket' is an essential term. [Trong Năng lượng & Tài nguyên, ""jacket"" là một thuật ngữ quan trọng.]",en,energy_resources,single_word,B1
52c9b264-c931-40f6-95e2-fd73078b1837,jam,/dʒæm/,"mứt; điều khoái trá, điều hết sức thú vị","In Energy & Resources, 'jam' is an essential term. [Trong Năng lượng & Tài nguyên, ""jam"" là một thuật ngữ quan trọng.]",en,energy_resources,single_word,B2
356a809f-63e5-4545-ba61-b1fb48598187,jet,/dʒet/,"tia, dòng; luồng; gas j. tia khí","In Energy & Resources, 'jet' is an essential term. [Trong Năng lượng & Tài nguyên, ""jet"" là một thuật ngữ quan trọng.]",en,energy_resources,single_word,C1
fc7c7f57-b537-4cad-8361-109afac2e93f,knock,/nɒk/,"cú đánh, cú va chạm; tiếng gõ","In Energy & Resources, 'knock' is an essential term. [Trong Năng lượng & Tài nguyên, ""knock"" là một thuật ngữ quan trọng.]",en,energy_resources,single_word,B1
28ec861e-30b8-4cc5-b56b-759da4550b06,leak,/liːk/,"lỗ thủng, lỗ rò, khe hở; chỗ dột","In Energy & Resources, 'leak' is an essential term. [Trong Năng lượng & Tài nguyên, ""leak"" là một thuật ngữ quan trọng.]",en,energy_resources,single_word,B2
911bef86-2ef6-4ae5-8cbf-f038184b3068,liquid,/ˈlɪkwɪd/,chất lỏng; rotating l. chất lỏng quay,"In Energy & Resources, 'liquid' is an essential term. [Trong Năng lượng & Tài nguyên, ""liquid"" là một thuật ngữ quan trọng.]",en,energy_resources,single_word,C1
c13f482a-022a-4f2d-ba68-457eec995531,magic,/ˈmædʒɪk/,"ma thuật, yêu thuật; ma lực","In Energy & Resources, 'magic' is an essential term. [Trong Năng lượng & Tài nguyên, ""magic"" là một thuật ngữ quan trọng.]",en,energy_resources,single_word,B1
3246a810-16c8-41e4-b9f6-c13906a0ed42,mechanical,/məˈkænɪkl/,"có học, máy móc","In Energy & Resources, 'mechanical' is an essential term. [Trong Năng lượng & Tài nguyên, ""mechanical"" là một thuật ngữ quan trọng.]",en,energy_resources,single_word,B2
424dd269-e109-464a-87f8-6801afb69a3d,mine,/maɪn/,đại từ sở hữu; của tôi,"In Energy & Resources, 'mine' is an essential term. [Trong Năng lượng & Tài nguyên, ""mine"" là một thuật ngữ quan trọng.]",en,energy_resources,single_word,C1
fe6a3cf5-2ee0-49a6-9650-6f14a5fe046d,miner,/ˈmaɪnə(r)/,"công nhân mỏ; <qsự> lính đánh mìn, lính chôn địa lôi, lính thả thuỷ lôi","In Energy & Resources, 'miner' is an essential term. [Trong Năng lượng & Tài nguyên, ""miner"" là một thuật ngữ quan trọng.]",en,energy_resources,single_word,B1
73ebace4-0889-4ba0-9d64-e24a5f8a167d,mining,/ˈmaɪnɪŋ/,sự khai mỏ,"In Energy & Resources, 'mining' is an essential term. [Trong Năng lượng & Tài nguyên, ""mining"" là một thuật ngữ quan trọng.]",en,energy_resources,single_word,B2
53cde570-8b81-46e8-9207-3900600f5008,modify,/ˈmɒdɪfaɪ/,đổi ; điều chỉnh,"In Energy & Resources, 'modify' is an essential term. [Trong Năng lượng & Tài nguyên, ""modify"" là một thuật ngữ quan trọng.]",en,energy_resources,single_word,C1
7a2e9196-6139-47d1-b068-ae5c04c15853,motor,/ˈməʊtə(r)/,động cơ,"In Energy & Resources, 'motor' is an essential term. [Trong Năng lượng & Tài nguyên, ""motor"" là một thuật ngữ quan trọng.]",en,energy_resources,single_word,B1
6d443831-bda3-4f03-9ec8-a12aac897389,novel,/ˈnɒvl/,"mới, mới lạ, lạ thường; tiểu thuyết, truyện","In Energy & Resources, 'novel' is an essential term. [Trong Năng lượng & Tài nguyên, ""novel"" là một thuật ngữ quan trọng.]",en,energy_resources,single_word,B2
fc6c60f6-f4a0-499b-971d-80fb65cfdeeb,fossil fuel,/fossil fuel/,hóa thạch nhiên liệu,"In Energy & Resources, fossil fuel plays an integral role. [Trong Năng lượng & Tài nguyên, hóa thạch nhiên liệu đóng vai trò thiết yếu.]",en,energy_resources,phrase,B1
8a1f684f-911a-4f84-9d94-de714f9ae813,fossil panel,/fossil panel/,hóa thạch tấm pin,"In Energy & Resources, fossil panel plays an integral role. [Trong Năng lượng & Tài nguyên, hóa thạch tấm pin đóng vai trò thiết yếu.]",en,energy_resources,phrase,B2
a7e2b307-0f44-41d1-b798-a167609faeed,fossil turbine,/fossil turbine/,hóa thạch tuabin,"In Energy & Resources, fossil turbine plays an integral role. [Trong Năng lượng & Tài nguyên, hóa thạch tuabin đóng vai trò thiết yếu.]",en,energy_resources,phrase,C1
ed498d5a-8cca-4efd-85fe-d1a8242fdb7e,fossil reactor,/fossil reactor/,hóa thạch lò phản ứng,"In Energy & Resources, fossil reactor plays an integral role. [Trong Năng lượng & Tài nguyên, hóa thạch lò phản ứng đóng vai trò thiết yếu.]",en,energy_resources,phrase,B1
b8a4a2cd-6db9-4c60-a620-476b03e45c59,fossil dam,/fossil dam/,hóa thạch đập thủy điện,"In Energy & Resources, fossil dam plays an integral role. [Trong Năng lượng & Tài nguyên, hóa thạch đập thủy điện đóng vai trò thiết yếu.]",en,energy_resources,phrase,B2
e2bbf6af-7702-4226-aeac-1ef3174a08e8,fossil gas,/fossil gas/,hóa thạch khí đốt,"In Energy & Resources, fossil gas plays an integral role. [Trong Năng lượng & Tài nguyên, hóa thạch khí đốt đóng vai trò thiết yếu.]",en,energy_resources,phrase,B1
d78156e9-c660-4a7f-af75-e7af66484bf6,fossil plant,/fossil plant/,hóa thạch nhà máy,"In Energy & Resources, fossil plant plays an integral role. [Trong Năng lượng & Tài nguyên, hóa thạch nhà máy đóng vai trò thiết yếu.]",en,energy_resources,phrase,B2
673dbc8d-86cc-44d4-9c2e-9ed2c79611e9,fossil technology,/fossil technology/,hóa thạch công nghệ,"In Energy & Resources, fossil technology plays an integral role. [Trong Năng lượng & Tài nguyên, hóa thạch công nghệ đóng vai trò thiết yếu.]",en,energy_resources,phrase,C1
96b6a586-f9ef-4891-ac09-701e2575946a,solar fuel,/solar fuel/,mặt trời nhiên liệu,"In Energy & Resources, solar fuel plays an integral role. [Trong Năng lượng & Tài nguyên, mặt trời nhiên liệu đóng vai trò thiết yếu.]",en,energy_resources,phrase,B2
41ad426d-6b77-437b-817e-b243ff3d449c,solar panel,/solar panel/,mặt trời tấm pin,"In Energy & Resources, solar panel plays an integral role. [Trong Năng lượng & Tài nguyên, mặt trời tấm pin đóng vai trò thiết yếu.]",en,energy_resources,phrase,C1
aef4958f-12b3-4262-a811-9949900a33b3,solar turbine,/solar turbine/,mặt trời tuabin,"In Energy & Resources, solar turbine plays an integral role. [Trong Năng lượng & Tài nguyên, mặt trời tuabin đóng vai trò thiết yếu.]",en,energy_resources,phrase,B1
1b0e8cd3-6241-4c0c-adb0-eb1b13aa10b1,solar reactor,/solar reactor/,mặt trời lò phản ứng,"In Energy & Resources, solar reactor plays an integral role. [Trong Năng lượng & Tài nguyên, mặt trời lò phản ứng đóng vai trò thiết yếu.]",en,energy_resources,phrase,B2
0dac7708-8840-4cb3-a11a-79e724858128,solar dam,/solar dam/,mặt trời đập thủy điện,"In Energy & Resources, solar dam plays an integral role. [Trong Năng lượng & Tài nguyên, mặt trời đập thủy điện đóng vai trò thiết yếu.]",en,energy_resources,phrase,C1
69207664-d00a-4959-98f1-95304bd08d78,solar gas,/solar gas/,mặt trời khí đốt,"In Energy & Resources, solar gas plays an integral role. [Trong Năng lượng & Tài nguyên, mặt trời khí đốt đóng vai trò thiết yếu.]",en,energy_resources,phrase,B2
024fffc6-b17d-47d3-b294-863d1d66f329,solar plant,/solar plant/,mặt trời nhà máy,"In Energy & Resources, solar plant plays an integral role. [Trong Năng lượng & Tài nguyên, mặt trời nhà máy đóng vai trò thiết yếu.]",en,energy_resources,phrase,C1
abb63e9a-f968-4edb-99bb-bb6083d5ae77,solar technology,/solar technology/,mặt trời công nghệ,"In Energy & Resources, solar technology plays an integral role. [Trong Năng lượng & Tài nguyên, mặt trời công nghệ đóng vai trò thiết yếu.]",en,energy_resources,phrase,B1
fcd36027-3a8e-409e-94e8-b942f37ac453,wind fuel,/wind fuel/,gió nhiên liệu,"In Energy & Resources, wind fuel plays an integral role. [Trong Năng lượng & Tài nguyên, gió nhiên liệu đóng vai trò thiết yếu.]",en,energy_resources,phrase,C1
2a77e15d-45d0-4716-b3f6-11dcdc1c395a,wind panel,/wind panel/,gió tấm pin,"In Energy & Resources, wind panel plays an integral role. [Trong Năng lượng & Tài nguyên, gió tấm pin đóng vai trò thiết yếu.]",en,energy_resources,phrase,B1
6a2ba589-2422-415f-b248-d51d03a0773b,wind turbine,/wind turbine/,gió tuabin,"In Energy & Resources, wind turbine plays an integral role. [Trong Năng lượng & Tài nguyên, gió tuabin đóng vai trò thiết yếu.]",en,energy_resources,phrase,B2
7c198dcf-5766-436d-97db-e70fb31d9498,wind reactor,/wind reactor/,gió lò phản ứng,"In Energy & Resources, wind reactor plays an integral role. [Trong Năng lượng & Tài nguyên, gió lò phản ứng đóng vai trò thiết yếu.]",en,energy_resources,phrase,C1
391bc16d-4685-4b1c-b1b5-eda0b6cc8e8c,wind dam,/wind dam/,gió đập thủy điện,"In Energy & Resources, wind dam plays an integral role. [Trong Năng lượng & Tài nguyên, gió đập thủy điện đóng vai trò thiết yếu.]",en,energy_resources,phrase,B1
f89c67e5-6a6b-4c23-8123-f30441c83158,wind energy,/wind energy/,gió năng lượng,"In Energy & Resources, wind energy plays an integral role. [Trong Năng lượng & Tài nguyên, gió năng lượng đóng vai trò thiết yếu.]",en,energy_resources,phrase,B2
38d5ba79-b9a0-4d5b-9979-2afb17c3df44,wind gas,/wind gas/,gió khí đốt,"In Energy & Resources, wind gas plays an integral role. [Trong Năng lượng & Tài nguyên, gió khí đốt đóng vai trò thiết yếu.]",en,energy_resources,phrase,C1
3d40a695-2109-4d25-b7c3-3704fbb561a7,wind plant,/wind plant/,gió nhà máy,"In Energy & Resources, wind plant plays an integral role. [Trong Năng lượng & Tài nguyên, gió nhà máy đóng vai trò thiết yếu.]",en,energy_resources,phrase,B1
cc2f3e8a-b412-4a66-9125-10f00cbb58d0,wind technology,/wind technology/,gió công nghệ,"In Energy & Resources, wind technology plays an integral role. [Trong Năng lượng & Tài nguyên, gió công nghệ đóng vai trò thiết yếu.]",en,energy_resources,phrase,B2
2ba856c5-52c4-4923-877d-09e2afc03878,wind resource,/wind resource/,gió tài nguyên,"In Energy & Resources, wind resource plays an integral role. [Trong Năng lượng & Tài nguyên, gió tài nguyên đóng vai trò thiết yếu.]",en,energy_resources,phrase,C1
aab1ca33-11dd-46d8-ae17-350ead370ffc,nuclear fuel,/nuclear fuel/,hạt nhân nhiên liệu,"In Energy & Resources, nuclear fuel plays an integral role. [Trong Năng lượng & Tài nguyên, hạt nhân nhiên liệu đóng vai trò thiết yếu.]",en,energy_resources,phrase,B1
70b9b1ab-1230-40a8-aad4-b8b012565ab7,nuclear panel,/nuclear panel/,hạt nhân tấm pin,"In Energy & Resources, nuclear panel plays an integral role. [Trong Năng lượng & Tài nguyên, hạt nhân tấm pin đóng vai trò thiết yếu.]",en,energy_resources,phrase,B2
39edca7f-b41b-4e41-94ec-89ce2396d7ee,nuclear turbine,/nuclear turbine/,hạt nhân tuabin,"In Energy & Resources, nuclear turbine plays an integral role. [Trong Năng lượng & Tài nguyên, hạt nhân tuabin đóng vai trò thiết yếu.]",en,energy_resources,phrase,C1
252dd375-62e3-4039-8eba-8ffefb7f7237,nuclear reactor,/nuclear reactor/,hạt nhân lò phản ứng,"In Energy & Resources, nuclear reactor plays an integral role. [Trong Năng lượng & Tài nguyên, hạt nhân lò phản ứng đóng vai trò thiết yếu.]",en,energy_resources,phrase,B1
f0106e98-76ab-484b-b23f-ef47bd886937,nuclear dam,/nuclear dam/,hạt nhân đập thủy điện,"In Energy & Resources, nuclear dam plays an integral role. [Trong Năng lượng & Tài nguyên, hạt nhân đập thủy điện đóng vai trò thiết yếu.]",en,energy_resources,phrase,B2
46e7b47f-d3f6-4e36-a3e3-fa5781b4c1ad,nuclear gas,/nuclear gas/,hạt nhân khí đốt,"In Energy & Resources, nuclear gas plays an integral role. [Trong Năng lượng & Tài nguyên, hạt nhân khí đốt đóng vai trò thiết yếu.]",en,energy_resources,phrase,B1
a392be80-ad57-4c55-81fb-a8920efdbc18,nuclear plant,/nuclear plant/,hạt nhân nhà máy,"In Energy & Resources, nuclear plant plays an integral role. [Trong Năng lượng & Tài nguyên, hạt nhân nhà máy đóng vai trò thiết yếu.]",en,energy_resources,phrase,B2
97c44780-04ee-403b-9758-018463aa7380,nuclear technology,/nuclear technology/,hạt nhân công nghệ,"In Energy & Resources, nuclear technology plays an integral role. [Trong Năng lượng & Tài nguyên, hạt nhân công nghệ đóng vai trò thiết yếu.]",en,energy_resources,phrase,C1
67209701-bb7b-40c0-a299-2518f7ef1b05,hydroelectric fuel,/hydroelectric fuel/,thủy điện nhiên liệu,"In Energy & Resources, hydroelectric fuel plays an integral role. [Trong Năng lượng & Tài nguyên, thủy điện nhiên liệu đóng vai trò thiết yếu.]",en,energy_resources,phrase,B2
7668caff-456a-490f-b06d-b8761a4e28a6,hydroelectric panel,/hydroelectric panel/,thủy điện tấm pin,"In Energy & Resources, hydroelectric panel plays an integral role. [Trong Năng lượng & Tài nguyên, thủy điện tấm pin đóng vai trò thiết yếu.]",en,energy_resources,phrase,C1
a7c40f47-87b0-4e88-bccf-a2428381b87b,hydroelectric turbine,/hydroelectric turbine/,thủy điện tuabin,"In Energy & Resources, hydroelectric turbine plays an integral role. [Trong Năng lượng & Tài nguyên, thủy điện tuabin đóng vai trò thiết yếu.]",en,energy_resources,phrase,B1
b44ccda1-cb74-452e-b0f7-913b7abd874f,hydroelectric reactor,/hydroelectric reactor/,thủy điện lò phản ứng,"In Energy & Resources, hydroelectric reactor plays an integral role. [Trong Năng lượng & Tài nguyên, thủy điện lò phản ứng đóng vai trò thiết yếu.]",en,energy_resources,phrase,B2
595474da-6dc3-47db-9b17-05fadfb61fd7,hydroelectric dam,/hydroelectric dam/,thủy điện đập thủy điện,"In Energy & Resources, hydroelectric dam plays an integral role. [Trong Năng lượng & Tài nguyên, thủy điện đập thủy điện đóng vai trò thiết yếu.]",en,energy_resources,phrase,C1
bac35757-d463-4184-b1f0-c3c82d35a1ce,hydroelectric gas,/hydroelectric gas/,thủy điện khí đốt,"In Energy & Resources, hydroelectric gas plays an integral role. [Trong Năng lượng & Tài nguyên, thủy điện khí đốt đóng vai trò thiết yếu.]",en,energy_resources,phrase,B2
f1a4b836-d97e-4443-b4ed-7c3c75f94073,hydroelectric plant,/hydroelectric plant/,thủy điện nhà máy,"In Energy & Resources, hydroelectric plant plays an integral role. [Trong Năng lượng & Tài nguyên, thủy điện nhà máy đóng vai trò thiết yếu.]",en,energy_resources,phrase,C1
ae295779-6f88-4dda-bb4d-f5ec30e31335,hydroelectric technology,/hydroelectric technology/,thủy điện công nghệ,"In Energy & Resources, hydroelectric technology plays an integral role. [Trong Năng lượng & Tài nguyên, thủy điện công nghệ đóng vai trò thiết yếu.]",en,energy_resources,phrase,B1
0a29b3b5-d00f-4e85-8787-a98888f96efa,geothermal fuel,/geothermal fuel/,địa nhiệt nhiên liệu,"In Energy & Resources, geothermal fuel plays an integral role. [Trong Năng lượng & Tài nguyên, địa nhiệt nhiên liệu đóng vai trò thiết yếu.]",en,energy_resources,phrase,C1
9b3d460b-60f6-4fd2-b0a4-9fa8957ea3a6,geothermal panel,/geothermal panel/,địa nhiệt tấm pin,"In Energy & Resources, geothermal panel plays an integral role. [Trong Năng lượng & Tài nguyên, địa nhiệt tấm pin đóng vai trò thiết yếu.]",en,energy_resources,phrase,B1
40b43347-e7ef-4dcb-b104-ab9bf0deaa9f,geothermal turbine,/geothermal turbine/,địa nhiệt tuabin,"In Energy & Resources, geothermal turbine plays an integral role. [Trong Năng lượng & Tài nguyên, địa nhiệt tuabin đóng vai trò thiết yếu.]",en,energy_resources,phrase,B2
2e9e8f51-4710-426c-a4ff-1e36305a22d9,geothermal reactor,/geothermal reactor/,địa nhiệt lò phản ứng,"In Energy & Resources, geothermal reactor plays an integral role. [Trong Năng lượng & Tài nguyên, địa nhiệt lò phản ứng đóng vai trò thiết yếu.]",en,energy_resources,phrase,C1
6ee18a6a-1be0-42be-9c3c-4df9d8345fd2,geothermal dam,/geothermal dam/,địa nhiệt đập thủy điện,"In Energy & Resources, geothermal dam plays an integral role. [Trong Năng lượng & Tài nguyên, địa nhiệt đập thủy điện đóng vai trò thiết yếu.]",en,energy_resources,phrase,B1
7917b04b-1327-4956-b636-35ec2776ccff,geothermal gas,/geothermal gas/,địa nhiệt khí đốt,"In Energy & Resources, geothermal gas plays an integral role. [Trong Năng lượng & Tài nguyên, địa nhiệt khí đốt đóng vai trò thiết yếu.]",en,energy_resources,phrase,C1
fbc89355-4817-461b-8298-43991ddbb387,geothermal plant,/geothermal plant/,địa nhiệt nhà máy,"In Energy & Resources, geothermal plant plays an integral role. [Trong Năng lượng & Tài nguyên, địa nhiệt nhà máy đóng vai trò thiết yếu.]",en,energy_resources,phrase,B1
54121253-e3ba-4adc-98cf-47615e0536e3,geothermal technology,/geothermal technology/,địa nhiệt công nghệ,"In Energy & Resources, geothermal technology plays an integral role. [Trong Năng lượng & Tài nguyên, địa nhiệt công nghệ đóng vai trò thiết yếu.]",en,energy_resources,phrase,B2
4aa565cb-ebd2-4355-b644-0a08ad5efc9a,cooperative,/kəʊˈɒpərətɪv/,hợp tác,"In History & Heritage, 'cooperative' is an essential term. [Trong Lịch sử & Di sản, ""cooperative"" là một thuật ngữ quan trọng.]",en,history_heritage,single_word,B1
03c952ab-0cd9-4776-ac03-eac3da8ac9ff,interact,/ˌɪntərˈækt/,"ảnh hưởng lẫn nhau, tác động qua lại","In History & Heritage, 'interact' is an essential term. [Trong Lịch sử & Di sản, ""interact"" là một thuật ngữ quan trọng.]",en,history_heritage,single_word,B2
03cce30f-4920-4e80-baa6-7bbbb2d6128c,interaction,/ˌɪntərˈækʃn/,sự tương tác,"In History & Heritage, 'interaction' is an essential term. [Trong Lịch sử & Di sản, ""interaction"" là một thuật ngữ quan trọng.]",en,history_heritage,single_word,C1
a367cfee-126b-4379-9022-9a20ae9508b2,layout,/ˈleɪaʊt/,"bảng, sơ đồ, cấu hình phân phối, sự xắp xếp; digit l.  sắp xếp chữ số","In History & Heritage, 'layout' is an essential term. [Trong Lịch sử & Di sản, ""layout"" là một thuật ngữ quan trọng.]",en,history_heritage,single_word,B1
905d7403-ba11-4dde-bb86-39db65368e8b,legend,/ˈledʒənd/,"truyện cổ tích, truyền thuyết; chữ khắc","In History & Heritage, 'legend' is an essential term. [Trong Lịch sử & Di sản, ""legend"" là một thuật ngữ quan trọng.]",en,history_heritage,single_word,B2
e1752d06-78d2-436e-ab99-1d41f0bd7c61,leisure,/ˈleʒə(r)/,"thì giờ rỗi rãi, lúc thư nhàn","In History & Heritage, 'leisure' is an essential term. [Trong Lịch sử & Di sản, ""leisure"" là một thuật ngữ quan trọng.]",en,history_heritage,single_word,C1
3a2b24dd-5203-460e-aca8-5a933ae12a4d,operation,/ˌɒpəˈreɪʃn/,"phép toán;  sự làm việc; sử dụng; điều khiển, quản lý; additive o. phép toán cộng tính","In History & Heritage, 'operation' is an essential term. [Trong Lịch sử & Di sản, ""operation"" là một thuật ngữ quan trọng.]",en,history_heritage,single_word,B1
351146c5-270a-49ea-b566-206ba6706697,past,/pɑːst/,"quá khứ, đã qua,  dĩ vãng; quá khứ","In History & Heritage, 'past' is an essential term. [Trong Lịch sử & Di sản, ""past"" là một thuật ngữ quan trọng.]",en,history_heritage,single_word,B2
8b331652-27e2-4238-ace3-ddc50739dd8c,pause,/pɔːz/,"sự tạm nghỉ, sự tạm ngừng; sự ngập ngừng","In History & Heritage, 'pause' is an essential term. [Trong Lịch sử & Di sản, ""pause"" là một thuật ngữ quan trọng.]",en,history_heritage,single_word,C1
1772c2d2-5acd-4afe-8381-5be2c7bee42b,perspective,/pəˈspektɪv/,"cảnh, phối cảnh; doubly p. phối cảnh kép","In History & Heritage, 'perspective' is an essential term. [Trong Lịch sử & Di sản, ""perspective"" là một thuật ngữ quan trọng.]",en,history_heritage,single_word,B1
1456d05d-2480-4f0f-bf8d-69841703b395,photo,/ˈfəʊtəʊ/,của photograph,"In History & Heritage, 'photo' is an essential term. [Trong Lịch sử & Di sản, ""photo"" là một thuật ngữ quan trọng.]",en,history_heritage,single_word,B2
3980c32c-4c6e-48db-b7cb-63a20fd908f8,photograph,/ˈfəʊtəɡrɑːf/,"ảnh, bức ảnh; chụp ảnh","In History & Heritage, 'photograph' is an essential term. [Trong Lịch sử & Di sản, ""photograph"" là một thuật ngữ quan trọng.]",en,history_heritage,single_word,C1
c3410744-282e-4d2c-a82b-1c8db89f493e,presently,/ˈprezntli/,"chẳng mấy chốc, ngay sau đó; hiện giờ, hiện nay, bây gi","In History & Heritage, 'presently' is an essential term. [Trong Lịch sử & Di sản, ""presently"" là một thuật ngữ quan trọng.]",en,history_heritage,single_word,B1
76acd85f-0143-4f64-b147-d2f607be1319,previously,/ˈpriːviəsli/,"trước, trước đây","In History & Heritage, 'previously' is an essential term. [Trong Lịch sử & Di sản, ""previously"" là một thuật ngữ quan trọng.]",en,history_heritage,single_word,B2
0c186f83-44ea-4ccc-81cd-c008ed1903e5,prince,/prɪns/,"hoàng tử; hoàng thân; ông hoàng; tay cự phách, chúa trùm","In History & Heritage, 'prince' is an essential term. [Trong Lịch sử & Di sản, ""prince"" là một thuật ngữ quan trọng.]",en,history_heritage,single_word,C1
f2662bfa-ae13-488b-b9a5-25821dcc9b45,princess,/ˌprɪnˈses/,"bà chúa; bà hoàng; công chúa, quận chúa  princess of the blood); nữ vương","In History & Heritage, 'princess' is an essential term. [Trong Lịch sử & Di sản, ""princess"" là một thuật ngữ quan trọng.]",en,history_heritage,single_word,B1
c3cf7f2f-6c61-4d6e-b0a7-dd530882b201,quick,/kwɪk/,"thịt mềm; tâm can, ruột gan; chỗ nhạy cảm nhất","In History & Heritage, 'quick' is an essential term. [Trong Lịch sử & Di sản, ""quick"" là một thuật ngữ quan trọng.]",en,history_heritage,single_word,B2
ff720bab-c833-4750-8baf-d6b1d6914df3,reign,/reɪn/,"triều đại, triều; uy quyền, thế lực, ảnh hưởng; sự chế ngự, sự ngự trị","In History & Heritage, 'reign' is an essential term. [Trong Lịch sử & Di sản, ""reign"" là một thuật ngữ quan trọng.]",en,history_heritage,single_word,C1
87176344-9166-4c1f-89cd-b0e0529c79e9,remember,/rɪˈmembə(r)/,nhớ,"In History & Heritage, 'remember' is an essential term. [Trong Lịch sử & Di sản, ""remember"" là một thuật ngữ quan trọng.]",en,history_heritage,single_word,B1
c190d2e9-35fe-467e-948f-b57caa64845a,royal,/ˈrɔɪəl/,vua; hoàng gia,"In History & Heritage, 'royal' is an essential term. [Trong Lịch sử & Di sản, ""royal"" là một thuật ngữ quan trọng.]",en,history_heritage,single_word,B2
76d057f9-9b42-438e-a7a4-bd829c5ba9b6,serial,/ˈsɪəriəl/,"chuỗi, loạt","In History & Heritage, 'serial' is an essential term. [Trong Lịch sử & Di sản, ""serial"" là một thuật ngữ quan trọng.]",en,history_heritage,single_word,C1
924ab5f7-b776-42fc-9ae6-d1f48073a9e7,since,/sɪns/,từ đó,"In History & Heritage, 'since' is an essential term. [Trong Lịch sử & Di sản, ""since"" là một thuật ngữ quan trọng.]",en,history_heritage,single_word,B1
e391b47f-da3b-44fc-bf64-230551d39e6a,skip,/skɪp/,"bước nhảy, nhảy","In History & Heritage, 'skip' is an essential term. [Trong Lịch sử & Di sản, ""skip"" là một thuật ngữ quan trọng.]",en,history_heritage,single_word,B2
c0dbb8d1-3304-461f-b764-c69099cf2475,slow,/sləʊ/,"chậm, chậm chạp; trì độn, không nhanh trí","In History & Heritage, 'slow' is an essential term. [Trong Lịch sử & Di sản, ""slow"" là một thuật ngữ quan trọng.]",en,history_heritage,single_word,C1
121b412a-ea28-4cde-a2a8-196f3a92b805,standard,/ˈstændəd/,"tiêu chuẩn. mẫu; s. of life, s. of living mức sống","In History & Heritage, 'standard' is an essential term. [Trong Lịch sử & Di sản, ""standard"" là một thuật ngữ quan trọng.]",en,history_heritage,single_word,B1
9f26638b-90e0-47b2-aa69-92c57966794b,stone,/stəʊn/,"đá; đá quý, ngọc","In History & Heritage, 'stone' is an essential term. [Trong Lịch sử & Di sản, ""stone"" là một thuật ngữ quan trọng.]",en,history_heritage,single_word,B2
2fd6589a-5a80-4a94-bf5b-36f98d9d6752,tall,/tɔːl/,"cao; phóng đại, không thật, khó tin, khoác lác, ngoa","In History & Heritage, 'tall' is an essential term. [Trong Lịch sử & Di sản, ""tall"" là một thuật ngữ quan trọng.]",en,history_heritage,single_word,C1
80627f8f-aef7-484c-8596-2fd6f3140269,then,/ðen/,"lúc đó, hồi ấy, khi ấy; rồi, rồi thì, sau đó","In History & Heritage, 'then' is an essential term. [Trong Lịch sử & Di sản, ""then"" là một thuật ngữ quan trọng.]",en,history_heritage,single_word,B1
2a3d7e85-b4fc-4009-89fe-35fa2b09ca2f,timber,/ˈtɪmbə(r)/,"gỗ làm nhà, gỗ kiến trúc, gỗ; cây gỗ","In History & Heritage, 'timber' is an essential term. [Trong Lịch sử & Di sản, ""timber"" là một thuật ngữ quan trọng.]",en,history_heritage,single_word,B2
4a3073af-c94a-4038-b484-85fa1dcbaa07,along,/əˈlɒŋ/,"theo chiều dài, suốt theo; tiến lên, về phía trước","In History & Heritage, 'along' is an essential term. [Trong Lịch sử & Di sản, ""along"" là một thuật ngữ quan trọng.]",en,history_heritage,single_word,C1
9035f92c-e16d-4cf6-b453-d63a6e5927fa,availability,/əˌveɪləˈbɪləti/,tính sẵn sàng; tính khả dụng; tỷ số vận hành = operating ratio,"In History & Heritage, 'availability' is an essential term. [Trong Lịch sử & Di sản, ""availability"" là một thuật ngữ quan trọng.]",en,history_heritage,single_word,B1
65643594-5275-463c-9523-8b8026e08539,behaviour,/bɪˈheɪvjə(r)/,"dáng điệu; cách xử lý, chế độ; asymptoic b. dáng điệu tiệm cận","In History & Heritage, 'behaviour' is an essential term. [Trong Lịch sử & Di sản, ""behaviour"" là một thuật ngữ quan trọng.]",en,history_heritage,single_word,B2
d08119cd-067d-4a9a-b226-d938496ed3a7,behind,/bɪˈhaɪnd/,"sau, ở đằng sau; chậm, trễ","In History & Heritage, 'behind' is an essential term. [Trong Lịch sử & Di sản, ""behind"" là một thuật ngữ quan trọng.]",en,history_heritage,single_word,C1
826f8209-41f0-469b-bcef-7f042457278b,besides,/bɪˈsaɪdz/,"ngoài ra, hơn nữa, vả lại, vả chăng; ngoài... ra","In History & Heritage, 'besides' is an essential term. [Trong Lịch sử & Di sản, ""besides"" là một thuật ngữ quan trọng.]",en,history_heritage,single_word,B1
71232a2b-f152-42b4-a612-9d20c851eea5,blanket,/ˈblæŋkɪt/,"mền, chăn; lớp phủ","In History & Heritage, 'blanket' is an essential term. [Trong Lịch sử & Di sản, ""blanket"" là một thuật ngữ quan trọng.]",en,history_heritage,single_word,B2
9c6cb9de-cbf8-487b-a579-4e12e295613e,boost,/buːst/,tăng điện thế,"In History & Heritage, 'boost' is an essential term. [Trong Lịch sử & Di sản, ""boost"" là một thuật ngữ quan trọng.]",en,history_heritage,single_word,C1
5f2daeb4-8a1c-4d6c-8459-f2c4c4987fee,by,/baɪ/,"bằng, bởi; b. formula bằng công thức","In History & Heritage, 'by' is an essential term. [Trong Lịch sử & Di sản, ""by"" là một thuật ngữ quan trọng.]",en,history_heritage,single_word,B1
b5e92942-acdf-4a5a-a6d9-4b0beb8eb354,cold,/kəʊld/,"lạnh, nguội","In History & Heritage, 'cold' is an essential term. [Trong Lịch sử & Di sản, ""cold"" là một thuật ngữ quan trọng.]",en,history_heritage,single_word,B2
92211277-d7a2-4e74-a10f-45218e95c0fa,comic,/ˈkɒmɪk/,"hài hước, khôi hài; kịch vui","In History & Heritage, 'comic' is an essential term. [Trong Lịch sử & Di sản, ""comic"" là một thuật ngữ quan trọng.]",en,history_heritage,single_word,C1
9bddbb9f-69b4-4796-8e38-147fa1b29581,component,/kəmˈpəʊnənt/,"thành phần, bộ phận; tổ/bộ kiện","In History & Heritage, 'component' is an essential term. [Trong Lịch sử & Di sản, ""component"" là một thuật ngữ quan trọng.]",en,history_heritage,single_word,B1
58efbe86-0b80-4363-a1c8-de545d9cf39c,conscious,/ˈkɒnʃəs/,"biết rõ, thấy rõ, tỉnh, tỉnh táo, có ý thức","In History & Heritage, 'conscious' is an essential term. [Trong Lịch sử & Di sản, ""conscious"" là một thuật ngữ quan trọng.]",en,history_heritage,single_word,B2
7f73e210-34cc-469b-b170-0ad1d03b9950,considerably,/kənˈsɪdərəbli/,"đáng kể, lớn lao, nhiều","In History & Heritage, 'considerably' is an essential term. [Trong Lịch sử & Di sản, ""considerably"" là một thuật ngữ quan trọng.]",en,history_heritage,single_word,C1
e133b48c-20c4-4486-9805-22bf1ce0a7f3,conventional,/kənˈvenʃənl/,có quy ước,"In History & Heritage, 'conventional' is an essential term. [Trong Lịch sử & Di sản, ""conventional"" là một thuật ngữ quan trọng.]",en,history_heritage,single_word,B1
56b733d6-b69f-4f41-bd40-a59b9fdb83f3,cool,/kuːl/,"mát mẻ, mát; hơi lạnh, nguội; trầm tĩnh, điềm tĩnh, bình tĩnh","In History & Heritage, 'cool' is an essential term. [Trong Lịch sử & Di sản, ""cool"" là một thuật ngữ quan trọng.]",en,history_heritage,single_word,B2
473b658b-241d-477d-aacd-1e8d0102aa8b,could,/kəd/,"bình, bi đông, ca; vỏ đồ hộp, hộp đồ hộp","In History & Heritage, 'could' is an essential term. [Trong Lịch sử & Di sản, ""could"" là một thuật ngữ quan trọng.]",en,history_heritage,single_word,C1
2790081a-3ca7-4423-afc1-c71536a6205f,deliberate,/dɪˈlɪbərət/,"có suy nghĩ cân nhắc; thận trọng; có tính toán, cố ý, chủ tâm","In History & Heritage, 'deliberate' is an essential term. [Trong Lịch sử & Di sản, ""deliberate"" là một thuật ngữ quan trọng.]",en,history_heritage,single_word,B1
07b43e5d-0776-4ab8-aafe-62ec5e3b3136,deliberately,/dɪˈlɪbərətli/,xem deliberate,"In History & Heritage, 'deliberately' is an essential term. [Trong Lịch sử & Di sản, ""deliberately"" là một thuật ngữ quan trọng.]",en,history_heritage,single_word,B2
6e32913f-88ab-4b6b-adbd-f4315caabbef,depict,/dɪˈpɪkt/,"vẽ; tả, miêu tả","In History & Heritage, 'depict' is an essential term. [Trong Lịch sử & Di sản, ""depict"" là một thuật ngữ quan trọng.]",en,history_heritage,single_word,C1
749d42c4-f635-44a6-8163-1a3820f3bd36,disclosure,/dɪsˈkləʊʒə(r)/,"sự mở ra; sự vạch trần ra, sự để lộ ra; cái bị vạch trần ra, cái bị để lộ ra","In History & Heritage, 'disclosure' is an essential term. [Trong Lịch sử & Di sản, ""disclosure"" là một thuật ngữ quan trọng.]",en,history_heritage,single_word,B1
d9248fce-379a-4994-b6a2-e5656711375b,each,/iːtʃ/,mỗi một,"In History & Heritage, 'each' is an essential term. [Trong Lịch sử & Di sản, ""each"" là một thuật ngữ quan trọng.]",en,history_heritage,single_word,B2
1666868d-9440-4a42-a590-abd8563ea6ee,ancient castle,/ancient castle/,cổ đại lâu đài,"In History & Heritage, ancient castle plays an integral role. [Trong Lịch sử & Di sản, cổ đại lâu đài đóng vai trò thiết yếu.]",en,history_heritage,phrase,B2
e96f5a0f-fca2-4061-be3c-012c13118f6a,ancient discovery,/ancient discovery/,cổ đại phát hiện,"In History & Heritage, ancient discovery plays an integral role. [Trong Lịch sử & Di sản, cổ đại phát hiện đóng vai trò thiết yếu.]",en,history_heritage,phrase,B1
bb245aee-7b2b-4280-bd58-feee053e922b,ancient era,/ancient era/,cổ đại thời kỳ,"In History & Heritage, ancient era plays an integral role. [Trong Lịch sử & Di sản, cổ đại thời kỳ đóng vai trò thiết yếu.]",en,history_heritage,phrase,C1
22f65e03-883d-4e6f-83b7-3160067f8b38,ancient system,/ancient system/,cổ đại chế độ,"In History & Heritage, ancient system plays an integral role. [Trong Lịch sử & Di sản, cổ đại chế độ đóng vai trò thiết yếu.]",en,history_heritage,phrase,B1
fbc278fb-7d81-45e1-89ae-c40a46c7d146,ancient architecture,/ancient architecture/,cổ đại kiến trúc,"In History & Heritage, ancient architecture plays an integral role. [Trong Lịch sử & Di sản, cổ đại kiến trúc đóng vai trò thiết yếu.]",en,history_heritage,phrase,B2
faf242a8-f713-4af1-9eea-d48863cabab0,ancient event,/ancient event/,cổ đại sự kiện,"In History & Heritage, ancient event plays an integral role. [Trong Lịch sử & Di sản, cổ đại sự kiện đóng vai trò thiết yếu.]",en,history_heritage,phrase,C1
cebbab9a-2ac8-4a79-8ce0-bfa7fff8232c,ancient rule,/ancient rule/,cổ đại thời kỳ trị vì,"In History & Heritage, ancient rule plays an integral role. [Trong Lịch sử & Di sản, cổ đại thời kỳ trị vì đóng vai trò thiết yếu.]",en,history_heritage,phrase,B1
dcad8e75-8272-4cf8-ae4a-3abf4a149a70,medieval castle,/medieval castle/,trung cổ lâu đài,"In History & Heritage, medieval castle plays an integral role. [Trong Lịch sử & Di sản, trung cổ lâu đài đóng vai trò thiết yếu.]",en,history_heritage,phrase,C1
df865439-5a21-4e07-bf54-04ef4aafe099,medieval discovery,/medieval discovery/,trung cổ phát hiện,"In History & Heritage, medieval discovery plays an integral role. [Trong Lịch sử & Di sản, trung cổ phát hiện đóng vai trò thiết yếu.]",en,history_heritage,phrase,B2
f29b82f8-d6c5-458a-b1cd-5bb134f4b2f2,medieval era,/medieval era/,trung cổ thời kỳ,"In History & Heritage, medieval era plays an integral role. [Trong Lịch sử & Di sản, trung cổ thời kỳ đóng vai trò thiết yếu.]",en,history_heritage,phrase,B1
c5a160c4-b131-4353-b3be-840cf0960b04,medieval system,/medieval system/,trung cổ chế độ,"In History & Heritage, medieval system plays an integral role. [Trong Lịch sử & Di sản, trung cổ chế độ đóng vai trò thiết yếu.]",en,history_heritage,phrase,B2
6ae99953-e85c-48e3-9797-4e1d7e49d0db,medieval architecture,/medieval architecture/,trung cổ kiến trúc,"In History & Heritage, medieval architecture plays an integral role. [Trong Lịch sử & Di sản, trung cổ kiến trúc đóng vai trò thiết yếu.]",en,history_heritage,phrase,C1
32844231-5f25-4460-ba25-dcfe732549e0,medieval event,/medieval event/,trung cổ sự kiện,"In History & Heritage, medieval event plays an integral role. [Trong Lịch sử & Di sản, trung cổ sự kiện đóng vai trò thiết yếu.]",en,history_heritage,phrase,B1
3d7ad040-35c2-4947-a926-ac051a8565cd,medieval rule,/medieval rule/,trung cổ thời kỳ trị vì,"In History & Heritage, medieval rule plays an integral role. [Trong Lịch sử & Di sản, trung cổ thời kỳ trị vì đóng vai trò thiết yếu.]",en,history_heritage,phrase,B2
3f606e75-7621-41ed-918a-f4c9d6c4d9d8,historical castle,/historical castle/,lịch sử lâu đài,"In History & Heritage, historical castle plays an integral role. [Trong Lịch sử & Di sản, lịch sử lâu đài đóng vai trò thiết yếu.]",en,history_heritage,phrase,B1
349aa5b6-dc72-40d5-9048-584b1327fd17,historical discovery,/historical discovery/,lịch sử phát hiện,"In History & Heritage, historical discovery plays an integral role. [Trong Lịch sử & Di sản, lịch sử phát hiện đóng vai trò thiết yếu.]",en,history_heritage,phrase,C1
787c69e4-152f-4878-80a9-827276fa85ea,historical era,/historical era/,lịch sử thời kỳ,"In History & Heritage, historical era plays an integral role. [Trong Lịch sử & Di sản, lịch sử thời kỳ đóng vai trò thiết yếu.]",en,history_heritage,phrase,B2
6b8178c4-3446-4f14-a1c3-85dea4e7844b,historical system,/historical system/,lịch sử chế độ,"In History & Heritage, historical system plays an integral role. [Trong Lịch sử & Di sản, lịch sử chế độ đóng vai trò thiết yếu.]",en,history_heritage,phrase,C1
ec958c3b-b027-44f4-b9f4-cc419046046e,historical architecture,/historical architecture/,lịch sử kiến trúc,"In History & Heritage, historical architecture plays an integral role. [Trong Lịch sử & Di sản, lịch sử kiến trúc đóng vai trò thiết yếu.]",en,history_heritage,phrase,B1
b8db174c-1566-42a1-bf69-8cfdde4f34c9,historical event,/historical event/,lịch sử sự kiện,"In History & Heritage, historical event plays an integral role. [Trong Lịch sử & Di sản, lịch sử sự kiện đóng vai trò thiết yếu.]",en,history_heritage,phrase,B2
a64f3fcf-1f8f-49a9-9c9a-1b8689e56496,historical rule,/historical rule/,lịch sử thời kỳ trị vì,"In History & Heritage, historical rule plays an integral role. [Trong Lịch sử & Di sản, lịch sử thời kỳ trị vì đóng vai trò thiết yếu.]",en,history_heritage,phrase,C1
0ced84ee-cca7-4f6d-922d-c95e963073df,archaeological castle,/archaeological castle/,khảo cổ lâu đài,"In History & Heritage, archaeological castle plays an integral role. [Trong Lịch sử & Di sản, khảo cổ lâu đài đóng vai trò thiết yếu.]",en,history_heritage,phrase,B2
cfe8becc-1bb2-42e3-ad53-30e71222f5f9,archaeological discovery,/archaeological discovery/,khảo cổ phát hiện,"In History & Heritage, archaeological discovery plays an integral role. [Trong Lịch sử & Di sản, khảo cổ phát hiện đóng vai trò thiết yếu.]",en,history_heritage,phrase,B1
39e987ad-2845-43eb-a598-8ff00d1cd903,archaeological era,/archaeological era/,khảo cổ thời kỳ,"In History & Heritage, archaeological era plays an integral role. [Trong Lịch sử & Di sản, khảo cổ thời kỳ đóng vai trò thiết yếu.]",en,history_heritage,phrase,C1
3bf6ede1-ae77-480c-b2c4-6ca7ad4dd82f,archaeological system,/archaeological system/,khảo cổ chế độ,"In History & Heritage, archaeological system plays an integral role. [Trong Lịch sử & Di sản, khảo cổ chế độ đóng vai trò thiết yếu.]",en,history_heritage,phrase,B1
8231567d-bdec-484b-aa03-110704ea9fd6,archaeological architecture,/archaeological architecture/,khảo cổ kiến trúc,"In History & Heritage, archaeological architecture plays an integral role. [Trong Lịch sử & Di sản, khảo cổ kiến trúc đóng vai trò thiết yếu.]",en,history_heritage,phrase,B2
1353aac2-dd68-48d4-8d00-fc5590eacdb7,archaeological event,/archaeological event/,khảo cổ sự kiện,"In History & Heritage, archaeological event plays an integral role. [Trong Lịch sử & Di sản, khảo cổ sự kiện đóng vai trò thiết yếu.]",en,history_heritage,phrase,C1
a364816e-d9e1-4ea7-988d-05ac0d3cb2da,archaeological rule,/archaeological rule/,khảo cổ thời kỳ trị vì,"In History & Heritage, archaeological rule plays an integral role. [Trong Lịch sử & Di sản, khảo cổ thời kỳ trị vì đóng vai trò thiết yếu.]",en,history_heritage,phrase,B1
31123670-5863-46d6-ae6c-5cd532a6ca24,cultural civilization,/cultural civilization/,văn hóa văn minh,"In History & Heritage, cultural civilization plays an integral role. [Trong Lịch sử & Di sản, văn hóa văn minh đóng vai trò thiết yếu.]",en,history_heritage,phrase,B2
6f336fcb-f05c-4ce5-a8bd-f8150787dbc2,cultural castle,/cultural castle/,văn hóa lâu đài,"In History & Heritage, cultural castle plays an integral role. [Trong Lịch sử & Di sản, văn hóa lâu đài đóng vai trò thiết yếu.]",en,history_heritage,phrase,C1
2deb7188-309f-47b1-9406-67201dedc555,cultural monument,/cultural monument/,văn hóa tượng đài,"In History & Heritage, cultural monument plays an integral role. [Trong Lịch sử & Di sản, văn hóa tượng đài đóng vai trò thiết yếu.]",en,history_heritage,phrase,B1
5aba60c2-c35b-4279-bfec-256b42061380,cultural discovery,/cultural discovery/,văn hóa phát hiện,"In History & Heritage, cultural discovery plays an integral role. [Trong Lịch sử & Di sản, văn hóa phát hiện đóng vai trò thiết yếu.]",en,history_heritage,phrase,B2
c387293b-9503-4906-919e-e6ed9de70ae6,cultural era,/cultural era/,văn hóa thời kỳ,"In History & Heritage, cultural era plays an integral role. [Trong Lịch sử & Di sản, văn hóa thời kỳ đóng vai trò thiết yếu.]",en,history_heritage,phrase,B1
5a9a3294-5ee1-45b1-a45c-823f22cba86f,cultural system,/cultural system/,văn hóa chế độ,"In History & Heritage, cultural system plays an integral role. [Trong Lịch sử & Di sản, văn hóa chế độ đóng vai trò thiết yếu.]",en,history_heritage,phrase,B2
b61527a3-4d20-45fb-9659-7d5d5648cea1,cultural architecture,/cultural architecture/,văn hóa kiến trúc,"In History & Heritage, cultural architecture plays an integral role. [Trong Lịch sử & Di sản, văn hóa kiến trúc đóng vai trò thiết yếu.]",en,history_heritage,phrase,C1
d54b2433-2929-4981-b85b-a846e11b34fa,cultural event,/cultural event/,văn hóa sự kiện,"In History & Heritage, cultural event plays an integral role. [Trong Lịch sử & Di sản, văn hóa sự kiện đóng vai trò thiết yếu.]",en,history_heritage,phrase,B1
d672f050-ebc5-470a-9b6d-146d339a6037,cultural rule,/cultural rule/,văn hóa thời kỳ trị vì,"In History & Heritage, cultural rule plays an integral role. [Trong Lịch sử & Di sản, văn hóa thời kỳ trị vì đóng vai trò thiết yếu.]",en,history_heritage,phrase,B2
41f1e195-a1d2-461a-a1c7-6a94af1bd687,colonial civilization,/colonial civilization/,thuộc địa văn minh,"In History & Heritage, colonial civilization plays an integral role. [Trong Lịch sử & Di sản, thuộc địa văn minh đóng vai trò thiết yếu.]",en,history_heritage,phrase,C1
a6572d7c-5c65-4b38-9c3c-bb4f4c7ee0e4,colonial castle,/colonial castle/,thuộc địa lâu đài,"In History & Heritage, colonial castle plays an integral role. [Trong Lịch sử & Di sản, thuộc địa lâu đài đóng vai trò thiết yếu.]",en,history_heritage,phrase,B1
ac903e72-76d2-45bb-82b1-b9a7bad56a42,colonial monument,/colonial monument/,thuộc địa tượng đài,"In History & Heritage, colonial monument plays an integral role. [Trong Lịch sử & Di sản, thuộc địa tượng đài đóng vai trò thiết yếu.]",en,history_heritage,phrase,B2
24d5d4d3-4041-4b97-9897-892fd2770693,colonial discovery,/colonial discovery/,thuộc địa phát hiện,"In History & Heritage, colonial discovery plays an integral role. [Trong Lịch sử & Di sản, thuộc địa phát hiện đóng vai trò thiết yếu.]",en,history_heritage,phrase,C1
70d9648a-6253-4fc7-855d-f006fcc7c7f4,colonial heritage,/colonial heritage/,thuộc địa di sản,"In History & Heritage, colonial heritage plays an integral role. [Trong Lịch sử & Di sản, thuộc địa di sản đóng vai trò thiết yếu.]",en,history_heritage,phrase,B1
23331b06-0ea5-43bd-825c-2b73431c98ee,colonial era,/colonial era/,thuộc địa thời kỳ,"In History & Heritage, colonial era plays an integral role. [Trong Lịch sử & Di sản, thuộc địa thời kỳ đóng vai trò thiết yếu.]",en,history_heritage,phrase,B2
c1c43d0a-088d-4310-8e63-b35392a1bc62,colonial system,/colonial system/,thuộc địa chế độ,"In History & Heritage, colonial system plays an integral role. [Trong Lịch sử & Di sản, thuộc địa chế độ đóng vai trò thiết yếu.]",en,history_heritage,phrase,C1
6d07055b-5cae-460a-9a18-f7ae13a7359c,colonial architecture,/colonial architecture/,thuộc địa kiến trúc,"In History & Heritage, colonial architecture plays an integral role. [Trong Lịch sử & Di sản, thuộc địa kiến trúc đóng vai trò thiết yếu.]",en,history_heritage,phrase,B1
f4f66687-e26b-47fd-bc45-84c4882b2ffd,colonial event,/colonial event/,thuộc địa sự kiện,"In History & Heritage, colonial event plays an integral role. [Trong Lịch sử & Di sản, thuộc địa sự kiện đóng vai trò thiết yếu.]",en,history_heritage,phrase,B2
6919fb63-117c-4435-b076-f0810645efc8,colonial rule,/colonial rule/,thuộc địa thời kỳ trị vì,"In History & Heritage, colonial rule plays an integral role. [Trong Lịch sử & Di sản, thuộc địa thời kỳ trị vì đóng vai trò thiết yếu.]",en,history_heritage,phrase,C1
20f0787c-a8d5-4362-8e66-04a38911d743,feudal civilization,/feudal civilization/,phong kiến văn minh,"In History & Heritage, feudal civilization plays an integral role. [Trong Lịch sử & Di sản, phong kiến văn minh đóng vai trò thiết yếu.]",en,history_heritage,phrase,B1
9cf0c112-3adc-4d77-b33f-9a237c4c8d6e,feudal castle,/feudal castle/,phong kiến lâu đài,"In History & Heritage, feudal castle plays an integral role. [Trong Lịch sử & Di sản, phong kiến lâu đài đóng vai trò thiết yếu.]",en,history_heritage,phrase,B2
ddb04b02-9864-41c9-ba4d-1cc005c30e29,feudal monument,/feudal monument/,phong kiến tượng đài,"In History & Heritage, feudal monument plays an integral role. [Trong Lịch sử & Di sản, phong kiến tượng đài đóng vai trò thiết yếu.]",en,history_heritage,phrase,C1
45f2ab51-6c46-4a49-bc0a-a9e46798edf6,obsess,/əbˈses/,ám ảnh,"In Philosophy & Ethics, 'obsess' is an essential term. [Trong Triết học & Đạo đức, ""obsess"" là một thuật ngữ quan trọng.]",en,philosophy_ethics,single_word,B1
eb31c19a-9fa6-490d-9389-34f7921f1f30,intend,/ɪnˈtend/,có ý định; có nghĩa là; hiểu là,"In Philosophy & Ethics, 'intend' is an essential term. [Trong Triết học & Đạo đức, ""intend"" là một thuật ngữ quan trọng.]",en,philosophy_ethics,single_word,B2
51cd78df-ae80-4de2-8f80-9831edfe84ac,justify,/ˈdʒʌstɪfaɪ/,"khẳng định, xác minh, minh giải","In Philosophy & Ethics, 'justify' is an essential term. [Trong Triết học & Đạo đức, ""justify"" là một thuật ngữ quan trọng.]",en,philosophy_ethics,single_word,C1
76ea9e30-45c5-4a0c-a873-fd03233a65da,necessary,/ˈnesəsəri/,cần,"In Philosophy & Ethics, 'necessary' is an essential term. [Trong Triết học & Đạo đức, ""necessary"" là một thuật ngữ quan trọng.]",en,philosophy_ethics,single_word,B1
0fecf443-019c-45a4-a94d-6e28d768fee1,persistent,/pəˈsɪstənt/,"ổn định, vững; normally p.  ổn định, chuẩn tắc","In Philosophy & Ethics, 'persistent' is an essential term. [Trong Triết học & Đạo đức, ""persistent"" là một thuật ngữ quan trọng.]",en,philosophy_ethics,single_word,B2
b9bfe465-34e1-4a7b-b850-d0c312805dec,scandal,/ˈskændl/,"việc xúc phạm đến công chúng; việc làm cho công chúng phẫn nộ; việc xấu xa; việc nhục nhã; sự gièm pha, sự nói xấu, sự nói sau lưng","In Philosophy & Ethics, 'scandal' is an essential term. [Trong Triết học & Đạo đức, ""scandal"" là một thuật ngữ quan trọng.]",en,philosophy_ethics,single_word,C1
ca6b76d7-e0e5-4eac-b259-9b6599e16cb7,why,/waɪ/,"tại sao, vì sao; lý do, lý do tại sao","In Philosophy & Ethics, 'why' is an essential term. [Trong Triết học & Đạo đức, ""why"" là một thuật ngữ quan trọng.]",en,philosophy_ethics,single_word,B1
9e444301-7383-447a-89c0-2655bf3ed72e,aim,/eɪm/,mục đích,"In Philosophy & Ethics, 'aim' is an essential term. [Trong Triết học & Đạo đức, ""aim"" là một thuật ngữ quan trọng.]",en,philosophy_ethics,single_word,B2
eef6d9c6-c17a-4aed-8f8e-d7ece5132258,alert,/əˈlɜːt/,báo động ; cảnh giác,"In Philosophy & Ethics, 'alert' is an essential term. [Trong Triết học & Đạo đức, ""alert"" là một thuật ngữ quan trọng.]",en,philosophy_ethics,single_word,C1
e10229d1-4bbc-48e3-9c60-7795e070fa0b,assume,/əˈsjuːm/,giả thiết; thừa nhận,"In Philosophy & Ethics, 'assume' is an essential term. [Trong Triết học & Đạo đức, ""assume"" là một thuật ngữ quan trọng.]",en,philosophy_ethics,single_word,B1
4b23c9af-1c4d-4522-899b-00fdfb148451,autonomy,/ɔːˈtɒnəmi/,"sự tự trị; quyền tự trị; nước tự trị, khu tự trị","In Philosophy & Ethics, 'autonomy' is an essential term. [Trong Triết học & Đạo đức, ""autonomy"" là một thuật ngữ quan trọng.]",en,philosophy_ethics,single_word,B2
72886cd5-e5a3-4e3e-be9a-45d42aec253f,barely,/ˈbeəli/,"công khai, rõ ràng; rỗng không, trơ trụi; nghèo nàn","In Philosophy & Ethics, 'barely' is an essential term. [Trong Triết học & Đạo đức, ""barely"" là một thuật ngữ quan trọng.]",en,philosophy_ethics,single_word,C1
e3a1801d-cdbf-4c13-951b-a57c6f027647,because,/bɪˈkəz/,"vì, bởi vì; vì, do bởi","In Philosophy & Ethics, 'because' is an essential term. [Trong Triết học & Đạo đức, ""because"" là một thuật ngữ quan trọng.]",en,philosophy_ethics,single_word,B1
96d32c5c-15f9-4d04-abe0-41bbb22db472,better,/ˈbetə(r)/,"cấp so sánh của good; hơn, tốt hơn, khá hơn, hay hơn, đẹp hơn","In Philosophy & Ethics, 'better' is an essential term. [Trong Triết học & Đạo đức, ""better"" là một thuật ngữ quan trọng.]",en,philosophy_ethics,single_word,B2
2c9bc53b-2f8e-40b0-a28b-e135deadb585,bye,/baɪ/,"thứ yếu, phụ; cái thứ yếu, cái phụ","In Philosophy & Ethics, 'bye' is an essential term. [Trong Triết học & Đạo đức, ""bye"" là một thuật ngữ quan trọng.]",en,philosophy_ethics,single_word,C1
f7e6064b-ce55-47aa-80fd-c5f8eab86e96,confuse,/kənˈfjuːz/,"làm lộn xộn, làm lung tung, xáo trộn; làm cho mơ hồ, làm cho mập mờ, làm cho tối, làm rối rắm","In Philosophy & Ethics, 'confuse' is an essential term. [Trong Triết học & Đạo đức, ""confuse"" là một thuật ngữ quan trọng.]",en,philosophy_ethics,single_word,B1
c5eb2910-d11f-45a8-91ae-76a0e03e81bc,consumer,/kənˈsjuːmə(r)/,người tiêu dùng,"In Philosophy & Ethics, 'consumer' is an essential term. [Trong Triết học & Đạo đức, ""consumer"" là một thuật ngữ quan trọng.]",en,philosophy_ethics,single_word,B2
da5c3c56-745a-4347-bae6-25631f8a2b76,contemplate,/ˈkɒntəmpleɪt/,"ngắm, thưởng ngoạn; lặng ngắm","In Philosophy & Ethics, 'contemplate' is an essential term. [Trong Triết học & Đạo đức, ""contemplate"" là một thuật ngữ quan trọng.]",en,philosophy_ethics,single_word,C1
d4e70593-00e0-47f5-939c-5bfe5cebe7e2,decent,/ˈdiːsnt/,"hợp với khuôn phép; đứng đắn, đoan trang, tề chỉnh","In Philosophy & Ethics, 'decent' is an essential term. [Trong Triết học & Đạo đức, ""decent"" là một thuật ngữ quan trọng.]",en,philosophy_ethics,single_word,B1
cf1e86ff-1f92-4b48-b0d8-ad23e460bded,deed,/diːd/,"việc làm, hành động, hành vi; kỳ công, chiến công, thành tích lớn","In Philosophy & Ethics, 'deed' is an essential term. [Trong Triết học & Đạo đức, ""deed"" là một thuật ngữ quan trọng.]",en,philosophy_ethics,single_word,B2
692fc372-07cf-4113-bfd9-a3ddcfc8f78d,demon,/ˈdiːmən/,"ma quỷ, yêu ma, ma quái; người độc ác, người ác hiểm, người hung ác","In Philosophy & Ethics, 'demon' is an essential term. [Trong Triết học & Đạo đức, ""demon"" là một thuật ngữ quan trọng.]",en,philosophy_ethics,single_word,C1
0175f629-aa0d-4107-b047-b944ddeec1b3,doctrine,/ˈdɒktrɪn/,học thuyết chủ nghĩa,"In Philosophy & Ethics, 'doctrine' is an essential term. [Trong Triết học & Đạo đức, ""doctrine"" là một thuật ngữ quan trọng.]",en,philosophy_ethics,single_word,B1
74fbd801-545c-44cc-8e11-09c574acc0ab,equal,/ˈiːkwəl/,"bằng nhau, như nhau; identically e. đồng nhất bằng","In Philosophy & Ethics, 'equal' is an essential term. [Trong Triết học & Đạo đức, ""equal"" là một thuật ngữ quan trọng.]",en,philosophy_ethics,single_word,B2
c74ee161-ec13-4e76-a5dc-965652ef685a,equip,/ɪˈkwɪp/,trang bị,"In Philosophy & Ethics, 'equip' is an essential term. [Trong Triết học & Đạo đức, ""equip"" là một thuật ngữ quan trọng.]",en,philosophy_ethics,single_word,C1
1e1981e0-8501-4603-9bc0-c4db3d5ce457,equipment,/ɪˈkwɪpmənt/,"trang bị, dụng cụ, thiết bị, máy móc; audio e. thiết bị âm thanh","In Philosophy & Ethics, 'equipment' is an essential term. [Trong Triết học & Đạo đức, ""equipment"" là một thuật ngữ quan trọng.]",en,philosophy_ethics,single_word,B1
a2956205-d89c-4fd5-afe7-74599a135b06,essentially,/ɪˈsenʃəli/,"về bản chất, về cơ bản","In Philosophy & Ethics, 'essentially' is an essential term. [Trong Triết học & Đạo đức, ""essentially"" là một thuật ngữ quan trọng.]",en,philosophy_ethics,single_word,B2
095435df-9784-4b02-aa13-297be5b5571d,excellence,/ˈeksələns/,"sự trội hơn, sự xuất sắc, sự ưu tú; tính ưu tú; điểm trội, sở trường","In Philosophy & Ethics, 'excellence' is an essential term. [Trong Triết học & Đạo đức, ""excellence"" là một thuật ngữ quan trọng.]",en,philosophy_ethics,single_word,C1
76776cf5-4a9a-4bb0-871c-d3b30d052d0e,excellent,/ˈeksələnt/,"hơn hẳn, trội hơn; rất tốt, thượng hạng, xuất sắc, ưu tú","In Philosophy & Ethics, 'excellent' is an essential term. [Trong Triết học & Đạo đức, ""excellent"" là một thuật ngữ quan trọng.]",en,philosophy_ethics,single_word,B1
fd611f37-401f-4c2a-8e0f-274dfd587645,exceptional,/ɪkˈsepʃənl/,ngoại lệ,"In Philosophy & Ethics, 'exceptional' is an essential term. [Trong Triết học & Đạo đức, ""exceptional"" là một thuật ngữ quan trọng.]",en,philosophy_ethics,single_word,B2
09fd15e2-867a-4f9b-8a53-6582d8aafeb6,excessive,/ɪkˈsesɪv/,"quá mức, thừa; quá thể, quá đáng","In Philosophy & Ethics, 'excessive' is an essential term. [Trong Triết học & Đạo đức, ""excessive"" là một thuật ngữ quan trọng.]",en,philosophy_ethics,single_word,C1
7c474157-8881-432e-a215-793854e27709,expect,/ɪkˈspekt/,"chờ đợi, hy vọng, kỳ vọng","In Philosophy & Ethics, 'expect' is an essential term. [Trong Triết học & Đạo đức, ""expect"" là một thuật ngữ quan trọng.]",en,philosophy_ethics,single_word,B1
672b6655-9f9f-4f68-a9cc-e67952333650,expected,/ɪkˈspektɪd/,được chờ đợi hy vọng,"In Philosophy & Ethics, 'expected' is an essential term. [Trong Triết học & Đạo đức, ""expected"" là một thuật ngữ quan trọng.]",en,philosophy_ethics,single_word,B2
66959587-3ab1-4d89-b799-222469b7bf12,fabulous,/ˈfæbjələs/,"thần thoại,  truyện cổ tích; bịa đặt, hoang đường; chuyên về thần thoại, chuyên về truyện cổ tích","In Philosophy & Ethics, 'fabulous' is an essential term. [Trong Triết học & Đạo đức, ""fabulous"" là một thuật ngữ quan trọng.]",en,philosophy_ethics,single_word,C1
e24e09af-0065-44b5-b3fa-17b1049ba65c,fairness,/ˈfeənəs/,"sự công bằng, sự không thiên vị; tính lương thiện, tính thẳng thắn, tính ngay thẳng, tính không gian lận; tính chất khá, tính chất khá tốt","In Philosophy & Ethics, 'fairness' is an essential term. [Trong Triết học & Đạo đức, ""fairness"" là một thuật ngữ quan trọng.]",en,philosophy_ethics,single_word,B1
e0e2e747-4ccc-41f8-af6e-7709d099105e,fantastic,/fænˈtæstɪk/,"kỳ quái, quái dị, lập dị; đồng bóng","In Philosophy & Ethics, 'fantastic' is an essential term. [Trong Triết học & Đạo đức, ""fantastic"" là một thuật ngữ quan trọng.]",en,philosophy_ethics,single_word,B2
ec81a348-ec66-44fb-aa68-3d3750d8210e,favourable,/ˈfeɪvərəbl/,"thuận tiện, tốt","In Philosophy & Ethics, 'favourable' is an essential term. [Trong Triết học & Đạo đức, ""favourable"" là một thuật ngữ quan trọng.]",en,philosophy_ethics,single_word,C1
ba0f24d6-188b-40b8-adb3-a79b140cf9a2,feedback,/ˈfiːdbæk/,sự liên hệ ngược; curent f. liên hệ ngược dòng,"In Philosophy & Ethics, 'feedback' is an essential term. [Trong Triết học & Đạo đức, ""feedback"" là một thuật ngữ quan trọng.]",en,philosophy_ethics,single_word,B1
1f242792-1ae6-4f83-97c1-7b80e3aa00cf,feminist,/ˈfemənɪst/,người theo thuyết nam nữ bình quyền; người bênh vực bình quyền cho phụ nữ,"In Philosophy & Ethics, 'feminist' is an essential term. [Trong Triết học & Đạo đức, ""feminist"" là một thuật ngữ quan trọng.]",en,philosophy_ethics,single_word,B2
2139e039-76bd-40fa-ab8c-b45ba304f912,fine,/faɪn/,"chính xác, thuần tuý;  mịn // làm sạch","In Philosophy & Ethics, 'fine' is an essential term. [Trong Triết học & Đạo đức, ""fine"" là một thuật ngữ quan trọng.]",en,philosophy_ethics,single_word,C1
f5a0f445-9f7c-4997-bd09-9bafb7b7aaf7,flesh,/fleʃ/,"thịt; thịt, cùi","In Philosophy & Ethics, 'flesh' is an essential term. [Trong Triết học & Đạo đức, ""flesh"" là một thuật ngữ quan trọng.]",en,philosophy_ethics,single_word,B1
2b4b497b-b9a3-49f6-bf6c-0e844106f243,fortunately,/ˈfɔːtʃənətli/,"may mắn, may thay","In Philosophy & Ethics, 'fortunately' is an essential term. [Trong Triết học & Đạo đức, ""fortunately"" là một thuật ngữ quan trọng.]",en,philosophy_ethics,single_word,B2
4de55176-3fc2-4ec6-86fc-9e88e87ac926,free,/friː/,tự do,"In Philosophy & Ethics, 'free' is an essential term. [Trong Triết học & Đạo đức, ""free"" là một thuật ngữ quan trọng.]",en,philosophy_ethics,single_word,C1
bd0a94c9-683b-48aa-a1ce-802be6acd55d,freely,/ˈfriːli/,một cách tự do,"In Philosophy & Ethics, 'freely' is an essential term. [Trong Triết học & Đạo đức, ""freely"" là một thuật ngữ quan trọng.]",en,philosophy_ethics,single_word,B1
209a4bbe-8d76-4526-9aa4-858a5c136962,function,/ˈfʌŋkʃn/,"hàm, hàm số; chức năng // tác dụng, vận hành; f. of bounded variation hàm có biến phân bị chặn","In Philosophy & Ethics, 'function' is an essential term. [Trong Triết học & Đạo đức, ""function"" là một thuật ngữ quan trọng.]",en,philosophy_ethics,single_word,B2
35e31ab5-039d-45cb-89fd-4d0db1271d12,generous,/ˈdʒenərəs/,"rộng lượng, khoan hồng; rộng rãi, hào phóng","In Philosophy & Ethics, 'generous' is an essential term. [Trong Triết học & Đạo đức, ""generous"" là một thuật ngữ quan trọng.]",en,philosophy_ethics,single_word,C1
17d5a862-d8ab-48b4-8852-ca127486b189,great,/ɡreɪt/,"lớn, to lớn, vĩ đại; hết sức, rất","In Philosophy & Ethics, 'great' is an essential term. [Trong Triết học & Đạo đức, ""great"" là một thuật ngữ quan trọng.]",en,philosophy_ethics,single_word,B1
0b309df9-9842-4eb2-9c3a-f94924ef21e1,hang,/hæŋ/,"sự cúi xuống, sự gục xuống; dốc, mặt dốc","In Philosophy & Ethics, 'hang' is an essential term. [Trong Triết học & Đạo đức, ""hang"" là một thuật ngữ quan trọng.]",en,philosophy_ethics,single_word,B2
73c9f1dd-dbb1-4fd3-9e16-e1f417dd82b5,hence,/hens/,"do đó, từ dó, như vậy","In Philosophy & Ethics, 'hence' is an essential term. [Trong Triết học & Đạo đức, ""hence"" là một thuật ngữ quan trọng.]",en,philosophy_ethics,single_word,C1
f4403ac9-5f0d-47e0-90b7-4ffa9db51e4c,hero,/ˈhɪərəʊ/,người anh hùng; nhân vật nam chính,"In Philosophy & Ethics, 'hero' is an essential term. [Trong Triết học & Đạo đức, ""hero"" là một thuật ngữ quan trọng.]",en,philosophy_ethics,single_word,B1
c880c343-16b6-4598-b8e6-bf83f7d16b3b,hint,/hɪnt/,lời gợi ý,"In Philosophy & Ethics, 'hint' is an essential term. [Trong Triết học & Đạo đức, ""hint"" là một thuật ngữ quan trọng.]",en,philosophy_ethics,single_word,B2
379691fc-aa2e-4df8-b4e4-58db45a8602e,moral philosophy,/moral philosophy/,đạo đức triết học,"In Philosophy & Ethics, moral philosophy plays an integral role. [Trong Triết học & Đạo đức, đạo đức triết học đóng vai trò thiết yếu.]",en,philosophy_ethics,phrase,B1
b04e5fc7-3b18-4a8f-98c5-0d68e8f9f7a6,moral dilemma,/moral dilemma/,đạo đức tiến thoái lưỡng nan,"In Philosophy & Ethics, moral dilemma plays an integral role. [Trong Triết học & Đạo đức, đạo đức tiến thoái lưỡng nan đóng vai trò thiết yếu.]",en,philosophy_ethics,phrase,B2
cb0af179-1b2c-4bbf-b8df-43846ae2644c,moral inquiry,/moral inquiry/,đạo đức suy xét,"In Philosophy & Ethics, moral inquiry plays an integral role. [Trong Triết học & Đạo đức, đạo đức suy xét đóng vai trò thiết yếu.]",en,philosophy_ethics,phrase,C1
12099cc7-db65-4e2a-b8e4-13e72b3a21ef,moral question,/moral question/,đạo đức câu hỏi,"In Philosophy & Ethics, moral question plays an integral role. [Trong Triết học & Đạo đức, đạo đức câu hỏi đóng vai trò thiết yếu.]",en,philosophy_ethics,phrase,B1
53eb3b86-54cc-4c5a-8e63-ff2898755835,moral thinking,/moral thinking/,đạo đức tư duy,"In Philosophy & Ethics, moral thinking plays an integral role. [Trong Triết học & Đạo đức, đạo đức tư duy đóng vai trò thiết yếu.]",en,philosophy_ethics,phrase,B2
312ca979-9ccf-4e07-a699-f25d4de32107,moral concept,/moral concept/,đạo đức khái niệm,"In Philosophy & Ethics, moral concept plays an integral role. [Trong Triết học & Đạo đức, đạo đức khái niệm đóng vai trò thiết yếu.]",en,philosophy_ethics,phrase,B2
1c6086ef-31b3-41d0-9c27-2016020c11d0,moral theory,/moral theory/,đạo đức lý thuyết,"In Philosophy & Ethics, moral theory plays an integral role. [Trong Triết học & Đạo đức, đạo đức lý thuyết đóng vai trò thiết yếu.]",en,philosophy_ethics,phrase,C1
ecef84b7-5a81-4652-a138-fcaf3053ff0c,moral value,/moral value/,đạo đức giá trị,"In Philosophy & Ethics, moral value plays an integral role. [Trong Triết học & Đạo đức, đạo đức giá trị đóng vai trò thiết yếu.]",en,philosophy_ethics,phrase,B1
68fad5b5-1e10-4004-bd42-152deeecaf73,ethical philosophy,/ethical philosophy/,luân lý triết học,"In Philosophy & Ethics, ethical philosophy plays an integral role. [Trong Triết học & Đạo đức, luân lý triết học đóng vai trò thiết yếu.]",en,philosophy_ethics,phrase,B2
5158b05a-b221-4560-9cb1-dd6373e73d2f,ethical dilemma,/ethical dilemma/,luân lý tiến thoái lưỡng nan,"In Philosophy & Ethics, ethical dilemma plays an integral role. [Trong Triết học & Đạo đức, luân lý tiến thoái lưỡng nan đóng vai trò thiết yếu.]",en,philosophy_ethics,phrase,C1
6b316fd5-3387-42db-8ec8-b8df3c785264,ethical inquiry,/ethical inquiry/,luân lý suy xét,"In Philosophy & Ethics, ethical inquiry plays an integral role. [Trong Triết học & Đạo đức, luân lý suy xét đóng vai trò thiết yếu.]",en,philosophy_ethics,phrase,B1
a03000ee-22bd-4201-86b0-838453dc6ec3,ethical question,/ethical question/,luân lý câu hỏi,"In Philosophy & Ethics, ethical question plays an integral role. [Trong Triết học & Đạo đức, luân lý câu hỏi đóng vai trò thiết yếu.]",en,philosophy_ethics,phrase,B2
d114cf55-b226-4172-96e1-9d1db63ee608,ethical thinking,/ethical thinking/,luân lý tư duy,"In Philosophy & Ethics, ethical thinking plays an integral role. [Trong Triết học & Đạo đức, luân lý tư duy đóng vai trò thiết yếu.]",en,philosophy_ethics,phrase,C1
06e63d1e-3fcd-46f8-b1b5-ee159ce31b27,ethical concept,/ethical concept/,luân lý khái niệm,"In Philosophy & Ethics, ethical concept plays an integral role. [Trong Triết học & Đạo đức, luân lý khái niệm đóng vai trò thiết yếu.]",en,philosophy_ethics,phrase,C1
7e8ab5b5-7264-4a21-92fe-02fa14cc7cb1,ethical theory,/ethical theory/,luân lý lý thuyết,"In Philosophy & Ethics, ethical theory plays an integral role. [Trong Triết học & Đạo đức, luân lý lý thuyết đóng vai trò thiết yếu.]",en,philosophy_ethics,phrase,B1
2500fc76-131d-42ce-98bc-1d4a3663d8ee,ethical value,/ethical value/,luân lý giá trị,"In Philosophy & Ethics, ethical value plays an integral role. [Trong Triết học & Đạo đức, luân lý giá trị đóng vai trò thiết yếu.]",en,philosophy_ethics,phrase,B2
47ff8ba0-456e-4d48-b3f3-07a7b3ddc060,philosophical philosophy,/philosophical philosophy/,triết học triết học,"In Philosophy & Ethics, philosophical philosophy plays an integral role. [Trong Triết học & Đạo đức, triết học triết học đóng vai trò thiết yếu.]",en,philosophy_ethics,phrase,C1
cf5c3df6-5088-4a70-b17e-74bc2bae1070,philosophical dilemma,/philosophical dilemma/,triết học tiến thoái lưỡng nan,"In Philosophy & Ethics, philosophical dilemma plays an integral role. [Trong Triết học & Đạo đức, triết học tiến thoái lưỡng nan đóng vai trò thiết yếu.]",en,philosophy_ethics,phrase,B1
dec080b7-ac62-4037-bf7a-e7a94bd820a1,philosophical inquiry,/philosophical inquiry/,triết học suy xét,"In Philosophy & Ethics, philosophical inquiry plays an integral role. [Trong Triết học & Đạo đức, triết học suy xét đóng vai trò thiết yếu.]",en,philosophy_ethics,phrase,B2
55818925-33f5-40f5-a8bf-aa4730c6c42b,philosophical question,/philosophical question/,triết học câu hỏi,"In Philosophy & Ethics, philosophical question plays an integral role. [Trong Triết học & Đạo đức, triết học câu hỏi đóng vai trò thiết yếu.]",en,philosophy_ethics,phrase,C1
5c781868-4adc-45f8-9f9d-0cc0263fbd34,philosophical thinking,/philosophical thinking/,triết học tư duy,"In Philosophy & Ethics, philosophical thinking plays an integral role. [Trong Triết học & Đạo đức, triết học tư duy đóng vai trò thiết yếu.]",en,philosophy_ethics,phrase,B1
d983e584-076d-4fd4-8032-2aa402d018cc,philosophical concept,/philosophical concept/,triết học khái niệm,"In Philosophy & Ethics, philosophical concept plays an integral role. [Trong Triết học & Đạo đức, triết học khái niệm đóng vai trò thiết yếu.]",en,philosophy_ethics,phrase,B1
99a4ba39-4893-44fd-9117-20253dde3f2c,philosophical theory,/philosophical theory/,triết học lý thuyết,"In Philosophy & Ethics, philosophical theory plays an integral role. [Trong Triết học & Đạo đức, triết học lý thuyết đóng vai trò thiết yếu.]",en,philosophy_ethics,phrase,B2
2301176f-a93e-4b6a-ab7f-a291d3fe36e1,philosophical value,/philosophical value/,triết học giá trị,"In Philosophy & Ethics, philosophical value plays an integral role. [Trong Triết học & Đạo đức, triết học giá trị đóng vai trò thiết yếu.]",en,philosophy_ethics,phrase,C1
ddb63582-f61c-4b1c-a375-ed4c7826c749,existential philosophy,/existential philosophy/,hiện sinh triết học,"In Philosophy & Ethics, existential philosophy plays an integral role. [Trong Triết học & Đạo đức, hiện sinh triết học đóng vai trò thiết yếu.]",en,philosophy_ethics,phrase,B1
ad8a1dbd-7312-403e-96a2-52dbff6319ed,existential dilemma,/existential dilemma/,hiện sinh tiến thoái lưỡng nan,"In Philosophy & Ethics, existential dilemma plays an integral role. [Trong Triết học & Đạo đức, hiện sinh tiến thoái lưỡng nan đóng vai trò thiết yếu.]",en,philosophy_ethics,phrase,B2
c96446fd-6a44-402c-8bc8-9c5923bd9cf2,existential inquiry,/existential inquiry/,hiện sinh suy xét,"In Philosophy & Ethics, existential inquiry plays an integral role. [Trong Triết học & Đạo đức, hiện sinh suy xét đóng vai trò thiết yếu.]",en,philosophy_ethics,phrase,C1
9f29de7e-346a-4d64-b4e0-dc833dd8a9fa,existential question,/existential question/,hiện sinh câu hỏi,"In Philosophy & Ethics, existential question plays an integral role. [Trong Triết học & Đạo đức, hiện sinh câu hỏi đóng vai trò thiết yếu.]",en,philosophy_ethics,phrase,B1
aec51647-59db-4f01-91d1-39067b6ba932,existential thinking,/existential thinking/,hiện sinh tư duy,"In Philosophy & Ethics, existential thinking plays an integral role. [Trong Triết học & Đạo đức, hiện sinh tư duy đóng vai trò thiết yếu.]",en,philosophy_ethics,phrase,B2
f5624c8b-9ddf-4646-b91f-b66c764628cd,existential ethics,/existential ethics/,hiện sinh đạo đức học,"In Philosophy & Ethics, existential ethics plays an integral role. [Trong Triết học & Đạo đức, hiện sinh đạo đức học đóng vai trò thiết yếu.]",en,philosophy_ethics,phrase,B1
e3bf2026-f8b0-46ec-a105-8f054d660dd0,existential concept,/existential concept/,hiện sinh khái niệm,"In Philosophy & Ethics, existential concept plays an integral role. [Trong Triết học & Đạo đức, hiện sinh khái niệm đóng vai trò thiết yếu.]",en,philosophy_ethics,phrase,B2
d80045db-562e-46bd-a55d-523be857696f,existential theory,/existential theory/,hiện sinh lý thuyết,"In Philosophy & Ethics, existential theory plays an integral role. [Trong Triết học & Đạo đức, hiện sinh lý thuyết đóng vai trò thiết yếu.]",en,philosophy_ethics,phrase,C1
442e66a9-19a6-4d1d-a226-9a2404343e44,existential value,/existential value/,hiện sinh giá trị,"In Philosophy & Ethics, existential value plays an integral role. [Trong Triết học & Đạo đức, hiện sinh giá trị đóng vai trò thiết yếu.]",en,philosophy_ethics,phrase,B1
79a28351-8170-4b18-b47c-0368f8487b03,rational philosophy,/rational philosophy/,lý tính triết học,"In Philosophy & Ethics, rational philosophy plays an integral role. [Trong Triết học & Đạo đức, lý tính triết học đóng vai trò thiết yếu.]",en,philosophy_ethics,phrase,B2
70d38bdd-1c29-459b-836e-4ac379825c9f,rational dilemma,/rational dilemma/,lý tính tiến thoái lưỡng nan,"In Philosophy & Ethics, rational dilemma plays an integral role. [Trong Triết học & Đạo đức, lý tính tiến thoái lưỡng nan đóng vai trò thiết yếu.]",en,philosophy_ethics,phrase,C1
097e58d3-4a1a-4ede-bdfe-719c7437ad3b,rational inquiry,/rational inquiry/,lý tính suy xét,"In Philosophy & Ethics, rational inquiry plays an integral role. [Trong Triết học & Đạo đức, lý tính suy xét đóng vai trò thiết yếu.]",en,philosophy_ethics,phrase,B1
a8fad29a-46d7-4424-a99e-ba08ba04822e,rational question,/rational question/,lý tính câu hỏi,"In Philosophy & Ethics, rational question plays an integral role. [Trong Triết học & Đạo đức, lý tính câu hỏi đóng vai trò thiết yếu.]",en,philosophy_ethics,phrase,B2
29cb750e-0723-4861-b289-b57ec23eee59,rational thinking,/rational thinking/,lý tính tư duy,"In Philosophy & Ethics, rational thinking plays an integral role. [Trong Triết học & Đạo đức, lý tính tư duy đóng vai trò thiết yếu.]",en,philosophy_ethics,phrase,C1
1019d437-48ed-488c-a3ab-fc6dd588c3c9,rational concept,/rational concept/,lý tính khái niệm,"In Philosophy & Ethics, rational concept plays an integral role. [Trong Triết học & Đạo đức, lý tính khái niệm đóng vai trò thiết yếu.]",en,philosophy_ethics,phrase,C1
c250ee6f-a613-4fc7-b463-b8d8bae0f01d,rational theory,/rational theory/,lý tính lý thuyết,"In Philosophy & Ethics, rational theory plays an integral role. [Trong Triết học & Đạo đức, lý tính lý thuyết đóng vai trò thiết yếu.]",en,philosophy_ethics,phrase,B1
2ef1e1e1-f900-4385-ac4a-48c165b29f70,rational value,/rational value/,lý tính giá trị,"In Philosophy & Ethics, rational value plays an integral role. [Trong Triết học & Đạo đức, lý tính giá trị đóng vai trò thiết yếu.]",en,philosophy_ethics,phrase,B2
580662d0-d801-4448-9690-b7585d84a74f,utilitarian philosophy,/utilitarian philosophy/,vị lợi triết học,"In Philosophy & Ethics, utilitarian philosophy plays an integral role. [Trong Triết học & Đạo đức, vị lợi triết học đóng vai trò thiết yếu.]",en,philosophy_ethics,phrase,C1
01709113-e883-4047-850e-41b9becd7bf7,utilitarian dilemma,/utilitarian dilemma/,vị lợi tiến thoái lưỡng nan,"In Philosophy & Ethics, utilitarian dilemma plays an integral role. [Trong Triết học & Đạo đức, vị lợi tiến thoái lưỡng nan đóng vai trò thiết yếu.]",en,philosophy_ethics,phrase,B1
2ce26245-9b3e-4acb-bf57-bc3f0f5a424e,utilitarian inquiry,/utilitarian inquiry/,vị lợi suy xét,"In Philosophy & Ethics, utilitarian inquiry plays an integral role. [Trong Triết học & Đạo đức, vị lợi suy xét đóng vai trò thiết yếu.]",en,philosophy_ethics,phrase,B2
11b9d150-b5c4-462f-8e14-83f31211af08,utilitarian question,/utilitarian question/,vị lợi câu hỏi,"In Philosophy & Ethics, utilitarian question plays an integral role. [Trong Triết học & Đạo đức, vị lợi câu hỏi đóng vai trò thiết yếu.]",en,philosophy_ethics,phrase,C1
7efef847-98f8-4352-be10-19d2f272b55e,utilitarian thinking,/utilitarian thinking/,vị lợi tư duy,"In Philosophy & Ethics, utilitarian thinking plays an integral role. [Trong Triết học & Đạo đức, vị lợi tư duy đóng vai trò thiết yếu.]",en,philosophy_ethics,phrase,B1
3ab8f39f-3431-46c1-8324-5cdfc165f0da,utilitarian principle,/utilitarian principle/,vị lợi nguyên tắc,"In Philosophy & Ethics, utilitarian principle plays an integral role. [Trong Triết học & Đạo đức, vị lợi nguyên tắc đóng vai trò thiết yếu.]",en,philosophy_ethics,phrase,B2
74d00b54-4664-4d7b-a96c-c8ead452dcc3,utilitarian ethics,/utilitarian ethics/,vị lợi đạo đức học,"In Philosophy & Ethics, utilitarian ethics plays an integral role. [Trong Triết học & Đạo đức, vị lợi đạo đức học đóng vai trò thiết yếu.]",en,philosophy_ethics,phrase,C1
397822dd-e7e8-4a57-8909-e13890dbb67e,utilitarian concept,/utilitarian concept/,vị lợi khái niệm,"In Philosophy & Ethics, utilitarian concept plays an integral role. [Trong Triết học & Đạo đức, vị lợi khái niệm đóng vai trò thiết yếu.]",en,philosophy_ethics,phrase,B1
08c76cda-3e39-414c-9d1b-2ced4b404a3c,utilitarian theory,/utilitarian theory/,vị lợi lý thuyết,"In Philosophy & Ethics, utilitarian theory plays an integral role. [Trong Triết học & Đạo đức, vị lợi lý thuyết đóng vai trò thiết yếu.]",en,philosophy_ethics,phrase,B2
52ea941e-35cc-4bca-9887-7c7ec98cdce3,shirt,/ʃɜːt/,"áo sơ mi; chọc tức ai, làm cho ai nổi giận","In Fashion & Lifestyle, 'shirt' is an essential term. [Trong Thời trang & Phong cách, ""shirt"" là một thuật ngữ quan trọng.]",en,fashion_lifestyle,single_word,B1
f7f6cb98-e6b5-4cfa-b3dc-becfe8afe1b4,format,/ˈfɔːmæt/,"khuôn dạng, dạng thức, hình thức; định khuôn dạng","In Fashion & Lifestyle, 'format' is an essential term. [Trong Thời trang & Phong cách, ""format"" là một thuật ngữ quan trọng.]",en,fashion_lifestyle,single_word,B2
86858146-8b6c-4cdf-898e-13761d8f9384,gaze,/ɡeɪz/,cái nhìn chằm chằm; nhìn chằm chằm,"In Fashion & Lifestyle, 'gaze' is an essential term. [Trong Thời trang & Phong cách, ""gaze"" là một thuật ngữ quan trọng.]",en,fashion_lifestyle,single_word,C1
e25fb1f0-d308-4e8b-ae97-85431e5b7eff,glance,/ɡlɑːns/,"quặng bóng; cái nhìn thoáng qua, cái liếc qua","In Fashion & Lifestyle, 'glance' is an essential term. [Trong Thời trang & Phong cách, ""glance"" là một thuật ngữ quan trọng.]",en,fashion_lifestyle,single_word,B1
dcf6c605-0a5f-452e-bd76-cce7afc0d953,gorgeous,/ˈɡɔːdʒəs/,"rực rỡ, lộng lẫy, đẹp đẽ, tráng lệ, huy hoàng; ,   tuyệt đẹp, kỳ diệu","In Fashion & Lifestyle, 'gorgeous' is an essential term. [Trong Thời trang & Phong cách, ""gorgeous"" là một thuật ngữ quan trọng.]",en,fashion_lifestyle,single_word,B2
72c0d6eb-1035-4313-83fb-29cc7c5d5604,graphics,/ˈɡræfɪks/,"môn đồ họa, môn đồ hình; thiết bị dồ họa/hình","In Fashion & Lifestyle, 'graphics' is an essential term. [Trong Thời trang & Phong cách, ""graphics"" là một thuật ngữ quan trọng.]",en,fashion_lifestyle,single_word,C1
d223196e-4300-455c-a20b-ed49562244e0,inspect,/ɪnˈspekt/,"kiểm tra, quan sát","In Fashion & Lifestyle, 'inspect' is an essential term. [Trong Thời trang & Phong cách, ""inspect"" là một thuật ngữ quan trọng.]",en,fashion_lifestyle,single_word,B1
4bf50ebf-c7c4-48f0-8c84-bff732005468,jewellery,/ˈdʒuːəlri/,"đồ châu báu; đồ nữ trang, đồ kim hoàn; nghệ thuật làm đồ kim hoàn","In Fashion & Lifestyle, 'jewellery' is an essential term. [Trong Thời trang & Phong cách, ""jewellery"" là một thuật ngữ quan trọng.]",en,fashion_lifestyle,single_word,B2
68196e19-fc49-4066-bfd8-7e3c463d0617,landscape,/ˈlændskeɪp/,phong cảnh; làm đẹp phong cảnh,"In Fashion & Lifestyle, 'landscape' is an essential term. [Trong Thời trang & Phong cách, ""landscape"" là một thuật ngữ quan trọng.]",en,fashion_lifestyle,single_word,C1
e104ef88-c573-4832-9b18-693376a1da2a,logo,/ˈləʊɡəʊ/,biểu trưng,"In Fashion & Lifestyle, 'logo' is an essential term. [Trong Thời trang & Phong cách, ""logo"" là một thuật ngữ quan trọng.]",en,fashion_lifestyle,single_word,B1
a442edcb-76a9-4390-a13c-46c4217715e1,mask,/mɑːsk/,mặt lạ; vật che // che đậy; đeo mặt nạ,"In Fashion & Lifestyle, 'mask' is an essential term. [Trong Thời trang & Phong cách, ""mask"" là một thuật ngữ quan trọng.]",en,fashion_lifestyle,single_word,B2
8f5db411-b53e-444b-8bcd-c49a4cbdb494,old-fashioned,/ˌəʊld ˈfæʃnd/,"cũ, không hợp thời trang; nệ cổ, lạc hậu, hủ lậu","In Fashion & Lifestyle, 'old-fashioned' is an essential term. [Trong Thời trang & Phong cách, ""old-fashioned"" là một thuật ngữ quan trọng.]",en,fashion_lifestyle,single_word,C1
717de33b-d4db-42b5-aa6b-e6ed01f1c014,pin,/pɪn/,"ghim, đinh ghim; cặp, kẹp","In Fashion & Lifestyle, 'pin' is an essential term. [Trong Thời trang & Phong cách, ""pin"" là một thuật ngữ quan trọng.]",en,fashion_lifestyle,single_word,B1
cc37337e-1b68-4ef7-ba99-16b9cf2ad813,pocket,/ˈpɒkɪt/,túi đựng bìa,"In Fashion & Lifestyle, 'pocket' is an essential term. [Trong Thời trang & Phong cách, ""pocket"" là một thuật ngữ quan trọng.]",en,fashion_lifestyle,single_word,B2
74a23ecd-4d77-4050-b36f-2b158ccd4c3d,pretty,/ˈprɪti/,"xinh, xinh xinh, xinh xắn, xinh đẹp; hay hay, thú vị, đẹp mắt","In Fashion & Lifestyle, 'pretty' is an essential term. [Trong Thời trang & Phong cách, ""pretty"" là một thuật ngữ quan trọng.]",en,fashion_lifestyle,single_word,C1
5d2ab7dc-a989-4cb0-a95e-9be410b536ef,read,/riːd/,đọc,"In Fashion & Lifestyle, 'read' is an essential term. [Trong Thời trang & Phong cách, ""read"" là một thuật ngữ quan trọng.]",en,fashion_lifestyle,single_word,B1
084908d7-cee5-4006-822e-42d372023d79,resemble,/rɪˈzembl/,giống nhau,"In Fashion & Lifestyle, 'resemble' is an essential term. [Trong Thời trang & Phong cách, ""resemble"" là một thuật ngữ quan trọng.]",en,fashion_lifestyle,single_word,B2
f59076e7-2d32-4d69-872e-99b94e843150,ring,/rɪŋ/,vành;  vành khăn; r. of convergence  vành khăn hội tụ,"In Fashion & Lifestyle, 'ring' is an essential term. [Trong Thời trang & Phong cách, ""ring"" là một thuật ngữ quan trọng.]",en,fashion_lifestyle,single_word,C1
1f668efb-6c35-4ebb-b9e2-1db29587b09a,scan,/skæn/,"đọc thử xem có đúng âm luật và nhịp điệu; ngâm, bình","In Fashion & Lifestyle, 'scan' is an essential term. [Trong Thời trang & Phong cách, ""scan"" là một thuật ngữ quan trọng.]",en,fashion_lifestyle,single_word,B1
910361b1-3b40-4203-8f7f-f1e0d64b3578,seek,/siːk/,tìm tòi; cố gắng,"In Fashion & Lifestyle, 'seek' is an essential term. [Trong Thời trang & Phong cách, ""seek"" là một thuật ngữ quan trọng.]",en,fashion_lifestyle,single_word,B2
25b55227-1c33-4ff8-a64f-b1da77fb1052,self,/self/,"đồng màu, cùng màu; một màu","In Fashion & Lifestyle, 'self' is an essential term. [Trong Thời trang & Phong cách, ""self"" là một thuật ngữ quan trọng.]",en,fashion_lifestyle,single_word,C1
01fcd54a-9177-4119-981e-d870605efd63,sheet,/ʃiːt/,tầng; tờ; s. of hyperboloid tầng của một hipeboloid,"In Fashion & Lifestyle, 'sheet' is an essential term. [Trong Thời trang & Phong cách, ""sheet"" là một thuật ngữ quan trọng.]",en,fashion_lifestyle,single_word,B1
689a6de1-b350-4a9d-b84b-34c161dcf4a7,short-term,/ˌʃɔːt ˈtɜːm/,ngắn kỳ,"In Fashion & Lifestyle, 'short-term' is an essential term. [Trong Thời trang & Phong cách, ""short-term"" là một thuật ngữ quan trọng.]",en,fashion_lifestyle,single_word,B2
a2da8757-cb70-4377-bf6f-aecd59ce374e,shrink,/ʃrɪŋk/,co rút,"In Fashion & Lifestyle, 'shrink' is an essential term. [Trong Thời trang & Phong cách, ""shrink"" là một thuật ngữ quan trọng.]",en,fashion_lifestyle,single_word,C1
a990081e-44e1-45b7-8309-7ed611efc4fa,sir,/sɜː(r)/,"thưa ông, thưa ngài, thưa tiên sinh;  thưa thủ trưởng; ngài, đức","In Fashion & Lifestyle, 'sir' is an essential term. [Trong Thời trang & Phong cách, ""sir"" là một thuật ngữ quan trọng.]",en,fashion_lifestyle,single_word,B1
8a411a1d-1642-41df-a40b-e3e1806b087b,skirt,/skɜːt/,"vạt áo; váy, xiêm","In Fashion & Lifestyle, 'skirt' is an essential term. [Trong Thời trang & Phong cách, ""skirt"" là một thuật ngữ quan trọng.]",en,fashion_lifestyle,single_word,B2
16ab2075-9c1b-4485-96c8-511c2f06b13d,sky,/skaɪ/,"trời, bầu trời; cõi tiên, thiêng đường","In Fashion & Lifestyle, 'sky' is an essential term. [Trong Thời trang & Phong cách, ""sky"" là một thuật ngữ quan trọng.]",en,fashion_lifestyle,single_word,C1
e4051339-87bd-4633-a3a3-b3f9877028c0,specialized,/ˈspeʃəlaɪzd/,"chuyên dụng; thích ứng, thiết kế cho một mục đích riêng; chuyên;  chuyên gia, liên quan đến chuyên gia","In Fashion & Lifestyle, 'specialized' is an essential term. [Trong Thời trang & Phong cách, ""specialized"" là một thuật ngữ quan trọng.]",en,fashion_lifestyle,single_word,B1
ac150c38-3f95-4109-a9aa-3b3103e55fee,specification,/ˌspesɪfɪˈkeɪʃn/,"chi tiết, chi tiết hoá","In Fashion & Lifestyle, 'specification' is an essential term. [Trong Thời trang & Phong cách, ""specification"" là một thuật ngữ quan trọng.]",en,fashion_lifestyle,single_word,B2
f4fd0e04-4865-47d7-8237-c438a5ee4f0e,stamp,/stæmp/,tem; con dấu; dấu,"In Fashion & Lifestyle, 'stamp' is an essential term. [Trong Thời trang & Phong cách, ""stamp"" là một thuật ngữ quan trọng.]",en,fashion_lifestyle,single_word,C1
fbceffce-c66b-41a0-a8ac-fbf29a5cb8cb,stare,/steə(r)/,"sự nhìn chòng chọc, sự nhìn chằm chằm; cái nhìn chòng chọc, cái nhìn chằm chằm","In Fashion & Lifestyle, 'stare' is an essential term. [Trong Thời trang & Phong cách, ""stare"" là một thuật ngữ quan trọng.]",en,fashion_lifestyle,single_word,B1
c0269a68-c493-47d0-afb0-c28aef176a05,suit,/suːt/,"bộ com lê, bộ quần áo; lời xin, lời yêu cầu, lời thỉnh cầu","In Fashion & Lifestyle, 'suit' is an essential term. [Trong Thời trang & Phong cách, ""suit"" là một thuật ngữ quan trọng.]",en,fashion_lifestyle,single_word,B2
86244c61-85b1-4b6c-be84-d01689f04167,sweater,/ˈswetə(r)/,"người ra nhiều mồ hôi; kẻ bắt công nhân làm đổ mồ hôi sôi nước mắt, kẻ bóc lột công nhân","In Fashion & Lifestyle, 'sweater' is an essential term. [Trong Thời trang & Phong cách, ""sweater"" là một thuật ngữ quan trọng.]",en,fashion_lifestyle,single_word,C1
af6ce464-f442-4521-bb03-c893cc050ebd,t-shirt,/ˈtiː ʃɜːt/,áo lót dệt kim ngắn tay,"In Fashion & Lifestyle, 't-shirt' is an essential term. [Trong Thời trang & Phong cách, ""t-shirt"" là một thuật ngữ quan trọng.]",en,fashion_lifestyle,single_word,B1
aeb71b9c-1999-459c-92c2-4b40bdd8cdba,tag,/tæɡ/,sắt bịt đầu; mép khuy giày ủng,"In Fashion & Lifestyle, 'tag' is an essential term. [Trong Thời trang & Phong cách, ""tag"" là một thuật ngữ quan trọng.]",en,fashion_lifestyle,single_word,B2
39d68668-5059-4c62-ade9-bbaec85b1331,texture,/ˈtekstʃə(r)/,"sự dệt, lối dệt; vải","In Fashion & Lifestyle, 'texture' is an essential term. [Trong Thời trang & Phong cách, ""texture"" là một thuật ngữ quan trọng.]",en,fashion_lifestyle,single_word,C1
d43dd742-fbb4-4b9b-b288-b2eafbbc7b5c,thread,/θred/,"chỉ, sợi chỉ, sợi dây; dòng, mạch","In Fashion & Lifestyle, 'thread' is an essential term. [Trong Thời trang & Phong cách, ""thread"" là một thuật ngữ quan trọng.]",en,fashion_lifestyle,single_word,B1
c51afdaa-0b13-42b7-9c64-0c2d3020379b,tie,/taɪ/,"dây buộc, dây cột, dây trói; dây giày; ca vát","In Fashion & Lifestyle, 'tie' is an essential term. [Trong Thời trang & Phong cách, ""tie"" là một thuật ngữ quan trọng.]",en,fashion_lifestyle,single_word,B2
c163a594-4b5c-4c9c-a06b-a60aa3ebfb96,towel,/ˈtaʊəl/,"khăn lau; khăn tắm; đầu hàng, chịu thua","In Fashion & Lifestyle, 'towel' is an essential term. [Trong Thời trang & Phong cách, ""towel"" là một thuật ngữ quan trọng.]",en,fashion_lifestyle,single_word,C1
26c1d66a-a7f0-4fed-b042-686c4fa5b50a,trousers,/ˈtraʊzəz/,quần  pair of trousers),"In Fashion & Lifestyle, 'trousers' is an essential term. [Trong Thời trang & Phong cách, ""trousers"" là một thuật ngữ quan trọng.]",en,fashion_lifestyle,single_word,B1
125e4eef-c603-409b-a6b2-8adfba60f753,ugly,/ˈʌɡli/,"xấu, xấu xí; xấu, xấu xa, khó chịu; đáng sợ","In Fashion & Lifestyle, 'ugly' is an essential term. [Trong Thời trang & Phong cách, ""ugly"" là một thuật ngữ quan trọng.]",en,fashion_lifestyle,single_word,B2
8e5a6a9a-0988-4bad-905e-0e0f24821fc7,uncomfortable,/ʌnˈkʌmftəbl/,"bất tiện, không tiện; không thoải mái; bực bội, khó chịu","In Fashion & Lifestyle, 'uncomfortable' is an essential term. [Trong Thời trang & Phong cách, ""uncomfortable"" là một thuật ngữ quan trọng.]",en,fashion_lifestyle,single_word,C1
5a8551b1-e932-4bcc-9100-6670e55b6ad7,uniform,/ˈjuːnɪfɔːm/,đều,"In Fashion & Lifestyle, 'uniform' is an essential term. [Trong Thời trang & Phong cách, ""uniform"" là một thuật ngữ quan trọng.]",en,fashion_lifestyle,single_word,B1
e80b0278-acbf-49f5-94d8-2ade9596a40b,view,/vjuː/,"dạng; phép chiếu; in v. of theo, chú ý...","In Fashion & Lifestyle, 'view' is an essential term. [Trong Thời trang & Phong cách, ""view"" là một thuật ngữ quan trọng.]",en,fashion_lifestyle,single_word,B2
8f039dc9-01bc-45ea-83a7-66929bdae68c,watch,/wɒtʃ/,"đồng hồ quả quít; đồng hồ đeo tay; sự canh gác, sự canh phòng","In Fashion & Lifestyle, 'watch' is an essential term. [Trong Thời trang & Phong cách, ""watch"" là một thuật ngữ quan trọng.]",en,fashion_lifestyle,single_word,C1
fa8aca78-fde8-4556-9b68-6c8dcaa8a3b7,weave,/wiːv/,"kiểu, dệt; dệt","In Fashion & Lifestyle, 'weave' is an essential term. [Trong Thời trang & Phong cách, ""weave"" là một thuật ngữ quan trọng.]",en,fashion_lifestyle,single_word,B1
ad23b779-1cef-4619-b13c-e03f0b5abc54,wipe,/waɪp/,"sự lau, sự chùi; cái tát, cái quật","In Fashion & Lifestyle, 'wipe' is an essential term. [Trong Thời trang & Phong cách, ""wipe"" là một thuật ngữ quan trọng.]",en,fashion_lifestyle,single_word,B2
ccfabda4-4c6e-4097-bf02-9f6c25f5afc8,wonder,/ˈwʌndə(r)/,"vật kỳ diệu, kỳ quan, vật phi thường; điều kỳ lạ, điều kỳ diệu; kỳ công; người kỳ diệu, thần đồng","In Fashion & Lifestyle, 'wonder' is an essential term. [Trong Thời trang & Phong cách, ""wonder"" là một thuật ngữ quan trọng.]",en,fashion_lifestyle,single_word,C1
08eb1dc8-12be-494b-8636-c100ccdf9935,affordable,/əˈfɔːdəbl/,có thể chi trả,"In Fashion & Lifestyle, 'affordable' is an essential term. [Trong Thời trang & Phong cách, ""affordable"" là một thuật ngữ quan trọng.]",en,fashion_lifestyle,single_word,B1
d782ae9a-3cb2-4201-b849-b575fe5495d4,against,/əˈɡenst/,"chống lại, ngược lại, phản đối; tương phản với","In Fashion & Lifestyle, 'against' is an essential term. [Trong Thời trang & Phong cách, ""against"" là một thuật ngữ quan trọng.]",en,fashion_lifestyle,single_word,B2
f1695d28-4ced-45bc-8713-5efb024acb2e,fashion trend,/fashion trend/,thời trang xu hướng,"In Fashion & Lifestyle, fashion trend plays an integral role. [Trong Thời trang & Phong cách, thời trang xu hướng đóng vai trò thiết yếu.]",en,fashion_lifestyle,phrase,B1
974acfd6-1c73-4dfb-a0dc-ecdd4ed8c141,fashion couture,/fashion couture/,thời trang may đo cao cấp,"In Fashion & Lifestyle, fashion couture plays an integral role. [Trong Thời trang & Phong cách, thời trang may đo cao cấp đóng vai trò thiết yếu.]",en,fashion_lifestyle,phrase,B2
46c0af55-7776-4c3e-9bc3-ded9fca3ac55,fashion clothing,/fashion clothing/,thời trang trang phục,"In Fashion & Lifestyle, fashion clothing plays an integral role. [Trong Thời trang & Phong cách, thời trang trang phục đóng vai trò thiết yếu.]",en,fashion_lifestyle,phrase,C1
ad974273-805d-4777-a1b5-34bce9f8551a,fashion fashion,/fashion fashion/,thời trang thời trang,"In Fashion & Lifestyle, fashion fashion plays an integral role. [Trong Thời trang & Phong cách, thời trang thời trang đóng vai trò thiết yếu.]",en,fashion_lifestyle,phrase,B1
21252ced-f098-44b1-91e7-539a0fffc282,fashion wear,/fashion wear/,thời trang đồ mặc,"In Fashion & Lifestyle, fashion wear plays an integral role. [Trong Thời trang & Phong cách, thời trang đồ mặc đóng vai trò thiết yếu.]",en,fashion_lifestyle,phrase,B2
fbf38104-ec55-4e1f-a7e6-87f920c93bc6,fashion label,/fashion label/,thời trang thương hiệu,"In Fashion & Lifestyle, fashion label plays an integral role. [Trong Thời trang & Phong cách, thời trang thương hiệu đóng vai trò thiết yếu.]",en,fashion_lifestyle,phrase,C1
306e2aa3-e438-4cb3-9652-6abaa5c42ef7,fashion elegance,/fashion elegance/,thời trang thanh lịch,"In Fashion & Lifestyle, fashion elegance plays an integral role. [Trong Thời trang & Phong cách, thời trang thanh lịch đóng vai trò thiết yếu.]",en,fashion_lifestyle,phrase,B1
735f69c1-d282-4063-9081-3524a015d6fb,fashion suit,/fashion suit/,thời trang bộ âu phục,"In Fashion & Lifestyle, fashion suit plays an integral role. [Trong Thời trang & Phong cách, thời trang bộ âu phục đóng vai trò thiết yếu.]",en,fashion_lifestyle,phrase,B2
d90768d9-bfac-41f3-a89b-0d0bb27f15a0,fashion lifestyle,/fashion lifestyle/,thời trang phong cách sống,"In Fashion & Lifestyle, fashion lifestyle plays an integral role. [Trong Thời trang & Phong cách, thời trang phong cách sống đóng vai trò thiết yếu.]",en,fashion_lifestyle,phrase,C1
95e02f17-cd4d-49d8-aeaa-40cadb836045,fashion aesthetic,/fashion aesthetic/,thời trang thẩm mỹ,"In Fashion & Lifestyle, fashion aesthetic plays an integral role. [Trong Thời trang & Phong cách, thời trang thẩm mỹ đóng vai trò thiết yếu.]",en,fashion_lifestyle,phrase,B1
ce6715dc-1a23-4be1-abea-94db87620698,haute trend,/haute trend/,cao cấp xu hướng,"In Fashion & Lifestyle, haute trend plays an integral role. [Trong Thời trang & Phong cách, cao cấp xu hướng đóng vai trò thiết yếu.]",en,fashion_lifestyle,phrase,B2
f9b74ec6-5b20-4641-af88-3d534da8399b,haute clothing,/haute clothing/,cao cấp trang phục,"In Fashion & Lifestyle, haute clothing plays an integral role. [Trong Thời trang & Phong cách, cao cấp trang phục đóng vai trò thiết yếu.]",en,fashion_lifestyle,phrase,B1
bf139e4f-f35a-4399-9800-b09137ae999f,haute fashion,/haute fashion/,cao cấp thời trang,"In Fashion & Lifestyle, haute fashion plays an integral role. [Trong Thời trang & Phong cách, cao cấp thời trang đóng vai trò thiết yếu.]",en,fashion_lifestyle,phrase,B2
f2bd53e6-afed-4de1-a529-632b3521204b,haute wear,/haute wear/,cao cấp đồ mặc,"In Fashion & Lifestyle, haute wear plays an integral role. [Trong Thời trang & Phong cách, cao cấp đồ mặc đóng vai trò thiết yếu.]",en,fashion_lifestyle,phrase,C1
d3036ca1-013e-4d7f-a28c-0d58334e16fc,haute label,/haute label/,cao cấp thương hiệu,"In Fashion & Lifestyle, haute label plays an integral role. [Trong Thời trang & Phong cách, cao cấp thương hiệu đóng vai trò thiết yếu.]",en,fashion_lifestyle,phrase,B1
8c34722b-0207-418f-9aff-699ca5229ed3,haute elegance,/haute elegance/,cao cấp thanh lịch,"In Fashion & Lifestyle, haute elegance plays an integral role. [Trong Thời trang & Phong cách, cao cấp thanh lịch đóng vai trò thiết yếu.]",en,fashion_lifestyle,phrase,B2
0fb1085f-a9f8-438c-9ff3-0a1a51ae4297,haute suit,/haute suit/,cao cấp bộ âu phục,"In Fashion & Lifestyle, haute suit plays an integral role. [Trong Thời trang & Phong cách, cao cấp bộ âu phục đóng vai trò thiết yếu.]",en,fashion_lifestyle,phrase,C1
94c983af-19c7-45cd-8470-c6aca6b15b83,haute lifestyle,/haute lifestyle/,cao cấp phong cách sống,"In Fashion & Lifestyle, haute lifestyle plays an integral role. [Trong Thời trang & Phong cách, cao cấp phong cách sống đóng vai trò thiết yếu.]",en,fashion_lifestyle,phrase,B1
89d9fa5a-bf76-4c5e-913a-300aad46a2f1,haute aesthetic,/haute aesthetic/,cao cấp thẩm mỹ,"In Fashion & Lifestyle, haute aesthetic plays an integral role. [Trong Thời trang & Phong cách, cao cấp thẩm mỹ đóng vai trò thiết yếu.]",en,fashion_lifestyle,phrase,B2
d559c190-aba3-4a14-9bc6-a48cd2c21512,vintage trend,/vintage trend/,cổ điển xu hướng,"In Fashion & Lifestyle, vintage trend plays an integral role. [Trong Thời trang & Phong cách, cổ điển xu hướng đóng vai trò thiết yếu.]",en,fashion_lifestyle,phrase,C1
7981a8cc-c51b-4081-a643-ed08b1452837,vintage clothing,/vintage clothing/,cổ điển trang phục,"In Fashion & Lifestyle, vintage clothing plays an integral role. [Trong Thời trang & Phong cách, cổ điển trang phục đóng vai trò thiết yếu.]",en,fashion_lifestyle,phrase,B2
4bf9f3ba-4214-403a-9e6f-61a2c6e7bf1a,vintage fashion,/vintage fashion/,cổ điển thời trang,"In Fashion & Lifestyle, vintage fashion plays an integral role. [Trong Thời trang & Phong cách, cổ điển thời trang đóng vai trò thiết yếu.]",en,fashion_lifestyle,phrase,C1
1ae0d4cb-c7ce-403e-8125-397604a1b94c,vintage wear,/vintage wear/,cổ điển đồ mặc,"In Fashion & Lifestyle, vintage wear plays an integral role. [Trong Thời trang & Phong cách, cổ điển đồ mặc đóng vai trò thiết yếu.]",en,fashion_lifestyle,phrase,B1
be9fe18c-2a7e-47ac-8b19-2c5fb7fe3d9e,vintage label,/vintage label/,cổ điển thương hiệu,"In Fashion & Lifestyle, vintage label plays an integral role. [Trong Thời trang & Phong cách, cổ điển thương hiệu đóng vai trò thiết yếu.]",en,fashion_lifestyle,phrase,B2
e39bcb43-4bc4-4514-8715-22afd76184d4,vintage elegance,/vintage elegance/,cổ điển thanh lịch,"In Fashion & Lifestyle, vintage elegance plays an integral role. [Trong Thời trang & Phong cách, cổ điển thanh lịch đóng vai trò thiết yếu.]",en,fashion_lifestyle,phrase,C1
2dc56866-1d64-4479-afa3-403142a0d808,vintage suit,/vintage suit/,cổ điển bộ âu phục,"In Fashion & Lifestyle, vintage suit plays an integral role. [Trong Thời trang & Phong cách, cổ điển bộ âu phục đóng vai trò thiết yếu.]",en,fashion_lifestyle,phrase,B1
b75357fc-dc71-4424-8285-89fc20159fd4,vintage lifestyle,/vintage lifestyle/,cổ điển phong cách sống,"In Fashion & Lifestyle, vintage lifestyle plays an integral role. [Trong Thời trang & Phong cách, cổ điển phong cách sống đóng vai trò thiết yếu.]",en,fashion_lifestyle,phrase,B2
25cfda63-d73d-48dc-8292-fea3074479bc,vintage aesthetic,/vintage aesthetic/,cổ điển thẩm mỹ,"In Fashion & Lifestyle, vintage aesthetic plays an integral role. [Trong Thời trang & Phong cách, cổ điển thẩm mỹ đóng vai trò thiết yếu.]",en,fashion_lifestyle,phrase,C1
3165fccc-49a5-4824-a4f5-657686e59777,sustainable trend,/sustainable trend/,bền vững xu hướng,"In Fashion & Lifestyle, sustainable trend plays an integral role. [Trong Thời trang & Phong cách, bền vững xu hướng đóng vai trò thiết yếu.]",en,fashion_lifestyle,phrase,B1
e435b1e4-3837-4b87-98a4-8756c6fa2c25,sustainable couture,/sustainable couture/,bền vững may đo cao cấp,"In Fashion & Lifestyle, sustainable couture plays an integral role. [Trong Thời trang & Phong cách, bền vững may đo cao cấp đóng vai trò thiết yếu.]",en,fashion_lifestyle,phrase,B2
35f788d7-52d1-4065-b7c6-9f9b9f452a6e,sustainable clothing,/sustainable clothing/,bền vững trang phục,"In Fashion & Lifestyle, sustainable clothing plays an integral role. [Trong Thời trang & Phong cách, bền vững trang phục đóng vai trò thiết yếu.]",en,fashion_lifestyle,phrase,C1
75b3a432-0646-4395-8612-46b97015e801,sustainable fashion,/sustainable fashion/,bền vững thời trang,"In Fashion & Lifestyle, sustainable fashion plays an integral role. [Trong Thời trang & Phong cách, bền vững thời trang đóng vai trò thiết yếu.]",en,fashion_lifestyle,phrase,B1
8c6703e9-5bfa-4a63-a4de-f0bfe8059873,sustainable wear,/sustainable wear/,bền vững đồ mặc,"In Fashion & Lifestyle, sustainable wear plays an integral role. [Trong Thời trang & Phong cách, bền vững đồ mặc đóng vai trò thiết yếu.]",en,fashion_lifestyle,phrase,B2
5a9e40d2-50b1-4bce-ac29-8564cd36a0e4,sustainable label,/sustainable label/,bền vững thương hiệu,"In Fashion & Lifestyle, sustainable label plays an integral role. [Trong Thời trang & Phong cách, bền vững thương hiệu đóng vai trò thiết yếu.]",en,fashion_lifestyle,phrase,C1
9a8e2cc2-a2f3-4fa0-98c1-944d03028f9b,sustainable elegance,/sustainable elegance/,bền vững thanh lịch,"In Fashion & Lifestyle, sustainable elegance plays an integral role. [Trong Thời trang & Phong cách, bền vững thanh lịch đóng vai trò thiết yếu.]",en,fashion_lifestyle,phrase,B1
ee9648f0-d7f2-4e7f-a948-179a775cfb5b,sustainable suit,/sustainable suit/,bền vững bộ âu phục,"In Fashion & Lifestyle, sustainable suit plays an integral role. [Trong Thời trang & Phong cách, bền vững bộ âu phục đóng vai trò thiết yếu.]",en,fashion_lifestyle,phrase,B2
6db33114-87d3-4aac-a2de-c9481f1d6489,sustainable lifestyle,/sustainable lifestyle/,bền vững phong cách sống,"In Fashion & Lifestyle, sustainable lifestyle plays an integral role. [Trong Thời trang & Phong cách, bền vững phong cách sống đóng vai trò thiết yếu.]",en,fashion_lifestyle,phrase,C1
3a399559-eed3-4195-9d23-69e74e1d5e24,sustainable aesthetic,/sustainable aesthetic/,bền vững thẩm mỹ,"In Fashion & Lifestyle, sustainable aesthetic plays an integral role. [Trong Thời trang & Phong cách, bền vững thẩm mỹ đóng vai trò thiết yếu.]",en,fashion_lifestyle,phrase,B1
36379ec9-8d14-4318-a3f7-82a0bed432ce,casual trend,/casual trend/,thường ngày xu hướng,"In Fashion & Lifestyle, casual trend plays an integral role. [Trong Thời trang & Phong cách, thường ngày xu hướng đóng vai trò thiết yếu.]",en,fashion_lifestyle,phrase,B2
88006219-fa55-404f-a41a-dc5039cdfb79,casual couture,/casual couture/,thường ngày may đo cao cấp,"In Fashion & Lifestyle, casual couture plays an integral role. [Trong Thời trang & Phong cách, thường ngày may đo cao cấp đóng vai trò thiết yếu.]",en,fashion_lifestyle,phrase,C1
ec800ac0-5dd0-450b-8e86-b43d7f4d26fd,casual clothing,/casual clothing/,thường ngày trang phục,"In Fashion & Lifestyle, casual clothing plays an integral role. [Trong Thời trang & Phong cách, thường ngày trang phục đóng vai trò thiết yếu.]",en,fashion_lifestyle,phrase,B1
62ecb9e3-1991-401c-b265-9d12652a38e9,casual fashion,/casual fashion/,thường ngày thời trang,"In Fashion & Lifestyle, casual fashion plays an integral role. [Trong Thời trang & Phong cách, thường ngày thời trang đóng vai trò thiết yếu.]",en,fashion_lifestyle,phrase,B2
3975c81a-f755-42b0-a7c6-e2f5526b401b,casual wear,/casual wear/,thường ngày đồ mặc,"In Fashion & Lifestyle, casual wear plays an integral role. [Trong Thời trang & Phong cách, thường ngày đồ mặc đóng vai trò thiết yếu.]",en,fashion_lifestyle,phrase,C1
bc42b8d9-408f-4042-b7ad-5a5938a47f0c,casual label,/casual label/,thường ngày thương hiệu,"In Fashion & Lifestyle, casual label plays an integral role. [Trong Thời trang & Phong cách, thường ngày thương hiệu đóng vai trò thiết yếu.]",en,fashion_lifestyle,phrase,B1
4db619fa-64f1-40d1-8e44-0032646e8bc3,casual elegance,/casual elegance/,thường ngày thanh lịch,"In Fashion & Lifestyle, casual elegance plays an integral role. [Trong Thời trang & Phong cách, thường ngày thanh lịch đóng vai trò thiết yếu.]",en,fashion_lifestyle,phrase,B2
7865cd8e-5678-4433-b598-bb213459a349,casual suit,/casual suit/,thường ngày bộ âu phục,"In Fashion & Lifestyle, casual suit plays an integral role. [Trong Thời trang & Phong cách, thường ngày bộ âu phục đóng vai trò thiết yếu.]",en,fashion_lifestyle,phrase,C1
9cb1a01c-f1a7-4e79-93f4-f7b71eaf8901,casual lifestyle,/casual lifestyle/,thường ngày phong cách sống,"In Fashion & Lifestyle, casual lifestyle plays an integral role. [Trong Thời trang & Phong cách, thường ngày phong cách sống đóng vai trò thiết yếu.]",en,fashion_lifestyle,phrase,B1
d581a0f2-7615-4b35-8deb-b149483c896f,casual aesthetic,/casual aesthetic/,thường ngày thẩm mỹ,"In Fashion & Lifestyle, casual aesthetic plays an integral role. [Trong Thời trang & Phong cách, thường ngày thẩm mỹ đóng vai trò thiết yếu.]",en,fashion_lifestyle,phrase,B2
fd874b6f-4013-4d37-ae50-4e8c779d1897,designer trend,/designer trend/,nhà thiết kế xu hướng,"In Fashion & Lifestyle, designer trend plays an integral role. [Trong Thời trang & Phong cách, nhà thiết kế xu hướng đóng vai trò thiết yếu.]",en,fashion_lifestyle,phrase,C1
d031f909-4f44-4810-b627-7e527cf32e99,designer couture,/designer couture/,nhà thiết kế may đo cao cấp,"In Fashion & Lifestyle, designer couture plays an integral role. [Trong Thời trang & Phong cách, nhà thiết kế may đo cao cấp đóng vai trò thiết yếu.]",en,fashion_lifestyle,phrase,B1
89c88cb0-a6f3-45af-b09c-7578acc60ff2,warn,/wɔːn/,báo trước lưu ý,"In Security & Defense, 'warn' is an essential term. [Trong An ninh & Quốc phòng, ""warn"" là một thuật ngữ quan trọng.]",en,security_defense,single_word,B1
197ab0e5-2fcc-4e21-8a82-9dfb55d98f09,armed,/ɑːmd/,vũ trang,"In Security & Defense, 'armed' is an essential term. [Trong An ninh & Quốc phòng, ""armed"" là một thuật ngữ quan trọng.]",en,security_defense,single_word,B2
ecdbffb1-7056-463d-a85a-6505181f21a8,east,/iːst/,"hướng đông, phương đông, phía đông; miền đông","In Security & Defense, 'east' is an essential term. [Trong An ninh & Quốc phòng, ""east"" là một thuật ngữ quan trọng.]",en,security_defense,single_word,C1
5117d445-4761-4756-8c51-0053af3cf859,farming,/ˈfɑːmɪŋ/,"công việc đồng áng, công việc trồng trọt","In Security & Defense, 'farming' is an essential term. [Trong An ninh & Quốc phòng, ""farming"" là một thuật ngữ quan trọng.]",en,security_defense,single_word,B1
fd1ef69f-96fa-445c-be39-399ec49a345d,fight,/faɪt/,"sự đấu tranh, sự chiến đấu; trận đánh, cuộc chiến đấu; sự mâu thuẫn, sự lục đục","In Security & Defense, 'fight' is an essential term. [Trong An ninh & Quốc phòng, ""fight"" là một thuật ngữ quan trọng.]",en,security_defense,single_word,B2
fd0ceb25-27cc-413b-b14d-c8205bf51467,fighting,/ˈfaɪtɪŋ/,"sự chiến đấu, sự đánh nhau; cuộc chiến đấu, cuộc đấu tranh, cuộc đánh nhau","In Security & Defense, 'fighting' is an essential term. [Trong An ninh & Quốc phòng, ""fighting"" là một thuật ngữ quan trọng.]",en,security_defense,single_word,C1
fb69a353-c570-42bc-9047-bbc42697e03d,firefighter,/ˈfaɪəfaɪtə(r)/,lính chữa cháy,"In Security & Defense, 'firefighter' is an essential term. [Trong An ninh & Quốc phòng, ""firefighter"" là một thuật ngữ quan trọng.]",en,security_defense,single_word,B1
c725caae-e8c8-43cf-aab4-43957b1e8974,gravity,/ˈɡrævəti/,"vl trọng lực, sức nặng, sự hấp dẫn; specific g., specific weight trọng lượng riêng, tỷ trọng","In Security & Defense, 'gravity' is an essential term. [Trong An ninh & Quốc phòng, ""gravity"" là một thuật ngữ quan trọng.]",en,security_defense,single_word,B2
17a1a077-8e5c-4c0e-ac96-b5157a29ded7,harmony,/ˈhɑːməni/,"sự hài hoà, sự cân đối; sự hoà thuận, sự hoà hợp","In Security & Defense, 'harmony' is an essential term. [Trong An ninh & Quốc phòng, ""harmony"" là một thuật ngữ quan trọng.]",en,security_defense,single_word,C1
092dbb2b-af25-45a9-8e15-5be03c490e15,hear,/hɪə(r)/,nghe,"In Security & Defense, 'hear' is an essential term. [Trong An ninh & Quốc phòng, ""hear"" là một thuật ngữ quan trọng.]",en,security_defense,single_word,B1
43a74091-eb28-4689-8666-a681d9709487,inspector,/ɪnˈspektə(r)/,người thanh tra; phó trưởng khu cảnh sát,"In Security & Defense, 'inspector' is an essential term. [Trong An ninh & Quốc phòng, ""inspector"" là một thuật ngữ quan trọng.]",en,security_defense,single_word,B2
1205d388-d5b4-4869-90b3-848f97a86a26,knife,/naɪf/,"con dao, lưỡi dao","In Security & Defense, 'knife' is an essential term. [Trong An ninh & Quốc phòng, ""knife"" là một thuật ngữ quan trọng.]",en,security_defense,single_word,C1
78d33891-ac4f-4f3b-8bc8-95caabd3c485,left,/left/,"trái; tả; về phía trái, về phía tả","In Security & Defense, 'left' is an essential term. [Trong An ninh & Quốc phòng, ""left"" là một thuật ngữ quan trọng.]",en,security_defense,single_word,B1
92de88b8-2a75-4a96-8820-11b642914433,loose,/luːs/,"tự do; không chính xác, không xác định; không trù mật","In Security & Defense, 'loose' is an essential term. [Trong An ninh & Quốc phòng, ""loose"" là một thuật ngữ quan trọng.]",en,security_defense,single_word,B2
226d44cd-9a23-436b-8974-17ca83c26c12,margin,/ˈmɑːdʒɪn/,"bờ, biên, giới hạn, cận; lượng dữ trữ; m. of safety hệ số an toàn","In Security & Defense, 'margin' is an essential term. [Trong An ninh & Quốc phòng, ""margin"" là một thuật ngữ quan trọng.]",en,security_defense,single_word,C1
94b2033e-57dc-46e9-9819-17d3657fa2cb,merit,/ˈmerɪt/,chất lượng; tính năng; ưu điểm; signal-to-noise m.  nhân tố ồn,"In Security & Defense, 'merit' is an essential term. [Trong An ninh & Quốc phòng, ""merit"" là một thuật ngữ quan trọng.]",en,security_defense,single_word,B1
0745e1e2-43ec-4e51-9439-90c57171482a,missile,/ˈmɪsaɪl/,có thể phóng ra; vật phóng ra,"In Security & Defense, 'missile' is an essential term. [Trong An ninh & Quốc phòng, ""missile"" là một thuật ngữ quan trọng.]",en,security_defense,single_word,B2
e4c53288-5529-4f23-a640-17b58d6845d8,north,/nɔːθ/,"hướng bắc, phương bắc, phía bắc; miền bắc","In Security & Defense, 'north' is an essential term. [Trong An ninh & Quốc phòng, ""north"" là một thuật ngữ quan trọng.]",en,security_defense,single_word,C1
b15f492f-4ab1-46cb-be2b-cfafca542a62,ok,/əʊˈkeɪ/,"đồng ý, được, tán thành; sự đồng ý, sự tán thành","In Security & Defense, 'ok' is an essential term. [Trong An ninh & Quốc phòng, ""ok"" là một thuật ngữ quan trọng.]",en,security_defense,single_word,B1
9b23d225-e39b-4d0f-95a0-36a12324aa06,oppose,/əˈpəʊz/,đối lập; phản đối,"In Security & Defense, 'oppose' is an essential term. [Trong An ninh & Quốc phòng, ""oppose"" là một thuật ngữ quan trọng.]",en,security_defense,single_word,B2
600d57ee-7c2e-4d52-af79-8ec911a43adf,plunge,/plʌndʒ/,"sự lao mình xuống ; cái nhảy đâm đầu xuống; bước liều, sự lao vào","In Security & Defense, 'plunge' is an essential term. [Trong An ninh & Quốc phòng, ""plunge"" là một thuật ngữ quan trọng.]",en,security_defense,single_word,C1
123f4adb-c70b-423a-b505-c7ab31261cfc,policy,/ˈpɒləsi/,"chính sách, chế độ; insurance p. chế độ bảo hiểm","In Security & Defense, 'policy' is an essential term. [Trong An ninh & Quốc phòng, ""policy"" là một thuật ngữ quan trọng.]",en,security_defense,single_word,B1
2f7e495e-2d6c-43de-aa7d-848bc916e4e6,pose,/pəʊz/,đặt,"In Security & Defense, 'pose' is an essential term. [Trong An ninh & Quốc phòng, ""pose"" là một thuật ngữ quan trọng.]",en,security_defense,single_word,B2
047cc6e7-4832-4a88-ab11-956d01f20326,post-war,/ˌpəʊst ˈwɔː(r)/,sau chiến tranh,"In Security & Defense, 'post-war' is an essential term. [Trong An ninh & Quốc phòng, ""post-war"" là một thuật ngữ quan trọng.]",en,security_defense,single_word,C1
d14cce1a-757d-4f74-99b0-b9dbd35962cd,produce,/ˈprɒdjuːs/,người sản xuất,"In Security & Defense, 'produce' is an essential term. [Trong An ninh & Quốc phòng, ""produce"" là một thuật ngữ quan trọng.]",en,security_defense,single_word,B1
4fe1fbf2-faf2-478a-9249-a3bc6a11a4bf,racism,/ˈreɪsɪzəm/,chủ nghĩa phân biệt chủng tộc,"In Security & Defense, 'racism' is an essential term. [Trong An ninh & Quốc phòng, ""racism"" là một thuật ngữ quan trọng.]",en,security_defense,single_word,B2
dcb6c7df-b950-430f-8ec4-3aa552a6a15b,radiation,/ˌreɪdiˈeɪʃn/,"sự bức xạ, sự phát xạ; cosmic r. tia vũ trụ","In Security & Defense, 'radiation' is an essential term. [Trong An ninh & Quốc phòng, ""radiation"" là một thuật ngữ quan trọng.]",en,security_defense,single_word,C1
5324f8f8-1687-49ef-8c53-2f9f809e371c,realization,/ˌriːəlaɪˈzeɪʃn/,sự thực hiện; phếp thể hiện; r. of a group  phép thể hiện một nhóm,"In Security & Defense, 'realization' is an essential term. [Trong An ninh & Quốc phòng, ""realization"" là một thuật ngữ quan trọng.]",en,security_defense,single_word,B1
a35038c4-814b-4cf5-9914-6d88ad7b8c88,realize,/ˈriːəlaɪz/,thực hiện,"In Security & Defense, 'realize' is an essential term. [Trong An ninh & Quốc phòng, ""realize"" là một thuật ngữ quan trọng.]",en,security_defense,single_word,B2
b460a2ad-985d-45fe-bb67-df41fc38ca7b,rebel,/ˈrebl/,"người nổi loạn, người phiến loạn; người chống đối","In Security & Defense, 'rebel' is an essential term. [Trong An ninh & Quốc phòng, ""rebel"" là một thuật ngữ quan trọng.]",en,security_defense,single_word,C1
ec2797aa-d45f-49c9-b781-a47d2c2dacad,recruit,/rɪˈkruːt/,"lính mới; hội viên mới, thành viên mới","In Security & Defense, 'recruit' is an essential term. [Trong An ninh & Quốc phòng, ""recruit"" là một thuật ngữ quan trọng.]",en,security_defense,single_word,B1
fbe8191c-bde6-40ba-b620-edb17342d76d,refugee,/ˌrefjuˈdʒiː/,"người lánh nạn, người tị nạn; người tránh ra nước ngoài","In Security & Defense, 'refugee' is an essential term. [Trong An ninh & Quốc phòng, ""refugee"" là một thuật ngữ quan trọng.]",en,security_defense,single_word,B2
9516db59-c1be-4fb6-a212-2a429b9f6336,revelation,/ˌrevəˈleɪʃn/,"sự để lộ, sự tiết lộ, sự phát giác, sự khám phá; sự soi rạng, thiên khải","In Security & Defense, 'revelation' is an essential term. [Trong An ninh & Quốc phòng, ""revelation"" là một thuật ngữ quan trọng.]",en,security_defense,single_word,C1
95209320-767b-402f-ba74-663860287b30,risk,/rɪsk/,"độ mạo hiểm, mạo hiểm","In Security & Defense, 'risk' is an essential term. [Trong An ninh & Quốc phòng, ""risk"" là một thuật ngữ quan trọng.]",en,security_defense,single_word,B1
2d72d104-3f8e-4f39-ab4a-4c9054daeb5b,see,/siː/,thấy,"In Security & Defense, 'see' is an essential term. [Trong An ninh & Quốc phòng, ""see"" là một thuật ngữ quan trọng.]",en,security_defense,single_word,B2
e320d239-5680-42d2-afaa-9018179b36f2,serious,/ˈsɪəriəs/,"đứng đắn, nghiêm trang, nghiêm nghị; hệ trọng, quan trọng, không thể coi thường được; nghiêm trọng, trầm trọng, nặng","In Security & Defense, 'serious' is an essential term. [Trong An ninh & Quốc phòng, ""serious"" là một thuật ngữ quan trọng.]",en,security_defense,single_word,C1
6c70a1d2-8377-491c-b502-a2783e13b8ec,sink,/sɪŋk/,"thùng rửa bát, chậu rửa bát; ) vũng nước bẩn, vũng lầy; ổ","In Security & Defense, 'sink' is an essential term. [Trong An ninh & Quốc phòng, ""sink"" là một thuật ngữ quan trọng.]",en,security_defense,single_word,B1
2b5f0656-066a-4ced-91ef-b1c63a13090b,skull,/skʌl/,"sọ, đầu lâu; đầu óc, bộ óc","In Security & Defense, 'skull' is an essential term. [Trong An ninh & Quốc phòng, ""skull"" là một thuật ngữ quan trọng.]",en,security_defense,single_word,B2
42d40b03-497d-477c-8fa0-d3874a5c4f10,south,/saʊθ/,phương nam,"In Security & Defense, 'south' is an essential term. [Trong An ninh & Quốc phòng, ""south"" là một thuật ngữ quan trọng.]",en,security_defense,single_word,C1
01136c92-2cfe-4564-9749-b81b724aa2d0,spy,/spaɪ/,"gián điệp; người do thám, người trinh sát; làm gián điệp; do thám, theo dõi","In Security & Defense, 'spy' is an essential term. [Trong An ninh & Quốc phòng, ""spy"" là một thuật ngữ quan trọng.]",en,security_defense,single_word,B1
4821474c-e26f-4b08-80e4-202cd25edb70,straightforward,/ˌstreɪtˈfɔːwəd/,"thành thật, thẳng thắn; cởi mở; không phức tạp, không rắc rối","In Security & Defense, 'straightforward' is an essential term. [Trong An ninh & Quốc phòng, ""straightforward"" là một thuật ngữ quan trọng.]",en,security_defense,single_word,B2
6530a380-57b7-4af1-aca8-d2d57a56fd00,struggle,/ˈstrʌɡl/,"sự đấu tranh; cuộc đấu tranh, cuộc chiến đấu; đấu tranh, chống lại","In Security & Defense, 'struggle' is an essential term. [Trong An ninh & Quốc phòng, ""struggle"" là một thuật ngữ quan trọng.]",en,security_defense,single_word,C1
150bda7b-fdcb-4fac-8ba4-a56feefb94b9,subsequently,/ˈsʌbsɪkwəntli/,về sau,"In Security & Defense, 'subsequently' is an essential term. [Trong An ninh & Quốc phòng, ""subsequently"" là một thuật ngữ quan trọng.]",en,security_defense,single_word,B1
d5ef047d-761f-4548-8075-698de8a27fc7,suggest,/səˈdʒest/,"gợi, làm nảy ra trong trí; đề nghị","In Security & Defense, 'suggest' is an essential term. [Trong An ninh & Quốc phòng, ""suggest"" là một thuật ngữ quan trọng.]",en,security_defense,single_word,B2
3f12511e-33f7-4a5d-9d9e-d67fc6695291,supervise,/ˈsuːpəvaɪz/,giám sát,"In Security & Defense, 'supervise' is an essential term. [Trong An ninh & Quốc phòng, ""supervise"" là một thuật ngữ quan trọng.]",en,security_defense,single_word,C1
a25bab0e-ab75-494f-843d-e4872e157841,surrender,/səˈrendə(r)/,"sự đầu hàng; sự giao lại, sự dâng, sự nộp","In Security & Defense, 'surrender' is an essential term. [Trong An ninh & Quốc phòng, ""surrender"" là một thuật ngữ quan trọng.]",en,security_defense,single_word,B1
10625a2e-1ff6-4285-bf72-b0baf9e325d4,survival,/səˈvaɪvl/,"sự sống sót; người còn lại; vật sót lại ; tàn dư, tan tích","In Security & Defense, 'survival' is an essential term. [Trong An ninh & Quốc phòng, ""survival"" là một thuật ngữ quan trọng.]",en,security_defense,single_word,B2
42ab58fa-ab8b-4f1a-a961-ab7b46604142,survivor,/səˈvaɪvə(r)/,người sống sót,"In Security & Defense, 'survivor' is an essential term. [Trong An ninh & Quốc phòng, ""survivor"" là một thuật ngữ quan trọng.]",en,security_defense,single_word,C1
a414ac84-c4b0-45ee-a360-2ac7f185eebd,tight,/taɪt/,"kín, không thấm, không rỉ; chặt, khít","In Security & Defense, 'tight' is an essential term. [Trong An ninh & Quốc phòng, ""tight"" là một thuật ngữ quan trọng.]",en,security_defense,single_word,B1
ae399159-be05-4450-9dae-f7851f9a967d,touch,/tʌtʃ/,"sự sờ, sự mó, sự đụng, sự chạm; xúc giác","In Security & Defense, 'touch' is an essential term. [Trong An ninh & Quốc phòng, ""touch"" là một thuật ngữ quan trọng.]",en,security_defense,single_word,B2
69cbfd66-9d5d-440d-ad37-95bfd49f06be,national operation,/national operation/,quốc gia chiến dịch,"In Security & Defense, national operation plays an integral role. [Trong An ninh & Quốc phòng, quốc gia chiến dịch đóng vai trò thiết yếu.]",en,security_defense,phrase,B2
9ad5dddb-3341-4ce8-95ea-4ffc277b00e2,national control,/national control/,quốc gia kiểm soát,"In Security & Defense, national control plays an integral role. [Trong An ninh & Quốc phòng, quốc gia kiểm soát đóng vai trò thiết yếu.]",en,security_defense,phrase,C1
efc7a329-e737-4014-a80e-1eb8e4b537b8,national warfare,/national warfare/,quốc gia tác chiến,"In Security & Defense, national warfare plays an integral role. [Trong An ninh & Quốc phòng, quốc gia tác chiến đóng vai trò thiết yếu.]",en,security_defense,phrase,B1
0734db1a-5b10-460a-9311-4ebcf900b468,national forces,/national forces/,quốc gia lực lượng,"In Security & Defense, national forces plays an integral role. [Trong An ninh & Quốc phòng, quốc gia lực lượng đóng vai trò thiết yếu.]",en,security_defense,phrase,B2
92ea97bc-1f91-4843-b4a5-29e889acb813,national capability,/national capability/,quốc gia năng lực,"In Security & Defense, national capability plays an integral role. [Trong An ninh & Quốc phòng, quốc gia năng lực đóng vai trò thiết yếu.]",en,security_defense,phrase,C1
8d4da400-713e-4c27-9f5c-ae35e92447f5,national maneuver,/national maneuver/,quốc gia điều động,"In Security & Defense, national maneuver plays an integral role. [Trong An ninh & Quốc phòng, quốc gia điều động đóng vai trò thiết yếu.]",en,security_defense,phrase,B1
40d64694-eff1-42fe-a850-d31d0ee1630c,national terrorism,/national terrorism/,quốc gia khủng bố,"In Security & Defense, national terrorism plays an integral role. [Trong An ninh & Quốc phòng, quốc gia khủng bố đóng vai trò thiết yếu.]",en,security_defense,phrase,B2
03ef0e83-14af-4645-951b-51b74033d7c8,national clearance,/national clearance/,quốc gia cấp phép an ninh,"In Security & Defense, national clearance plays an integral role. [Trong An ninh & Quốc phòng, quốc gia cấp phép an ninh đóng vai trò thiết yếu.]",en,security_defense,phrase,C1
32b6e9bc-94f2-42ff-a8cb-07e767949880,military operation,/military operation/,quân sự chiến dịch,"In Security & Defense, military operation plays an integral role. [Trong An ninh & Quốc phòng, quân sự chiến dịch đóng vai trò thiết yếu.]",en,security_defense,phrase,C1
f54c098b-2603-4889-93ea-c523b5b5b953,military control,/military control/,quân sự kiểm soát,"In Security & Defense, military control plays an integral role. [Trong An ninh & Quốc phòng, quân sự kiểm soát đóng vai trò thiết yếu.]",en,security_defense,phrase,B1
16aa682d-85c1-4198-af20-71519c1aa36a,military warfare,/military warfare/,quân sự tác chiến,"In Security & Defense, military warfare plays an integral role. [Trong An ninh & Quốc phòng, quân sự tác chiến đóng vai trò thiết yếu.]",en,security_defense,phrase,B2
35b1f02c-cda9-402f-886c-f17979939f6a,military forces,/military forces/,quân sự lực lượng,"In Security & Defense, military forces plays an integral role. [Trong An ninh & Quốc phòng, quân sự lực lượng đóng vai trò thiết yếu.]",en,security_defense,phrase,C1
5ba930be-b871-4ad6-af87-26f4427c86a0,military capability,/military capability/,quân sự năng lực,"In Security & Defense, military capability plays an integral role. [Trong An ninh & Quốc phòng, quân sự năng lực đóng vai trò thiết yếu.]",en,security_defense,phrase,B1
a5363ac2-0520-438f-b1a0-3db8b570df9b,military maneuver,/military maneuver/,quân sự điều động,"In Security & Defense, military maneuver plays an integral role. [Trong An ninh & Quốc phòng, quân sự điều động đóng vai trò thiết yếu.]",en,security_defense,phrase,B2
db8bfa74-6298-42d0-8e92-0e0155efbead,military terrorism,/military terrorism/,quân sự khủng bố,"In Security & Defense, military terrorism plays an integral role. [Trong An ninh & Quốc phòng, quân sự khủng bố đóng vai trò thiết yếu.]",en,security_defense,phrase,C1
17fbcc39-058a-4513-b4ae-ded6fc70283f,military clearance,/military clearance/,quân sự cấp phép an ninh,"In Security & Defense, military clearance plays an integral role. [Trong An ninh & Quốc phòng, quân sự cấp phép an ninh đóng vai trò thiết yếu.]",en,security_defense,phrase,B1
600ad3ac-f4ad-41e5-a70b-870888e4e2bf,border defense,/border defense/,biên giới quốc phòng,"In Security & Defense, border defense plays an integral role. [Trong An ninh & Quốc phòng, biên giới quốc phòng đóng vai trò thiết yếu.]",en,security_defense,phrase,C1
d3678c85-3a7e-4d8b-9e6f-dc53df9007cc,border operation,/border operation/,biên giới chiến dịch,"In Security & Defense, border operation plays an integral role. [Trong An ninh & Quốc phòng, biên giới chiến dịch đóng vai trò thiết yếu.]",en,security_defense,phrase,B1
7c74b66e-c65e-405c-9508-ec85b8954238,border control,/border control/,biên giới kiểm soát,"In Security & Defense, border control plays an integral role. [Trong An ninh & Quốc phòng, biên giới kiểm soát đóng vai trò thiết yếu.]",en,security_defense,phrase,B2
4d927d7e-b544-45de-9e5f-2743fe379963,border warfare,/border warfare/,biên giới tác chiến,"In Security & Defense, border warfare plays an integral role. [Trong An ninh & Quốc phòng, biên giới tác chiến đóng vai trò thiết yếu.]",en,security_defense,phrase,C1
bc615ea3-b3db-42bd-9ecb-1b5d3c973d11,border forces,/border forces/,biên giới lực lượng,"In Security & Defense, border forces plays an integral role. [Trong An ninh & Quốc phòng, biên giới lực lượng đóng vai trò thiết yếu.]",en,security_defense,phrase,B1
fdfe606b-8316-4641-99b9-09dd3295164b,border capability,/border capability/,biên giới năng lực,"In Security & Defense, border capability plays an integral role. [Trong An ninh & Quốc phòng, biên giới năng lực đóng vai trò thiết yếu.]",en,security_defense,phrase,B2
76a4a0da-f636-44d8-8777-2bee4476e215,border maneuver,/border maneuver/,biên giới điều động,"In Security & Defense, border maneuver plays an integral role. [Trong An ninh & Quốc phòng, biên giới điều động đóng vai trò thiết yếu.]",en,security_defense,phrase,C1
edb6b29b-7853-4e5e-9586-4e06729d230d,border terrorism,/border terrorism/,biên giới khủng bố,"In Security & Defense, border terrorism plays an integral role. [Trong An ninh & Quốc phòng, biên giới khủng bố đóng vai trò thiết yếu.]",en,security_defense,phrase,B1
9dd739dd-5184-462d-8e91-4e3801768fa1,border clearance,/border clearance/,biên giới cấp phép an ninh,"In Security & Defense, border clearance plays an integral role. [Trong An ninh & Quốc phòng, biên giới cấp phép an ninh đóng vai trò thiết yếu.]",en,security_defense,phrase,B2
c4d3ae05-0eeb-4e35-83be-29b6daf3129f,border deterrence,/border deterrence/,biên giới răn đe,"In Security & Defense, border deterrence plays an integral role. [Trong An ninh & Quốc phòng, biên giới răn đe đóng vai trò thiết yếu.]",en,security_defense,phrase,C1
7a59d1d0-a974-492d-ac80-0551e58ddf2c,cyber defense,/cyber defense/,không gian mạng quốc phòng,"In Security & Defense, cyber defense plays an integral role. [Trong An ninh & Quốc phòng, không gian mạng quốc phòng đóng vai trò thiết yếu.]",en,security_defense,phrase,B1
9b485da5-8b96-4cb1-a0c1-bea767b2a445,cyber operation,/cyber operation/,không gian mạng chiến dịch,"In Security & Defense, cyber operation plays an integral role. [Trong An ninh & Quốc phòng, không gian mạng chiến dịch đóng vai trò thiết yếu.]",en,security_defense,phrase,B2
e6f94b3f-3fbc-4495-b7c0-2aea5fb1f00f,cyber control,/cyber control/,không gian mạng kiểm soát,"In Security & Defense, cyber control plays an integral role. [Trong An ninh & Quốc phòng, không gian mạng kiểm soát đóng vai trò thiết yếu.]",en,security_defense,phrase,C1
70f9af1a-ad93-4859-8103-008cd022357b,cyber warfare,/cyber warfare/,không gian mạng tác chiến,"In Security & Defense, cyber warfare plays an integral role. [Trong An ninh & Quốc phòng, không gian mạng tác chiến đóng vai trò thiết yếu.]",en,security_defense,phrase,B1
6873f500-4964-4b45-8952-ff08f41a80bd,cyber forces,/cyber forces/,không gian mạng lực lượng,"In Security & Defense, cyber forces plays an integral role. [Trong An ninh & Quốc phòng, không gian mạng lực lượng đóng vai trò thiết yếu.]",en,security_defense,phrase,B2
683ae5f9-7fe2-469b-8b1f-2f11ba00781e,cyber capability,/cyber capability/,không gian mạng năng lực,"In Security & Defense, cyber capability plays an integral role. [Trong An ninh & Quốc phòng, không gian mạng năng lực đóng vai trò thiết yếu.]",en,security_defense,phrase,C1
a08853e6-a5d9-486b-aa90-67377ab198c4,cyber maneuver,/cyber maneuver/,không gian mạng điều động,"In Security & Defense, cyber maneuver plays an integral role. [Trong An ninh & Quốc phòng, không gian mạng điều động đóng vai trò thiết yếu.]",en,security_defense,phrase,B1
d995a318-d1ba-4ce2-b885-77881b129ff9,cyber terrorism,/cyber terrorism/,không gian mạng khủng bố,"In Security & Defense, cyber terrorism plays an integral role. [Trong An ninh & Quốc phòng, không gian mạng khủng bố đóng vai trò thiết yếu.]",en,security_defense,phrase,B2
a4c84565-9313-497c-92ec-5b615ac13343,cyber clearance,/cyber clearance/,không gian mạng cấp phép an ninh,"In Security & Defense, cyber clearance plays an integral role. [Trong An ninh & Quốc phòng, không gian mạng cấp phép an ninh đóng vai trò thiết yếu.]",en,security_defense,phrase,C1
493c0576-bfbe-47e0-9bec-286f8c85284d,cyber deterrence,/cyber deterrence/,không gian mạng răn đe,"In Security & Defense, cyber deterrence plays an integral role. [Trong An ninh & Quốc phòng, không gian mạng răn đe đóng vai trò thiết yếu.]",en,security_defense,phrase,B1
15098e7b-c1a3-446d-b200-b55858b0d8d2,armed defense,/armed defense/,vũ trang quốc phòng,"In Security & Defense, armed defense plays an integral role. [Trong An ninh & Quốc phòng, vũ trang quốc phòng đóng vai trò thiết yếu.]",en,security_defense,phrase,B2
ee650999-0a0a-4831-8ea3-48d9ec257895,armed operation,/armed operation/,vũ trang chiến dịch,"In Security & Defense, armed operation plays an integral role. [Trong An ninh & Quốc phòng, vũ trang chiến dịch đóng vai trò thiết yếu.]",en,security_defense,phrase,C1
1b155b52-3ed8-4102-bee5-b2c26d344ba8,armed control,/armed control/,vũ trang kiểm soát,"In Security & Defense, armed control plays an integral role. [Trong An ninh & Quốc phòng, vũ trang kiểm soát đóng vai trò thiết yếu.]",en,security_defense,phrase,B1
47826bbb-faaf-4be0-84cb-00e7ea515e06,armed warfare,/armed warfare/,vũ trang tác chiến,"In Security & Defense, armed warfare plays an integral role. [Trong An ninh & Quốc phòng, vũ trang tác chiến đóng vai trò thiết yếu.]",en,security_defense,phrase,B2
6f0ba2ab-2351-43cf-8d3f-b0b3b72b4cc3,armed forces,/armed forces/,vũ trang lực lượng,"In Security & Defense, armed forces plays an integral role. [Trong An ninh & Quốc phòng, vũ trang lực lượng đóng vai trò thiết yếu.]",en,security_defense,phrase,C1
94227b39-b383-42c2-8f95-7fce00e1ad88,armed capability,/armed capability/,vũ trang năng lực,"In Security & Defense, armed capability plays an integral role. [Trong An ninh & Quốc phòng, vũ trang năng lực đóng vai trò thiết yếu.]",en,security_defense,phrase,B1
d3b66001-c8b9-4c1a-b2d7-6057886c03c7,armed maneuver,/armed maneuver/,vũ trang điều động,"In Security & Defense, armed maneuver plays an integral role. [Trong An ninh & Quốc phòng, vũ trang điều động đóng vai trò thiết yếu.]",en,security_defense,phrase,B2
c04808f9-ae84-4fb2-874d-4c64bb965026,armed terrorism,/armed terrorism/,vũ trang khủng bố,"In Security & Defense, armed terrorism plays an integral role. [Trong An ninh & Quốc phòng, vũ trang khủng bố đóng vai trò thiết yếu.]",en,security_defense,phrase,C1
e3f313d6-08ac-4aaf-82e7-3d6950e37ddd,armed clearance,/armed clearance/,vũ trang cấp phép an ninh,"In Security & Defense, armed clearance plays an integral role. [Trong An ninh & Quốc phòng, vũ trang cấp phép an ninh đóng vai trò thiết yếu.]",en,security_defense,phrase,B1
36d95b25-c398-4c0e-876b-eb191b8f7c43,armed deterrence,/armed deterrence/,vũ trang răn đe,"In Security & Defense, armed deterrence plays an integral role. [Trong An ninh & Quốc phòng, vũ trang răn đe đóng vai trò thiết yếu.]",en,security_defense,phrase,B2
5d8c4b14-e79f-4501-b613-4f4e65af1a89,defensive operation,/defensive operation/,phòng thủ chiến dịch,"In Security & Defense, defensive operation plays an integral role. [Trong An ninh & Quốc phòng, phòng thủ chiến dịch đóng vai trò thiết yếu.]",en,security_defense,phrase,B1
ae0d7566-7a40-48d1-a423-c0999e2dc317,defensive control,/defensive control/,phòng thủ kiểm soát,"In Security & Defense, defensive control plays an integral role. [Trong An ninh & Quốc phòng, phòng thủ kiểm soát đóng vai trò thiết yếu.]",en,security_defense,phrase,B2
0bf24ece-dab0-49eb-ad91-0d9197649d6d,defensive warfare,/defensive warfare/,phòng thủ tác chiến,"In Security & Defense, defensive warfare plays an integral role. [Trong An ninh & Quốc phòng, phòng thủ tác chiến đóng vai trò thiết yếu.]",en,security_defense,phrase,C1
efad898e-547d-42c3-8eb6-01f6f3f1b9c2,defensive forces,/defensive forces/,phòng thủ lực lượng,"In Security & Defense, defensive forces plays an integral role. [Trong An ninh & Quốc phòng, phòng thủ lực lượng đóng vai trò thiết yếu.]",en,security_defense,phrase,B1
0837eebd-9e8d-4858-9b23-ba159982b0f6,implement,/ˈɪmplɪment/,"số nhiều) đồ dùng , dụng cụ, công cụ; phương tiện; sự thi hành, sự thực hiện đầy đủ","In Innovation & Startups, 'implement' is an essential term. [Trong Đổi mới & Khởi nghiệp, ""implement"" là một thuật ngữ quan trọng.]",en,innovation_startups,single_word,B1
26324aaf-3a94-4c56-a0f5-4a667e7f2159,insect,/ˈɪnsekt/,"sâu bọ, côn trùng; đồ nhãi nhép, đồ sâu bọ, đồ giun dế","In Innovation & Startups, 'insect' is an essential term. [Trong Đổi mới & Khởi nghiệp, ""insect"" là một thuật ngữ quan trọng.]",en,innovation_startups,single_word,B2
af6e13d0-7316-4484-b5b8-dbfe31afe032,large-scale,/ˌlɑːdʒ ˈskeɪl/,quy mô lớn,"In Innovation & Startups, 'large-scale' is an essential term. [Trong Đổi mới & Khởi nghiệp, ""large-scale"" là một thuật ngữ quan trọng.]",en,innovation_startups,single_word,C1
1509bef5-38f5-4514-8e27-3c6658a21862,alongside,/əˌlɒŋˈsaɪd/,"sát cạnh, kế bên, dọc theo, dọc; sát mạn tàu, dọc theo mạn tàu","In Innovation & Startups, 'alongside' is an essential term. [Trong Đổi mới & Khởi nghiệp, ""alongside"" là một thuật ngữ quan trọng.]",en,innovation_startups,single_word,B1
356a5150-9bdc-4509-9fb7-51ecd79fe048,aside,/əˈsaɪd/,"về một bên, sang một bên; riêng ra","In Innovation & Startups, 'aside' is an essential term. [Trong Đổi mới & Khởi nghiệp, ""aside"" là một thuật ngữ quan trọng.]",en,innovation_startups,single_word,B2
1022459b-a52a-4749-9df6-56bb20790ae9,beside,/bɪˈsaɪd/,"bên, bên cạnh; so với","In Innovation & Startups, 'beside' is an essential term. [Trong Đổi mới & Khởi nghiệp, ""beside"" là một thuật ngữ quan trọng.]",en,innovation_startups,single_word,C1
88c185d5-fc98-4778-bb08-d9cea0b7d80c,beyond,/bɪˈjɒnd/,"ở xa, ở phía bên kia; ở bên kia","In Innovation & Startups, 'beyond' is an essential term. [Trong Đổi mới & Khởi nghiệp, ""beyond"" là một thuật ngữ quan trọng.]",en,innovation_startups,single_word,B1
93ac99f0-1349-4c49-9acc-eb3350464514,bottle,/ˈbɒtl/,chai; Klein’s b. chai Klein,"In Innovation & Startups, 'bottle' is an essential term. [Trong Đổi mới & Khởi nghiệp, ""bottle"" là một thuật ngữ quan trọng.]",en,innovation_startups,single_word,B2
723dd30e-037a-4659-a80d-1e261d83ca10,buck,/bʌk/,"hươu đực, hoẵng đực, nai đực; thỏ đực; người diện sang, công tử bột","In Innovation & Startups, 'buck' is an essential term. [Trong Đổi mới & Khởi nghiệp, ""buck"" là một thuật ngữ quan trọng.]",en,innovation_startups,single_word,C1
95c12644-cb48-45d3-9acf-ddd5a129582a,choose,/tʃuːz/,lựa chọn,"In Innovation & Startups, 'choose' is an essential term. [Trong Đổi mới & Khởi nghiệp, ""choose"" là một thuật ngữ quan trọng.]",en,innovation_startups,single_word,B1
5908c175-9a5b-45b3-ae5b-49831951e45b,conceal,/kənˈsiːl/,"giấu giếm, giấu, che đậy","In Innovation & Startups, 'conceal' is an essential term. [Trong Đổi mới & Khởi nghiệp, ""conceal"" là một thuật ngữ quan trọng.]",en,innovation_startups,single_word,B2
6857d9c7-445e-403b-a7b0-72ea87e781d3,constitute,/ˈkɒnstɪtjuːt/,"cấu tạo, tạo thành; thiết lập, thành lập","In Innovation & Startups, 'constitute' is an essential term. [Trong Đổi mới & Khởi nghiệp, ""constitute"" là một thuật ngữ quan trọng.]",en,innovation_startups,single_word,C1
162767f4-de37-41fc-a966-334052e63791,contain,/kənˈteɪn/,"chứa, bao hàm; sh. chia hết 10 contain 5. 10 chia hết cho 5","In Innovation & Startups, 'contain' is an essential term. [Trong Đổi mới & Khởi nghiệp, ""contain"" là một thuật ngữ quan trọng.]",en,innovation_startups,single_word,B1
454072ae-3edd-4ee6-8e04-c4d924ed6b7d,coordinate,/kəʊˈɔːdɪneɪt/,toạ độ; absolute c. toạ độ tuyệt đối,"In Innovation & Startups, 'coordinate' is an essential term. [Trong Đổi mới & Khởi nghiệp, ""coordinate"" là một thuật ngữ quan trọng.]",en,innovation_startups,single_word,B2
1eaf9860-eb8b-4243-9670-4ac3c143ea4c,corner,/ˈkɔːnə(r)/,góc đỉnh ; điểm góc,"In Innovation & Startups, 'corner' is an essential term. [Trong Đổi mới & Khởi nghiệp, ""corner"" là một thuật ngữ quan trọng.]",en,innovation_startups,single_word,C1
723e1976-1025-4b74-830a-da39028aefd0,critique,/krɪˈtiːk/,bài phê bình; nghệ thuật phê bình,"In Innovation & Startups, 'critique' is an essential term. [Trong Đổi mới & Khởi nghiệp, ""critique"" là một thuật ngữ quan trọng.]",en,innovation_startups,single_word,B1
e3da61cb-7101-468f-ac36-6c93a71092e7,empty,/ˈempti/,trống rỗng,"In Innovation & Startups, 'empty' is an essential term. [Trong Đổi mới & Khởi nghiệp, ""empty"" là một thuật ngữ quan trọng.]",en,innovation_startups,single_word,B2
959cedb3-72e4-4ee8-a358-09073fbb5833,endeavour,/ɪnˈdevə(r)/,"sự cố gắng, sự nỗ lực, sự rán sức, sự gắng sức; cố gắng, nỗ lực, rán sức, gắng sức","In Innovation & Startups, 'endeavour' is an essential term. [Trong Đổi mới & Khởi nghiệp, ""endeavour"" là một thuật ngữ quan trọng.]",en,innovation_startups,single_word,C1
a74497e2-2f63-40a1-ab50-e3c5d716fe31,entity,/ˈentəti/,đối tượng; vật thể; bản thể,"In Innovation & Startups, 'entity' is an essential term. [Trong Đổi mới & Khởi nghiệp, ""entity"" là một thuật ngữ quan trọng.]",en,innovation_startups,single_word,B1
ca693421-0b80-435a-88cd-647e72e3b666,even,/ˈiːvn/,"chẵn; bằng, đều nhau // ngay khi, ngay cả","In Innovation & Startups, 'even' is an essential term. [Trong Đổi mới & Khởi nghiệp, ""even"" là một thuật ngữ quan trọng.]",en,innovation_startups,single_word,B2
c6c2a80c-bff5-4b30-8214-d5a3001a33a7,exclude,/ɪkˈskluːd/,loại trừ,"In Innovation & Startups, 'exclude' is an essential term. [Trong Đổi mới & Khởi nghiệp, ""exclude"" là một thuật ngữ quan trọng.]",en,innovation_startups,single_word,C1
06ad28b7-6617-4a59-876a-b6420efede1a,fish,/fɪʃ/,thẻ bằng ngà,"In Innovation & Startups, 'fish' is an essential term. [Trong Đổi mới & Khởi nghiệp, ""fish"" là một thuật ngữ quan trọng.]",en,innovation_startups,single_word,B1
a2045315-e18f-46ed-aa3b-7d9a265b78d3,fix,/fɪks/,cố định,"In Innovation & Startups, 'fix' is an essential term. [Trong Đổi mới & Khởi nghiệp, ""fix"" là một thuật ngữ quan trọng.]",en,innovation_startups,single_word,B2
f20a4098-7fb7-4c90-9d2d-1d625bb6a57f,from,/frəm/,"từ; dựa vào, theo, do từ, xuất phát từ","In Innovation & Startups, 'from' is an essential term. [Trong Đổi mới & Khởi nghiệp, ""from"" là một thuật ngữ quan trọng.]",en,innovation_startups,single_word,C1
9769f76d-9e17-4abd-8fe6-85147e93d6f0,geography,/dʒiˈɒɡrəfi/,địa lý học; mathematical g. địa lý toán học,"In Innovation & Startups, 'geography' is an essential term. [Trong Đổi mới & Khởi nghiệp, ""geography"" là một thuật ngữ quan trọng.]",en,innovation_startups,single_word,B1
0abe6d2b-8305-4633-9d21-3fafaf8446c9,grin,/ɡrɪn/,cái nhăn mặt nhe cả răng ra; cái cười xếch đến mang tai; cái cười toe toét,"In Innovation & Startups, 'grin' is an essential term. [Trong Đổi mới & Khởi nghiệp, ""grin"" là một thuật ngữ quan trọng.]",en,innovation_startups,single_word,B2
fc6ef76c-24d9-4c9a-ad37-9729cc540e31,he,/hi/,"nó, anh ấy, ông ấy...; đàn ông; con đực","In Innovation & Startups, 'he' is an essential term. [Trong Đổi mới & Khởi nghiệp, ""he"" là một thuật ngữ quan trọng.]",en,innovation_startups,single_word,C1
479ab9f3-81dc-4e0c-8b51-bea26b66471c,her,/hə(r)/,"nó, cô ấy, bà ấy, chị ấy...; của nó, của cô ấy, của bà ấy, của chị ấy...","In Innovation & Startups, 'her' is an essential term. [Trong Đổi mới & Khởi nghiệp, ""her"" là một thuật ngữ quan trọng.]",en,innovation_startups,single_word,B1
d2db1b78-ab06-4b9d-83f0-37dbf1643e33,him,/hɪm/,"nó, hắn, ông ấy, anh ấy","In Innovation & Startups, 'him' is an essential term. [Trong Đổi mới & Khởi nghiệp, ""him"" là một thuật ngữ quan trọng.]",en,innovation_startups,single_word,B2
0369cf8d-c188-4814-9fec-22fa15cb91d3,his,/hɪz/,"của nó, của hắn, của ông ấy, của anh ấy; cái của nó, cái của hắn, cái của ông ấy, cái của anh ấy","In Innovation & Startups, 'his' is an essential term. [Trong Đổi mới & Khởi nghiệp, ""his"" là một thuật ngữ quan trọng.]",en,innovation_startups,single_word,C1
9b94995e-21ef-4628-ba44-9a5be53becf2,hollow,/ˈhɒləʊ/,"rỗng, lỗ hổng, chỗ lõm","In Innovation & Startups, 'hollow' is an essential term. [Trong Đổi mới & Khởi nghiệp, ""hollow"" là một thuật ngữ quan trọng.]",en,innovation_startups,single_word,B1
56d4d4ff-3a22-49f2-a4a9-1c62ded2d7e2,id,/ˌaɪ ˈdiː/,ít; xung động bản năng,"In Innovation & Startups, 'id' is an essential term. [Trong Đổi mới & Khởi nghiệp, ""id"" là một thuật ngữ quan trọng.]",en,innovation_startups,single_word,B2
8bdd2e41-89c9-4ff0-992d-b104924ff67f,identical,/aɪˈdentɪkl/,đồng nhất,"In Innovation & Startups, 'identical' is an essential term. [Trong Đổi mới & Khởi nghiệp, ""identical"" là một thuật ngữ quan trọng.]",en,innovation_startups,single_word,C1
ea13bae7-c0b3-420f-ba5d-454da84c95eb,identify,/aɪˈdentɪfaɪ/,"đồng nhất hoá, nhận ra","In Innovation & Startups, 'identify' is an essential term. [Trong Đổi mới & Khởi nghiệp, ""identify"" là một thuật ngữ quan trọng.]",en,innovation_startups,single_word,B1
12174e52-8e72-4e2b-a204-ce76e61def73,incident,/ˈɪnsɪdənt/,"liên thuộc, tới // sự cố, tính ngẫu nhiên","In Innovation & Startups, 'incident' is an essential term. [Trong Đổi mới & Khởi nghiệp, ""incident"" là một thuật ngữ quan trọng.]",en,innovation_startups,single_word,B2
f5cfd2ca-9c3c-40e3-a594-3c541a40175f,individual,/ˌɪndɪˈvɪdʒuəl/,cá thể,"In Innovation & Startups, 'individual' is an essential term. [Trong Đổi mới & Khởi nghiệp, ""individual"" là một thuật ngữ quan trọng.]",en,innovation_startups,single_word,C1
f048c17a-5926-4989-9533-99a7a2a2aa4f,indulge,/ɪnˈdʌldʒ/,"nuông chiều, chiều theo; nuôi, ấp ủ, theo đuổi","In Innovation & Startups, 'indulge' is an essential term. [Trong Đổi mới & Khởi nghiệp, ""indulge"" là một thuật ngữ quan trọng.]",en,innovation_startups,single_word,B1
7595d7c8-4848-481c-8aae-471a1aa6f675,infer,/ɪnˈfɜː(r)/,suy luận; kết luận,"In Innovation & Startups, 'infer' is an essential term. [Trong Đổi mới & Khởi nghiệp, ""infer"" là một thuật ngữ quan trọng.]",en,innovation_startups,single_word,B2
4f34d069-df58-458b-b1a9-d1731ef7f770,initiative,/ɪˈnɪʃətɪv/,"bắt đầu, khởi đầu; bước đầu, sự khởi đầu, sự khởi xướng","In Innovation & Startups, 'initiative' is an essential term. [Trong Đổi mới & Khởi nghiệp, ""initiative"" là một thuật ngữ quan trọng.]",en,innovation_startups,single_word,C1
6a0b4524-8293-4c69-bf58-d750e04ffe24,injure,/ˈɪndʒə(r)/,"làm tổn thương, làm hại, làm bị thương; xúc phạm","In Innovation & Startups, 'injure' is an essential term. [Trong Đổi mới & Khởi nghiệp, ""injure"" là một thuật ngữ quan trọng.]",en,innovation_startups,single_word,B1
41fff441-da1e-4709-af3b-8fbbb1b1677f,insertion,/ɪnˈsɜːʃn/,"sự đưa vào, sự điền vào; orbital i. sự đưa lên quỹ đạo","In Innovation & Startups, 'insertion' is an essential term. [Trong Đổi mới & Khởi nghiệp, ""insertion"" là một thuật ngữ quan trọng.]",en,innovation_startups,single_word,B2
5d90b749-49c9-4ca3-9083-9844bdae4fdf,inside,/ˈɪnsaɪd/,"phần trong, mặt trong, tính chất trong // bên trong i. out lộn trái","In Innovation & Startups, 'inside' is an essential term. [Trong Đổi mới & Khởi nghiệp, ""inside"" là một thuật ngữ quan trọng.]",en,innovation_startups,single_word,C1
a7d06dd1-fd3b-4508-a35c-3445f48ae6f3,insider,/ɪnˈsaɪdə(r)/,người ở trong; người của nội bộ ; người nắm được tình hình nội bộ,"In Innovation & Startups, 'insider' is an essential term. [Trong Đổi mới & Khởi nghiệp, ""insider"" là một thuật ngữ quan trọng.]",en,innovation_startups,single_word,B1
6b6f899c-a05a-4514-b942-aae97360e056,inspire,/ɪnˈspaɪə(r)/,"truyền ; truyền cảm hứng cho , gây cảm hứng cho; gây  ; gây ra; xúi giục","In Innovation & Startups, 'inspire' is an essential term. [Trong Đổi mới & Khởi nghiệp, ""inspire"" là một thuật ngữ quan trọng.]",en,innovation_startups,single_word,B2
86f3f433-ecbf-477d-8e2b-6b5be787871d,interim,/ˈɪntərɪm/,"quá độ; tạm quyền, lâm thời","In Innovation & Startups, 'interim' is an essential term. [Trong Đổi mới & Khởi nghiệp, ""interim"" là một thuật ngữ quan trọng.]",en,innovation_startups,single_word,C1
8443419a-639d-4fba-8e68-e604ac4b7e36,into,/ˈɪntə/,"vào, vào trong; thành, thành ra; hoá ra","In Innovation & Startups, 'into' is an essential term. [Trong Đổi mới & Khởi nghiệp, ""into"" là một thuật ngữ quan trọng.]",en,innovation_startups,single_word,B1
b4c61874-c8c8-4332-aa55-2a28133445fa,introduction,/ˌɪntrəˈdʌkʃn/,lời giới thiệu,"In Innovation & Startups, 'introduction' is an essential term. [Trong Đổi mới & Khởi nghiệp, ""introduction"" là một thuật ngữ quan trọng.]",en,innovation_startups,single_word,B2
30e37b01-6c0c-4bdd-89d3-8335e3efcce8,iron,/ˈaɪən/,sắt; chất sắc,"In Innovation & Startups, 'iron' is an essential term. [Trong Đổi mới & Khởi nghiệp, ""iron"" là một thuật ngữ quan trọng.]",en,innovation_startups,single_word,C1
6bfc95cd-0b4b-4265-9430-f458b358ac31,lady,/ˈleɪdi/,"vợ, phu nhân; nữ, đàn bà","In Innovation & Startups, 'lady' is an essential term. [Trong Đổi mới & Khởi nghiệp, ""lady"" là một thuật ngữ quan trọng.]",en,innovation_startups,single_word,B1
3ec954ed-1d7c-4276-914f-cd548d15e7e8,mainstream,/ˈmeɪnstriːm/,"dòng chính, chủ lưu","In Innovation & Startups, 'mainstream' is an essential term. [Trong Đổi mới & Khởi nghiệp, ""mainstream"" là một thuật ngữ quan trọng.]",en,innovation_startups,single_word,B2
5a604667-275c-4bb4-88da-d20339366e49,venture funding,/venture funding/,mạo hiểm gọi vốn,"In Innovation & Startups, venture funding plays an integral role. [Trong Đổi mới & Khởi nghiệp, mạo hiểm gọi vốn đóng vai trò thiết yếu.]",en,innovation_startups,phrase,B2
6007305b-917e-4833-a9d3-842c1ad471ea,venture innovation,/venture innovation/,mạo hiểm đổi mới sáng tạo,"In Innovation & Startups, venture innovation plays an integral role. [Trong Đổi mới & Khởi nghiệp, mạo hiểm đổi mới sáng tạo đóng vai trò thiết yếu.]",en,innovation_startups,phrase,C1
d85c209a-0bcc-4975-8791-32d42d9da0c8,venture investor,/venture investor/,mạo hiểm nhà đầu tư,"In Innovation & Startups, venture investor plays an integral role. [Trong Đổi mới & Khởi nghiệp, mạo hiểm nhà đầu tư đóng vai trò thiết yếu.]",en,innovation_startups,phrase,B2
91c4fdb5-7b22-422a-8b19-67b236303e81,venture methodology,/venture methodology/,mạo hiểm phương pháp,"In Innovation & Startups, venture methodology plays an integral role. [Trong Đổi mới & Khởi nghiệp, mạo hiểm phương pháp đóng vai trò thiết yếu.]",en,innovation_startups,phrase,C1
365de866-3b95-4ad4-a15b-2cb53da048a9,venture solution,/venture solution/,mạo hiểm giải pháp,"In Innovation & Startups, venture solution plays an integral role. [Trong Đổi mới & Khởi nghiệp, mạo hiểm giải pháp đóng vai trò thiết yếu.]",en,innovation_startups,phrase,B1
bf196909-b003-49fe-ba44-ed913f86783a,venture growth,/venture growth/,mạo hiểm tăng trưởng,"In Innovation & Startups, venture growth plays an integral role. [Trong Đổi mới & Khởi nghiệp, mạo hiểm tăng trưởng đóng vai trò thiết yếu.]",en,innovation_startups,phrase,B2
98a8aa4b-1fbc-4d37-890c-3d6fe6b9d890,venture development,/venture development/,mạo hiểm phát triển,"In Innovation & Startups, venture development plays an integral role. [Trong Đổi mới & Khởi nghiệp, mạo hiểm phát triển đóng vai trò thiết yếu.]",en,innovation_startups,phrase,C1
cc6da16b-50b3-4006-8564-8d9465404043,venture incubator,/venture incubator/,mạo hiểm vườn ươm,"In Innovation & Startups, venture incubator plays an integral role. [Trong Đổi mới & Khởi nghiệp, mạo hiểm vườn ươm đóng vai trò thiết yếu.]",en,innovation_startups,phrase,B1
b89dc74c-be5e-42fd-a080-4ec5f7afe732,seed capital,/seed capital/,hạt giống nguồn vốn,"In Innovation & Startups, seed capital plays an integral role. [Trong Đổi mới & Khởi nghiệp, hạt giống nguồn vốn đóng vai trò thiết yếu.]",en,innovation_startups,phrase,B2
057c163d-73a4-4ed2-ae61-9e97c4061d72,seed funding,/seed funding/,hạt giống gọi vốn,"In Innovation & Startups, seed funding plays an integral role. [Trong Đổi mới & Khởi nghiệp, hạt giống gọi vốn đóng vai trò thiết yếu.]",en,innovation_startups,phrase,C1
bcdc53b6-ef2d-4a74-af21-bea7681cc1e7,seed innovation,/seed innovation/,hạt giống đổi mới sáng tạo,"In Innovation & Startups, seed innovation plays an integral role. [Trong Đổi mới & Khởi nghiệp, hạt giống đổi mới sáng tạo đóng vai trò thiết yếu.]",en,innovation_startups,phrase,B1
fdb045c6-da19-49e2-b0d4-9879354b81be,seed startup,/seed startup/,hạt giống khởi nghiệp,"In Innovation & Startups, seed startup plays an integral role. [Trong Đổi mới & Khởi nghiệp, hạt giống khởi nghiệp đóng vai trò thiết yếu.]",en,innovation_startups,phrase,B2
b1e570f2-734e-4df2-babe-5712db83374b,seed investor,/seed investor/,hạt giống nhà đầu tư,"In Innovation & Startups, seed investor plays an integral role. [Trong Đổi mới & Khởi nghiệp, hạt giống nhà đầu tư đóng vai trò thiết yếu.]",en,innovation_startups,phrase,C1
cae29b7f-9b62-4f2c-ba4c-4710150f7e5d,seed methodology,/seed methodology/,hạt giống phương pháp,"In Innovation & Startups, seed methodology plays an integral role. [Trong Đổi mới & Khởi nghiệp, hạt giống phương pháp đóng vai trò thiết yếu.]",en,innovation_startups,phrase,B1
d32146b5-f906-470f-8ebf-a01c87e52b72,seed solution,/seed solution/,hạt giống giải pháp,"In Innovation & Startups, seed solution plays an integral role. [Trong Đổi mới & Khởi nghiệp, hạt giống giải pháp đóng vai trò thiết yếu.]",en,innovation_startups,phrase,B2
13339e02-fb69-40fb-a51a-294e662513c7,seed growth,/seed growth/,hạt giống tăng trưởng,"In Innovation & Startups, seed growth plays an integral role. [Trong Đổi mới & Khởi nghiệp, hạt giống tăng trưởng đóng vai trò thiết yếu.]",en,innovation_startups,phrase,C1
dea9ce04-85ae-4e41-ac67-6c7102164367,seed development,/seed development/,hạt giống phát triển,"In Innovation & Startups, seed development plays an integral role. [Trong Đổi mới & Khởi nghiệp, hạt giống phát triển đóng vai trò thiết yếu.]",en,innovation_startups,phrase,B1
bcde4194-1894-46d6-934b-27db13f36939,seed incubator,/seed incubator/,hạt giống vườn ươm,"In Innovation & Startups, seed incubator plays an integral role. [Trong Đổi mới & Khởi nghiệp, hạt giống vườn ươm đóng vai trò thiết yếu.]",en,innovation_startups,phrase,B2
b3e7b83b-639d-47af-a82b-0091202b6753,disruptive funding,/disruptive funding/,đột phá thay đổi cuộc chơi gọi vốn,"In Innovation & Startups, disruptive funding plays an integral role. [Trong Đổi mới & Khởi nghiệp, đột phá thay đổi cuộc chơi gọi vốn đóng vai trò thiết yếu.]",en,innovation_startups,phrase,B1
a7ca4333-fce8-4d1e-876e-5c70ed470a1f,disruptive innovation,/disruptive innovation/,đột phá thay đổi cuộc chơi đổi mới sáng tạo,"In Innovation & Startups, disruptive innovation plays an integral role. [Trong Đổi mới & Khởi nghiệp, đột phá thay đổi cuộc chơi đổi mới sáng tạo đóng vai trò thiết yếu.]",en,innovation_startups,phrase,B2
caf49a27-4ac7-4ae8-a504-716a2ac3dbc0,disruptive investor,/disruptive investor/,đột phá thay đổi cuộc chơi nhà đầu tư,"In Innovation & Startups, disruptive investor plays an integral role. [Trong Đổi mới & Khởi nghiệp, đột phá thay đổi cuộc chơi nhà đầu tư đóng vai trò thiết yếu.]",en,innovation_startups,phrase,B1
374f1f51-a185-49aa-b6e7-995895fd8982,disruptive methodology,/disruptive methodology/,đột phá thay đổi cuộc chơi phương pháp,"In Innovation & Startups, disruptive methodology plays an integral role. [Trong Đổi mới & Khởi nghiệp, đột phá thay đổi cuộc chơi phương pháp đóng vai trò thiết yếu.]",en,innovation_startups,phrase,B2
c39d7459-b9f9-4853-a152-2941e41ebefa,disruptive solution,/disruptive solution/,đột phá thay đổi cuộc chơi giải pháp,"In Innovation & Startups, disruptive solution plays an integral role. [Trong Đổi mới & Khởi nghiệp, đột phá thay đổi cuộc chơi giải pháp đóng vai trò thiết yếu.]",en,innovation_startups,phrase,C1
2b402b5e-42f0-4d9a-aa55-ee597bb98cc3,disruptive growth,/disruptive growth/,đột phá thay đổi cuộc chơi tăng trưởng,"In Innovation & Startups, disruptive growth plays an integral role. [Trong Đổi mới & Khởi nghiệp, đột phá thay đổi cuộc chơi tăng trưởng đóng vai trò thiết yếu.]",en,innovation_startups,phrase,B1
2ffbc717-3ff7-46ba-a2a2-9df6e53a8242,disruptive development,/disruptive development/,đột phá thay đổi cuộc chơi phát triển,"In Innovation & Startups, disruptive development plays an integral role. [Trong Đổi mới & Khởi nghiệp, đột phá thay đổi cuộc chơi phát triển đóng vai trò thiết yếu.]",en,innovation_startups,phrase,B2
f98d2499-7570-4e8c-9533-90d91b6c9bf5,disruptive incubator,/disruptive incubator/,đột phá thay đổi cuộc chơi vườn ươm,"In Innovation & Startups, disruptive incubator plays an integral role. [Trong Đổi mới & Khởi nghiệp, đột phá thay đổi cuộc chơi vườn ươm đóng vai trò thiết yếu.]",en,innovation_startups,phrase,C1
b09447d7-11c5-40e1-88fb-57ea0403194f,tech capital,/tech capital/,công nghệ nguồn vốn,"In Innovation & Startups, tech capital plays an integral role. [Trong Đổi mới & Khởi nghiệp, công nghệ nguồn vốn đóng vai trò thiết yếu.]",en,innovation_startups,phrase,B1
4bd07c91-4939-46d5-9379-0864a0932b3d,tech funding,/tech funding/,công nghệ gọi vốn,"In Innovation & Startups, tech funding plays an integral role. [Trong Đổi mới & Khởi nghiệp, công nghệ gọi vốn đóng vai trò thiết yếu.]",en,innovation_startups,phrase,B2
2c09066d-f58c-4a4f-ba8d-523478451948,tech innovation,/tech innovation/,công nghệ đổi mới sáng tạo,"In Innovation & Startups, tech innovation plays an integral role. [Trong Đổi mới & Khởi nghiệp, công nghệ đổi mới sáng tạo đóng vai trò thiết yếu.]",en,innovation_startups,phrase,C1
06a366c3-a755-412c-98e2-427968192b31,tech startup,/tech startup/,công nghệ khởi nghiệp,"In Innovation & Startups, tech startup plays an integral role. [Trong Đổi mới & Khởi nghiệp, công nghệ khởi nghiệp đóng vai trò thiết yếu.]",en,innovation_startups,phrase,B1
556493d6-3e2a-4b93-8e85-5a6408829e76,tech investor,/tech investor/,công nghệ nhà đầu tư,"In Innovation & Startups, tech investor plays an integral role. [Trong Đổi mới & Khởi nghiệp, công nghệ nhà đầu tư đóng vai trò thiết yếu.]",en,innovation_startups,phrase,B2
1d76f071-e65c-4bd1-a297-ef1829360099,tech methodology,/tech methodology/,công nghệ phương pháp,"In Innovation & Startups, tech methodology plays an integral role. [Trong Đổi mới & Khởi nghiệp, công nghệ phương pháp đóng vai trò thiết yếu.]",en,innovation_startups,phrase,C1
d07e76dd-0223-487d-98d5-4022a90318f7,tech solution,/tech solution/,công nghệ giải pháp,"In Innovation & Startups, tech solution plays an integral role. [Trong Đổi mới & Khởi nghiệp, công nghệ giải pháp đóng vai trò thiết yếu.]",en,innovation_startups,phrase,B1
f54b0034-d3e9-43a5-9583-52b60fb5a0c3,tech growth,/tech growth/,công nghệ tăng trưởng,"In Innovation & Startups, tech growth plays an integral role. [Trong Đổi mới & Khởi nghiệp, công nghệ tăng trưởng đóng vai trò thiết yếu.]",en,innovation_startups,phrase,B2
f51c90cb-59f6-43ff-b1d6-e6f889a07643,tech development,/tech development/,công nghệ phát triển,"In Innovation & Startups, tech development plays an integral role. [Trong Đổi mới & Khởi nghiệp, công nghệ phát triển đóng vai trò thiết yếu.]",en,innovation_startups,phrase,C1
f48b8667-c9ab-4d6d-ac57-f37e5dcdae79,tech incubator,/tech incubator/,công nghệ vườn ươm,"In Innovation & Startups, tech incubator plays an integral role. [Trong Đổi mới & Khởi nghiệp, công nghệ vườn ươm đóng vai trò thiết yếu.]",en,innovation_startups,phrase,B1
9697df4a-ba8a-46df-ae97-83b07cb9e31c,angel capital,/angel capital/,thiên thần nguồn vốn,"In Innovation & Startups, angel capital plays an integral role. [Trong Đổi mới & Khởi nghiệp, thiên thần nguồn vốn đóng vai trò thiết yếu.]",en,innovation_startups,phrase,B2
5bb23eb0-24b1-45bd-b293-b38a3e86a385,angel funding,/angel funding/,thiên thần gọi vốn,"In Innovation & Startups, angel funding plays an integral role. [Trong Đổi mới & Khởi nghiệp, thiên thần gọi vốn đóng vai trò thiết yếu.]",en,innovation_startups,phrase,C1
8ef67560-9654-46c5-90b1-a713c0437c12,angel innovation,/angel innovation/,thiên thần đổi mới sáng tạo,"In Innovation & Startups, angel innovation plays an integral role. [Trong Đổi mới & Khởi nghiệp, thiên thần đổi mới sáng tạo đóng vai trò thiết yếu.]",en,innovation_startups,phrase,B1
d448e13b-0dec-465a-93e0-be9fab7a2b9a,angel startup,/angel startup/,thiên thần khởi nghiệp,"In Innovation & Startups, angel startup plays an integral role. [Trong Đổi mới & Khởi nghiệp, thiên thần khởi nghiệp đóng vai trò thiết yếu.]",en,innovation_startups,phrase,B2
cd7349a4-01ad-43dc-9e6a-6295f7660c0d,angel investor,/angel investor/,thiên thần nhà đầu tư,"In Innovation & Startups, angel investor plays an integral role. [Trong Đổi mới & Khởi nghiệp, thiên thần nhà đầu tư đóng vai trò thiết yếu.]",en,innovation_startups,phrase,C1
853d5dfe-d9ab-4b14-9689-1bf5bfb80946,angel methodology,/angel methodology/,thiên thần phương pháp,"In Innovation & Startups, angel methodology plays an integral role. [Trong Đổi mới & Khởi nghiệp, thiên thần phương pháp đóng vai trò thiết yếu.]",en,innovation_startups,phrase,B1
eae66d69-b18f-45c2-9c94-3ddb2ea7d2e6,angel solution,/angel solution/,thiên thần giải pháp,"In Innovation & Startups, angel solution plays an integral role. [Trong Đổi mới & Khởi nghiệp, thiên thần giải pháp đóng vai trò thiết yếu.]",en,innovation_startups,phrase,B2
14f02148-155c-47eb-9d3a-3b2a168d8142,angel growth,/angel growth/,thiên thần tăng trưởng,"In Innovation & Startups, angel growth plays an integral role. [Trong Đổi mới & Khởi nghiệp, thiên thần tăng trưởng đóng vai trò thiết yếu.]",en,innovation_startups,phrase,C1
526fb86d-63fe-4479-bdce-dac41705f0bd,angel development,/angel development/,thiên thần phát triển,"In Innovation & Startups, angel development plays an integral role. [Trong Đổi mới & Khởi nghiệp, thiên thần phát triển đóng vai trò thiết yếu.]",en,innovation_startups,phrase,B1
c313b512-466d-4894-b567-4d743caf7f52,angel incubator,/angel incubator/,thiên thần vườn ươm,"In Innovation & Startups, angel incubator plays an integral role. [Trong Đổi mới & Khởi nghiệp, thiên thần vườn ươm đóng vai trò thiết yếu.]",en,innovation_startups,phrase,B2
854f1f60-0b1a-4b16-bf29-4fb9a28a2e49,agile capital,/agile capital/,linh hoạt nguồn vốn,"In Innovation & Startups, agile capital plays an integral role. [Trong Đổi mới & Khởi nghiệp, linh hoạt nguồn vốn đóng vai trò thiết yếu.]",en,innovation_startups,phrase,C1
003e7b5d-7578-4ceb-b9bc-eba7e4782b5c,agile funding,/agile funding/,linh hoạt gọi vốn,"In Innovation & Startups, agile funding plays an integral role. [Trong Đổi mới & Khởi nghiệp, linh hoạt gọi vốn đóng vai trò thiết yếu.]",en,innovation_startups,phrase,B1
71714125-c69b-494f-92f5-03237f484e44,agile innovation,/agile innovation/,linh hoạt đổi mới sáng tạo,"In Innovation & Startups, agile innovation plays an integral role. [Trong Đổi mới & Khởi nghiệp, linh hoạt đổi mới sáng tạo đóng vai trò thiết yếu.]",en,innovation_startups,phrase,B2
18fdabbb-fc30-41b4-b5db-cd6a74ff00c6,agile startup,/agile startup/,linh hoạt khởi nghiệp,"In Innovation & Startups, agile startup plays an integral role. [Trong Đổi mới & Khởi nghiệp, linh hoạt khởi nghiệp đóng vai trò thiết yếu.]",en,innovation_startups,phrase,C1
